English words/sentences,French words/sentences
Why don't you just ask your parents for money?,Pourquoi ne demandez-vous pas simplement de l'argent à vos parents ?
Why don't you just ask your parents for money?,Pourquoi ne demandes-tu pas simplement de l'argent à tes parents ?
Why in the world would I want to be a teacher?,"Pourquoi, Dieu, voudrais-je être enseignant ?"
Why in the world would I want to be a teacher?,"Pourquoi, Dieu, voudrais-je être enseignante ?"
Why would you ever want to do a job like that?,Pourquoi voudrais-tu jamais faire un boulot comme celui-là ?
Why would you ever want to do a job like that?,Pourquoi voudrais-tu jamais faire un tel boulot ?
Why would you ever want to do a job like that?,Pourquoi voudriez-vous jamais faire un boulot comme celui-là ?
Why would you ever want to do a job like that?,Pourquoi voudriez-vous jamais faire un tel boulot ?
Will I get to the station if I take this road?,Parviendrai-je à la gare si je prends cette route ?
Will you pick me up at seven tomorrow morning?,Viendras-tu me chercher demain matin à sept heures ?
Will you put down that paper and listen to me?,Vas-tu laisser ce papier et m'écouter ?
Will you put down that paper and listen to me?,Vas-tu laisser cet article et m'écouter ?
Will you tell him about it when he comes home?,Est-ce que tu lui en parleras quand il rentrera à la maison ?
World War One had ended just 15 years earlier.,La première guerre mondiale s'était terminée juste quinze ans auparavant.
Would it be OK if I discussed it with my wife?,Cela irait-il si j'en discutais avec mon épouse ?
Would it be OK if I took a vacation next week?,"Est-ce que ça irait si je prenais un congé, la semaine prochaine ?"
Would you be willing to write a letter for me?,Seriez-vous prêt à écrire une lettre pour moi ?
Would you be willing to write a letter for me?,Seriez-vous prête à écrire une lettre pour moi ?
Would you be willing to write a letter for me?,Serais-tu disposée à écrire une lettre pour moi ?
Would you be willing to write a letter for me?,Serais-tu prêt à écrire une lettre pour moi ?
Would you care to come and see me on Saturday?,Voudrais-tu venir me rendre visite samedi ?
Would you have time to fix this flat tire now?,"Disposeriez-vous du temps pour réparer ce pneu à plat, maintenant ?"
Would you have time to help me with something?,Aurais-tu le temps de m'aider à quelque chose?
Would you have time to help me with something?,Disposeriez-vous de temps pour m'aider à quelque chose ?
Would you kindly make room for this old woman?,Voudriez-vous être assez aimable pour laisser la place à cette dame âgée ?
Would you like me to get you something to eat?,Tu veux que je te ramène quelque chose?
Would you like to travel to the United States?,Voudrais-tu voyager aux États-Unis ?
Would you please tell this gentleman who I am?,"Voudriez-vous, je vous prie, dire à ce monsieur qui je suis ?"
Would you please tell this gentleman who I am?,"Voudrais-tu, je te prie, dire à ce monsieur qui je suis ?"
Yesterday I listened to a very beautiful song.,"Hier, j'ai écouté un très beau chant."
"Yesterday, Tom was a little better than usual.",Hier Tom était un peu mieux que d'habitude.
You and Tom used to be friends. What happened?,Tom et toi étiez amis. Que s'est-il passé?
You are bound to fail unless you study harder.,"À moins que tu étudies plus intensivement, tu te destines à l'échec."
You are bound to fail unless you study harder.,"À moins d'étudier plus intensivement, tu es condamné à l'échec."
You can be pretty helpful when you want to be.,Tu peux être assez serviable lorsque tu le veux.
You can be pretty helpful when you want to be.,Vous pouvez être assez serviable lorsque vous le voulez.
You can borrow a copy from any public library.,Tu peux emprunter une copie dans n'importe quelle bibliothèque publique.
"You can do whatever you want to do, of course.","Tu peux faire tout ce qui te chante, bien sûr."
"You can do whatever you want to do, of course.","Vous pouvez faire tout ce qui vous chante, bien sûr."
You can see the ancient ruins in the distance.,Vous pouvez voir les anciennes ruines au loin.
You can skate safely on this side of the lake.,On peut patiner de ce coté du lac en toute sécurité.
You can sleep here for a while if you want to.,"Tu peux dormir ici, un moment, si tu veux."
You can sleep here for a while if you want to.,"Vous pouvez dormir ici, un moment, si vous voulez."
You can stay in the extra bedroom if you want.,"Vous pouvez rester dans la chambre supplémentaire, si vous voulez."
You can stay in the extra bedroom if you want.,"Tu peux rester dans la chambre supplémentaire, si tu veux."
You can't be too careful when you drive a car.,Tu ne pourras jamais être trop prudent lorsque tu conduis une voiture.
You can't enter the building without a permit.,Vous ne pouvez pas pénétrer dans le bâtiment sans autorisation.
You could do a lot if you put your mind to it.,Tu pourrais accomplir beaucoup si tu y consacrais l'esprit.
"You don't expect me to face Tom alone, do you?","Vous ne vous attendez à ce que je fasse face à Tom toute seule, n'est-ce pas ?"
"You don't expect me to face Tom alone, do you?","Tu ne t'attends pas à ce que je fasse face à Tom seul, n'est-ce pas ?"
You don't have to take your umbrella with you.,Ce n'est pas obligatoire de prendre un parapluie.
You don't have to take your umbrella with you.,Tu n'es pas obligée de prendre ton parapluie.
You don't seem to realize how serious this is.,Tu ne sembles pas réaliser à quel point ceci est sérieux.
You don't seem to realize how serious this is.,Vous ne semblez pas réaliser à quel point ceci est sérieux.
You don't take anything with you when you die.,Vous n'emmenez rien avec vous à votre mort.
"You have something in your pockets, don't you?","Tu as quelque chose dans les poches, n'est-ce pas ?"
"You have to do it, whether you like it or not.","Tu dois le faire, que ça te plaise ou non."
You have to go the rest of the way without me.,Tu va devoir faire le reste du chemin sans moi.
You have to go the rest of the way without me.,Vous devez faire le reste du chemin sans moi.
You may give this picture to whoever wants it.,Tu peux donner cette photo à qui la veut.
You must avoid making those kinds of mistakes.,Il faut que tu évites de faire ce genre d'erreurs.
You must come every six months for a check-up.,Vous devez venir tous les six mois pour un check-up.
You must get the job done before the deadline.,Vous devez terminer le travail avant l'échéance.
You must get the job done before the deadline.,Tu dois terminer ce travail avant le délai.
You must see to it that the cakes do not burn.,Tu dois faire attention que les gâteaux ne brûlent pas.
You should cut up your meat before you eat it.,Tu devrais couper ta viande en morceaux avant de la manger.
You should do that while you're still able to.,Vous devriez faire ça tant que vous le pouvez encore.
You should do that while you're still able to.,Tu devrais le faire tant que tu le peux.
You should look out for potholes when driving.,Tu devrais faire attention aux nid-de-poules lorsque tu conduis.
You should probably speak a little bit slower.,Tu devrais probablement parler un peu plus lentement.
You should probably speak a little bit slower.,Vous devriez probablement parler un peu plus lentement.
You should stay in the hospital for treatment.,Tu devrais rester à l'hôpital pour te faire soigner.
You should stick those pictures in your album.,Tu devrais mettre ces photos dans ton album.
You should stick those pictures in your album.,Vous devriez mettre ces photos dans votre album.
You should stretch properly before exercising.,Vous devriez vous étirer correctement avant l'exercice.
You should take advantage of this opportunity.,Vous devriez tirer parti de cette chance.
You should take advantage of this opportunity.,Tu devrais profiter de cette occasion.
You should write it down before you forget it.,Tu devrais le noter avant de l'oublier.
You should've let Tom do what he wanted to do.,Tu aurais dû laisser Tom faire ce qu'il voulait.
You should've let Tom do what he wanted to do.,Vous auriez dû laisser Tom faire ce qu'il voulait.
You shouldn't be drinking on an empty stomach.,Tu ne devrais pas boire avec l'estomac vide.
You shouldn't be drinking on an empty stomach.,Vous ne devriez pas boire avec l'estomac vide.
You shouldn't talk when the teacher's talking.,Tu ne devrais pas parler quand le professeur parle.
You shouldn't talk when the teacher's talking.,Vous ne devriez pas parler quand le professeur parle.
"You shouldn't use the word ""gay"" as an insult.",Tu ne devrais pas utiliser le mot « gay » comme une insulte.
You took the cookies out of the oven too soon.,Tu as sorti les cookies du four trop tôt.
"You want me to wash my hands first, don't you?","Tu veux que je me lave d'abord les mains, n'est-ce pas ?"
"You want me to wash my hands first, don't you?","Vous voulez que je me lave d'abord les mains, n'est-ce pas ?"
"You were here just the other day, weren't you?","Vous étiez ici pas plus tard que l'autre jour, n'est-ce pas ?"
"You were here just the other day, weren't you?","Vous étiez ici pas plus tard que l'autre jour, pas vrai ?"
"You were here just the other day, weren't you?","Tu étais ici pas plus tard que l'autre jour, n'est-ce pas ?"
"You were here just the other day, weren't you?","Tu étais ici pas plus tard que l'autre jour, pas vrai ?"
You'd better wear a sweater under your jacket.,Vous feriez mieux de porter un pull sous votre veste.
You'll be all right again in a couple of days.,Vous serez tout à fait remis dans quelques jours.
You'll be all right again in a couple of days.,Vous serez tout à fait remise dans quelques jours.
You'll be all right again in a couple of days.,Tu seras tout à fait remis dans quelques jours.
You'll be all right again in a couple of days.,Tu seras tout à fait remise dans quelques jours.
You'll be all right again in a couple of days.,Vous serez tout à fait remises dans quelques jours.
You'll find yourself in a miserable situation.,Tu te retrouveras dans une situation lamentable.
You'll get a lot of presents on your birthday.,Tu auras beaucoup de cadeaux pour ton anniversaire.
You'll soon get used to living in the country.,Tu t'habitueras vite à vivre à la campagne.
You're going to be late if you don't hurry up.,Tu vas être en retard si tu ne te dépêches pas.
You're just not the person I thought you were.,Tu n'es simplement pas la personne que je pensais.
You're just not the person I thought you were.,Vous n'êtes simplement pas la personne que je pensais.
You're spending too much time on the computer.,Tu passes trop de temps à l'ordinateur.
You're spending too much time on the computer.,Vous passez trop de temps à l'ordinateur.
You're the first woman I've ever really loved.,Tu es la première femme que j'aie vraiment aimée.
You're the last person I expected to see here.,Tu es la dernière personne que je m'attendais à voir ici.
You're the last person I expected to see here.,Vous êtes la dernière personne que je m'attendrais voir ici.
You're the most beautiful girl I've ever seen.,Vous êtes la plus belle fille qu'il m'ait été donné de voir.
You're the most beautiful girl I've ever seen.,Vous êtes la plus belle fille que j'aie jamais vue.
You're the most beautiful girl I've ever seen.,Tu es la plus belle fille qu'il m'ait été donné de voir.
You're the most beautiful girl I've ever seen.,Tu es la plus belle fille que j'aie jamais vue.
You're the only person I know that can't swim.,Tu es la seule personne que je connaisse qui ne sache pas nager.
You're the only person I know that owns a gun.,Vous êtes la seule personne que je connaisse qui possède une arme à feu.
You're the only person I know who can help me.,Vous êtes la seule personne que je connaisse qui puisse m'aider.
You're the only person I know who can help me.,Tu es la seule personne que je connaisse qui puisse m'aider.
You're too young to know what a slide rule is.,Tu es trop jeune pour savoir ce qu'est une règle à calcul.
You're too young to know what a slide rule is.,Vous êtes trop jeunes pour savoir ce qu'est une règle à calcul.
You're welcome to come with us if you want to.,Tu es le bienvenu si tu veux venir avec nous.
You're welcome to come with us if you want to.,Vous êtes le bienvenu si vous voulez venir avec nous.
You've got my sunglasses and I want them back.,Tu as mes lunettes de soleil et je veux que tu me les rendes.
You've got my sunglasses and I want them back.,Vous avez mes lunettes de soleil et je veux que vous me les rendiez.
You've got no alibi for the day of the murder.,Vous n'avez pas d'alibi pour le jour du meurtre.
Your efforts will be rewarded in the long run.,Vos efforts seront récompensés sur le long terme.
Your father would have been very proud of you.,Ton père aurait été très fier de toi.
Your father would have been very proud of you.,Votre père aurait été très fier de vous.
A rolling stone gathers no moss is a proverb.,« Pierre qui roule n'amasse pas mousse » est un proverbe.
"Thank you for helping me. ""Don't mention it.""",« Merci de m'aider. » « Il n'y a pas de quoi. »
"Where are your books? ""They are on the desk.""",« Où sont vos livres ? » « Ils sont sur le bureau. »
A bad cold has kept me from studying this week.,"Un mauvais rhume m'a empêché d'étudier, cette semaine."
A bat flying in the sky looks like a butterfly.,Une chauve-souris qui vole dans le ciel ressemble à un papillon.
A beautiful salesgirl waited on me in the shop.,Une superbe vendeuse s'occupait de moi dans le magasin.
A devastating earthquake hit the state capital.,Un tremblement de terre dévastateur a frappé la capitale de l'État.
A fire broke out in my neighborhood last night.,Un feu s'est déclenché dans mon quartier la nuit dernière.
A fire broke out in the neighborhood yesterday.,"Hier, un incendie a éclaté dans le voisinage."
A fire broke out in the supermarket last night.,Un feu s'est déclaré hier soir dans le supermarché.
A friend of mine came to see me during the day.,Un de mes amis vint me voir pendant la journée.
A gentleman would never do something like that.,Un gentleman ne ferait jamais quelque chose comme ça.
A good cook doesn't throw out yesterday's soup.,Un bon cuisinier ne jette pas la soupe d'hier.
A good lie is easier to believe than the truth.,Un beau mensonge est plus facile à croire que la vérité.
A good teacher must be patient with his pupils.,Un bon professeur doit être patient avec ses élèves.
A lot of people are dealing with allergies now.,"De nombreuses personnes ont des problèmes d'allergies, actuellement."
A lot of people are dealing with hay fever now.,"De nombreuses personnes ont des problèmes de rhume des foins, actuellement."
A loud noise jolted me awake from a deep sleep.,Un bruit strident me réveilla en sursaut d'un sommeil profond.
A lunar month is shorter than a calendar month.,Le mois lunaire est plus court que le mois solaire du calendrier.
A man came in and sat on the stool next to her.,Un homme entra et s'assit sur un tabouret à côté d'elle.
A man of wealth has to pay a lot of income tax.,Une personne fortunée doit payer beaucoup d'impôts sur le revenu.
A silhouette of a girl appeared on the curtain.,La silhouette d'une jeune fille apparut sur le rideau.
A strange sound was heard from behind the door.,On a entendu un bruit étrange qui venait de derrière la porte.
A team is only as strong as its weakest member.,La force d'une équipe est celle de son membre le plus faible.
A truck was standing in the middle of the road.,Un poids-lourd se tenait au milieu de la chaussée.
"A tsunami is coming, so please be on the alert.","Un tsunami approche, alors soyez sur vos gardes."
About one third of the earth's surface is land.,À peu près un tiers de la surface de la Terre est occupé par les terres.
"After decades of civil war, order was restored.","Après des décennies de guerre civile, l'ordre fut restauré."
"After the revolution, France became a republic.","Après la Révolution, la France devint une République."
All of my friends got asked to dance except me.,"Toutes mes amies ont été invitées à danser, sauf moi."
All our teachers were young and loved teaching.,Tous nos professeurs étaient jeunes et aimaient enseigner.
All our teachers were young and loved teaching.,Tous nos professeurs étaient jeunes et adoraient enseigner.
All the apples that fall are eaten by the pigs.,Toutes les pommes qui tombent sont mangées par les cochons.
All the guests were touched by her hospitality.,Tous les invités étaient émus par son hospitalité.
All the names are listed in alphabetical order.,Tous les noms sont listés dans l'ordre alphabétique.
All the people who go to church believe in God.,Tous les gens qui se rendent à l'église croient en Dieu.
All we can do is wait for the police to arrive.,Tout ce que nous pouvons faire est d'attendre que la police arrive.
All you have to do is apologize for being late.,"Tout ce que tu dois faire, c'est présenter tes excuses pour ton retard."
All you have to do is to hand this book to him.,Tout ce que tu as à faire c'est de lui remettre ce livre.
"Although her house is nearby, I seldom see her.","Bien que je demeure à proximité, je ne la rencontre que rarement."
"Although she is rich, she dresses quite simply.","Bien qu'elle soit riche, elle se vêt très simplement."
An Englishman would not pronounce it like that.,Un Anglais ne le prononcerait pas de cette façon.
An Englishman would not pronounce it like that.,Un Anglais ne le prononcerait pas ainsi.
An Englishman would not pronounce it like that.,Un Anglais ne prononcerait pas cela ainsi.
Animals can't tell what's real and what's fake.,Les animaux ne peuvent distinguer ce qui est vrai de ce qui est faux.
Another thing that is required is a dictionary.,Une autre chose qui est requise est un dictionnaire.
Any song sung in French puts me in a sexy mood.,N'importe quelle chanson chantée en français me met dans une humeur libidineuse.
Are these the pictures that you took in Boston?,Est-ce que ce sont les photos que tu as pris à Boston?
Are you going to vote in the upcoming election?,Vas-tu voter à la prochaine élection ?
Are you going to vote in the upcoming election?,Allez-vous voter à la prochaine élection ?
Are you sure this is what Tom wanted us to buy?,Es-tu sûr que c'est ce que Tom voulait qu'on achète ?
Are you telling me Tom doesn't do that anymore?,Es-tu en train de me dire que Tom ne le fait plus?
Are you telling me you've never studied French?,Êtes-vous en train de me dire que vous n'avez jamais étudié la langue française ?
Are you the girl Tom has been hanging out with?,Tu es la fille avec qui Tom traîne?
Are you thinking about something in particular?,Tu penses à quelque chose en particulier?
"As a rule, I go to school before eight o'clock.","Comme la règle le veut, je vais à l'école avant huit heures."
"As far as I'm concerned, things are going well.","En ce qui me concerne, les choses se passent bien."
"As soon as I can afford to buy a house, I will.","Dès que j'ai les moyens d'acquérir une maison, je le ferai."
"At a glance, he knew that the child was hungry.",D'un seul regard il sut que l'enfant avait faim.
"At any rate, he was satisfied with the results.","En tout état de cause, il était satisfait des résultats."
"At last, spring has come to this part of Japan.","Enfin, le printemps est arrivé dans cette partie du Japon."
"At night, parents tuck their children into bed.","Le soir, les parents bordent leurs enfants dans leur lit."
At the end of the speech she repeated the word.,À la fin du discours elle répéta le mot.
Beautiful poppies were growing beside the road.,De jolis coquelicots poussaient sur le bord de la route.
"Because I was in a hurry, I had to take a taxi.","Comme j'étais pressé, j'ai dû prendre un taxi."
"Between you and me, I think our boss is stupid.","De toi à moi, je pense que notre patron est stupide."
Books are to the mind what food is to the body.,Les livres sont à l'esprit ce que la nourriture est au corps.
Both countries entered into peace negotiations.,Les deux pays ont entamé des négociations de paix.
"By the way, have you heard from her since then?","À propos, avez-vous entendu parler d'elle depuis ?"
"By the way, have you heard from her since then?","À propos, as-tu entendu parler d'elle depuis ?"
"By the way, have you heard from her since then?","À propos, vous a-t-elle donné de ses nouvelles, depuis ?"
"By the way, have you heard from her since then?","À propos, t'a-t-elle donné de ses nouvelles, depuis ?"
Can I see the special exhibit with this ticket?,Puis-je voir l'exposition temporaire avec ce ticket ?
Can you get it done before the end of the week?,Pouvez-vous le faire avant la fin de la semaine ?
Can you get it done before the end of the week?,Est-ce que tu peux le finir avant la fin de la semaine ?
Can you please tell me where the restaurant is?,"Pourriez-vous me dire où se trouve le restaurant, s'il vous plaît ?"
Can you recommend a good restaurant for dinner?,Pouvez-vous recommander un bon restaurant pour dîner ?
Can you recommend a good restaurant for dinner?,Tu peux recommander un bon restaurant pour dîner ?
Can you save enough money for the down payment?,Peux-tu épargner assez d'argent pour la mise de base ?
Can you save enough money for the down payment?,Peux-tu mettre assez d'argent de côté pour la mise de base ?
Can you save enough money for the down payment?,Peux-tu épargner assez d'argent pour la mise de fond ?
Can you save enough money for the down payment?,Peux-tu mettre assez d'argent de côté pour la mise de fond ?
Can you save enough money for the down payment?,Pouvez-vous mettre assez d'argent de côté pour la mise de base ?
Can you save enough money for the down payment?,Pouvez-vous mettre assez d'argent de côté pour la mise de fond ?
Can you save enough money for the down payment?,Pouvez-vous épargner assez d'argent pour la mise de base ?
Can you save enough money for the down payment?,Pouvez-vous épargner assez d'argent pour la mise de fond ?
Can you tell me where the nearest pay phone is?,Pouvez-vous me dire où se trouve la cabine téléphonique la plus proche ?
Can you verify that this message came from Tom?,Pouvez-vous vérifier que ce message provient de Tom ?
Can you verify that this message came from Tom?,Peux-tu vérifier que ce message provient de Tom ?
Can't you see a stapler somewhere around there?,Tu n'as pas vu une agrafeuse par ici ?
Circumstances forced us to put off the meeting.,Les circonstances nous ont forcés à remettre la réunion à plus tard.
Cloning people raises serious ethical problems.,Le clonage humain pose de sérieux problèmes d'éthique.
Cold weather and insects destroyed their crops.,Le temps froid et les insectes détruisirent leurs récoltes.
"Come to think of it, I really need a cellphone.","Réfléchis-y, j'ai vraiment besoin d'un téléphone cellulaire."
"Come to think of it, I really need a cellphone.","Penses-y, j'ai vraiment besoin d'un téléphone mobile."
Competition is neither good nor evil in itself.,La compétition en soi n'est ni bonne ni mauvaise.
Contact my assistant if you have any questions.,Contactez mon assistant si vous avez quelque question que ce soit.
Contact my assistant if you have any questions.,Contacte mon assistante si tu as la moindre question.
Corn is an important crop in the United States.,Le maïs est une culture importante aux États-Unis d'Amérique.
Could you please kiss a little bit more slowly?,"Pourrais-tu, s'il te plaît, embrasser un petit peu plus lentement ?"
Could you show me the way to the train station?,Pourriez-vous m'indiquer le chemin de la gare ?
Did the union participate in the demonstration?,Le syndicat a-t-il pris part à la manifestation ?
Did you enjoy yourself at the party last night?,Vous vous êtes amusé hier à la soirée ?
Did you go anywhere during the summer vacation?,Êtes-vous allé quelque part pendant les vacances d'été ?
Did you go anywhere during the summer vacation?,Es-tu allé quelque part pendant les vacances d'été ?
Did you go anywhere during the summer vacation?,Es-tu allée quelque part pendant les vacances d'été ?
Did you go anywhere during the summer vacation?,Êtes-vous allée quelque part pendant les vacances d'été ?
Did you go anywhere during the summer vacation?,Êtes-vous allées quelque part pendant les vacances d'été ?
Did you go anywhere during the summer vacation?,Êtes-vous allés quelque part pendant les vacances d'été ?
Didn't you know that Tom could play the guitar?,Ne savais-tu pas que Tom pouvait jouer de la guitare ?
Do you know any good places to eat around here?,"Connais-tu de bons endroits pour manger, autour d'ici ?"
Do you know any good places to eat around here?,"Connaissez-vous de bons endroits pour manger, autour d'ici ?"
Do you know why he has been absent from school?,Savez-vous pourquoi il est absent de l'école ?
Do you mind if I ask you a couple of questions?,Voyez-vous un inconvénient à ce que je vous pose une ou deux questions ?
Do you really want me to go to Boston with you?,Veux-tu vraiment que je t'accompagne à Boston?
Do you really want to go to the party with Tom?,Veux-tu vraiment aller à la fête avec Tom ?
Do you remember the day this picture was taken?,Te rappelles-tu le jour où cette photo a été prise ?
Do you remember what Tom was wearing yesterday?,Vous rappelez-vous ce que Tom portait hier ?
Do you remember what Tom was wearing yesterday?,Tu te rappelles ce que Tom portait hier ?
Do you think it's worthwhile? I don't think so.,Vous croyez que ça en vaut la peine ? Je ne crois pas.
Do you think that you would enjoy being famous?,Penses-tu que tu aurais plaisir à être renommé ?
Do you think that you would enjoy being famous?,Pensez-vous que vous auriez plaisir à être renommé ?
Do you think that you would enjoy being famous?,Pensez-vous que vous auriez plaisir à être renommée ?
Do you think that you would enjoy being famous?,Pensez-vous que vous auriez plaisir à être renommés ?
Do you think that you would enjoy being famous?,Pensez-vous que vous auriez plaisir à être renommées ?
Do you think that you would enjoy being famous?,Penses-tu que tu aurais plaisir à être renommée ?
Does this mean that we have to file bankruptcy?,Cela signifie-t-il que nous devions nous déclarer en faillite ?
Doing that sort of thing makes you look stupid.,Faire ce genre de chose te fait paraître stupide.
Doing that sort of thing makes you look stupid.,Faire ce genre de chose vous fait paraître stupide.
Don't be lulled into a false sense of security.,Ne vous laissez pas bercer par une illusion de sécurité.
Don't expect me to help you with your homework.,Ne t'attends pas à ce que je t'aide pour tes devoirs.
Don't hesitate to tell me if you need anything.,N'hésite pas à me dire si tu as besoin de quelque chose.
Don't interrupt me! Can't you see I am talking?,Ne m'interromps pas ! Ne peux-tu pas voir que je suis en train de parler ?
Don't interrupt me! Can't you see I am talking?,Ne m'interrompez pas ! Ne pouvez-vous pas voir que je suis en train de converser ?
Don't kill the goose that lays the golden eggs.,Ne tuez pas la poule aux œufs d'or.
Don't put the glass near the edge of the table.,Ne mets pas le verre au bord de la table.
Don't trust him with such a large sum of money.,Ne lui confie pas autant d'argent !
Don't worry about things that aren't important.,Ne te soucie pas de choses sans importance !
Don't worry about things that aren't important.,Ne vous souciez pas de choses sans importance !
Don't worry. I told you everything would be OK.,Ne t'en fais pas. Je vous ai dit que tout irait bien.
Don't worry. I told you everything would be OK.,Ne vous en faites pas. Je vous ai dit que tout irait bien.
Don't worry. I told you everything would be OK.,Ne vous en faites pas. Je t'ai dit que tout irait bien.
Don't you think that Tom looks like an old man?,Tu ne penses pas que Tom ressemble à un vieil homme ?
Don't you think we should do something to help?,Ne pensez-vous pas que nous devrions faire quelque chose pour aider ?
Driving through that snowstorm was a nightmare.,Conduire dans cette tempête de neige fut un cauchemar.
Driving through that snowstorm was a nightmare.,Conduire dans cette tempête de neige a été un cauchemar.
"During the war, factories ran around the clock.","Pendant la guerre, les usines tournaient vingt-quatre heures sur vingt-quatre."
Each one of us was given three hundred dollars.,Chacun de nous a reçu trois cents dollars.
Elephants are the world's largest land animals.,Les éléphants sont les animaux terrestres les plus gros du monde.
Environmental changes gave rise to new species.,Les changements environnementaux donnent naissance à de nouvelles espèces.
"Even though I looked for it, I did not find it.","J'ai eu beau chercher, je ne l'ai pas trouvé."
"Even though it's small, it's still a great car.","Même si elle est petite, c'est tout de même une grande voiture."
Every boy and girl is taught to read and write.,On enseigne à lire et à écrire à chaque garçon ou fille.
Every privilege carries responsibility with it.,Chaque privilège apporte son lot de responsabilités.
"Every time I read the Bible, I am deeply moved.",Chaque fois que je lis la bible je suis profondément ému.
Everybody in the room let out a sigh of relief.,Tout le monde dans la pièce poussa un soupir de soulagement.
Everybody in the room let out a sigh of relief.,Tout le monde dans la pièce a poussé un soupir de soulagement.
"Excuse me, sir, have you been drinking tonight?","Veuillez m'excuser, Monsieur, avez-vous bu ce soir ?"
Factories were producing more than ever before.,Les usines produisaient davantage que jamais auparavant.
Fast forward to the part where they're kissing.,Mets l'avance rapide jusqu'à la scène où ils s'embrassent.
Father took his place at the head of the table.,Père prit place au bout de la table.
Father took his place at the head of the table.,Papa prit place au bout de la table.
Few people are able to understand his theories.,Peu de gens sont capables de comprendre ses théories.
"Fortunately, there is an elevator in our hotel.","Heureusement, il y a un ascenseur dans notre hôtel."
"Frankly speaking, his speeches are always dull.","Honnêtement, ses discours sont toujours ennuyeux."
Friendship is more precious than anything else.,L'amitié est plus précieuse que tout.
"From the moment he arrived, everything changed.","Du moment où il est arrivé, tout a changé."
"Generally speaking, women live longer than men.","D'une manière générale, les femmes vivent plus longtemps que les hommes."
"Generally speaking, women live longer than men.","En général, les femmes vivent plus longtemps que les hommes."
"Generally, women live 10 years longer than men.","En général, les femmes vivent dix ans de plus que les hommes."
Goodbye. I'll see you at the time we agreed on.,Au revoir. Je vous verrai à l'heure que nous avons convenue.
Goodbye. I'll see you at the time we agreed on.,Au revoir. Je vous verrai à l'heure dont nous avons convenu.
Goodbye. I'll see you at the time we agreed on.,Au revoir. Je vous verrai à l'heure convenue.
Happiness isn't merely having many possessions.,Le bonheur ne consiste pas seulement à avoir de nombreux biens.
Happiness isn't merely having many possessions.,Le bonheur ne consiste pas seulement à posséder de nombreux biens.
Harajuku is one of the hottest places in Tokyo.,Harajuku est un des lieux les plus actifs de Tokyo.
Have you been playing basketball all afternoon?,As-tu joué au basket toute l'après-midi?
Have you decided on the subject of your thesis?,Avez-vous décidé de votre sujet de thèse ?
Have you ever had a long distance relationship?,As-tu déjà eu une relation à distance ?
Have you ever heard someone speaking in French?,As-tu déjà entendu quelqu'un parler français ?
Have you ever thought about becoming a teacher?,As-tu déjà pensé à devenir enseignant ?
Have you ever thought about becoming a teacher?,N'avez-vous jamais pensé à devenir enseignant ?
Have you heard anything about the organization?,As-tu entendu quoi que ce soit à propos de l'organisation ?
Have you heard anything about the organization?,Avez-vous entendu quoi que ce soit à propos de l'organisation ?
Have you made up your mind to become a teacher?,As-tu décidé de devenir professeur ?
He admitted that he wanted to escape from here.,Il a reconnu qu'il était impatient de s'enfuir d'ici.
He amazed everyone by passing his driving test.,Tous furent épatés qu'il eût réussi à l'examen du permis de conduire.
He amused himself by reading a detective story.,Il s'est amusé à lire une histoire policière.
He asked me some questions about the math test.,Il m'a posé quelques questions à propos du test de maths.
"He brought me coffee, when I had asked for tea.","Il m'a apporté un café, alors que j'avais demandé un thé."
He can speak both English and French very well.,Il parle très bien et l'anglais et le français.
He canceled the appointment at the last moment.,Il a annulé le rendez-vous au dernier moment.
He comes into contact with all kinds of people.,Il est en rapport avec toutes sortes de gens.
He comes into contact with all kinds of people.,Il est en contact avec toutes sortes de gens.
He complains of not having enough time to read.,Il se plaint de ne pas avoir suffisamment de temps pour lire.
He complains of not having enough time to read.,Il se plaint de ne pas avoir assez de temps pour lire.
He couldn't stand the bitterness of the coffee.,Il ne pouvait pas supporter l'amertume du café.
He decided to give up smoking once and for all.,Il décida de cesser de fumer une fois pour toutes.
He didn't have time to spend with his children.,Il n'avait pas de temps à consacrer à ses enfants.
He didn't like being separated from his family.,Il n'aimait être séparé de sa famille.
He didn't succeed in explaining what he wanted.,Il ne parvint pas à expliquer ce qu'il voulait.
He doesn't stand a chance against his opponent.,Il n'a aucune chance contre son adversaire.
He explained his plan both to my son and to me.,Il a expliqué son plan à mon fils et à moi.
He gave a detailed description of the accident.,Il a donné une description détaillée de l'accident.
He gave an excuse about why he had been absent.,Il fournit une excuse pour son absence.
He had a traffic accident on his way to school.,Il a eu un accident de circulation en allant à l'école.
He had his brother help him with the gardening.,Il a reçu l'aide de son frère pour le jardinage.
He had scarcely escaped when he was recaptured.,À peine s'était-il échappé qu'il fut recapturé.
He had the nerve to take my car without asking.,Il a eu le culot de prendre ma voiture sans me le demander.
He happened to catch sight of a rare butterfly.,Il advint qu'il aperçut un papillon rare.
He has devoted himself to his studies recently.,Il s'est consacré à ses études dernièrement.
He is second to none when it comes to debating.,Il est imbattable lorsqu'il s'agit de débattre.
He is so careless that he often makes mistakes.,Il est si insouciant qu'il commet souvent des erreurs.
"He is strange, and I don't like strange people.",Il est bizarre et je n'aime pas les gens bizarres.
He is twelve years old. He is tall for his age.,Il a douze ans. Il est grand pour son âge.
He is unmarried and has no brothers or sisters.,Il est célibataire et n'a pas de frères et sœurs.
He is very much interested in Japanese history.,Il s'intéresse beaucoup à l'histoire du Japon.
He is very slow at making friends with anybody.,Il est très lent pour sympathiser avec qui que ce soit.
He isn't back yet. He may have had an accident.,Il n'est pas encore de retour. Peut-être a-t-il eu un accident.
He kept the invaders at bay with a machine gun.,Il tenait les envahisseurs à distance à la mitrailleuse.
He knows quite well what it is like to be poor.,Il connaît assez bien ce que ça fait que d'être pauvre.
He left the Mexican capital to return to Texas.,Il a quitté la capitale mexicaine pour retourner au Texas.
He lied to me. That is why I am angry with him.,Il m'a menti. C'est pour ça que je suis en colère contre lui.
He lives in a posh apartment near Central Park.,Il vit dans un appartement de luxe près de Central Park.
He looked like a deer caught in the headlights.,Il avait l'air d'un cerf hypnotisé par les phares.
He lost almost all the stamps he had collected.,Il a perdu presque tous les timbres de sa collection.
"He peeked inside, afraid of what he would find.","Il jeta un œil à l'intérieur, inquiet de ce qu'il trouverait."
He picked up a mirror and looked at his tongue.,Il prit un miroir et examina sa langue.
He picked up a mirror and looked at his tongue.,Il prit un miroir et se regarda la langue.
He prides himself on his knowledge of politics.,Il est fier de ses connaissances en politique.
He ran the risk of being caught and imprisoned.,Il courait le risque de se faire attraper et emprisonner.
He regained consciousness and was able to talk.,Il reprit conscience et put parler.
He regained consciousness and was able to talk.,Il a repris conscience et a pu parler.
He rescued the dog at the risk of his own life.,Il a sauvé le chien au péril de sa vie.
He said he had come to Japan the previous week.,Il dit qu'il s'est rendu au Japon la semaine précédente.
"He said his father was ill, but that was a lie.","Il dit que son père était malade, mais c'était un mensonge."
He should have the right to decide for himself.,Il devrait avoir le droit de décider par lui-même.
He stayed at home all day instead of going out.,Il resta à la maison toute la journée au lieu de sortir.
He suggested that I accompany him to the party.,Il a suggéré que je l'accompagne à la fête.
He told me that he wanted to leave the company.,Il me dit qu'il voulait quitter la société.
He told me that he wanted to leave the company.,Il me dit qu'il voulait quitter l'entreprise.
He told me that he would visit Nara next month.,Il m'a dit qu'il allait rendre visite à Nara le mois prochain.
He took the job without giving it much thought.,Il a accepté le poste sans trop y réfléchir.
He tried in vain to pull the wool over my eyes.,Il a essayé en vain de m'ouvrir les yeux.
"He tried to solve the problem, but had no luck.",Il tenta de résoudre le problème mais manqua de chance.
"He tried to solve the problem, but had no luck.",Il a tenté de résoudre le problème mais a manqué de chance.
He walked down the street whistling cheerfully.,Il descendit à pied la rue en sifflotant gaiement.
He was a Frenchman. I could tell by his accent.,Il était français. Je pouvais le deviner d'après son accent.
He was court-martialed for dereliction of duty.,Il fut traduit en cour martiale pour abandon de poste.
He was delighted to know I had passed the exam.,Il était ravi de savoir que j'avais réussi l'examen.
He was seriously injured in a traffic accident.,Il fut sérieusement blessé dans un accident de la circulation.
He was surprised to hear about the murder case.,Il était surpris d'entendre parler du meurtre.
He was taken care of by a certain young doctor.,Un certain jeune médecin a pris soin de lui.
He was the first man I interviewed for the job.,Il a été le premier homme avec qui j'ai eu un entretien d'embauche.
He was working at the office yesterday evening.,"Hier soir, il travaillait au bureau."
He will commit suicide if he can't see his son.,Il se suicidera s'il ne peut pas voir son fils.
He will have to undergo an operation next week.,Il devra subir une opération la semaine prochaine.
He witnessed the accident on his way to school.,Il assista à l'accident sur le chemin de l'école.
He won the first prize at the chess tournament.,Il a remporté le premier prix du tournoi d'échecs.
He won the first prize at the chess tournament.,Il a emporté le premier prix du tournoi d'échecs.
He won't talk to her and she won't talk to him.,Il refuse de lui parler et elle refuse de lui parler.
He won't talk to her and she won't talk to him.,Ils refusent de se parler.
He won't talk to her and she won't talk to him.,Il refuse de lui parler et elle itou.
He writes to me less and less often these days.,Il m'écrit de moins en moins souvent ces jours-ci.
He's very influential in the world of medicine.,Il est très influent dans le monde de la médecine.
Heavy snow delayed the train for several hours.,Une neige terrible a retardé le train de plusieurs heures.
Her behavior at the party was far from perfect.,Son comportement lors de la fête était loin d'être parfait.
Her genius makes up for her lack of experience.,Son génie compensa son manque d'expérience.
Her hair was so long that it reached the floor.,Sa chevelure était tellement longue qu'elle atteignait le sol.
Her husband has been in prison for three years.,Son mari est en prison pour trois ans.
Her mother lives in the country all by herself.,Sa mère vit seule à la campagne.
Her only wish was to see her son one last time.,Son unique désir était de revoir son fils une dernière fois.
Her voice could hardly be heard over the noise.,Sa voix était à peine audible à cause du bruit.
Hippopotamuses are agressive and unpredictable.,Les hippopotames sont agressifs et imprévisibles.
His camera is three times as expensive as mine.,Son appareil photo est 3 fois plus cher que le mien.
His high salary enabled him to live in comfort.,Son salaire élevé lui a permis de vivre dans le confort.
His hobbies are playing the guitar and singing.,Ses passe-temps sont de jouer de la guitare et de chanter.
His name is known to everybody in this country.,Son nom est connu de tous dans ce pays-ci.
His niece is attractive and mature for her age.,Sa nièce est séduisante et mûre pour son âge.
His only wish was to see his son one last time.,Son seul désir a été de voir son fils pour la dernière fois.
His proposal is completely out of the question.,Sa proposition est complètement hors de question.
His visits became less frequent as time passed.,Ses visites devenaient de moins en moins fréquentes avec le temps.
"Historically, the Persian Gulf belongs to Iran.","Historiquement, le golfe Persique appartient à l'Iran."
"Hopefully, the weather will be just like today.",Espérons que le temps sera simplement comme aujourd'hui.
How about eating out this evening for a change?,"Que dites-vous d'aller dîner dehors, ce soir, pour changer ?"
How about eating out this evening for a change?,"Que dis-tu d'aller dîner dehors, ce soir, pour changer ?"
How are things going with your youngest sister?,Comment ça marche pour ta petite sœur ?
How can you tell good English from bad English?,Comment distingues-tu le bon anglais du mauvais anglais ?
How dare you enter my house without permission!,Comment oses-tu rentrer chez moi sans ma permission !
How dare you speak to me in that tone of voice!,Comment osez-vous me parler sur ce ton!
How dare you talk that way in front of my wife!,Comment oses-tu me parler de cette manière devant ma femme !
How did Tom know where the treasure was buried?,Comment Tom savait où le trésor était enterré?
How do you think you'd look wearing that dress?,"De quoi, penses-tu, aurais-tu l'air dans cette robe ?"
How do you think you'd look wearing that dress?,"De quoi, pensez-vous, auriez-vous l'air dans cette robe ?"
How far can you stick your finger up your nose?,Jusqu'à quelle profondeur peux-tu t'enfoncer le doigt dans le nez ?
How far can you stick your finger up your nose?,Jusqu'à quelle profondeur arrives-tu à t'enfoncer le doigt dans le nez ?
How far can you stick your finger up your nose?,Jusqu'à quelle profondeur arrivez-vous à vous enfoncer le doigt dans le nez ?
How is it that you're always so full of energy?,Comment ça se fait que tu sois toujours aussi plein d'énergie ?
How is it that you're always so full of energy?,Comment se fait-il que vous soyez toujours aussi énergique ?
How long did it take Tom to build the doghouse?,Combien de temps a-t-il fallu à Tom pour construire la niche ?
How long does it take from here to the station?,Combien de temps faut-il d'ici à la gare ?
How long does it take to get to Vienna on foot?,Combien de temps faut-il pour atteindre Vienne à pied ?
How long will it take me to finish my homework?,Combien de temps me faudra-t-il pour finir mes devoirs ?
How many engineers took part in the conference?,Combien d'ingénieurs ont-ils pris part à la conférence ?
How many of the words on this list do you know?,Combien de mots sur cette liste connaissez-vous ?
How many of the words on this list do you know?,Combien de mots sur cette liste connais-tu ?
How many students are there in your university?,Combien d'élèves y a-t-il dans votre université ?
How many times a year do you go to the dentist?,Combien de fois par an allez-vous chez le dentiste ?
How many times a year do you go to the dentist?,Combien de fois par an est-ce que tu vas chez le dentiste ?
Human remains were found during the excavation.,Des restes humains furent trouvés au cours de l'excavation.
"I already told you, I'm not the one who did it.","Je vous ai déjà dit, que ce n'est pas moi qui l'ai fait."
I am glad that the matter was settled amicably.,Je suis heureux que cette affaire se soit réglée à l'amiable.
I am looking forward to seeing you next Sunday.,J'ai hâte de te revoir dimanche prochain.
I am not used to drinking coffee without sugar.,Je ne suis pas habitué à boire du café sans sucre.
I apologize for any problems I may have caused.,Je m'excuse pour tous les problèmes que j'ai pu causer.
I appreciate your telling me this face-to-face.,J'apprécie que vous me le disiez les yeux dans les yeux.
I appreciate your telling me this face-to-face.,J'apprécie que tu me le dises les yeux dans les yeux.
I asked the villagers many times to let me die.,J'ai demandé à maintes reprises aux villageois de me laisser mourir.
I became acquainted with your father yesterday.,"J'ai fait la connaissance de votre père, hier."
I became acquainted with your father yesterday.,J'ai fait hier la connaissance de votre père.
I became acquainted with your father yesterday.,"J'ai fait la connaissance de ton père, hier."
I became acquainted with your father yesterday.,J'ai fait hier la connaissance de ton père.
I began to doubt the accuracy of his statement.,J'ai commencé à douter de la justesse de son propos.
"I bought this book for myself, not for my wife.","J'ai acheté ce livre pour moi, pas pour ma femme."
"I called your office today, but you weren't in.","J'ai appelé ton bureau aujourd'hui, mais tu n'y étais pas."
"I called your office today, but you weren't in.","J'ai appelé votre bureau aujourd'hui, mais vous n'y étiez pas."
I came upon an old friend of mine on the train.,Je suis tombé sur un vieil ami à moi dans le train.
I can fall back on my savings if I lose my job.,Je peux me rabattre sur mes économies si je perds mon travail.
I can remember when you were just a little boy.,Je me souviens de quand tu n'étais qu'un petit garçon.
I can remember when you were just a little boy.,Je me rappelle quand tu n'étais qu'un petit garçon.
I can't believe I didn't think of that earlier.,Je n'arrive pas à croire que je n'aie pas pensé à ça plus tôt.
I can't believe this is really happening to me.,Je ne peux pas croire que ça m'arrive.
I can't believe you're talking to me like this.,Je n'arrive pas à croire que vous me parliez ainsi.
I can't believe you're talking to me like this.,Je n'arrive pas à croire que tu me parles ainsi.
I can't do anything until this project is done.,Je ne peux rien faire tant que ce projet n'est pas fini.
I can't explain the situation better than that.,Je ne peux pas expliquer la situation mieux que ça.
I can't figure out how to operate this machine.,Je n'arrive pas à comprendre comment faire fonctionner cet engin.
I can't figure out how to operate this machine.,Je n'arrive pas à comprendre comment faire fonctionner cette machine.
I can't help but laugh when I think about that.,Je ne peux m'empêcher de rire quand je pense à ça.
I can't help it if girls want to flirt with me.,Je ne peux rien y faire si les filles veulent flirter avec moi.
I can't help thinking my father is still alive.,Je ne peux m'empêcher de penser que mon père est toujours en vie.
I can't kiss you the way you want to be kissed.,Je ne peux t'embrasser de la manière dont tu veux que je t'embrasse.
I can't kiss you the way you want to be kissed.,Je ne peux vous embrasser de la manière dont vous voulez que je vous embrasse.
"I can't prove it, but I'm sure he was murdered.",Je ne peux pas le prouver mais je suis certain qu'il a été assassiné.
I can't remember where this little doodad goes.,Je n'arrive pas à me rappeler où va ce petit truc.
I can't remember where this little doodad goes.,Je n'arrive pas à me rappeler où va ce bidule.
I can't see in because the curtains are closed.,Je ne peux pas voir à l'intérieur parce que les rideaux sont fermés.
I can't tell you exactly how long it will take.,Je ne peux pas te dire exactement combien de temps cela prendra.
I can't tell you exactly how long it will take.,Je ne peux pas te dire exactement combien de temps ça prendra.
I can't tell you exactly how long it will take.,Je ne peux pas vous dire exactement combien de temps cela prendra.
I can't tell you how long I've waited for this.,Je ne peux pas te dire pendant combien de temps j'ai attendu ça.
I can't thank you enough for all your kindness.,Je ne peux pas vous remercier suffisamment pour votre gentillesse.
I can't think of anything that I'd like better.,Je ne vois pas ce qui pourrait me faire plus plaisir.
I consider watching television a waste of time.,Je considère que regarder la télévision est une perte de temps.
I couldn't have done it without you. Thank you.,Je n'aurais pas pu le faire sans toi. Merci.
I didn't even know that my car had been stolen.,Je ne savais même pas que ma voiture avait été volée.
I didn't even know that my car had been stolen.,J'ignorais même que ma voiture avait été volée.
I didn't even know that my car had been stolen.,J'ignorais même que ma voiture avait fait l'objet d'un vol.
I didn't know something like this could happen.,Je ne savais pas qu'une chose pareille pouvait se produire.
I didn't know something like this could happen.,J'ignorais que quelque chose comme ça pouvait arriver.
I didn't know that Tom had already bought milk.,Je ne savais pas que Tom avait déjà acheté du lait.
I didn't know you still had friends at the IRS.,J'ignorais que tu avais encore des amis au fisc.
I didn't know you still had friends at the IRS.,J'ignorais que vous aviez encore des amis au fisc.
I didn't know you still had friends at the IRS.,J'ignorais que tu disposais encore d'amis au fisc.
I didn't know you still had friends at the IRS.,J'ignorais que vous disposiez encore d'amis au fisc.
I didn't quite catch the name of that designer.,Je n'ai pas tout à fait compris le nom de ce créateur.
I didn't tell anyone what time I'd be arriving.,Je n'ai dit à personne à quelle heure j'arriverais.
I didn't tell anyone what time I'd be arriving.,Je ne dis à personne à quelle heure j'arriverais.
I do not know the woman talking to our teacher.,Je ne connais pas la femme qui parle à notre professeur.
I don't believe that black cats cause bad luck.,Je ne crois pas que les chats noirs portent malheur.
I don't believe we've been formally introduced.,Je ne crois pas que nous ayons été formellement présentés.
I don't even know if I want to do this anymore.,Je ne sais même pas si je veux continuer à faire ceci.
"I don't have a brother, but I have two sisters.",Je n'ai pas de frère mais j'ai deux sœurs.
I don't have enough money to buy a new bicycle.,Je n'ai pas assez d'argent pour acheter un nouveau vélo.
I don't have enough money to buy a new bicycle.,Je n'ai pas assez d'argent pour acheter une nouvelle bicyclette.
I don't know anything about their relationship.,Je ne connais rien de leur relation.
I don't know how much money Tom and Mary spend.,Je ne sais pas combien d'argent dépensent Tom et Mary.
I don't know how you can believe such nonsense.,J'ignore comment vous pouvez croire à de telles balivernes.
I don't know if I should accept the job or not.,Je ne sais pas si je devrais accepter le travail ou non.
I don't know if we're going to make it on time.,Je ne sais pas si nous allons y arriver à temps.
"I don't know when it happened, but it happened.","Je ne sais pas quand c'est arrivé, mais c'est arrivé."
I don't know whether I will have time to do it.,J'ignore si j'aurai le temps de le faire.
I don't need your money. I just need your time.,Je n'ai pas besoin de ton argent. J'ai besoin de ton temps.
I don't need your money. I just need your time.,Je n'ai pas besoin de votre argent. J'ai besoin de votre temps.
I don't plan to vote in the upcoming elections.,Je n'ai pas l'intention de voter aux prochaines élections.
I don't see any reason why I have to apologize.,Je ne vois aucune raison pour laquelle je devrais m'excuser.
I don't see why Tom wanted me to be here today.,Je ne comprends pas pourquoi Tom voulait que je sois là aujourd'hui.
I don't think Tom has as much patience as I do.,Je ne pense pas que Tom ait autant de patience que moi.
I don't think it's necessary for us to do that.,Je ne pense pas que nous ayons à faire cela.
I don't understand the meaning of the question.,Je ne comprends pas le sens de la question.
I don't understand why this keeps coming loose.,Je ne comprends pas pourquoi ceci se desserre toujours.
I don't want an apology. I want an explanation.,Je ne veux pas des excuses. Je veux une explication.
I don't want to discourage you from doing that.,Je veux pas t'empêcher de le faire.
I don't want to go out in this kind of weather.,Je ne veux pas sortir par ce temps.
I don't want to wait any longer than necessary.,Je ne veux pas attendre plus que nécessaire.
"I feel cold. Would you shut the window, please?","J'ai froid. Voudrais-tu fermer la fenêtre, s'il te plait ?"
I figure that she will succeed in her business.,Je pense qu'elle réussira dans son affaire.
I figured a change of scenery might do us good.,J'ai pensé qu'un changement de décor pourrait nous faire du bien.
I find learning languages to be very rewarding.,Je trouve très gratifiant d'apprendre des langues étrangères.
I folded my shirts and put them in my suitcase.,Je pliai mes chemises et les plaçai dans ma valise.
I folded my shirts and put them in my suitcase.,J'ai plié mes chemises et les ai placées dans ma valise.
I found it difficult to keep a diary every day.,J'ai trouvé difficile de tenir un journal tous les jours.
I found my mother busy ironing out some shirts.,J'ai trouvé ma mère occupée à repasser quelques chemises.
I got a useful piece of information out of him.,J'ai obtenu de lui un renseignement utile.
I got up early enough to catch the first train.,Je me suis levé de bonne heure pour prendre le premier train.
I guess I felt like eating something different.,Je suppose que j'ai eu envie de manger quelque chose de différent.
I guess that I'm going to have to learn French.,J'imagine que je vais devoir apprendre le français.
I had a doctor's appointment yesterday morning.,"J'avais un rendez-vous chez le médecin, hier matin."
"I had a headache, and I took the day off today.",J'avais mal à la tête et j'ai pris un jour de congé aujourd'hui.
I had a problem with my car on the way to work.,"J'ai eu un problème avec ma voiture, sur le chemin du travail."
I had been making the same mistake all my life.,J'avais commis la même erreur toute ma vie.
I had been reading for an hour when he came in.,Je lisais depuis une heure lorsqu'il entra.
I had my hair cut at the barber shop yesterday.,Je me suis fait couper les cheveux chez le coiffeur hier.
I had some trouble finding her house yesterday.,J'ai eu du mal à trouver sa maison hier.
I had some trouble finding her house yesterday.,Ça n'a pas été facile pour moi de trouver sa maison hier.
I had to sip the coffee because it was too hot.,Je dus boire le café à petites gorgées parce qu'il était trop chaud.
I hate women who say that all men are the same.,Je déteste les femmes qui disent que tous les hommes sont les mêmes.
I hate women who say that all men are the same.,Je déteste les femmes qui disent que tous les hommes sont pareils.
I have a feeling I've met her somewhere before.,J'ai l'impression de l'avoir déjà rencontrée quelque part.
I have a feeling I've met her somewhere before.,J'ai le sentiment de l'avoir déjà rencontrée quelque part.
I have a friend whose father is a famous actor.,J'ai un ami dont le père est un acteur célèbre.
I have a sore throat. Do you have a cough drop?,J'ai un mal de gorge. As-tu une pastille pour la toux ?
I have a sore throat. Do you have a cough drop?,J'ai mal à la gorge. Avez-vous une pastille pour la toux ?
I have gone astray somewhere in my calculation.,J'ai dû m'égarer dans mes calculs.
I have no choice but to eat what they serve me.,Je n'ai d'autre choix que de manger ce qu'ils me servent.
I have no choice but to eat what they serve me.,Je n'ai d'autre choix que de manger ce qu'elles me servent.
I have no choice but to eat what they serve me.,Je ne dispose pas d'autre choix que de manger ce qu'ils me servent.
I have no choice but to eat what they serve me.,Je ne dispose pas d'autre choix que de manger ce qu'elles me servent.
I have no idea to what extent I can trust them.,Je n'ai aucune idée jusqu'à quel point je peux leur faire confiance.
I have the feeling that my French is improving.,J'ai le sentiment que mon français s'améliore.
I have the same dictionary as your brother has.,J'ai le même dictionnaire que votre frère.
I have to check and see what the contract says.,Je dois vérifier et voir ce que le contrat stipule.
I have to go shopping. I'll be back in an hour.,"Je dois aller faire les courses, je reviens dans une heure."
I haven't checked my messages yet this morning.,Je n'ai pas encore regardé mes messages ce matin.
I haven't had time to look for what you wanted.,Je n'ai pas eu le temps de chercher ce que tu voulais.
I haven't had time to look for what you wanted.,Je n'ai pas eu le temps de chercher ce que vous vouliez.
I haven't read the final page of the novel yet.,Je n'ai pas encore lu la dernière page de ce roman.
I heard strange noises coming from his bedroom.,J'entendis des bruits étranges provenant de sa chambre.
I heard strange noises coming from his bedroom.,J'entendis des bruits étranges en provenance de sa chambre.
I heard strange noises coming from his bedroom.,J'ai entendu des bruits étranges provenant de sa chambre.
I heard strange noises coming from his bedroom.,J'ai entendu des bruits étranges en provenance de sa chambre.
I hit the snooze button and went back to sleep.,J'ai tapé sur le bouton de remise en sommeil et suis allé me rendormir.
I just didn't want you to go there by yourself.,Je ne voulais juste pas que tu t'y rendes seul.
I just didn't want you to go there by yourself.,Je ne voulais juste pas que tu t'y rendes seule.
I just didn't want you to go there by yourself.,Je ne voulais juste pas que vous vous y rendiez seul.
I just didn't want you to go there by yourself.,Je ne voulais juste pas que vous vous y rendiez seule.
I just didn't want you to go there by yourself.,Je ne voulais juste pas que vous vous y rendiez seuls.
I just didn't want you to go there by yourself.,Je ne voulais juste pas que vous vous y rendiez seules.
I just don't feel like celebrating my birthday.,Je n'ai simplement pas envie de fêter mon anniversaire.
"I just think you should be careful, that's all.","Je pense simplement que tu devrais être prudent, c'est tout."
"I just think you should be careful, that's all.","Je pense simplement que vous devriez être prudents, c'est tout."
"I just think you should be careful, that's all.","Je pense simplement que vous devriez être prudent, c'est tout."
"I just think you should be careful, that's all.","Je pense simplement que vous devriez être prudente, c'est tout."
"I just think you should be careful, that's all.","Je pense simplement que vous devriez être prudentes, c'est tout."
"I just think you should be careful, that's all.","Je pense simplement que tu devrais être prudente, c'est tout."
I just thought of something really interesting.,Je viens de penser à quelque chose de très intéressant.
I just want you to know that I really love you.,Je veux juste que tu saches que je t'aime vraiment.
I just wish we could leave this horrible place.,J'espère juste que nous puissions quitter cet horrible endroit.
I knew someone would come rescue us eventually.,"Je savais que quelqu'un viendrait nous sauver, au bout du compte."
I knew there was something different about you.,Je savais qu'il y avait quelque chose de différent en toi.
I knew there was something different about you.,Je savais qu'il y avait quelque chose de différent en vous.
"I knocked on the door, but there was no answer.","J'ai frappé à la porte, mais il n'y a pas eu de réponse."
I know I'm not the brightest girl in the world.,Je sais que je ne suis pas la fille la plus brillante au monde.
I know I'm not the brightest girl in the world.,Je sais que je ne suis pas une lumière.
I know that you don't know how to speak French.,Je sais que tu n'as pas appris à parler français.
"I know what you're thinking, but it's not true.","Je sais ce que tu penses, mais ce n'est pas vrai."
I know your mom doesn't want you to talk to me.,Je sais que ta mère ne veut pas que tu me parles.
I left home early so I wouldn't miss the train.,Je suis parti tôt de la maison pour être sûr ne pas rater le train.
I left home early so I wouldn't miss the train.,Je suis partie tôt de la maison pour être sûre ne pas rater le train.
I like children. That's why I became a teacher.,J'aime les enfants. C'est pourquoi je suis devenu enseignant.
"I like swimming, but I don't like to swim here.","J'aime nager, mais je n'aime pas nager ici."
I like the smell of bread just out of the oven.,J'aime l'odeur du pain tout juste sorti du four.
I live near the sea so I often go to the beach.,Je vis près de la mer alors je me rends souvent à la plage.
I looked around hoping to spot a friendly face.,"Je regardai alentour, espérant repérer un visage amical."
I looked around hoping to spot a friendly face.,"J'ai regardé alentour, espérant repérer un visage amical."
I lost my passport. I'll have to get a new one.,J'ai perdu mon passeport. Il m'en faudra un nouveau.
I lost my passport. I'll have to get a new one.,J'ai perdu mon passeport. Je devrai en refaire faire un.
I made hotel reservations one month in advance.,J'ai réservé l'hôtel un mois à l'avance.
I made hotel reservations one month in advance.,J'ai effectué les réservations d'hôtel un mois à l'avance.
I managed to make myself understood in English.,Je me suis débrouillé pour me faire comprendre en anglais.
I met him by accident at the airport yesterday.,Je l'ai rencontré par hasard hier à l'aéroport.
I met him by accident at the airport yesterday.,Je l'ai croisé par hasard hier à l'aéroport.
I missed the train. I should have come earlier.,J'ai loupé le train. J'aurais dû venir plus tôt.
I missed the train. I should have come earlier.,J'ai manqué le train. J'aurais dû venir plus tôt.
I need you to take in the hem by about an inch.,J'ai besoin que vous réduisiez l'ourlet d'à peu près un pouce.
I never for a moment imagined that I would win.,Je n'ai jamais imaginé un instant que je gagnerais.
I never see her without thinking of her mother.,Je ne la vois jamais sans penser à sa mère.
I often go swimming at the beach in the summer.,Je vais souvent nager à la plage en été.
I play guitar with a band every Saturday night.,"Je joue de la guitare dans un groupe, tous les samedis soir."
I pulled an all-nighter preparing for the exam.,J'ai passé une nuit blanche à préparer l'examen.
"I ran as fast as I could, but I missed the bus.","J'ai couru aussi vite que j'ai pu, mais j'ai quand même raté le bus."
I ran as fast as possible to catch up with him.,J'ai couru le plus vite possible pour le rattraper.
"I ran to school, but the bell had already rung.","Je courus à l'école, mais la cloche avait déjà retenti."
"I really wish I could go with you, but I can't.","J'aurais vraiment voulu pouvoir venir avec toi, mais je ne peux pas."
"I really wish I could go with you, but I can't.","J'aurais vraiment voulu pouvoir venir avec vous, mais je ne peux pas."
I regretted having wasted a great deal of time.,J'ai regretté d'avoir perdu beaucoup de temps.
I remember the horror I felt when she screamed.,Je me souviens de l'horreur que j'ai ressentie lorsqu'elle a hurlé.
"I remembered your birthday this year, didn't I?","Je me suis souvenu de ton anniversaire, cette année, pas vrai ?"
"I remembered your birthday this year, didn't I?","Je me suis souvenu de votre anniversaire, cette année, pas vrai ?"
I sat behind a very tall person at the theater.,Je me suis assis derrière une très grande personne au théâtre.
I saw Yoshida for the first time in five years.,J'ai rencontré Yoshida pour la première fois en cinq ans.
I saw him go into the toilet a few minutes ago.,Je l'ai vu entrer dans les toilettes il y a quelques minutes.
I should call the police and have you arrested.,Je devrais appeler la police et te faire arrêter.
I should've married your sister instead of you.,"J'aurais dû épouser ta sœur, plutôt que toi."
I should've married your sister instead of you.,"J'aurais dû épouser votre sœur, plutôt que vous."
I should've married your sister instead of you.,"J'aurais dû épouser ta sœur, au lieu de toi."
I shouldn't have drunk so much beer last night.,Je n'aurais pas dû boire autant de bière la nuit dernière.
I shouldn't have to do all this work by myself.,Je ne devrais pas avoir à faire tout ce travail moi-même.
I sometimes feel drowsy in the early afternoon.,Je me sens parfois somnolent en début d'après-midi.
I sometimes hear my father singing in the bath.,J'entends parfois mon père chanter dans le bain.
I spent the summer vacation at my aunt's house.,J'ai passé les vacances d'été chez ma tante.
I spent yesterday reading instead of going out.,J'ai passé la journée d'hier à lire au lieu de sortir.
I spoke to the boy who seemed to be the oldest.,J'ai parlé au garçon qui semblait le plus vieux.
I stayed home all day instead of going to work.,Je suis resté à la maison toute la journée au lieu d'aller travailler.
I suppose I've got to get my feet wet sometime.,Je suppose qu'il faut parfois se jeter à l'eau.
I suppose that's why you don't like me so much.,Je suppose que c'est là la raison pour laquelle vous ne m'appréciez pas tant que ça.
I suppose that's why you don't like me so much.,Je suppose que c'est là la raison pour laquelle tu ne m'apprécies pas tant que ça.
I suspect they water down the beer in that pub.,Je les soupçonne de couper la bière avec de l'eau dans ce bistro.
I think all three of us will be there tomorrow.,Je crois que nous serons tous les trois là demain.
I think it's time for me to ask for directions.,Je pense qu'il est temps que je demande des indications.
I think it's time for me to ask for directions.,Je pense qu'il est temps que je demande des instructions.
I think it's time for me to ask for his advice.,Je pense qu'il est temps que je sollicite ses conseils.
I think something terrible has happened to Tom.,Je pense que quelque chose de terrible est arrivé à Tom.
I think that you should buy yourself a new car.,Je pense que tu devrais t'acheter une nouvelle voiture.
I think they should put a heavy tax on imports.,Je pense qu'ils devraient imposer une lourde taxe à l'importation.
I think this must be the place where Tom lives.,Je pense que ce doit être l'endroit où Tom habite.
I think this tie will go great with that shirt.,Je pense que cette cravate ira à merveille avec cette chemise.
I think we're going to have a very strong team.,Je pense que nous allons disposer d'une équipe très forte.
I think you know that we have to do that today.,Je pense que tu sais que nous devons faire ça aujourd'hui.
I thought Tom was going to take us to see Mary.,Je pensais que Tom nous amenait voir Mary.
I thought this pair of shoes would last longer.,Je pensais que cette paire de chaussures durerait plus longtemps.
I thought you'd want to try some Japanese food.,Je pensais que tu voudrais essayer de la nourriture japonaise.
I thought you'd want to try some Japanese food.,Je pensais que vous voudriez essayer de la nourriture japonaise.
I told Tom that he shouldn't go out after dark.,"J'ai dit à Tom qu'il ne devrait pas sortir lorsqu""il fait noir."
I took my shoes off and put them under the bed.,J'ai enlevé mes chaussures et les ai mises sous le lit.
I tore up all the letters that you wrote to me.,J'ai déchiré toutes les lettres que tu m'avais écrites.
I used a ribbon to tie my hair into a ponytail.,Je me suis servi d'un ruban pour me faire une queue de cheval.
I usually don't have time to eat a large lunch.,Je n'ai généralement pas le temps de manger un déjeuner copieux.
I usually eat lunch at 11:30 to avoid the rush.,Je déjeune habituellement à onze heures et demie pour éviter la cohue.
I want an hourly update about what's happening.,Je veux être tenu au courant de ce qui se passe heure par heure.
I want an hourly update about what's happening.,Je veux être tenue au courant de ce qui se passe heure par heure.
I want this luggage carried to my room at once.,Je veux que l'on porte ce bagage immédiatement dans ma chambre.
I want to dedicate all my time to this project.,Je veux dédier tout mon temps à ce projet.
I want to dedicate all my time to this project.,Je veux consacrer tout mon temps à ce projet.
I want to go outside for a breath of fresh air.,Je veux aller à l'extérieur prendre une bouffée d'air frais.
I want to have a talk with him about my future.,Je veux lui parler de mon avenir.
I want to make sure nothing will happen to Tom.,Je veux m'assurer que rien n'arrivera à Tom.
I want to thank everyone who helped me do this.,Je souhaite remercier tout ceux qui m'ont aidé à faire ceci.
I want to thank everyone who helped me do this.,Je souhaite remercier toutes celles qui m'ont aidé à faire ça.
I want you to do something about it right away.,Je veux que vous y fassiez quelque chose sur-le-champ.
I want you to do something about it right away.,Je veux que vous y fassiez quelque chose derechef.
I want you to do something about it right away.,Je veux que tu y fasses quelque chose sur-le-champ.
I want you to do something about it right away.,Je veux que tu y fasses quelque chose derechef.
I want you to take back what you said just now.,Je veux que tu retires ce que tu viens de dire.
I want you to tell me everything that happened.,Je veux que tu me dises tout ce qui s'est passé.
I want you to tell me everything that happened.,Je veux que tu me dises tout ce qui a eu lieu.
I want you to tell me everything that happened.,Je veux que tu me dises tout ce qui s'est produit.
I wanted to know why you didn't come yesterday.,Je voulais savoir pourquoi vous n'êtes pas venu hier.
I wanted to know why you didn't come yesterday.,Je voulais savoir pourquoi vous n'êtes pas venus hier.
I wanted to know why you didn't come yesterday.,Je voulais savoir pourquoi vous n'êtes pas venue hier.
I wanted to know why you didn't come yesterday.,Je voulais savoir pourquoi vous n'êtes pas venues hier.
I wanted to know why you didn't come yesterday.,Je voulais savoir pourquoi tu n'es pas venu hier.
I wanted to know why you didn't come yesterday.,Je voulais savoir pourquoi tu n'es pas venue hier.
I was bitten by a lot of insects in the forest.,J'ai été mordu par beaucoup d'insectes dans la forêt.
I was bitten by a lot of insects in the forest.,J'ai été piqué par un grand nombre d'insectes dans la forêt.
I was hoping I wouldn't have to work on Sunday.,J'espérais ne pas devoir travailler le dimanche.
I was just about to go out when the phone rang.,J'étais sur le point de partir quand le téléphone sonna.
"I was just about to go out, when the bell rang.",J'étais juste sur le point de partir quand le téléphone sonna.
I was playing a game when I felt an earthquake.,J'étais en train de jouer quand j'ai senti un tremblement de terre.
I was told that we have to bring our own water.,On m'a dit qu'il nous fallait apporter notre propre eau.
I went to Boston for 5 days on a business trip.,Je suis allé à Boston en voyage d'affaires pendant cinq jours.
I went to the theater early to get a good seat.,Je suis allé tôt au théâtre pour avoir une bonne place.
I will be very happy to accept your invitation.,Je serai très heureux d'accepter ton invitation.
I will go along with you as far as the station.,Je vais vous accompagner jusqu'à la gare.
I will go along with you as far as the station.,Je vais t'accompagner jusqu'à la gare.
I will go with you after I have eaten my lunch.,J'irai avec toi après avoir déjeuné.
I will go with you after I have eaten my lunch.,J'irai avec vous après avoir déjeuné.
I wish I had a little more time to finish this.,J'aimerais disposer d'un petit peu plus de temps pour finir ça.
I wish I had known about this when I was a kid.,J'aurais aimé savoir ceci quand j'étais enfant.
I wish I had known about this when I was a kid.,J'aurais bien aimé savoir ça quand j'étais gamin.
I wish you had not told the story to my mother.,J'aurais aimé que tu ne racontes pas cette histoire à ma mère.
I wish you would shut the door when you go out.,Je souhaiterais que tu fermes la porte quand tu sors.
I wonder if Tom ever took Mary up on her offer.,Je me demande si Tom a accepté l'offre de Mary.
I would appreciate a reply as soon as possible.,J'apprécierais une réponse aussitôt que possible.
I would like to sit in the non-smoking section.,Je voudrais être assis dans le compartiment non-fumeur s'il vous plaît.
I would like to thank you for your cooperation.,J'aimerais vous remercier pour votre coopération.
I would really appreciate a glass of cold beer.,J'apprécierais beaucoup un verre de bière fraîche.
I'd like to borrow about three hundred dollars.,J'aimerais emprunter environ trois cents dollars.
I'd like to find out why Tom decided not to go.,J'aimerais savoir pourquoi Tom a décidé de ne pas venir.
I'd like to give this to somebody we can trust.,J'aimerais donner ceci à quelqu'un auquel nous pouvons nous fier.
"I'd like to have the sauce on the side, please.","J'aimerais avoir la sauce sur le côté, s'il vous plaît."
I'd like to hire you to paint a portrait of me.,J'aimerais vous engager pour peindre mon portrait.
I'd like to make a reservation for next Monday.,J'aimerais faire une réservation pour lundi.
I'd like to spend the rest of my life with you.,J'aimerais passer le reste de ma vie avec toi.
I'd like to take advantage of this opportunity.,Je souhaiterais profiter de cette occasion.
I'd like to think about it a little bit longer.,J'aimerais y réfléchir un peu plus longtemps.
I'll get in touch with you as soon as I arrive.,Je prendrai contact avec toi dès que j'arriverai.
I'll let you know the results as soon as I can.,Je te ferai connaître les résultats dès que je peux.
I'll look after your affairs when you are dead.,Je m'occuperai de tes affaires quand tu seras mort.
I'll mow the lawn tomorrow if it's not raining.,"Je tondrai la pelouse demain, s'il ne pleut pas."
I'll never forget all the help you've given me.,Je n'oublierai jamais toute l'aide que vous m'avez apportée.
I'll never forget all the help you've given me.,Je n'oublierai jamais toute l'aide que tu m'as apportée.
I'll phone you as soon as I get to the airport.,Je t'appellerai dès que j'arrive à l'aéroport.
I'll phone you as soon as I get to the airport.,Je vous appellerai dès que j'arrive à l'aéroport.
I'll take care of my parents when they get old.,Je m'occuperai de mes parents quand ils vieilliront.
I'm at the hospital. I got struck by lightning.,Je suis à l'hôpital. J'ai été frappé par la foudre.
I'm fighting mad because someone stole my bike.,Je suis en rogne parce que quelqu'un a fauché mon vélo.
I'm getting up at six o'clock tomorrow morning.,Je me lève à six heures demain matin.
I'm glad for this opportunity to work with you.,Je suis content d'avoir l'opportunité de travailler avec vous.
I'm going to take a bath as soon as I get home.,Je vais prendre un bain dès que j'arrive à la maison.
I'm looking for a present for a friend of mine.,Je cherche un cadeau pour un ami à moi.
I'm not a teacher and don't want to become one.,Je ne suis pas enseignant et ne souhaite pas le devenir.
I'm not accustomed to eating this kind of food.,Je ne suis pas habitué à manger ce genre de nourriture.
I'm not sure if it's a compliment or an insult.,Je ne suis pas sûr s'il s'agit d'un compliment ou bien d'une insulte.
I'm not sure if it's a compliment or an insult.,Je ne suis pas sûre s'il s'agit d'un compliment ou bien d'une insulte.
I'm not the kind of person that you think I am.,Je ne suis pas le genre de personne que tu crois.
I'm not the only one who's planning to do that.,Je ne suis pas le seul à prévoir de le faire.
I'm not the only one who's planning to do that.,Je ne suis pas la seule à prévoir de le faire.
I'm not used to talking to people I don't know.,Je n'ai pas pour habitude de parler à des gens que je ne connais pas.
I'm not very likely to be fired for doing that.,Il est très peu probable que je sois licencié pour avoir fait ça.
I'm not very likely to be fired for doing that.,Il est très peu probable que je sois licenciée pour avoir fait ça.
I'm pretty sure that Tom has already gone home.,Je suis plutôt sûr que Tom est déjà allé à la maison.
I'm so drunk now that I'm seeing two keyboards.,Je suis tellement soûl maintenant que je vois deux claviers.
I'm so drunk that I can't feel my face anymore.,Je suis tellement bourré que je ne peux plus sentir mon visage.
I'm sorry I'm such a big disappointment to you.,Je suis désolé d'être une telle déception pour toi.
I'm sorry to hear that your father passed away.,Je suis désolé d'apprendre que ton père est décédé.
"I'm sorry, I don't buzz in people I don't know.","Je suis désolé, je n'admets pas les gens que je ne connais pas."
"I'm sorry, I don't buzz in people I don't know.","Désolé, je ne laisse pas entrer les gens que je ne connais pas."
I'm sorry. I'll do anything to make this right.,Je suis désolé. Je ferai n'importe quoi pour réparer cela.
I'm sorry. I'll do anything to make this right.,Je suis désolée. Je ferai n'importe quoi pour réparer cela.
I'm still having the same dream about drowning.,J'ai toujours ce même rêve de noyade.
I'm sure that he will take part in the contest.,Je suis sûr qu'il va participer à la compétition.
I'm thinking of visiting you one of these days.,Je réfléchis à vous rendre visite un de ces jours.
I'm thinking of visiting you one of these days.,Je pense à te rendre visite un de ces quatre.
I'm very much obliged to you for your kindness.,Je vous suis très reconnaissant de votre générosité.
I've been asked to forward this message to you.,On m'a demandé de vous transmettre ce message.
I've been looking forward to meeting you again.,J'étais impatiente de vous rencontrer à nouveau.
I've been looking forward to meeting you again.,J'avais hâte de te rencontrer à nouveau.
I've been studying French for a very long time.,J'apprend le français depuis longtemps.
I've been studying French for a very long time.,J'ai appris le français depuis longtemps.
I've been upset not having written you a reply.,J'ai été tracassé de ne pas vous avoir écrit de réponse.
I've been upset not having written you a reply.,J'ai été tracassée de ne pas t'avoir écrit de réponse.
I've been very busy since the new term started.,J'ai été très occupé depuis le début du nouveau mandat.
I've been waiting for the bus for half an hour.,Cela fait une demi-heure que j'attends le bus.
I've been waiting for the bus for half an hour.,J'attends le bus depuis une demi-heure.
I've got a flashlight in the glove compartment.,J'ai une lampe-torche dans la boîte à gants.
I've gotten tired of watching this boring game.,Je me suis lassé de regarder cette partie ennuyeuse.
I've never seen anything like it in my country.,"Jamais, auparavant, je n'ai vu quoi que ce soit de semblable dans mon pays."
"If I had enough money, I could buy this camera.","Si j'avais assez d'argent, je pourrais acheter cette caméra."
"If I had known about it, I would have told you.","Si je l'avais su, je vous l'aurais dit."
"If I had known about it, I would have told you.","Si je l'avais su, je te l'aurais dit."
"If I had known about it, I would have told you.","L'aurais-je su, je te l'aurais dit."
"If I had known about it, I would have told you.","L'aurais-je su, je vous l'aurais dit."
"If I had taken that plane, I would be dead now.","Si j'avais pris cet avion, je serais mort à l'heure qu'il est."
"If I were in her place, I wouldn't give up yet.","Si j'étais à sa place, je n'abandonnerais pas encore."
"If I were in her place, I wouldn't give up yet.","Serais-je à sa place, je n'abandonnerais pas encore."
"If I were you, I wouldn't do such a rude thing.","Si j'étais vous, je ne ferais pas une chose si impolie."
"If I were you, I wouldn't do such a rude thing.","Si j'étais toi, je ne ferais pas une chose si impolie."
"If Tom hadn't invited me, I wouldn't have come.","Si Tom ne m'avait pas invité, je ne serais pas venu."
"If Tom hadn't invited me, I wouldn't have come.","Si Tom ne m'avait pas invité, je ne serais pas venue."
"If anyone here can help us, we'd appreciate it.","Si quiconque ici peut nous aider, nous en serions reconnaissants."
"If by any chance it should rain, he won't come.","Si, par le plus grand des hasards, il devait pleuvoir, il ne viendrait pas."
"If he knew her phone number, he could call her.","S'il connaissait son numéro de téléphone, il pourrait l'appeler."
"If she had married you, she would be happy now.","Si elle s'était mariée avec toi, elle serait heureuse maintenant."
"If you abuse your computer, it won't work well.","Si tu maltraites ton ordinateur, il ne fonctionnera pas bien."
"If you act like that, he'll think you hate him.","Si tu agis ainsi, il pensera que tu le détestes."
"If you act like that, he'll think you hate him.","Si vous agissez ainsi, il pensera que vous le détestez."
"If you could do that for me, I'd appreciate it.","Si tu pouvais faire ça pour moi, je l'apprécierais."
"If you could do that for me, I'd appreciate it.","Si tu pouvais le faire pour moi, je l'apprécierais."
"If you could do that for me, I'd appreciate it.","Si vous pouviez faire ça pour moi, je l'apprécierais."
"If you could do that for me, I'd appreciate it.","Si vous pouviez le faire pour moi, je l'apprécierais."
"If you could do that for me, I'd appreciate it.","Si vous pouviez faire ça pour moi, j'apprécierais."
"If you could do that for me, I'd appreciate it.","Si vous pouviez le faire pour moi, j'apprécierais."
"If you could do that for me, I'd appreciate it.","Si tu pouvais le faire pour moi, j'apprécierais."
"If you could do that for me, I'd appreciate it.","Si tu pouvais faire ça pour moi, j'apprécierais."
"If you hadn't done it, someone else would have.","Si tu ne l'avais pas fait, quelqu'un d'autre l'aurait fait."
"If you want my help, you'll have to ask for it.","Si tu veux mon aide, tu vas devoir la demander."
"If you want to succeed, you have to try harder.","Si vous voulez réussir, vous devez faire plus d'efforts."
"If you're going to do this, you'd better hurry.","Si tu vas faire ça, tu ferais mieux de te grouiller !"
"If you're going to do this, you'd better hurry.","Si vous allez le faire, vous feriez mieux de vous dépêcher !"
"If you're going to kill me, I want to know why.","Si tu es sur le point de me tuer, je veux savoir pourquoi."
"In addition to that, he failed the examination.","En plus de cela, il échoua à l'examen."
"In all likelihood, it will rain this afternoon.","Selon toute probabilité, il va pleuvoir cet après-midi."
"In high school, French was my favorite subject.","Au lycée, le français était ma matière préférée."
India gained independence from Britain in 1947.,L'Inde a obtenu l'indépendance vis-à-vis du Royaume-Uni en 1947.
Is it really possible to do a brain transplant?,Est-il vraiment possible de procéder à une transplantation de cerveau ?
Is it really possible to predict an earthquake?,Est-il vraiment possible de prévoir un tremblement de terre ?
Is that what you were talking about last night?,Est-ce ce dont tu discutais hier soir ?
Is that what you were talking about last night?,Est-ce là ce dont tu discutais hier au soir ?
Is that what you were talking about last night?,Est-ce ce dont vous discutiez hier soir ?
Is that what you were talking about last night?,Est-ce là ce dont vous discutiez hier soir ?
Is there anything to drink in the refrigerator?,Y a-t-il quoi que ce soit à boire dans le réfrigérateur ?
Is there anything to drink in the refrigerator?,Y a-t-il de la boisson au réfrigérateur ?
Is there anything you want that you don't have?,Y a-t-il quoi que ce soit que vous vouliez qui vous fasse défaut ?
Is there anything you want that you don't have?,Y a-t-il quoi que ce soit que tu veuilles qui te manque ?
Is there something in particular that you want?,Y a-t-il quelque chose de particulier que tu veuilles ?
Is there something in particular that you want?,Y a-t-il quelque chose de particulier que vous vouliez ?
Is this ladder strong enough to bear my weight?,Est-ce que cette échelle est assez solide pour supporter mon poids ?
It appeared to me that he was very intelligent.,Il m'a semblé être très intelligent.
It cost me a lot of money to build a new house.,Ça m'a coûté beaucoup d'argent de construire une nouvelle maison.
"It doesn't matter who says that, it's not true.","Peu importe qui dit cela, ce n'est pas vrai."
It has always been a pleasure to work with you.,Ça a toujours été un plaisir de travailler avec toi.
It has always been a pleasure to work with you.,Cela a toujours été un plaisir de travailler avec vous.
It is a pity that you cannot come to the party.,C'est dommage que vous ne pouvez pas venir à la fête.
It is good for us to understand other cultures.,C'est une bonne chose pour nous de comprendre d'autres cultures.
It is human nature to be bugged by such things.,Il est dans la nature humaine d'être ennuyé par de telles choses.
It is impossible for me to answer the question.,Il m'est impossible de répondre à cette question.
It is impossible to put the plan into practice.,Il est impossible de mettre ce plan à exécution.
It is necessary that we provide for the future.,Il est nécessaire que nous pourvoyions pour le futur.
It is no accident that she won the first prize.,Ce n’est pas par hasard qu’elle a gagné le premier prix.
It is not easy to speak naturally on the radio.,Ce n'est pas facile de parler de manière naturelle à la radio.
It is not surprising that he was elected mayor.,Ce n'est pas surprenant qu'il ait été élu maire.
It is said that smoking is bad for your health.,On dit que fumer est mauvais pour votre santé.
It is time you went to bed. Turn off the radio.,Il est l'heure que tu ailles te coucher. Coupe la radio.
It looks like Tom doesn't really want this job.,On dirait que Tom ne veut pas vraiment ce travail.
It looks like we might have good weather today.,On dirait qu'il va faire beau aujourd'hui.
It makes no difference whether he comes or not.,"Ça ne fait aucune différence, qu'il vienne ou pas."
It matters little whether he comes late or not.,Cela importe peu qu'il vienne tard ou non.
"It may sound strange, but what he said is true.","Cela peut sembler étrange, mais ce qu'il a dit est vrai."
It must be nice to have friends in high places.,Ça doit être bien d'avoir des amis haut placés.
It requires more courage to suffer than to die.,Il faut plus de courage pour souffrir que pour mourir.
It seems that the rainy season is finally over.,Il semblerait que la saison des pluies est terminée.
It takes time to speak a foreign language well.,Cela prend du temps de bien parler une langue étrangère.
It took me two hours to memorize this sentence.,J'ai mis deux heures pour mémoriser cette phrase.
It was careless of you to forget your homework.,Il était négligent de votre part d'oublier vos devoirs à la maison.
It was one of the great discoveries in science.,Ce fut une des grandes découvertes de la science.
It was one of the worst experiences of my life.,Ce fut l'une des pires expériences de ma vie.
It was quite easy for me to carry the plan out.,Il me fut très aisé d'exécuter le plan.
It was such a boring speech that I fell asleep.,C'était un discours si ennuyeux que je me suis endormi.
It was such a boring speech that I fell asleep.,C'était un discours si ennuyeux que je me suis endormie.
It was the bad weather that caused his illness.,C'est le mauvais temps qui fût la cause de sa maladie.
It was the best thing that ever happened to me.,Ce fut la meilleure chose qui m'est jamais arrivée.
It was the best thing that ever happened to me.,Ça a été la meilleure chose qui m'est jamais arrivée.
It was the greatest discovery in human history.,Ce fut la plus grande découverte de l'histoire de l'humanité.
It was very different from what I had imagined.,C'était très différent de ce que j'avais imaginé.
It's a lot more fun than I thought it would be.,C'est beaucoup plus amusant que je ne le pensais.
It's a real shame that Tom can't be here today.,C'est vraiment dommage que Tom ne puisse pas être là aujourd'hui.
It's because I was asked to come that I'm here.,C'est parce qu'on m'a demandé de venir que je suis là.
It's characteristic of him to behave like that.,C'est typique de lui de se comporter de la sorte.
It's convenient living so close to the station.,C’est pratique d’habiter si près de la station.
It's dangerous to text while crossing the road.,Il est dangereux d'envoyer des SMS tout en traversant la rue.
It's easy to lose your footing on loose gravel.,C'est facile de perdre pied lorsqu'on marche sur du gravier.
It's easy to see the fireworks from over there.,Il est facile de voir les feux d'artifice de là-bas.
It's going to take me a while to get this done.,Le faire va me prendre du temps.
It's hard for him to live on his small pension.,Il lui est difficile de vivre de sa maigre pension.
It's hard for him to live on his small pension.,Il lui est difficile de vivre de sa maigre retraite.
It's hard to believe that it actually happened.,C'est difficile de croire que c'est effectivement arrivé.
It's important to eat three square meals a day.,Il est important de manger trois repas complets par jour.
It's not necessary for her to go there herself.,Elle n'a pas besoin de s'y rendre en personne.
It's not necessary for her to go there herself.,Elle n'a pas besoin d'y aller en personne.
It's not quite as difficult to do as it sounds.,Ce n'est pas vraiment aussi difficile à faire que ça n'en a l'air.
It's okay as long as no one finds out about it.,"C'est bon, aussi longtemps que personne ne le découvre."
It's possible that Tom isn't telling the truth.,Il est possible que Tom ne dise pas la vérité.
It's unusual for you to do something like that.,Il vous est inhabituel de faire une telle chose.
It's unusual for you to do something like that.,C'est inhabituel pour toi de faire quelque chose comme ça.
It's up to you to keep things running smoothly.,Il ne tient qu'à toi que les choses continuent à se dérouler en douceur.
It's up to you to keep things running smoothly.,Il ne tient qu'à vous que les choses continuent à se dérouler en douceur.
It's very rude of you to say a thing like that.,C'est très impoli de ta part de dire un truc pareil.
John and Mary have known each other since 1976.,John et Mary se connaissent depuis 1976.
Juggling is another thing I'm not very good at.,Jongler est un autre truc auquel je ne suis pas très bon.
"Just between you and me, do you love my sister?","Juste entre toi et moi, aimes-tu ma sœur ?"
"Just between you and me, do you love my sister?","Juste entre vous et moi, aimez-vous ma sœur ?"
Lake Geneva is the largest lake in Switzerland.,Le lac de Genève est le plus grand lac de Suisse.
Let's get out of here before the cops get here.,Sortons d'ici avant que la police arrive.
Let's hope that Tom can handle that by himself.,Espérons que Tom puisse gérer cela par lui-même.
Let's hope that we don't have to do this again.,Espérons que nous n'ayons plus à refaire cela.
Let's hope the situation doesn't get any worse.,Espérons que la situation n'empire pas.
Let's hope there are no more acts of vandalism.,Espérons qu'il n'y ait plus d'actes de vandalisme.
Let's meet halfway between your house and mine.,Rencontrons-nous à mi-chemin entre ta maison et la mienne.
Let's put this money aside for our summer trip.,Mettons cet argent de côté pour notre voyage estival.
Man is the only animal that possesses language.,L'homme est le seul animal qui possède le langage.
Mary took out a loan in order to pay her debts.,Mary a fait un prêt pour pouvoir payer ses dettes.
Miniskirts have been out of date for some time.,Les minijupes n'ont plus été en vogue depuis quelque temps.
More than 45 million Americans live in poverty.,Plus de quarante-cinq millions d'américains vivent dans la pauvreté.
Most people believe that they're above average.,La plupart des gens pensent qu'ils valent mieux que la moyenne.
My aunt lives in a lonely house in the country.,Ma tante habite dans une maison isolée à la campagne.
My aunt lives in a lonely house in the country.,Ma tante vit dans une maison isolée à la campagne.
My colleague filled in for me while I was sick.,Mon collègue m'a remplacé pendant que j'étais malade.
My computer has got to be useful for something.,Il faut bien que mon ordinateur me serve à quelque chose.
My dad thinks my boyfriend is a real whack job.,Mon paternel pense que mon petit ami est un vrai dingue.
My dad thinks my boyfriend is a real whack job.,Mon père trouve que mon petit ami est un vrai barge.
My father and mother were sitting under a tree.,Mon père et ma mère étaient assis sous un arbre.
My father has gone to China. He isn't here now.,Mon père est parti en Chine. Il ne se trouve pas là pour l'instant.
My father has gone to China. He isn't here now.,Mon père est parti pour la Chine. Il ne se trouve pas là pour l'instant.
My father has gone to China. He isn't here now.,Mon père est parti en Chine. Il n'est pas là pour l'instant.
My father has gone to China. He isn't here now.,Mon père est parti pour la Chine. Il n'est pas là pour l'instant.
My father implied our summer trip was arranged.,Mon père a sous-entendu que notre voyage estival était arrangé.
My father is so old that he is hard of hearing.,Mon père est si vieux qu'il est dur d'oreille.
My father is to arrive in Honolulu at 4:30 p.m.,Mon père doit arriver à Honolulu à 16h30.
My father often falls asleep while watching TV.,Mon père s'endort souvent en regardant la télé.
My father was already at home when I came back.,Mon père était déjà à la maison quand je suis rentré.
My father's birthday falls on Sunday this year.,"Cette année, l'anniversaire de mon père tombe un dimanche."
My friend Tom has twice as many stamps as I do.,Mon ami Tom a deux fois plus de timbres que moi.
My heart broke at the sight of the dying birds.,Mon cœur s'est brisé à la vue des oiseaux mourants.
My house is ten minutes' walk from the station.,Ma maison est à 10 minutes à pied de la gare.
My little brother goes to an elementary school.,Mon petit frère va dans une école primaire.
My mommy and daddy will love me no matter what.,"Ma maman et mon papa m'aimeront, quoi qu'il advienne."
My mother would freak out if she knew about it.,Ma mère flipperait si elle était au courant.
My name is Tom and I'll be your server tonight.,Je m'appelle Tom et je serai votre serveur ce soir.
My parents prohibited me from seeing Tom again.,Mes parents m'ont interdit de revoir Tom.
My parents pushed me to quit the baseball club.,Mes parents m'ont obligé à quitter le club de baseball.
"My sister is thin, but I'm a little overweight.","Ma sœur est mince, mais je suis un peu grosse."
My three-year-old niece kissed me on the cheek.,Ma nièce de trois ans m'a embrassé sur la joue.
"My uncle lives in Madrid, the capital of Spain.","Mon oncle vit à Madrid, la capitale de l'Espagne."
"My uncle lives in Madrid, the capital of Spain.","Mon oncle habite à Madrid, la capitale de l'Espagne."
My uncle took me for a ride in the countryside.,Mon oncle m'amena en balade à la campagne.
Never rub your eyes after cutting a hot pepper.,Ne vous frottez jamais les yeux après avoir coupé un piment.
News of the recent blast is all over the radio.,Partout à la radio il y a des nouvelles de l'explosion qui a eu lieu récemment.
News of the recent blast is all over the radio.,Les nouvelles de la récente explosion sont partout à la radio.
No amount of training can prepare you for this.,Aucun entraînement ne peut nous préparer à cela.
No charges have been filed against the suspect.,Aucune plainte n'a été déposée contre le suspect.
"No matter how tired I might be, I have to work.","Aussi fatigué que je puisse être, je dois travailler."
"No matter what you say, I won't change my mind.","Quoi que vous disiez, je ne changerai pas d'opinion."
No one can predict where lightning will strike.,Personne ne peut prédire où la foudre frappera.
No sooner had I gone out than it began to rain.,À peine étais-je sorti qu'il se mit à pleuvoir.
No sooner had he arrived than the bus departed.,Le bus est parti juste au moment où il est arrivé.
Not everyone believed this plan was a good one.,Tout le monde ne croyait pas que ce plan était bon.
"Not knowing what to do, I asked him for advice.","Ne sachant pas quoi faire, je lui ai demandé conseil."
"Oh, I haven't decided what I'm going to do yet.","Oh, je n'ai pas encore décidé ce que je vais faire."
"Oh, I'm sorry. I guess I have the wrong number.","Oh, je suis désolé. J'imagine que j'ai fait un mauvais numéro."
"On a clear day, you can see Mt. Fuji from here.","Par beau temps, on peut apercevoir le mont Fuji d'ici."
"Once a species goes extinct, it's gone forever.","Une fois qu'une espèce est éteinte, c'est pour toujours."
One million people lost their lives in the war.,Un million de personnes ont perdu la vie pendant la guerre.
One of my hobbies is making artificial flowers.,L'un de mes passe-temps est de faire des fleurs artificielles.
Our car broke down in the middle of the street.,Notre voiture est tombée en panne en plein milieu de la rue.
Our school is on the other side of the station.,Notre école est de l'autre côté de la gare.
Painting is another thing I can do fairly well.,Peindre est une autre chose que je peux faire assez bien.
Paramedics arrived on the scene within minutes.,Les secours sont arrivés sur place en quelques minutes.
Paramedics arrived on the scene within minutes.,Les secours arrivèrent sur les lieux en quelques minutes.
Parents need to set the rules around the house.,Il faut que les parents établissent les règles domestiques.
Paris is one of the cities I visited last year.,Paris est l'une des villes que j'ai visitées l'an passé.
Perhaps you would have preferred a French dish.,Peut-être auriez-vous préféré un plat français.
Please help me cut up vegetables for the salad.,"Aide-moi à couper les légumes pour la salade, s'il te plaît."
Please lend me the video when you have seen it.,S'il vous plaît prêtez-moi la vidéo quand vous l'aurez vue.
Please make certain your seat belt is fastened.,Veuillez vous assurer que votre ceinture est attachée.
"Please settle this account by October 28, 1998.",Prière de régler ce compte avant le 28 octobre 1998.
Please spend a few minutes thinking about this.,Merci de consacrer quelques minutes à y réfléchir.
Please spend a few minutes thinking about this.,Veuillez consacrer quelques minutes à y réfléchir.
Please spend a few minutes thinking about this.,"Veuillez consacrer quelques minutes à y réfléchir, je vous prie."
Please turn off the light before you go to bed.,Je te prie d'éteindre la lumière avant d'aller au lit.
Please turn off the light before you go to bed.,Je vous prie d'éteindre la lumière avant d'aller au lit.
Please turn off the light before you go to bed.,Je te prie d'éteindre la lumière avant que tu n'ailles au lit.
Please turn off the light before you go to bed.,Je vous prie d'éteindre la lumière avant que vous n'alliez au lit.
Politicians never tell us their inner thoughts.,Les politiciens ne nous disent jamais leurs arrières-pensées.
Prices are double what they were ten years ago.,Les prix sont le double de ce qu'ils étaient il y a dix ans.
Prices are double what they were two years ago.,Les prix sont deux fois plus élevés qu'il y a deux ans.
"Revenues are growing, but not as fast as costs.",Les recettes augmentent mais pas aussi vite que les coûts.
Sake is a traditional Japanese alcoholic drink.,Le saké est une boisson alcoolique traditionnelle japonaise.
Scientists haven't found a cure for cancer yet.,Les scientifiques ne savent pas encore soigner le cancer.
Several soldiers were injured in the offensive.,Plusieurs soldats furent blessés lors de l'offensive.
She advised him to take better care of himself.,Elle lui conseilla de prendre davantage soin de lui-même.
She advised him to take better care of himself.,Elle lui a conseillé de prendre davantage soin de lui-même.
She and I have about the same number of stamps.,Elle et moi disposons à peu près du même nombre de timbres.
She breaks a dish every time she washes dishes.,Elle casse une assiette chaque fois qu'elle fait la vaisselle.
She buys what she wants regardless of the cost.,"Elle achète ce qu'elle veut, peu importe le prix."
She buys what she wants regardless of the cost.,"Elle s'achète ce qu'elle veut, quel que soit le prix à payer."
She buys what she wants regardless of the cost.,"Elle achète ce qu'elle veut, indépendamment du prix."
She can speak not only English but also French.,Elle parle non seulement l'anglais mais aussi le français.
She combed her hair and bound it with a ribbon.,Elle se peigna les cheveux et les attacha avec un bandeau.
She combed her hair and bound it with a ribbon.,Elle peigna ses cheveux et les attacha avec un ruban.
She combed her hair and bound it with a ribbon.,Elle s'est peigné les cheveux et les a attachés avec un ruban.
She could not keep her daughter from going out.,Elle ne pouvait pas empêcher sa fille de sortir.
She couldn't attend the morning church service.,Elle ne put assister au service religieux du matin.
She couldn't attend the morning church service.,Elle n'a pas pu assister au service religieux du matin.
She couldn't convince him to buy her a new car.,Elle n'a pas pu le convaincre de lui acheter une nouvelle voiture.
She couldn't put up with his rudeness any more.,Elle ne pouvait plus supporter sa grossièreté.
She deposited a large sum of money in the bank.,Elle déposa une grosse somme d'argent à la banque.
She did not eat anything until she was rescued.,Elle n'a rien mangé avant d'être secourue.
She didn't want him to go out with other women.,Elle ne voulait pas qu'il sorte avec d'autres femmes.
She feeds her dog the same thing that she eats.,Elle nourrit son chien avec ce qu'elle mange elle-même.
She feeds her dog the same thing that she eats.,Elle donne à manger à son chien la même chose qu'elle mange.
She gave birth to a pretty baby girl last week.,Elle a accouché d’une adorable petite fille la semaine dernière.
She got married without her parents knowing it.,Elle se maria sans que ses parents ne le sachent.
She had a blue dress on at the party yesterday.,"Elle portait une robe bleue à la fête, hier."
She has a ring worth more than she can imagine.,Elle a une bague qui vaut plus que ce qu'elle peut imaginer.
She has improved her skill in cooking recently.,"Elle a amélioré son habileté à cuisiner, récemment."
She has tried various methods of slimming down.,Elle a essayé diverses méthodes pour maigrir.
She intends to participate in a beauty contest.,Elle a l'intention de prendre part à un concours de beauté.
She is not only beautiful but also intelligent.,Elle est non seulement belle mais aussi intelligente.
She is the one you should model yourself after.,Elle est celle dont tu devrais prendre modèle.
She is the one you should model yourself after.,Elle est celle dont vous devriez prendre modèle.
She is trying to prove the existence of ghosts.,Elle tente de prouver l'existence des fantômes.
She is trying to prove the existence of ghosts.,Elle tente de prouver l'existence de fantômes.
She is trying to save as much money as she can.,Elle essaie d'économiser autant qu'elle peut.
She is well known both in Japan and in America.,Elle est très connue à la fois au Japon et en Amérique.
She isn't old enough to get a driver's license.,Elle n'est pas assez grande pour obtenir son permis de conduire.
"She lost her money, her family and her friends.","Elle a perdu son argent, sa famille et ses amis."
She lost sight of her friend in the huge crowd.,Elle a perdu de vue son ami dans la foule immense.
She made it plain that she wanted to marry him.,Elle fit clairement comprendre qu'elle voulait l'épouser.
She may have been beautiful when she was young.,Peut-être a-t-elle été belle lorsqu'elle était jeune.
She refuses to abandon her career for marriage.,Elle refuse d'abandonner sa carrière pour le mariage.
She set up an association to help blind people.,Elle a fondé une association pour aider des aveugles.
She showed them how to fasten their seat belts.,Elle leur montra comment attacher leur ceinture.
She spends a lot of money when she goes abroad.,Elle dépense beaucoup d'argent quand elle va à l'étranger.
She spent a good deal of money on her vacation.,Elle dépensa une bonne partie de son argent durant ses congés.
She started kissing him as soon as he got home.,Elle se mit à l'embrasser aussitôt qu'il arriva chez eux.
She started kissing him as soon as he got home.,Elle se mit à l'embrasser aussitôt qu'il arriva chez lui.
She started kissing him as soon as he got home.,Elle s'est mise à l'embrasser aussitôt qu'il est arrivé chez eux.
She started kissing him as soon as he got home.,Elle s'est mise à l'embrasser aussitôt qu'il est arrivé chez lui.
She stayed up late to finish sewing your dress.,Elle s'est couchée tard pour finir de coudre ta robe.
She steered our efforts in the right direction.,Elle a dirigé nos efforts dans la bonne direction.
She suggested that I give it to him right away.,Elle suggéra que je le lui donne sans délai.
She suggested that I give it to him right away.,Elle a suggéré que je le lui donne sans délai.
She suggested that I should clean the bathroom.,Elle suggéra que je devrais nettoyer la salle-de-bain.
She suggested that I should clean the bathroom.,Elle a suggéré que je devrais nettoyer la salle-de-bain.
She suggested that the customer buy a blue tie.,Elle a suggéré au client d'acheter une cravate bleue.
She talked on and on about her family problems.,Elle parlait encore et encore de ses problèmes familiaux.
She thinks about him when she's feeling lonely.,Elle pense à lui lorsqu'elle se sent seule.
She was absent from school because of sickness.,Elle était absente de l'école pour cause de maladie.
She was advised by him to listen to her doctor.,Il lui conseilla d'écouter son médecin.
She was advised by him to listen to her doctor.,Il lui a conseillé d'écouter son médecin.
She was always ready to help people in trouble.,Elle était toujours prête à aider ceux dans le besoin.
She was brushing her hair in front of a mirror.,Elle se brossait les cheveux devant un miroir.
She was kind enough to carry my baggage for me.,Elle fut assez aimable pour porter mes bagages.
She was kind enough to take me to the hospital.,Elle a eu la gentillesse de m'emmener à l'hôpital.
She was ready to help him with washing the car.,Elle était prête à l'aider pour laver la voiture.
She went to rehab and straightened herself out.,Elle est allée en réhabilitation et s'en est sortie.
She went to the market to buy fresh vegetables.,Elle est allée au marché pour acheter des légumes frais.
She's curious to find out who sent the flowers.,Elle est curieuse de savoir qui a envoyé les fleurs.
She's not old enough to get a driver's license.,Elle n'est pas assez âgée pour obtenir le permis de conduire.
Sheep are bred for their fleece and their meat.,Les moutons sont élevés pour leur toison et leur viande.
Sleep is no less necessary to health than food.,Le sommeil n'est pas moins nécessaire à la santé que la nourriture.
"Some go to school by bicycle, others go by bus.","Certains vont à l'école à bicyclette, d'autres en bus."
Some guy named Tom said he was looking for you.,Un type appelé Tom a dit qu'il te cherchait.
Some people are fascinated by shiny new things.,Certaines personnes sont fascinées par les nouvelles choses étincelantes.
Some people gain weight when they stop smoking.,Certaines personnes grossissent après avoir arrêté de fumer.
Somebody must break the sad news to her mother.,Quelqu'un doit annoncer les tristes nouvelles à sa mère.
Someday she'll have to pay for what she's done.,Un jour elle devra payer pour ce qu'elle a fait.
Someone must have taken my umbrella by mistake.,Quelqu'un a dû prendre mon parapluie par inadvertance.
"Something happened here, but I don't know what.","Quelque chose s'est produit ici, mais je ne sais pas quoi."
"Something happened here, but I don't know what.","Quelque chose s'est passé ici, mais je ne sais pas quoi."
"Something happened here, but I don't know what.","Quelque chose s'est produit ici, mais j'ignore quoi."
"Something happened here, but I don't know what.","Quelque chose s'est passé ici, mais j'ignore quoi."
"Something happened here, but I don't know what.","Quelque chose a eu lieu ici, mais je ne sais pas quoi."
"Something happened here, but I don't know what.","Quelque chose a eu lieu ici, mais j'ignore quoi."
Something is wrong with the engine of this car.,Quelque chose ne va pas avec le moteur de cette voiture.
Something is wrong with the engine of this car.,Le moteur de cette voiture a un problème.
Something must have happened to him on the way.,Quelque chose a dû lui arriver en chemin.
Sometimes it's better to just not say anything.,Parfois il est préférable de juste ne rien dire du tout.
Sometimes things that happen do not make sense.,"Parfois, les choses qui arrivent n'ont pas de sens."
Sometimes things that happen do not make sense.,"Parfois, les choses qui arrivent sont dénuées de sens."
"Sooner or later, the hostages will be released.",Tôt ou tard les otages seront libérés.
"Sooner or later, the hostages will be set free.","Tôt ou tard, les otages seront libérés."
Spending time with friends on the beach is fun.,C'est amusant de passer du temps sur la plage avec des copains.
"Strange to say, no one voted for the candidate.","Aussi étrange à dire, personne ne vota pour le candidat."
Students were throwing snowballs at each other.,Les étudiants se lançaient des boules de neige.
Sumo wrestling is a traditional Japanese sport.,Le sumo est un sport traditionnel japonais.
Take a screenshot of just the highlighted text.,Regardez juste le texte surligné à l'écran.
Take this medicine and you'll feel better soon.,Prends ces médicaments et tu te sentiras mieux bientôt.
Tensions are growing between the two countries.,La tension monte entre les deux pays.
Thank you for helping me celebrate my birthday.,Merci de m'aider à fêter mon anniversaire.
Thank you for helping me correct the situation.,Merci de m'avoir aidé à corriger la situation.
That dog is exactly twice the size of this one.,Ce chien est exactement deux fois plus grand que celui-ci.
That is insane. Only a fool would believe that.,C'est insensé. Seul un idiot croirait cela.
That made the problem all the more complicated.,Le problème n'en a été que plus compliqué.
That reminds me of something I heard yesterday.,Cela me rappelle quelque chose que j'ai entendu hier.
That student raised his hand to ask a question.,Cet élève leva la main pour poser une question.
That student raised his hand to ask a question.,Cet étudiant leva la main pour poser une question.
That's pretty much everything you need to know.,C'est à peu près tout ce qu'il vous faut savoir.
That's pretty much everything you need to know.,C'est à peu près tout ce qu'il te faut savoir.
The Battle for Belleau Wood lasted three weeks.,La Bataille du bois Belleau a duré trois semaines.
The Indians were not happy with this agreement.,Les Indiens n'étaient pas satisfaits de cet accord.
The Mona Lisa was painted by Leonardo da Vinci.,Mona Lisa a été peinte par Léonard de Vinci.
The Mona Lisa was painted by Leonardo da Vinci.,La Joconde a été peinte par Léonard de Vinci.
The Red Cross distributed food to the refugees.,La Croix-Rouge distribua des vivres aux réfugiés.
The accident happened the day before yesterday.,L'accident s'est passé avant-hier.
The accident happened the day before yesterday.,L'accident s'est produit avant-hier.
The accident took place near that intersection.,L'accident a eu lieu près de ce croisement.
The actor died at the height of his popularity.,L'acteur mourut au sommet de sa popularité.
"The area of the factory is 1,000 square meters.",La superficie de l'usine est de mille mètres carrés.
The armed forces occupied the entire territory.,Les forces armées occupèrent l’entièreté du territoire.
The army is in the north to protect the border.,L'armée est dans le nord pour protéger la frontière.
The bakery is located next to the butcher shop.,La boulangerie se trouve à côté de la charcuterie.
The baseball game was put off till next Sunday.,Le match de baseball a été reporté à dimanche prochain.
The bell had already rung when I got to school.,La sonnerie avait déjà retenti lorsque j'arrivai à l'école.
The boy could not find his way out of the maze.,Le garçon ne pouvait trouver son chemin hors du labyrinthe.
The bus was empty except for one elderly woman.,"Le bus était vide, à l'exception d'une vieille dame."
The busy mother told the children to run along.,"La mère, affairée, dit aux enfants de déguerpir."
The captain gave the order to abandon the ship.,Le capitaine donna l'ordre d'abandonner le navire.
The car's antenna is built into the windshield.,L'antenne de la voiture est intégrée au pare-brise.
The cause of death seems to be a gunshot wound.,La cause de la mort semble être une blessure par balle.
The cause of his death still remains a mystery.,La cause de sa mort reste encore un mystère.
The chances are that the bill will be rejected.,La probabilité est que le projet de loi sera rejeté.
The cherry blossoms are at their best in April.,C'est en avril que les fleurs de cerisiers sont à leur zénith.
The child came aboard the plane in a good mood.,L'enfant monta dans l'avion de bonne humeur.
The coffee was so hot that I couldn't drink it.,Le café était tellement chaud que je n'ai pas pu le boire.
The construction crews worked around the clock.,Les équipes de construction ont travaillé vingt-quatre heures sur vingt-quatre.
The country's main products are cocoa and gold.,Les principaux produits du pays sont le cacao et l'or.
The coup attempt was foiled at the last moment.,La tentative de coup d'État a été déjouée au dernier moment.
"The electricity went out, but it's back on now.","Il y a eu une coupure d'électricité, mais maintenant c'est revenu."
The explorers cut their way through the forest.,Les explorateurs se ménagèrent un passage à travers la forêt.
The explosion that followed killed many people.,L'explosion qui suivit tua de nombreuses personnes.
The five of us stood in a circle holding hands.,Tous les cinq nous formâmes un cercle en nous tenant les mains.
The flood prevented me from crossing the river.,L'inondation m'empêcha de traverser la rivière.
The game was called off on account of the rain.,Le match fut annulé à cause de la pluie.
The garbage collector comes three times a week.,Les éboueurs passent trois fois par semaine.
The girl and her parents were very sympathetic.,La fille et ses parents étaient très sympathiques.
The girl was afraid to jump down from the roof.,La jeune fille avait peur de sauter du toit.
The girl was afraid to jump down from the roof.,La fille avait peur de sauter du toit.
The girl was visibly shaken after the accident.,La fille était visiblement en état de choc après l'accident.
The groom left the bride standing at the altar.,Le marié laissa la mariée devant l'autel.
The ground was covered with frost this morning.,"Le sol état couvert de givre, ce matin."
The heavy rain prevented us from going fishing.,La forte pluie nous a retenus d'aller pêcher.
The hotel was designed by a Japanese architect.,Cet hôtel a été conçu par un architecte japonais.
The hungry cat kept meowing outside the window.,Le chat affamé continua de miauler derrière la fenêtre.
The ice is not thick enough to hold our weight.,La glace n'est pas assez épaisse pour supporter notre poids.
The job of a driver is not as easy as it looks.,Le travail de chauffeur n'est pas aussi simple qu'il ne semble.
The lake can be reached in half an hour by bus.,Ce lac peut être atteint en bus en 30 minutes.
The main character dies at the end of the book.,Le personnage principal meurt à la fin du livre.
The man controlled the country for fifty years.,L'homme contrôla le pays pendant cinquante ans.
The man couldn't so much as write his own name.,Le type ne pouvait même pas écrire son propre nom.
The man reading a paper over there is my uncle.,L'homme par là-bas qui lit le journal est mon oncle.
The mandate of the president lasted five years.,Le mandat du président dure cinq ans.
The moment she was alone she opened the letter.,Elle ouvrit la lettre dès qu'elle fut toute seule.
"The more I sleep, the less I feel like working.","Plus je dors, moins j'ai envie de travailler."
The movie is now showing at a theater near you.,Le film est projeté en ce moment au cinéma près de chez toi.
The new fur coats were displayed in the window.,Les nouveaux manteaux de fourrure étaient exposés dans la vitrine.
The new students entered the hall full of hope.,"Les nouveaux élèves pénétrèrent dans la salle, pleins d'espoirs."
The new tunnel is twice as long as the old one.,Le nouveau tunnel est deux fois plus long que l'ancien.
The old man freed the little fox from the trap.,Ce vieil homme a libéré le renardeau du piège.
"The older we grow, the less innocent we become.","Plus on devient vieux, moins on devient innocent."
The only thing I want to do right now is sleep.,"La seule chose que j'aie envie de faire pour le moment, c'est dormir."
The only thing we could do was to bear with it.,La seule chose que nous pouvions faire était de le supporter.
The patient will soon recover from his illness.,Le patient va bientôt se remettre de sa maladie.
The people in the auditorium were pretty quiet.,Les gens dans l'auditorium étaient très silencieux.
The people listened to the speaker attentively.,Le peuple écouta l'orateur avec attention.
The petals floated on the surface of the water.,Les pétales flottaient sur la surface de l'eau.
The petals floated on the surface of the water.,Les pétales flottaient à la surface de l'eau.
The police say they know you had an accomplice.,Les policiers disent qu'ils savent que vous aviez un complice.
The policeman arrested him for drunken driving.,Le policier l'a arrêté pour conduite en état d'ivresse.
The policeman captured the man who was running.,Le policier captura l'homme qui courrait.
The poor girl made a living by selling flowers.,La pauvre fille gagnait sa vie en vendant des fleurs.
The population of this city is on the increase.,La population de cette ville croît.
The price of vegetables varies from day to day.,Le prix des légumes varie au jour le jour.
The rain didn't stop them from doing their job.,La pluie ne les a pas empêchés de faire leur travail.
The reason which he gave is hard to understand.,La raison qu'il donna est difficile à comprendre.
The reason which he gave is hard to understand.,La raison qu'il a donnée est difficile à comprendre.
The recent advances in medicine are remarkable.,Les récentes avancées de la médecine sont remarquables.
The robber aimed his gun at the police officer.,Le voleur a braqué son arme à feu sur l'officier de police.
The robber ran away when the policeman saw him.,Le voleur s'enfuit quand le policier le vit.
The room smelled like someone had been smoking.,La pièce sentait comme si quelqu'un avait fumé.
The sentence is free from grammatical mistakes.,La phrase ne contient pas de faute de grammaire.
The skyscraper was built on a solid foundation.,Le gratte-ciel a été érigé sur de solides fondations.
"The sooner you start, the sooner you'll finish.","Sitôt commencé, sitôt fini."
The space race was an exciting time in history.,La course spatiale fut une période excitante de l'histoire.
The stadium was packed with excited spectators.,Le stade était bondé de spectateurs enthousiastes.
The station is located between these two towns.,La gare est située entre ces deux villes.
The station is three kilometers away from here.,La station est à trois kilomètres d'ici.
The statistics gave ammunition to her argument.,Les statistiques fournirent de l'eau à son moulin.
The sudden death of his brother surprised them.,La mort soudaine de son frère les a surpris.
The sun rises in the east and sets in the west.,Le soleil se lève à l’est et se couche à l’ouest.
The teacher told them not to swim in the river.,L'instituteur leur dit de ne pas nager dans la rivière.
The teacher told them not to swim in the river.,L'institutrice leur dit de ne pas nager dans la rivière.
The terrible scene sent shivers down his spine.,L'horrible scène provoqua des frissons le long de sa colonne vertébrale.
The three boys had only two dollars among them.,Les trois garçons disposaient entre eux de seulement deux dollars.
The title of the document needs to be centered.,Le titre de ce document doit être centré.
The train left before I arrived at the station.,Le train est parti avant que j'arrive à la gare.
The train station will be closed from tomorrow.,La gare sera fermée à partir de demain.
The trouble with you is that you talk too much.,"Le problème avec toi, c'est que tu parles trop."
The trouble with you is that you talk too much.,"Le problème avec vous, c'est que vous parlez trop."
The two girls wore the same dress to the dance.,Les deux filles portaient la même robe au bal.
The ugly duckling turned into a beautiful swan.,L'affreux petit canard se changea en un superbe cygne.
The workers came to ask about their pay raises.,Les ouvriers sont venus s'enquérir de leurs augmentations de salaires.
There are a great many forest fires in America.,Il y a un grand nombre d'incendies de forêts en Amérique.
There are grammar mistakes in this composition.,Il y a des fautes de grammaire dans cette composition.
There are many interesting people in the world.,"Il y a beaucoup de gens intéressants, dans le monde."
There are no food stores in the immediate area.,Il n'y a pas de magasin d'alimentation à proximité immédiate.
There aren't that many synagogues in this city.,Il n'y a pas tant de synagogues dans cette ville.
There aren't the shoes that I bought last week.,Il n'y a pas les chaussures que j'ai achetées la semaine dernière.
There is a bench in front of the train station.,Il y a un banc devant la gare.
There is a lot of pressure on women to be thin.,Il y a beaucoup de pression sur les femmes pour qu'elles soient minces.
There is a nice park in the center of the town.,Il y a un chouette parc au centre de la ville.
There is a police car parked outside our house.,Il y a une voiture de police garée devant notre maison.
There is an urgent need for affordable housing.,Il y a un besoin urgent de logement abordable.
There is an urgent need for experienced pilots.,Il y a un besoin urgent de pilotes expérimentés.
There is an urgent need for qualified teachers.,Il y a un besoin urgent d'enseignants qualifiés.
There is no denying that she is very efficient.,On ne peut nier qu'elle est très efficace.
There must be some misunderstanding between us.,Il doit y avoir un malentendu entre nous.
There seems to be no possibility of compromise.,"Apparemment, aucun compromis n'est envisageable."
There was a drop in temperature after the rain.,"Après la pluie, la température chuta."
There was a large audience in the concert hall.,Il y avait beaucoup de public dans l'auditorium.
There was a large harvest of peaches last year.,La récolte de pêches de l'année dernière était abondante.
There was a time when reptiles ruled the world.,Il fut un temps où les reptiles régnaient sur le monde.
There was absolutely no furniture in that room.,Il n'y avait absolument aucun mobilier dans la pièce.
There was nothing but an old chair in the room.,"Il n'y avait rien dans la chambre, excepté une vieille chaise."
There were a lot of empty seats the day I went.,Il y avait beaucoup de places vides le jour où j'y suis allé.
There were more spectators than I had expected.,Il y a eu plus de spectateurs que ce que j'avais prévu.
There were six people at the concert last week.,Il y avait six personnes au concert de la semaine dernière.
There's a good view of Mt. Akagi from upstairs.,Il y a une belle vue du Mont Akagi à l'étage.
There's no guarantee that the stock will go up.,Il n'y aucune garantie que l'action va monter.
There's no guarantee that the stock will go up.,Il n'y a aucune garantie que l'action va grimper.
There's something important I need to tell you.,Il y a quelque chose d'important que je dois te dire.
There's something important I need to tell you.,Il y a quelque chose d'important que je dois vous dire.
These days few people suffer from tuberculosis.,"De nos jours, peu de gens souffrent de tuberculose."
These documents were printed on recycled paper.,Ces documents ont été imprimés sur du papier recyclé.
These grapes are so sour that I can't eat them.,Les raisins sont tellement surs que je ne peux les manger.
They advertised that they had a house for sale.,Ils annoncèrent qu'ils avaient une maison à vendre.
They advertised that they had a house for sale.,Elles annoncèrent qu'elles avaient une maison à vendre.
They are going to get married in the town hall.,Ils vont se marier dans l'hôtel de ville.
They are no more alike than a cow and a canary.,Ils ne sont pas plus semblables qu'une vache à un canari.
They entered into a discussion about the issue.,Ils ont commencé un débat concernant le problème.
They gathered at the coffee shop for a meeting.,Ils se sont rassemblés à la cafétéria pour une réunion.
They have practiced this custom for many years.,Ils pratiquent cette coutume depuis des années.
They saw us as they were getting off the train.,Ils nous virent alors qu'ils étaient en train de descendre du train.
They saw us as they were getting off the train.,Elles nous ont vus alors qu'elles étaient en train de descendre du train.
They saw us as they were getting off the train.,Ils nous ont vues alors qu'ils étaient en train de descendre du train.
They say that you never forget your first love.,On dit qu'on oublie jamais son premier amour.
They sell various kinds of goods at that store.,Ils vendent différentes sortes d'articles dans ce magasin.
They shouldn't let children swim in that river.,Ils ne devraient pas laisser les enfants nager dans cette rivière.
They took a sample of my blood at the hospital.,Ils m'ont pris un échantillon de sang à l'hôpital.
They were disappointed that you could not come.,Ils étaient déçus que tu n'aies pas pu venir.
They were in the right place at the right time.,Ils se trouvaient au bon endroit au bon moment.
They were in the right place at the right time.,Elles se trouvaient au bon endroit au bon moment.
They were listening to the lecture attentively.,Ils écoutaient l'exposé avec attention.
They were stuck in the elevator for four hours.,Ils sont restés coincés dans l'ascenseur pendant quatre heures.
They were stuck in the elevator for four hours.,Elles sont restées coincées dans l'ascenseur pendant quatre heures.
They're not going to be able to find the hotel.,Ils ne vont pas pouvoir trouver l'hôtel.
This book is so difficult that I can't read it.,Ce livre est si difficile que je ne peux pas le lire.
"This is my first time, so I'm a little nervous.",C'est ma première fois alors je suis un peu nerveux.
"This is my first time, so I'm a little nervous.",C'est ma première fois alors je suis un peu nerveuse.
This is one of the best schools in the country.,C'est l'une des meilleures écoles de ce pays.
This is the largest temple that I've ever seen.,C'est le plus grand temple que j'ai jamais vu.
This is the reason why I didn't come yesterday.,C'est la raison pour laquelle je ne suis pas venue hier.
This is the reason why I didn't come yesterday.,C'est la raison pour laquelle je ne suis pas venu hier.
This is the village where I spent my childhood.,C'est le village où j'ai passé mon enfance.
This is the window which was broken by the boy.,C'est la fenêtre qui a été cassée par le jeune garçon.
This is the window which was broken by the boy.,Voici la fenêtre que le jeune garçon a brisée.
This letter says that he will arrive on Monday.,Cette lettre dit qu'il arrivera lundi prochain.
This mall is so big that I can't find the exit.,Ce centre commercial est tellement grand que je n'arrive pas à en trouver la sortie.
This morning I missed the train I usually take.,Ce matin j'ai raté le train que je prends d'habitude.
This one has a lot of advantages over that one.,Celui-ci est bien avantagé par rapport à celui-là.
This science-fiction novel is very interesting.,Ce roman de science-fiction est très intéressant.
This side of the house catches the morning sun.,Cette façade de la maison est exposée au soleil le matin.
This song reminds me of someone I used to know.,Cette chanson me rappelle quelqu'un que je connaissais.
This telephone is connected to the fax machine.,Ce téléphone est relié au fax.
This train will get you there in half the time.,Ce train vous y emmènera en moitié moins de temps.
"This year, Valentine's Day falls on a Thursday.","Cette année, la Saint-Valentin tombe un jeudi."
Thousands of foreigners visit Japan every year.,Des milliers d'étrangers visitent le Japon chaque année.
Thousands of satellites orbit around the earth.,Des milliers de satellites orbitent autour de la Terre.
"To tell the truth, I'm tired of violent movies.","Pour dire la vérité, j'en ai assez de voir des films violents."
Tom advised Mary not to stay out late at night.,Tom conseilla à Mary de ne pas rester dehors tard la nuit.
Tom already owns more cars than he'll ever use.,Tom a déjà plus de voitures qu'il ne va jamais en utiliser.
Tom always tries to do what he thinks is right.,Tom essaye toujours de faire ce qu'il pense juste.
Tom always tries to do what he thinks is right.,Tom essaye toujours de faire ce qu'il pense être juste.
Tom and I are going to Boston for a conference.,Tom et moi allons à Boston pour une conférence.
Tom and I aren't friends. We're just coworkers.,Tom et moi ne sommes pas amis. Nous ne sommes que collègues.
Tom and Mary are on good terms with each other.,Tom et Mary sont en bons termes.
Tom and Mary are planning a picnic at the lake.,Tom et Mary préparent un pic-nique au bord du lac.
Tom and Mary both complained about the weather.,Tom et Mary se sont tous deux plaints du temps qu'il faisait.
Tom and Mary don't like the same kind of music.,Tom et Marie n'aiment pas le même genre de musique.
Tom and Mary left Boston at the end of October.,Tom et Mary quittèrent Boston à la fin d'octobre.
Tom and Mary looked at each other for a moment.,Tom et Mary se regardèrent pendant un moment.
Tom and Mary looked at each other for a moment.,Tom et Mary se sont regardés un moment.
Tom asked Mary to show him some of her artwork.,Tom a demandé à Mary de lui montrer quelques unes de ses œuvres.
Tom asked Mary why she was buying so much food.,Tom a demandé à Mary pourquoi elle achetait autant de nourriture.
Tom came on Monday and went back the day after.,Tom vint le lundi et repartit le jour suivant.
Tom certainly had an interesting story to tell.,Tom avait certainement une histoire intéressante à raconter.
Tom closed his eyes and pretended to be asleep.,Tom ferma les yeux et fit semblant de dormir.
Tom couldn't borrow as much money as he needed.,Tom n'a pas pu emprunter autant d'argent qu'il le fallait.
Tom didn't have enough money to go home by bus.,Tom n'a pas eu assez d'argent pour rentrer à la maison en bus.
Tom didn't help Mary as much as he should have.,Tom n'a pas aidé Marie autant qu'il aurait dû.
Tom didn't know who Mary was planning to marry.,Tom ne savait pas avec qui Marie envisageait de se marier.
Tom didn't trust anyone and no one trusted Tom.,Tom ne faisait confiance à personne et personne ne faisait confiance à Tom.
Tom doesn't have a date for the Saturday night.,Tom n'a aucun rendez-vous amoureux pour samedi soir.
Tom doesn't have what it takes to be a teacher.,Tom n’a pas l’étoffe d’un professeur.
Tom doesn't have what it takes to be a teacher.,Tom n’a pas l’étoffe d’un enseignant.
Tom doesn't know where Mary buys her groceries.,Tom ne sait pas où Mary achète ses épiceries.
Tom doesn't know whether to turn left or right.,Tom ne sait pas s'il faut tourner à gauche ou à droite.
Tom doesn't really want to go swimming with us.,Tom ne veut pas vraiment aller nager avec nous.
Tom doesn't want to deal with this problem now.,Tom ne veut pas s'occuper de ce problème maintenant.
Tom forgot to tell Mary what needed to be done.,Tom a oublié de dire à Mary ce qu'il y avait à faire.
Tom forgot to tell Mary what needed to be done.,Tom oublia de dire à Mary ce qu'il y avait à faire.
Tom gave them a general idea of what he wanted.,Tom donna une idée générale de ce qu'il voulait.
Tom gets angry when he doesn't get his own way.,Tom se met en colère quand tout ne se passe pas comme il veut.
Tom graduated from high school three years ago.,Tom a terminé ses études secondaires il y a trois ans.
Tom had to do it even though he didn't want to.,Tom a dû le faire même s'il ne le voulait pas.
Tom has been absent from school for three days.,Tom a été absent de l'école pendant trois jours.
Tom has been dating Mary for about three years.,Tom sort avec Mary depuis environ trois ans.
Tom has been told several times not to do that.,Tom a été prié plusieurs fois de ne pas faire ça.
Tom has enough money to buy the house he wants.,Tom a assez d'argent pour acheter la maison qu'il veut.
Tom has just finished writing a letter to Mary.,Tom vient de finir d'écrire une lettre pour Mary.
Tom has never lived anywhere other than Boston.,Tom n'a jamais vécu ailleurs qu'à Boston.
Tom hasn't eaten anything in the past 36 hours.,Tom n'a rien mangé au cours des trente-six dernières heures.
Tom hasn't had anything to eat since breakfast.,Tom n'avait rien mangé depuis le petit déjeuner.
Tom immigrated to Australia when he was thirty.,Tom a immigré en Australie lorsqu'il avait trente ans.
Tom is going to stay there as long as possible.,Tom restera là aussi longtemps que possible.
Tom is going to stay there as long as possible.,Tom restera là le plus longtemps possible.
Tom is not as smart as he likes to think he is.,Tom n'est pas aussi intelligent qu'il aime le croire.
"Tom is sitting on the sofa, reading a magazine.","Tom lit un magazine, assis sur le canapé."
Tom is someone I really enjoy hanging out with.,Tom est quelqu'un avec qui j'aime vraiment traîner.
Tom is the one who knows what needs to be done.,Tom est celui qui sait ce qui doit être fait.
Tom isn't as good at French as he thinks he is.,Tom n'est pas aussi bon en français qu'il croit l'être.
Tom just told his wife that he was leaving her.,Tom vient de dire à sa femme qu'il la quittait.
Tom knew Mary's husband before she got married.,Tom connaissait le mari de Marie avant qu'elle ne se marie.
Tom learned how to swim when he was very young.,Tom a appris à nager quand il était très jeune.
Tom looked very tired when I saw him yesterday.,Tom avait l'air très fatigué quand je l'ai vu hier.
Tom may come and visit me any time he wants to.,Tom peut venir me rendre visite quand il le souhaite.
Tom owes Mary slightly over a thousand dollars.,Tom doit à Marie un peu plus de mille dollars.
Tom patted me on the back and congratulated me.,Tom m'a fait une tape dans le dos et m'a félicité.
Tom patted me on the back and congratulated me.,Tom m'a fait une tape dans le dos et m'a félicitée.
Tom persuaded Mary to go to the party with him.,Tom a convaincu Marie d'aller à la fête avec lui.
Tom put all his belongings in a small suitcase.,Tom mit tous ses biens dans une petite valise.
Tom sat alone with a half-empty bottle of wine.,Tom s'assit seul avec une bouteille de vin à moitié vide.
Tom sat alone with a half-empty bottle of wine.,Tom s'est assis seul avec une bouteille de vin à moitié vide.
Tom says that he's never tried eating dog food.,Tom dit qu'il n'a jamais essayé de manger de la nourriture pour chien.
Tom should never have borrowed money from Mary.,Tom n'aurait jamais dû emprunter de l'argent à Mary.
Tom spent his birthday in solitary confinement.,Tom a passé son anniversaire en isolement.
Tom stayed with us for three weeks last summer.,Tom est resté avec nous pendant trois semaines l'été dernier.
Tom still doesn't know who's going to be there.,Tom ne sait toujours pas qui sera là.
Tom still hasn't found what he was looking for.,Tom n'a toujours pas trouvé ce qu'il cherchait.
Tom told Mary that their relationship was over.,Tom a dit à Mary que leur relation était terminée.
Tom told me I was the one he wanted to talk to.,Tom m'a dit que j'étais celui à qui il voulait parler.
Tom told me I was the one he wanted to talk to.,Tom me dit que j'étais celui à qui il voulait parler.
Tom told me I was the one he wanted to talk to.,Tom m'a dit que j'étais celle à qui il voulait parler.
Tom told me I was the one he wanted to talk to.,Tom me dit que j'étais celle à qui il voulait parler.
Tom took out some coins and handed one to Mary.,Tom sortit quelques pièces et en tendit une à Mary.
Tom tried to convince Mary to dye her hair red.,Tom a essayé de convaincre Mary de teindre ses cheveux en rouge.
Tom wanted Mary to wait for him at the library.,Tom voulait que Mary l'attende à la bibliothèque.
Tom wants his father buried next to his mother.,Tom veut que son père soit enterré à côté de sa mère.
Tom was afraid that Mary might change her mind.,Tom craigna que Mary ne change d'avis.
Tom went to school to learn how to tune pianos.,Tom est allé dans une école pour apprendre l'accordage de piano.
Tom will be absent today because he has a cold.,Tom sera absent aujourd'hui car il a un rhume.
Tom won't let Mary do anything she wants to do.,Tom ne laissera pas Mary faire tout ce qu'elle a envie de faire.
Tom won't let Mary do anything she wants to do.,Tom ne laissera Mary rien faire de ce dont elle a envie.
Tom's bitten his nails right down to the quick.,Tom s'est rongé les ongles jusqu'au sang.
Tom's goal is to own a home before he's thirty.,L'objectif de Tom est de posséder un logement avant d'avoir trente ans.
"Tom, I'm in trouble. I need you to come get me.","Tom, je suis dans le pétrin. Je veux que tu viennes me chercher."
Trying to convince Tom will be a waste of time.,Essayer de convaincre Tom sera une perte de temps.
"Unless you stop fighting, I'll call the police.","À moins que vous n'arrêtiez de vous battre, je vais appeler la police."
We almost always speak to each other in French.,"Presque toujours, nous nous parlons l'une à l'autre en français."
We are giving a farewell party for him tonight.,Nous lui donnons une fête d'adieu ce soir.
We are going to have a party on Saturday night.,Nous allons faire une fête samedi soir.
We are having a serious talk about your future.,Nous avons une sérieuse conversation à propos de ton avenir.
We are not too young to tell what love is like.,Nous ne sommes pas trop jeunes pour dire à quoi l'amour ressemble.
We can't have all those people over for dinner.,Nous ne pouvons pas recevoir tous ces gens à dîner.
We could go out together like we did last year.,Nous pourrions sortir ensemble comme nous l'avons fait l'année passée.
We could really use another person around here.,Une personne de plus ne serait pas de refus.
We debated on the question of world population.,Nous avons débattu de la question de la population mondiale.
We did not move for fear we should wake him up.,Nous n'osions bouger de peur de le réveiller.
We estimate the damage at one thousand dollars.,Nous estimons le dommage à mille dollars.
We estimate the damage at one thousand dollars.,Nous estimons les dégâts à mille dollars.
"We had no customers, so we shut the shop early.","Nous n'avions pas de clients, alors nous avons fermé tôt la boutique."
"We had no customers, so we shut the shop early.","Nous n'avions pas de clients, alors nous avons fermé tôt le magasin."
We have a lot of snow at this time of the year.,Nous avons beaucoup de neige à cette époque de l'année.
We have left undone what we ought to have done.,Nous avons laissé inachevé ce que nous aurions dû faire.
"We have lost a battle, but we will win the war.","Nous avons perdu une bataille, mais nous gagnerons la guerre."
We have no one but ourselves to blame for that.,Nous ne pouvons que nous blâmer nous-mêmes pour cela.
We have nothing to lose and everything to gain.,Nous n'avons rien à perdre et tout à gagner.
We have to figure out a way to make some money.,Nous devons trouver un moyen de faire un peu d'argent.
We have to make sure we have enough volunteers.,Nous devons nous assurer que nous avons assez de bénévoles.
"We have two dogs, three cats, and six chickens.","Nous avons deux chiens, trois chats et six poulets."
We learned why the French Revolution broke out.,On a appris pourquoi la révolution française a éclaté.
We lost no time in sending him to the hospital.,Nous n'avons pas perdu de temps en l'envoyant à l'hôpital.
We observed this plant closely for a few weeks.,Nous avons observé cette plante de près pendant quelques semaines.
We observed this plant closely for a few weeks.,Nous avons observé cette plante attentivement pendant quelques semaines.
We observed this plant closely for a few weeks.,Nous avons observé cette usine attentivement pendant quelques semaines.
We observed this plant closely for a few weeks.,Nous avons observé ce site industriel attentivement pendant quelques semaines.
We often have barbecue parties in our backyard.,On fait souvent des barbecues dans notre jardin.
We often watch TV while we're eating breakfast.,On regarde souvent la télé pendant le petit-déjeuner.
We often watch TV while we're eating breakfast.,Nous regardons souvent la télévision pendant que nous mangeons le petit-déjeuner.
We picked apples so we could make an apple pie.,Nous cueillîmes des pommes de manière à confectionner une tarte.
We picked apples so we could make an apple pie.,Nous avons cueilli des pommes de manière à confectionner une tarte.
We probably won't have to go to Boston anymore.,Nous n'aurons probablement plus besoin d'aller à Boston.
We promised to stand by him in case of trouble.,Nous avons promis de le soutenir en cas de problèmes.
We saw paramedics treating the gunshot victims.,Nous vîmes des auxiliaires médicaux en train de traiter les victimes de la fusillade.
We saw paramedics treating the gunshot victims.,Nous avons vu des auxiliaires médicaux en train de traiter les victimes de la fusillade.
We saw what looked like an oasis in the desert.,Nous vîmes quelque chose qui semblait comme une oasis dans le désert.
We should not despise a man because he is poor.,Nous ne devrions pas mépriser un homme parce qu'il est pauvre.
We should've phoned ahead and reserved a table.,On aurait dû téléphoner avant et réserver une table.
We should've phoned ahead and reserved a table.,Nous aurions dû téléphoner à l'avance et réserver une table.
We shouldn't have left Tom alone in the garage.,Nous n'aurions pas dû laisser Tom tout seul dans le garage.
We took refuge from the storm in a nearby barn.,Nous nous sommes réfugiés de la tempête dans une grange à proximité.
We treated him in the politest manner possible.,Nous l'avons traité de la façon la plus polie possible.
We want to know why you weren't here yesterday.,Nous voulons savoir pourquoi vous n'étiez pas ici hier.
We were able to see the sunset from our window.,Nous pouvions voir le coucher de soleil par la fenêtre.
We wish him all success in his future endeavor.,Nous lui souhaitons tout le succès dans sa future entreprise.
We wish him all success in his future endeavor.,Nous lui souhaitons un plein succès dans sa future entreprise.
We won't be able to evade punishment this time.,Nous ne pourrons pas échapper à la sanction cette fois-ci.
We would like to reserve a table for 6 o'clock.,Nous aimerions réserver une table pour 6 heures.
We'd better go inside before it begins to rain.,On ferait mieux d'aller à l'intérieur avant qu'il ne commence à pleuvoir.
We'll dine together and then go to the theater.,Nous allons dîner ensemble puis aller au théâtre.
We'll get them to talk no matter what it takes.,"Nous les ferons parler, coûte que coûte."
We'll have lived here for two years next April.,Cela fera deux ans que nous vivons ici avril prochain.
We'll read this book until the end of the year.,Nous lirons cet ouvrage jusqu'à la fin de l'année.
We'll see what the judge has to say about that.,Nous verrons ce que le juge a à dire à ce sujet.
We're dealing with major problems in this city.,Nous avons de gros problèmes dans cette ville.
We're dealing with major problems in this city.,Nous faisons face à des problèmes majeurs dans cette ville.
We're doing everything we can to find your son.,Nous faisons tout ce que nous pouvons pour retrouver votre fils.
We're doing everything we can to find your son.,Nous faisons tout notre possible pour retrouver votre fils.
We're getting out of here. The cops are coming.,"On s'tire d'ici, les flics arrivent."
We're getting out of here. The storm is coming.,Nous sortons d'ici. La tempête approche.
We're in the process of writing the report now.,Nous sommes en train de rédiger le rapport.
We're investigating the deaths of Tom and Mary.,Nous enquêtons sur les décès de Tom et Marie.
We're looking for someone who can speak French.,Nous sommes à la recherche de quelqu'un qui sache parler français.
We're trying to have a serious discussion here.,"Nous essayons d'avoir une conversation sérieuse, là."
We've been doing that for the last three years.,Nous faisons ça depuis trois ans.
We've been working on this problem all weekend.,Nous avons travaillé sur ce problème tout le week-end.
We've now been together for nearly three years.,Cela fait presque trois ans que nous sommes ensemble.
What am I supposed to do with what you gave me?,Que suis-je censé faire avec ce que tu m'as donné ?
What are you planning to do after this is over?,Que prévois-tu de faire après que tout cela sera fini ?
What do you consider your greatest achievement?,Que considères-tu comme ta plus grande réussite ?
What do you think might be causing the problem?,Que pensez-vous pourrait être la cause du problème?
What does your son want to be when he grows up?,Que veut faire ton fils quand il sera grand ?
What foreign countries would you like to visit?,Quels pays étrangers aimerais-tu visiter ?
What foreign countries would you like to visit?,Quels pays étrangers aimeriez-vous visiter ?
What is the best advice you've ever been given?,Quel est le meilleur conseil qu'on t'ait jamais donné ?
What made you change your mind all of a sudden?,Qu'est-ce qui vous a fait changer d'avis tout à coup ?
What made you change your mind all of a sudden?,Qu'est-ce qui t'a fait changer d'avis tout à coup ?
What makes you think I don't like your friends?,Qu'est-ce qui te fait penser que je n'aime pas tes amis ?
What time was it when you entered the building?,Quelle heure était-il quand vous êtes entrés dans le bâtiment ?
What were you doing when I called this morning?,Que faisais-tu quand j'ai appelé ce matin ?
What would Tom do if he ever learned the truth?,Que ferais Tom si jamais il apprenait la vérité.
What would you do if you had a billion dollars?,Que ferais-tu si tu avais un milliard de dollars ?
What would you do if you had a billion dollars?,Que feriez-vous si vous aviez un milliard de dollars ?
What would you do if you had a million dollars?,"Que ferais-tu, si tu avais un million de dollars ?"
What's made you decide to work for our company?,Qu'est-ce qui vous a décidé à travailler pour notre société ?
What's wrong with being nude in your own house?,Qu'y a-t-il de mal à être nu chez soi ?
What's your favorite free software application?,Quel est ton logiciel libre préféré ?
"When I get through with my work, I'll call you.",Je t'appellerai dès que j'en aurai fini avec mon travail.
"When I got home, I had a nice, ice-cold shower.","Lorsque je suis rentré chez moi, j'ai pris une bonne douche glacée."
"When I got home, I had a nice, ice-cold shower.","Lorsque je suis rentrée chez moi, j'ai pris une bonne douche glacée."
"When I saw her recently, she looked very happy.","Lorsque je la vis récemment, elle avait l'air très heureuse."
"When I was a child, I was always drinking milk.","Lorsque j'étais enfant, je buvais toujours du lait."
When did America become independent of England?,Depuis quand les États-Unis sont-ils indépendants de l'Angleterre ?
"When he finished speaking, everyone was silent.","Lorsqu'il acheva de parler, tout le monde était silencieux."
"When he finished speaking, there was a silence.","Quand il a fini de parler, il y a eu un silence."
"When she heard the news, she broke down crying.","Quand elle a entendu la nouvelle, elle a éclaté en sanglots."
"When she heard the news, she broke down crying.","Lorsqu'elle entendit la nouvelle, elle éclata en sanglots."
"When the bomb exploded, I happened to be there.","Quand la bombe explosa, je me trouvais justement là."
"When we arrived, the lecture had already begun.","Quand nous sommes arrivés, le cours avait déjà commencé."
"When your husband finds out, he won't be happy.","Lorsque ton mari le découvrira, il ne sera pas content."
"When your husband finds out, he won't be happy.","Lorsque votre mari le découvrira, il ne sera pas content."
Where is the most beautiful place in the world?,Où se trouve l'endroit le plus beau au monde ?
"Where were you when your wife disappeared, Tom?","Où étais-tu quand ta femme a disparu, Tom ?"
"Where were you when your wife disappeared, Tom?","Où étiez-vous quand votre femme a disparu, Tom ?"
"Whether we like it or not, we have to go there.","Bon gré mal gré, nous devons y aller."
"While in London, he visited the British Museum.","Pendant qu'il séjournait à Londres, il visita le British Museum."
Who can predict what will happen in the future?,Qui peut prédire ce qu'il se produira dans le futur ?
Who is the woman whose picture is on your desk?,Qui est la femme dont la photo se trouve sur ton bureau ?
"Whoever is at the door, please ask him to wait.","Quel que soit celui qui est à la porte, demande lui d'attendre."
Why don't you start by telling us how you feel?,Pourquoi ne commencez-vous pas par nous dire ce que vous ressentez ?
Why don't you start by telling us how you feel?,Pourquoi ne commences-tu pas par nous dire ce que tu ressens ?
Why don't you start by telling us what you saw?,Pourquoi ne commencez-vous pas par nous dire ce que vous avez vu ?
Why don't you start by telling us what you saw?,Pourquoi ne commences-tu pas par nous dire ce que tu as vu ?
Why don't you stay and drink some wine with us?,Pourquoi ne restez-vous pas boire du vin avec nous ?
Why don't you stay and drink some wine with us?,Pourquoi ne restes-tu pas boire du vin avec nous ?
Why don't you stop worrying and get some sleep?,Et si tu arrêtais de te faire du souci et que tu prenais du repos ?
Why don't you stop worrying and get some sleep?,Et si vous arrêtiez de vous faire du souci et que vous preniez du repos ?
Why don't you tell me what happened last night?,Pourquoi ne me dis-tu pas ce qui s'est passé hier soir ?
Why don't you tell me what happened last night?,Pourquoi ne me dis-tu pas ce qui s'est passé hier au soir ?
Why don't you tell me what happened last night?,Pourquoi ne me dis-tu pas ce qui s'est passé la nuit dernière ?
Why don't you tell me what happened last night?,Pourquoi ne me dites-vous pas ce qui s'est passé hier soir ?
Why don't you tell me what happened last night?,Pourquoi ne me dites-vous pas ce qui s'est produit hier soir ?
Why wouldn't you let me tell you what happened?,Pourquoi ne me laissez-vous pas vous dire ce qui est arrivé ?
Why wouldn't you let me tell you what happened?,Pourquoi ne me laissez-vous pas vous conter ce qui est arrivé ?
Why wouldn't you let me tell you what happened?,Pourquoi ne me laisses-tu pas te dire ce qui est arrivé ?
Why wouldn't you let me tell you what happened?,Pourquoi ne me laisses-tu pas te conter ce qui est arrivé ?
Why wouldn't you let me tell you what happened?,Pourquoi ne me laisses-tu pas te dire ce qui s'est passé ?
Why wouldn't you let me tell you what happened?,Pourquoi ne me laissez-vous pas vous dire ce qui s'est passé ?
"With a little more patience, you could succeed.","Avec un peu plus de patience, tu pourrais réussir."
Women aren't exactly throwing themselves at me.,Les femmes ne se jettent pas vraiment à mon cou.
Women feel that men are often very complicated.,Les femmes trouvent que les hommes sont souvent très compliqués.
Would you be willing to show me how to do that?,Serais-tu disposé à me montrer comment faire ça ?
Would you be willing to show me how to do that?,Serais-tu disposée à me montrer comment le faire ?
Would you be willing to show me how to do that?,Seriez-vous disposé à me montrer comment faire ça ?
Would you be willing to show me how to do that?,Seriez-vous disposée à me montrer comment faire ça ?
Would you be willing to show me how to do that?,Seriez-vous disposés à me montrer comment faire ça ?
Would you be willing to show me how to do that?,Seriez-vous disposées à me montrer comment faire ça ?
Would you like to go to the zoo this afternoon?,Est-ce que tu voudrais aller au zoo cet après-midi ?
Would you mind if I drank the rest of the milk?,Verrais-tu un inconvénient à ce que je boive le reste du lait ?
Would you mind if I drank the rest of the milk?,Verriez-vous un inconvénient à ce que je boive le reste du lait ?
"You alone can do it, but you can't do it alone.","Toi seul peux le faire, mais tu ne peux le faire seul."
"You alone can do it, but you can't do it alone.","Vous seul pouvez le faire, mais vous ne pouvez le faire seul."
"You alone can do it, but you can't do it alone.","Toi seule peux le faire, mais tu ne peux le faire seule."
"You alone can do it, but you can't do it alone.","Vous seule pouvez le faire, mais vous ne pouvez le faire seule."
"You alone can do it, but you can't do it alone.","Vous seuls pouvez le faire, mais vous ne pouvez le faire seuls."
"You alone can do it, but you can't do it alone.","Vous seules pouvez le faire, mais vous ne pouvez le faire seules."
You are the last person I expected to see here.,Tu es la dernière personne que je m'attendais à voir ici.
You attach too much importance to what he says.,Tu attaches trop d'importance à ce qu'il dit.
You can see the whole park from the restaurant.,On peut voir l'intégralité du parc depuis le restaurant.
You can't have a rainbow without a little rain.,On ne peut avoir d'arc-en-ciel sans un peu de pluie.
You didn't seem to enjoy the concert very much.,Vous ne semblez pas avoir très apprécié le concert.
You didn't seem to enjoy the concert very much.,Tu ne sembles pas beaucoup avoir apprécié le concert.
You don't know Tom as well as you think you do.,Tu ne connais pas Tom aussi bien que tu ne le penses.
You don't know Tom as well as you think you do.,Vous ne connaissez pas Tom aussi bien que vous ne le pensez.
"You don't really expect me to tell you, do you?","Tu n'espères pas vraiment que je te le dise, si ?"
"You don't really expect me to tell you, do you?","Vous n'espérez pas vraiment que je vous le dise, si ?"
You had better not use those four-letter words.,Vous feriez mieux de ne pas utiliser ces mots de quatre lettres.
You had better not use those four-letter words.,Tu ferais mieux de ne pas utiliser ces mots de quatre lettres.
You had better take an umbrella with you today.,Tu ferais mieux de prendre un parapluie avec toi aujourd'hui!
You have to be here at 2:30 tomorrow afternoon.,Tu dois être ici à 14 h 30 demain après-midi.
You have to be here at 2:30 tomorrow afternoon.,Vous devez être ici à 14 h 30 demain après-midi.
You have to do that whether you like it or not.,Tu dois le faire que tu le veuilles ou non.
You have to do that whether you like it or not.,Vous devez le faire que vous le vouliez ou non.
You have to do this whether you like it or not.,"Vous devez le faire, que vous aimiez ça ou pas."
You have to do this whether you like it or not.,"Tu dois le faire, que tu aimes ça ou pas."
You have to wear a helmet to protect your head.,Tu dois porter un casque pour te protéger la tête.
"You haven't been a teacher very long, have you?","Ça ne fait pas longtemps que tu es enseignant, pas vrai ?"
You know where to find me if you need anything.,Tu sais où me trouver si tu as besoin de quoi que ce soit.
You know where to find me if you need anything.,Vous savez où me trouver si vous avez besoin de quoi que ce soit.
You might be the only one here who can do that.,Tu pourrais être le seul ici à pouvoir faire ça.
You must be careful when talking to a European.,Tu dois faire attention lorsque tu parles à un Européen.
You must exercise more care in writing English.,"Vous devez faire preuve de davantage de soin, lorsque vous écrivez en anglais."
You must exercise more care in writing English.,"Tu dois faire preuve de davantage de soin, lorsque tu écris en anglais."
You must not get off the train before it stops.,Vous ne devez pas descendre du train avant son arrêt.
You ought to ask for your teacher's permission.,Tu dois demander la permission à ton professeur.
You say you don't want to get your hands dirty.,Tu dis que tu ne veux pas te salir les mains.
You should allow an hour to get to the airport.,Tu devrais prévoir une heure pour atteindre l'aéroport.
You should allow an hour to get to the airport.,Vous devriez prévoir une heure pour atteindre l'aéroport.
You should allow an hour to get to the airport.,Tu devrais compter une heure pour atteindre l'aéroport.
You should allow an hour to get to the airport.,Vous devriez compter une heure pour atteindre l'aéroport.
You should always wash your hands before meals.,Tu devrais toujours te laver les mains avant les repas.
You should always wash your hands before meals.,Vous devriez toujours vous laver les mains avant les repas.
You should distinguish between right and wrong.,Tu dois faire la différence entre le bien et le mal.
You should distinguish between right and wrong.,Tu dois savoir distinguer le bien du mal.
You should receive them by the end of the week.,Vous devriez les recevoir à la fin de la semaine.
You should've rejected such an unfair proposal.,Tu aurais dû refuser une proposition aussi injuste.
You should've rejected such an unfair proposal.,Vous auriez dû rejeter une proposition aussi injuste.
You shouldn't believe everything Tom tells you.,Tu ne devrais pas avoir une confiance aveugle en Tom.
You shouldn't believe everything Tom tells you.,Tu ne devrais pas croire tout ce que Tom te dit.
"You were dying, but the doctor saved your life.",Vous étiez en train de mourir mais le médecin vous a sauvé la vie.
"You were dying, but the doctor saved your life.",Vous étiez en train de mourir mais le toubib vous a sauvé la vie.
"You were dying, but the doctor saved your life.",Tu étais en train de mourir mais le médecin t'a sauvé la vie.
"You were dying, but the doctor saved your life.",Tu étais en train de mourir mais le toubib t'a sauvé la vie.
You work too hard these days. Aren't you tired?,Vous travaillez trop ces derniers temps. N'êtes-vous donc pas fatigués ?
You work too hard these days. Aren't you tired?,Vous travaillez trop ces derniers temps. N'êtes-vous donc pas fatigué ?
You're exposing yourself to a lot of criticism.,Tu t'exposes à bien des critiques.
You're going to break it if you're not careful.,Tu vas le casser si tu ne fais pas attention.
You're going to break it if you're not careful.,Vous allez le casser si vous ne faites pas attention.
You're probably tired after such a long flight.,Vous êtes probablement fatigué après un vol aussi long.
You're probably tired after such a long flight.,Vous êtes probablement fatiguée après un vol aussi long.
You're probably tired after such a long flight.,Tu es probablement fatigué après un vol aussi long.
You're probably tired after such a long flight.,Tu es probablement fatiguée après un vol aussi long.
You're the best thing that ever happened to me.,Vous êtes la meilleure chose qui me soit jamais arrivée.
You're the best thing that ever happened to me.,C'est toi qui es la meilleure chose qui me soit jamais arrivée.
You're the best thing that ever happened to me.,C'est vous qui êtes la meilleure chose qui me soit jamais arrivée.
You're the most beautiful woman I've ever seen.,Tu es la plus belle femme qu'il m'ait été donné de voir.
You're the most beautiful woman I've ever seen.,Vous êtes la plus belle femme qu'il m'ait été donné de voir.
You're the most beautiful woman I've ever seen.,Tu es la plus belle femme que j'aie jamais vue.
You're the most beautiful woman I've ever seen.,Vous êtes la plus belle femme que j'aie jamais vu.
You've always got to be ready for an emergency.,Tu dois toujours être prêt à réagir pour une urgence.
You've still got all your life in front of you.,Vous avez encore toute la vie devant vous.
You've still got all your life in front of you.,Tu as encore toute la vie devant toi.
Young men such as you are needed for this work.,Ce sont de jeunes hommes comme vous dont on a besoin pour ce travail.
Young men such as you are needed for this work.,Ce sont de jeunes hommes comme vous qu'il nous faut pour ce travail.
Young people are prone to fall into temptation.,Les jeunes gens sont propres à céder à la tentation.
Your breakfast is ready. Don't let it get cold.,Ton petit déjeuner est prêt. Ne le laisse pas refroidir.
Your feet will lead you to where your heart is.,Vos pieds vous conduiront là où est votre cœur.
Your feet will lead you to where your heart is.,Vos pieds vous conduiront là où votre cœur se trouve.
Your philosophy of life is different than mine.,Ta philosophie de la vie est différente de la mienne.
Your philosophy of life is different than mine.,Votre philosophie de la vie est différente de la mienne.
Your wife's on the phone. She says it's urgent.,Votre épouse est au bout du fil. Elle dit que c'est urgent.
Zoology and botany deal with the study of life.,La zoologie et la botanique traitent de l'étude de la vie.
"How much is he asking for? ""A thousand euros.""",« Combien est-ce qu'il en demande ? » « Mille euros. »
"How soon will the bus come? ""In five minutes.""",« Dans combien de temps va venir le bus ? » « Dans 5 minutes. »
"I can make it to my class on time, he thought.","Je peux arriver en classe à temps, pensa-t-il."
"Is there a book on the chair? ""Yes, there is.""","« Y a-t-il un livre sur la chaise ? » « Oui, il y en a un. »"
"Why don't you come? ""Because I don't want to.""",« Pourquoi ne viens-tu pas ? » « Parce que je ne veux pas. »
"Why don't you come? ""Because I don't want to.""",« Pourquoi ne venez-vous pas ? » « Parce que je ne veux pas. »
"Will they go on strike again? ""I'm afraid so.""",«Ces gens-là vont-ils de nouveau entrer en grève ?» «Il semble bien que oui.»
A bicycle will rust if you leave it in the rain.,"Un vélo rouille, si tu le laisses sous la pluie."
A bunch of people were standing outside waiting.,"Un groupe de gens se tenaient à l'extérieur, à attendre."
A burglar made away with my wife's diamond ring.,Un cambrioleur prit le large avec la bague en diamant de ma femme.
A captain is in charge of his ship and its crew.,Un capitaine est chargé de ce bateau et de son équipage.
A careful reader would have noticed the mistake.,Un lecteur attentif aurait noté l'erreur.
A customs official asked me to open my suitcase.,Un agent des douanes me demanda d'ouvrir ma valise.
A detective arrived upon the scene of the crime.,Un détective arriva sur la scène du crime.
A detective arrived upon the scene of the crime.,Un détective est arrivé sur la scène du crime.
A girl approached the king from among the crowd.,Une fille s'approcha du roi à travers la foule.
A great crowd waited for the president to speak.,Une large foule attendait que le président parlât.
A guide conducted the visitors round the museum.,Un guide fit faire le tour du musée aux touristes.
A known mistake is better than an unknown truth.,Une erreur connue est meilleure qu'une vérité inconnue.
A man who breaks his promises cannot be trusted.,Un homme qui ne tient pas ses promesses n'est pas crédible.
A man with a full belly thinks no one is hungry.,Un homme avec le ventre plein pense que personne n'a faim.
A merchant is a person who buys and sells goods.,Un commerçant est une personne qui achète et qui vend de la marchandise.
A merchant is a person who buys and sells goods.,"Un marchand, c'est quelqu'un qui achète et vend des biens."
"A nice day, isn't it? Why not go out for a walk?","Une belle journée, n'est-ce pas ? Pourquoi ne pas sortir faire une balade ?"
A small car is more economical than a large one.,Une petite voiture est plus économique qu'une grande.
A strange man came up to me and asked for money.,Un homme étrange s'est avancé vers moi et m'a demandé de l'argent.
A stranger is a friend you just haven't met yet.,Un étranger est un ami que vous n'avez simplement pas encore rencontré.
A thief broke into the house to steal the money.,Un voleur s'est introduit par effraction dans la maison pour voler de l'argent.
A woman whose husband is dead is called a widow.,Une femme dont le mari est mort s'appelle une veuve.
"According to the X-ray, everything is all right.","Selon les rayons X, vous n'avez pas de problèmes."
Actors and politicians never pass up a photo op.,Les acteurs et les politiciens ne manquent jamais une occasion de se faire retoucher leurs photos.
After a while passion and infatuation ooze away.,"Au bout d'un moment, la passion et l'engouement s'essoufflent."
"After much consideration, we accepted his offer.",Après mûre réflexion nous avons accepté son offre.
"After much consideration, we accepted his offer.",Après mûre réflexion nous avons accepté sa proposition.
"After we walked for a while, we got to the lake.","Après avoir marché un moment, nous sommes parvenus au lac."
"After we walked for a while, we got to the lake.","Après avoir marché un moment, nous sommes parvenues au lac."
"After we walked for a while, we got to the lake.","Après avoir marché un moment, nous parvînmes au lac."
Al Capone was finally sent away for tax evasion.,Al Capone fut finalement jeté en prison pour évasion fiscale.
All that you have to do is to follow his advice.,Tout ce que vous avez à faire est de suivre son avis.
All the children fell asleep before it got dark.,Tous les enfants s'endormirent avant qu'il fasse noir.
All the passengers got seasick during the storm.,Tous les passagers eurent le mal de mer pendant la tempête.
All the people present were moved by his speech.,Toute l'assistance était émue par son discours.
"Although he's young, he's an outstanding doctor.","Bien qu'il soit jeune, c'est un remarquable médecin."
Americans spend much of their free time at home.,Les Étasuniens passent beaucoup de leur temps libre chez eux.
An atomic bomb was dropped on Hiroshima in 1945.,Une bombe atomique fut lâchée sur Hiroshima en 1945.
An eagle's wings are more than one meter across.,Les ailes d'un aigle font plus d'un mètre d'envergure.
An old man was resting in the shade of the tree.,Un vieil homme se reposait à l'ombre de l'arbre.
An ounce of prevention is worth a pound of cure.,Il vaut mieux prévenir que guérir.
Any play opening to bad reviews won't last long.,Toute pièce qui ouvre sur de mauvaises critiques ne fait pas long feu.
Anyone who criticizes him is asking for trouble.,Quiconque le critique cherche des ennuis.
Are there any English magazines in this library?,Y a-t-il de quelconques magazines en langue anglaise dans cette bibliothèque ?
Are there more sheep in Wales or in New Zealand?,Y a-t-il plus de moutons au pays de Galles ou en Nouvelle-Zélande ?
Are you absolutely sure that it was Tom you saw?,Es-tu absolument sûr que c'était Tom que tu as vu ?
Are you closer to your mother or to your father?,Es-tu plus proche de ta mère ou de ton père ?
Are you closer to your mother or to your father?,Êtes-vous plus proche de votre mère ou de votre père ?
"As far as I am concerned, I have nothing to say.","En ce qui me concerne, je n'ai rien à dire."
"As far as I know, Tom doesn't have a girlfriend.","D'après ce que je sais, Thomas n'a pas de copine."
"As far as I know, such a function doesn't exist.","Autant que je sache, une telle fonction n'existe pas."
"As soon as she got her salary, she spent it all.","Dès qu'elle a reçu son salaire, elle l'a dépensé en totalité."
"As soon as she got her salary, she spent it all.","Dès qu'elle a reçu son salaire, elle l'a claqué."
"As time went on, the sky grew darker and darker.","Au fur et à mesure que le temps passait, le ciel devenait de plus en plus sombre."
"As you know, we were late due to the heavy rain.","Comme tu le sais, nous étions en retard à cause de la forte pluie."
"At last, she was able to contact her old friend.","Enfin, elle fut en mesure de contacter son vieil ami."
"At least for now, I'm not going to say anything.","Du moins pour le moment, je ne vais rien dire."
"At present, the cause of the disease is unknown.","Actuellement, la cause de la maladie reste inconnue."
"At that time, I was still taking French lessons.","A cette époque, je prenais encore des leçons de français."
"At this rate, we'll have to change the schedule.","À ce rythme, nous allons devoir changer l'horaire."
Australia is smaller in size than South America.,L'Australie est plus petite que l'Amérique du Sud.
Basketball was my favorite sport in high school.,Le basket-ball était mon sport favori au lycée.
"Because my mother was ill, I could not go there.",Je n'ai pas pu y aller car ma mère était malade.
"Because of the dense fog, nothing could be seen.","À cause de l'épais brouillard, on n'y voyait goutte."
"Because of the dense fog, nothing could be seen.","À cause de l'épais brouillard, on n'y voyait rien."
"Because of the dense fog, nothing could be seen.","À cause de l'épais brouillard, on n'y voyait rien du tout."
"Because of the pills I took, the pain went away.","À cause des cachets que j'ai pris, la douleur est partie."
"Before going home, I have a few drinks to relax.","Avant de rentrer, je prendrais bien un verre pour relaxer."
"Believe me, everything he's told you is a crock.","Crois-moi, tout ce qu'il t'a dit c'est des conneries."
"Besides being a surgeon, he was a famous writer.","Ce n'était pas seulement un chirurgien, mais c'était également un écrivain célèbre."
"Besides being a surgeon, he was a famous writer.","En plus d'être chirurgien, il était aussi un écrivain célèbre."
Black Americans continued to suffer from racism.,Les Étasuniens noirs continuaient à endurer le racisme.
Both Tom and Mary didn't know how to send a fax.,Tom et Mary ne savaient ni l'un ni l'autre envoyer un fax.
Breakfast is served from 7:30 a.m. to 11:00 a.m.,Le petit déjeuner est servi de 7 h 30 à 11 h 00 le matin.
Buses in the country don't usually come on time.,"Les cars, à la campagne, ne sont habituellement pas à l'heure."
Buses in the country don't usually come on time.,Les bus à la campagne n'arrivent généralement pas à l'heure.
"By the time you land at Narita, it will be dark.","Le temps que vous atterrissiez à Narita, il fera nuit."
"By the way, how many of you are keeping a diary?",Du reste : combien d'entre vous tiennent-ils un journal ?
"By the way, how many of you are keeping a diary?",Du reste : combien d'entre vous tiennent-elles un journal ?
Calculate how much money we will need next year.,Calculez combien nous aurons besoin d'argent l'année prochaine.
Can computers actually translate literary works?,Est-ce que les ordinateurs peuvent traduire les œuvres littéraires ?
Can eating just vegetables help you lose weight?,Est-ce que ne manger que des fruits et légumes vous aide à perdre du poids ?
Can eating just vegetables help you lose weight?,Est-ce que ne manger que des fruits et légumes t'aide à perdre du poids ?
Can eating just vegetables help you lose weight?,Ne manger que des fruits et légumes vous aide-t-il à perdre du poids ?
Can eating just vegetables help you lose weight?,Ne manger que des fruits et légumes t'aide-t-il à perdre du poids ?
Can you direct me to the nearest subway station?,Pouvez-vous m'indiquer la station de métro la plus proche ?
Can you imagine him driving such a splendid car?,Pouvez-vous l'imaginer conduire une si belle voiture ?
Can you tell me how to get to the train station?,Peux-tu me dire comment aller à la gare?
Can you tell me how to get to the train station?,Pouvez-vous me dire comment aller à la gare?
Can you understand the meaning of this sentence?,Pouvez-vous comprendre le sens de cette phrase ?
Can you understand the meaning of this sentence?,Peux-tu comprendre la signification de cette phrase ?
Can't this wait until things are back to normal?,Ceci ne peut-il attendre que les choses reviennent à la normale ?
Certain teachers do not understand this problem.,Certains professeurs ne comprennent pas ce problème.
Churches are designated on the map with crosses.,Les églises sont représentées par une croix sur la carte.
Coastal cities will take the brunt of the storm.,Les villes côtières encaisseront le gros de la tempête.
Coastal cities will take the brunt of the storm.,Les villes côtières encaisseront le plus gros de la tempête.
Coastal cities will take the brunt of the storm.,Les villes côtières feront les frais de la tempête.
Coastal cities will take the brunt of the storm.,Les villes côtières recevront le plus fort de la tempête.
"Could you bring me a pillow and blanket, please?","Voudriez-vous bien m'apporter un oreiller et une couverture, je vous prie ?"
Could you come back here again tomorrow at 2:30?,"Pourrais-tu revenir ici, demain à 14 h 30 ?"
Could you lend me some money until this weekend?,Pourriez-vous me prêter de l'argent jusqu'au week-end prochain ?
Could you move forward so we can close the door?,Pouvez-vous vous avancer pour qu'on puisse fermer la porte ?
Could you please tell me again why you are late?,Pourrais-tu me répéter pourquoi tu es en retard ?
Could you please tell me again why you are late?,Voudriez-vous me répéter pourquoi vous êtes en retard ?
Could you please tell me your height and weight?,"Pourrais-tu m'indiquer ta taille et ton poids, je te prie ?"
Could you please tell me your height and weight?,"Pourriez-vous, je vous prie, m'indiquer votre taille et votre poids ?"
Could you recommend a nice restaurant near here?,Peux-tu recommander un chouette restaurant près d'ici ?
Could you recommend a nice restaurant near here?,Pourriez-vous recommander un chouette restaurant près d'ici ?
Delete his name from the list of the applicants.,Enlevez son nom de la liste des candidats.
Delete his name from the list of the applicants.,Enlève son nom de la liste des candidats.
Did you choose an interesting book for your son?,As-tu choisi un livre intéressant pour ton fils ?
Did you choose an interesting book for your son?,Avez-vous choisi un livre intéressant pour votre fils ?
Did you go straight home after school yesterday?,Est-ce que tu es directement rentré chez toi après l'école hier ?
Did you go straight home after school yesterday?,"Es-tu directement rentrée chez toi hier, après l'école ?"
Did you go straight home after school yesterday?,"Êtes-vous directement rentré chez vous hier, après l'école ?"
Did you go straight home after school yesterday?,"Êtes-vous directement rentrée chez vous hier, après l'école ?"
Did you go straight home after school yesterday?,"Êtes-vous directement rentrés chez vous hier, après l'école ?"
Did you go straight home after school yesterday?,"Êtes-vous directement rentrées chez vous hier, après l'école ?"
Did you hear the news on the radio this morning?,Avez-vous entendu la nouvelle à la radio ce matin ?
Did you really expect him to tell you the truth?,Est-ce que tu t'attendais vraiment à ce qu'il te dise la vérité ?
Did you really expect him to tell you the truth?,Vous attendiez-vous vraiment à ce qu'il vous dise la vérité ?
Did you really give Tom a key to your apartment?,As-tu vraiment donné une clé de ton appartement à Tom ?
Did you see anybody else in the park that night?,Avez-vous vu quelqu'un d'autre dans le parc cette nuit-là ?
Digital music is becoming more and more popular.,La musique numérique devient de plus en plus populaire.
Digital music is becoming more and more popular.,La musique numérique gagne en popularité.
"Dinner is ready, so we can eat whenever we want.","Le dîner est prêt, nous pouvons manger quand nous le voulons."
"Dinner is ready, so we can eat whenever we want.","Le dîner est prêt, nous pouvons donc manger quand bon nous semble."
Do you have any idea what they're talking about?,Avez-vous la moindre idée de quoi ils parlent ?
Do you have the same thing in a different color?,Avez-vous la même chose dans une couleur différente ?
Do you have the same thing in a different color?,As-tu la même chose dans une couleur différente ?
Do you know what it is like to be really hungry?,Savez-vous ce que c'est d'être réellement affamé ?
Do you know what would happen if you drank that?,Sais-tu ce qui arriverait si tu buvais cela ?
Do you know what would happen if you drank that?,Savez-vous ce qui arriverait si vous buviez cela ?
Do you really believe it's necessary to do that?,Croyez-vous vraiment nécessaire de faire cela ?
Do you really think that your plan is realistic?,Pensez-vous vraiment que votre projet soit réaliste ?
Do you really think that your plan is realistic?,Penses-tu vraiment que ton projet soit réaliste ?
Do you think he will be elected president again?,Pensez-vous qu'il sera réélu président ?
Do you think you could make a little less noise?,Penses-tu pouvoir faire légèrement moins de bruit ?
Do you want to install this free browser add-on?,Voulez-vous installer ce supplément gratuit pour votre navigateur ?
Do you want to know where you made your mistake?,Veux-tu savoir où tu t'es trompé ?
Do you want to know where you made your mistake?,Voulez-vous savoir où vous vous êtes trompé ?
Don't go out in this heat without wearing a hat.,Ne sors pas par cette chaleur sans porter de chapeau.
Don't go out in this heat without wearing a hat.,Ne sortez pas par cette chaleur sans porter de chapeau.
Don't let his snide remarks get the best of you.,Ne laisse pas ses remarques sarcastiques prendre le dessus sur toi.
Don't shout like that. I can hear you perfectly.,Ne crie pas comme ça. Je t'entends parfaitement.
Don't think I don't appreciate what you've done.,Ne pensez pas que je ne sois pas reconnaissant de ce que vous avez fait !
Don't think I don't appreciate what you've done.,Ne pensez pas que je ne sois pas reconnaissante de ce que vous avez fait !
Don't think I don't appreciate what you've done.,Ne pense pas que je ne sois pas reconnaissant de ce que tu as fait !
Don't think I don't appreciate what you've done.,Ne pense pas que je ne sois pas reconnaissante de ce que tu as fait !
Don't you think I know what people say about me?,Ne penses-tu pas que je sais ce que les gens disent de moi ?
Don't you think I know what people say about me?,Ne pensez-vous pas que je sais ce que les gens disent de moi ?
"Due to the bad weather, the game was called off.","En raison du mauvais temps, le match a été annulé."
Eating yogurt with a fork is somewhat difficult.,Manger du yaourt à la fourchette est assez difficile.
Educational reforms still have a long way to go.,Les réformes de l'éducation ont encore un bout de chemin à faire.
English has borrowed numerous words from French.,L'anglais a emprunté de nombreux mots au français.
European currencies weakened against the dollar.,Les monnaies européennes se sont affaiblies face au dollar.
"Even though it's small, it's a great restaurant.","Même s'il est petit, c'est un grand restaurant."
"Even though it's small, it's still my apartment.","Même s'il est petit, c'est tout de même mon appartement."
"Even with all his wealth and fame, he's unhappy.","Même avec toute sa richesse et sa célébrité, il est malheureux."
"Even with his glasses, he doesn't see very well.",Il ne voit pas très bien malgré ses lunettes.
Everybody in that family has a car of their own.,Tout le monde dans cette famille a sa propre voiture.
Everybody knows that he lost his leg in the war.,Tout le monde sait qu'il a perdu sa jambe à la guerre.
Everybody looks surprised and a little confused.,Tout le monde a l'air surpris et un peu confus.
Everybody was anxious to know what had happened.,Tout le monde était anxieux de savoir ce qui s'était passé.
Everyone in the class learned the poem by heart.,Tous dans la classe apprirent le poème par cœur.
Everyone knows that Bell invented the telephone.,Tout le monde sait que Bell a inventé le téléphone.
Everyone was really impressed with that machine.,Tout le monde était impressionné par cette machine.
Everything is working out just as Tom predicted.,Tout fonctionne comme Tom l'avait prédit.
Everything is working out just as Tom predicted.,Tout marche comme Tom l'avait prédit.
"Excuse me, but would you please open the window?","Veuillez m'excuser, mais voudriez-vous ouvrir la fenêtre, je vous prie ?"
"Excuse me, but would you please open the window?","Je te prie de m'excuser, mais voudrais-tu ouvrir la fenêtre, je te prie ?"
"Excuse me, could you say that again more slowly?","Pourriez-vous répétez cela plus lentement, je vous prie ?"
Families began to have fewer and fewer children.,Les familles ont commencé à avoir de moins en moins d'enfants.
"Far from being pleased, my father is very angry.","Loin d'être satisfait, mon père est très en colère."
Fish such as carp and trout live in fresh water.,Les poissons tels que la carpe ou la truite vivent en eau douce.
Five years have passed since they came to Japan.,Cinq ans ont passé depuis qu'ils sont venus au Japon.
Follow me. I'll show you how to get out of here.,Suis-moi ! Je te montrerai comment sortir d'ici.
Follow me. I'll show you how to get out of here.,Suivez-moi ! Je vous montrerai comment sortir d'ici.
"For a moment, he thought of going after the man.",Il a brièvement pensé poursuivre l'homme.
"For a refund, you must return the item unopened.","Pour un remboursement, vous devez retourner l'article dans son emballage non ouvert."
"For the time being, I intend to stay at a hotel.","Pour l'instant, je compte séjourner à l'hôtel."
"From now on, I'll try to help you with the work.","Désormais, j'essayerai de t'aider dans ton travail."
"From now on, I'm going to say what's on my mind.","Désormais, je vais dire ce que je pense."
"From time to time, he goes to Tokyo on business.",Il va de temps en temps à Tokyo pour le travail.
Full religious freedom is assured to all people.,Une totale liberté de culte est garantie à tous.
"Generally speaking, men are stronger than women.","Généralement, les hommes sont plus forts que les femmes."
German Shepherds are good at sniffing out drugs.,Les bergers allemands sont bons pour détecter l'odeur de la drogue.
Germany did not want war with the United States.,L'Allemagne ne voulait pas la guerre avec les États-Unis d'Amérique.
Get a job so you can support your wife and kids.,"Trouve un boulot, de façon à pouvoir subvenir aux besoins de ta femme et de tes enfants !"
Get a job so you can support your wife and kids.,"Trouve un emploi, de façon à pouvoir subvenir aux besoins de ta femme et de tes enfants !"
Get a job so you can support your wife and kids.,"Trouvez un boulot, de façon à pouvoir subvenir aux besoins de votre femme et de vos enfants !"
Get a job so you can support your wife and kids.,"Trouvez un emploi, de façon à pouvoir subvenir aux besoins de votre femme et de vos enfants !"
Get in touch with me as soon as you arrive here.,Contacte-moi dès que tu arrives ici.
Get in touch with me as soon as you arrive here.,Contactez-moi dès que vous arrivez ici.
Get in touch with me as soon as you arrive here.,Contacte-moi aussitôt que tu arrives ici.
Get in touch with me as soon as you arrive here.,Contactez-moi aussitôt que vous arrivez ici.
Get in touch with me as soon as you arrive here.,Prends contact avec moi dès que tu arrives ici.
Get in touch with me as soon as you arrive here.,Prenez contact avec moi dès que vous arrivez ici.
Getting people to change is extremely difficult.,Faire en sorte que les gens changent est extrêmement difficile.
Give a thief enough rope and he'll hang himself.,Donnez assez de corde à un voleur et il se pendra lui-même.
Give me another couple of days to think it over.,Donne-moi quelques jours pour le reconsidérer.
Go to your room and wait there until I call you.,Va dans ta chambre et attends là jusqu'à ce que je t'appelle.
Hackers break into computers without permission.,Les pirates informatiques s'introduisent dans les ordinateurs sans autorisation.
"Had I known you'd be here, I wouldn't have come.","Si j'avais su que tu étais là, je ne serais pas venu."
"Had I known you'd be here, I wouldn't have come.","Si j'avais su que tu étais là, je ne serais pas venue."
"Had I known you'd be here, I wouldn't have come.","Si j'avais su que vous étiez là, je ne serais pas venu."
"Had I known you'd be here, I wouldn't have come.","Si j'avais su que vous étiez là, je ne serais pas venue."
Half of the apples that Tom gave me were rotten.,La moitié des pommes que Tom m'a données était pourrie.
Half of the people in the office took a day off.,La moitié du bureau a pris une journée de congé.
Have you already tried not thinking of anything?,As-tu déjà essayé de ne penser à rien ?
Have you gotten settled into your new house yet?,T'es-tu déjà installé dans ta nouvelle maison ?
Having a telephone helped her find more clients.,Avoir un téléphone l'a aidée à trouver plus de clients.
Having a telephone helped her find more clients.,Disposer d'un téléphone l'aida à trouver davantage de clients.
He always leaves the window open when he sleeps.,Il laisse toujours la fenêtre ouverte quand il dort.
He always leaves the window open when he sleeps.,Il laisse toujours la fenêtre ouverte lorsqu'il dort.
He applies this principle to everything in life.,Il applique ce principe à tout dans la vie.
He came across this old coin in an antique shop.,Il tomba par hasard sur cette vieille pièce dans un magasin d'antiquités.
"He can't run his own family, let alone a nation!","Il n'arrive pas à entretenir sa propre famille, encore moins toute une nation !"
He decided to rent his property to that company.,Il a décidé de louer sa propriété à cette société.
He departed for London the day before yesterday.,Il partit pour Londres avant-hier.
He devoted all his time to the study of history.,Il a consacré tout son temps à l'étude de l'histoire.
He didn't get in until 2 o'clock in the morning.,Il n'a pas pu arriver avant 2 heures du matin.
He doesn't get along with anybody in the office.,Il ne peut collaborer avec personne au bureau.
He fell asleep at the wheel and had an accident.,Il s'est endormi au volant et a eu un accident.
"He had to leave the city, so he moved to Berlin.","Il a dû quitter la ville, alors il a déménagé à Berlin."
He has a large number of books on his bookshelf.,Il a beaucoup de livres sur son étagère.
He has been drinking steadily since his divorce.,"Il boit sans discontinuer, depuis son divorce."
He has been the chief of his tribe for 35 years.,C'est le chef de sa tribu depuis 35 ans.
He has engaged in religious activity since then.,Il s'est engagé dans des activités religieuses depuis lors.
He has only a superficial knowledge of Japanese.,Il n'a du japonais qu'une connaissance superficielle.
"He is a nice man, except that he talks too much.","C'est un chic type, sauf qu'il parle trop."
He is a scientist who is respected by everybody.,C'est un scientifique qui est respecté par tous.
He is capable of running a mile in four minutes.,Il est capable de courir un mille en quatre minutes.
He is living with his friend for the time being.,Il vit avec son ami pour l'instant.
He is not man to lose heart at a single failure.,Il n'est pas le genre de personne à se décourager à la moindre déconvenue.
He is the most obstinate child I have ever seen.,Il est l'enfant le plus obstiné que j'ai jamais vu.
He is too short to get at the book on the shelf.,Il est trop petit pour atteindre le livre sur l'étagère.
"He is well off, so he doesn't worry about money.",Il est financièrement à l’aise et ne se soucie donc pas d’argent.
He learned the news while reading the newspaper.,Il a appris la nouvelle en lisant le journal.
He left his parents when he was eight years old.,Il a quitté ses parents quand il a eu huit ans.
He likes not only baseball but football as well.,"Il n'aime pas seulement le baseball, mais aussi le football."
He looked back at us many times and walked away.,Il s'est retourné plusieurs fois pour nous regarder et il s'est éloigné.
He makes it a rule never to speak ill of others.,Il tient pour principe de ne jamais parler des autres en mal.
He makes it a rule to take a walk every morning.,Il tient pour principe de faire une promenade chaque matin.
He might possibly say something ambiguous again.,Il pourrait éventuellement redire quelque chose d'ambigu.
He must be crazy to treat his parents like this.,Il doit être fou pour traiter ses parents comme ceci.
He needs a more productive outlet for his anger.,Il a besoin d'un exutoire à sa colère plus productif.
He needs proper medical attention at a hospital.,Il lui faut des soins médicaux appropriés dans un hôpital.
He never fails to write to his mother every day.,Il écrit absolument tous les mois à sa mère.
He regularly trains with bodybuilding equipment.,Il s'entraîne régulièrement avec un appareil de musculation.
He reminded his wife to wake him up at 7:00 a.m.,Il a rappelé à sa femme de le réveiller à 7 heures du matin.
He said better times were ahead for the country.,Il a dit que la situation allait s'améliorer pour le pays.
"He said he was tired, so he would go home early.",Il a dit qu'il était fatigué et que donc il irait tôt chez lui.
He said that he had met her on the previous day.,Il dit qu'il l'avait rencontrée la veille.
He saved his friend at the risk of his own life.,Il a sauvé la vie de son ami au mépris de la sienne.
"He says he's innocent, but they put him in jail.","Il dit qu'il est innocent, mais ils l'ont mis en prison."
He showed his disapproval by raising an eyebrow.,Il montra sa désapprobation en levant un sourcil.
He smokes like a chimney and drinks like a fish.,Il fume comme un pompier et boit comme une outre.
He stayed in bed because he wasn't feeling well.,Il resta au lit parce qu'il ne se sentait pas bien.
He stayed in bed because he wasn't feeling well.,Il est resté au lit parce qu'il ne se sentait pas bien.
He stressed the convenient aspects of city life.,Il souligna les aspects pratiques de la vie citadine.
He thinks that blue is the most beautiful color.,Il pense que le bleu est la plus belle couleur.
He thought that it would be interesting and fun.,Il pensait que ça serait intéressant et amusant.
He thought that it would be interesting and fun.,Il pensait que ce serait intéressant et amusant.
He took over the business after his father died.,Il reprit l'affaire après le décès de son père.
He translated Homer from the Greek into English.,Il a traduit Homère du grec à l'anglais.
He translated the book from French into English.,Il a traduit ce livre du français vers l'anglais.
He wants to be a tennis player when he grows up.,Il veut être joueur de tennis plus tard.
He was overwhelmed by the intensity of her love.,Il était écrasé par l'intensité de son amour.
He was proud that he was selected by the people.,Il était fier d'avoir été choisi par le peuple.
He was respected both as a teacher and as a man.,Il était respecté à la fois en tant que professeur et en tant qu'homme.
He was the sort of man you could get along with.,Il était le genre d'homme avec lequel on pouvait s'entendre.
He went out of his way to find the house for me.,Il s'est démené pour me trouver la maison.
He went to America to study American literature.,Il est allé en Amérique pour étudier la littérature américaine.
He who lives by the sword will die by the sword.,"Celui qui vit par l'épée, périra par l'épée."
He will come back to Japan in the middle of May.,Il reviendra au Japon au milieu du mois de mai.
He wishes he had gone to the theater last night.,Il aurait souhaité aller au théâtre hier soir.
He worked hard in order to pass the examination.,Il a travaillé dur afin de réussir l'examen.
"He works as a teacher, but actually he is a spy.","Il travaille comme enseignant, mais en fait c'est un espion."
"He's a man of his word, so you can count on him.","C'est un homme de parole, alors vous pouvez compter sur lui."
He's a regular at the bars and pubs around here.,C'est un client régulier des bars et des pubs du coin.
"Her business was started with capital of $2,000.",Son entreprise a été démarrée avec un capital de deux mille dollars.
Her gray hair makes her look older than her age.,Ses cheveux gris la rendent plus vieille qu'elle ne l'est vraiment.
Her husband also wanted custody of the children.,Son mari réclamait aussi la garde des enfants.
Here is a list of moderately priced restaurants.,Voici une liste de restaurants à prix modérés.
"Here, everybody feels respected and appreciated.","Ici, chacun se sent respecté et aimé."
His bad leg prevented him from winning the race.,Sa mauvaise jambe l'a empêché de gagner la course.
His behavior spoke volumes about his upbringing.,Son comportement en disait long sur son éducation.
His joke made all the class burst into laughter.,Sa blague a fait exploser de rire toute la classe.
His mother sat up all night waiting for her son.,La mère veilla toute la nuit à attendre son fils.
Hot lemon with honey is a good remedy for colds.,Du citron chaud avec du miel est un bon remède contre les rhumes.
How can you tell an Englishman from an American?,Comment pouvez-vous faire la différence entre un Anglais et un Américain ?
How do you eat like that without gaining weight?,"Comment fais-tu pour manger ainsi, sans prendre de poids ?"
How do you eat like that without gaining weight?,"Comment faites-vous pour manger ainsi, sans prendre de poids ?"
How do you know that Tom isn't a native speaker?,Comment savez-vous que Tom n'est pas un locuteur natif ?
How do you know that Tom isn't a native speaker?,Comment sais-tu que Tom n'est pas un locuteur natif ?
How do you know that you don't need a bodyguard?,Comment savez-vous que vous ne requérez pas de garde du corps ?
How do you know that you don't need a bodyguard?,Comment sais-tu que tu ne requiers pas de garde du corps ?
How do you know those guys won't try to kill us?,Comment savez-vous que ces types n'essayeront pas de nous tuer ?
How do you know those guys won't try to kill us?,Comment sais-tu que ces types n'essayeront pas de nous tuer ?
How long did it take you to translate this book?,Combien de temps avez-vous mis pour traduire ce livre ?
How long will it take me to walk to the station?,Combien de temps me faudra-t-il pour marcher jusqu'à la gare ?
How long would it take to swim across the river?,Combien de temps cela prendrait-il pour traverser la rivière à la nage ?
How many days does it usually take to get there?,"Combien de jours faut-il pour y aller, d'habitude ?"
How many letters does the Russian alphabet have?,Combien de lettres figurent dans l'alphabet russe ?
How many pennies does it take to make one pound?,Combien de cents faut-il pour faire une livre sterling ?
How many times do you have to go to the dentist?,Combien de fois dois-tu aller voir le dentiste ?
How many years has it been since I last saw you?,Depuis combien d'années ne t'ai-je pas vu ?
How many years has it been since I last saw you?,Depuis combien d'années ne t'ai-je pas vue ?
How many years has it been since I last saw you?,Depuis combien d'années ne vous ai-je pas vu ?
How many years has it been since I last saw you?,Depuis combien d'années ne vous ai-je pas vus ?
How many years has it been since I last saw you?,Depuis combien d'années ne vous ai-je pas vue ?
How many years has it been since I last saw you?,Depuis combien d'années ne vous ai-je pas vues ?
How much is the car that you're planning to buy?,Combien coûte la voiture que tu prévois d'acheter ?
I always have two cups of coffee in the morning.,"Moi, le matin, je bois toujours deux tasses de café."
I always wear a watch so I know what time it is.,Je porte toujours une montre donc je sais l'heure qu'il est.
"I am fond of soccer, rugby, football, and so on.","J'adore le football, le rugby, le football américain, etc."
I am studying to be a translator or interpreter.,J'étudie pour devenir traducteur ou interprète.
I apologize for the delay in sending the agenda.,Je vous prie de m'excuser pour le délai dans l'envoi de l'ordre du jour.
I appeal to you to contribute to the new clinic.,Je fais appel à vous pour contribuer à la nouvelle clinique.
I arranged for a car to meet you at the airport.,J'ai prévu pour toi une voiture qui vient te chercher à l'aéroport.
I asked him not to play the piano late at night.,Je lui ai demandé de ne pas jouer du piano trop tard la nuit.
I assure you this is about much more than money.,Je vous assure qu'il s'agit de bien plus que d'argent.
I assure you this is about much more than money.,Je t'assure qu'il s'agit de bien plus que d'argent.
"I can always take the bus back to Boston, right?","Je peux toujours prendre le bus pour Boston, non ?"
I can remember when you were just a little girl.,Je me souviens de quand tu n'étais qu'une petite fille.
I can remember when you were just a little girl.,Je me rappelle quand tu n'étais qu'une petite fille.
I can see some people walking across the street.,Je peux voir des personnes traverser la rue.
I can't figure out why he didn't tell the truth.,Je ne comprends pas pourquoi il n'a pas dit la vérité.
I can't figure out why he didn't tell the truth.,Je n'arrive pas à me figurer pourquoi il n'a pas dit la vérité.
I can't fit everything I need into one suitcase.,Je ne peux pas faire tenir tout ce dont j'ai besoin dans ma valise.
I can't go out because I have a lot of homework.,Je ne peux pas sortir parce que j'ai des devoirs.
I can't see you without thinking of your mother.,Je ne peux te voir sans penser à ta mère.
I can't send you all the files at the same time.,Je ne peux pas vous envoyer tous les fichiers en même temps.
I can't tell you how many times I've been there.,Je ne peux pas te dire combien de fois je suis venu ici.
I can't tell you how many times I've been there.,Je ne peux pas vous dire combien de fois je suis venu ici.
I can't tell you why she was absent from school.,Je ne sais pas te dire pourquoi elle était absente de l'école.
I can't understand what you're trying to get at.,Je ne parviens pas à comprendre ce que tu cherches à dire.
I cannot help wondering if he will come on time.,Je ne peux pas m'empêcher de me demander s'il viendra à l'heure.
I cannot put up with his bad manners any longer.,Je ne peux plus du tout supporter ses mauvaises manières.
I closed the door so that they wouldn't hear us.,J'ai fermé la porte pour ne pas qu'ils nous entendent.
I couldn't attend that party because I was sick.,Je n'ai pas pu participer à cette fête parce que j'étais malade.
I did everything I could to help Tom find a job.,J'ai fait tout mon possible pour aider Tom à trouver un emploi.
I didn't buy it because it was really expensive.,Je ne l'ai pas acheté car c'était cher.
I didn't expect to see you at a place like this.,Je ne m'attendais pas à te voir dans un endroit pareil.
I didn't expect to see you at a place like this.,Je ne m'attendais pas à vous voir dans un endroit comme celui-ci.
I didn't know Tom was going to Boston with Mary.,Je ne savais pas que Tom allait à Boston avec Mary.
I didn't know what time I was supposed to leave.,Je ne savais pas à quel moment j'étais censé partir.
I didn't know what time I was supposed to leave.,Je ne savais pas à quel moment j'étais censée partir.
I didn't like this game until I started winning.,"Je n'aimais pas ce jeu, jusqu'à ce que je commence à gagner."
I didn't mean to eavesdrop on your conversation.,Je n'avais pas l'intention d'épier votre conversation.
I didn't tell my girlfriend anything about this.,Je n'ai rien dit à ma petite amie à ce sujet.
I didn't think it would be that easy to do that.,Je ne pensais pas que ce serait si facile à faire.
I didn't think it would be that easy to do that.,Je ne pensais pas que ce serait si facile de le faire.
I didn't understand the second-to-the-last line.,Je n'ai pas compris l'avant-dernière ligne.
I didn't want to leave without saying thank you.,Je ne voulais pas partir sans dire merci.
I don't believe you. You're always telling lies.,Je ne vous crois pas. Vous dites toujours des mensonges.
I don't care if you go or not. I'm going anyway.,Je me fiche que tu y ailles ou pas. J'y vais de toutes façons.
I don't care if you go or not. I'm going anyway.,Je me fiche que vous y alliez ou pas. J'y vais de toutes façons.
I don't care if you're busy. Please help me now.,"Ça m'est égal que tu sois occupé. Aide-moi maintenant, je te prie !"
I don't care if you're busy. Please help me now.,"Ça m'est égal que tu sois occupée. Aide-moi maintenant, je te prie !"
I don't care if you're busy. Please help me now.,Ça m'est égal que tu sois occupé. Je te prie de m'aider maintenant.
I don't care if you're busy. Please help me now.,Ça m'est égal que tu sois occupée. Je te prie de m'aider maintenant.
I don't care if you're busy. Please help me now.,Ça m'est égal que vous soyez occupé. Je vous prie de m'aider maintenant.
I don't care if you're busy. Please help me now.,Ça m'est égal que vous soyez occupée. Je vous prie de m'aider maintenant.
I don't care if you're busy. Please help me now.,Ça m'est égal que vous soyez occupés. Je vous prie de m'aider maintenant.
I don't care if you're busy. Please help me now.,Ça m'est égal que vous soyez occupées. Je vous prie de m'aider maintenant.
I don't intend to get mixed up in your business.,Je n’ai pas l’intention de me mêler de votre affaire.
I don't intend to get mixed up in your business.,Je n’ai pas l’intention de me mêler de vos affaires.
I don't intend to get mixed up in your business.,Je n'ai pas l'intention de me mêler de vos affaires.
I don't know why I'm in a bad mood this morning.,Je ne vois pas pourquoi je suis de mauvaise humeur ce matin.
I don't know why you didn't tell me immediately.,J'ignore pourquoi tu ne me l'as pas immédiatement dit.
"I don't know yet, but I'll find out soon enough.",Je l'ignore encore mais je vais bientôt le découvrir.
I don't need to go to Australia until next week.,Je n'ai pas besoin d'aller en Australie avant la semaine prochaine.
I don't really know how else I can explain that.,Je ne sais pas vraiment de quelle autre façon je peux expliquer ça.
I don't remember the last time I climbed a tree.,Je ne me rappelle pas la dernière fois que j'ai grimpé à un arbre.
I don't speak French well enough to do that job.,Je ne parle pas assez bien français pour accomplir cette tâche.
I don't think either of us wants that to happen.,Je ne pense pas qu'aucun de nous deux ne veuille que cela arrive.
I don't think either of us wants that to happen.,Je ne pense pas qu'aucune de nous deux ne veuille que cela arrive.
I don't think either of us wants that to happen.,Je ne pense pas qu'aucun de nous deux ne veuille que cela survienne.
I don't think either of us wants that to happen.,Je ne pense pas qu'aucune de nous deux ne veuille que cela survienne.
I don't think this shirt goes with that red tie.,Je ne pense pas que cette chemise aille avec cette cravate rouge.
I don't think we're going to be able to do that.,Je ne pense pas que nous allons être capables de faire cela.
I don't understand why he didn't tell the truth.,Je ne comprends pas pourquoi il n'a pas dit la vérité.
I don't want to have children. Is that abnormal?,Je ne veux pas avoir d'enfants. Est-ce anormal ?
I doubt this is anything you'd be interested in.,Je doute que ce soit de quelque intérêt pour vous.
I doubt this is anything you'd be interested in.,Je doute que ce soit de quelque intérêt pour toi.
I doubt this is anything you'd be interested in.,Je doute que ce soit quoi que ce soit qui t'intéresserait.
I doubt this is anything you'd be interested in.,Je doute que ce soit quoi que ce soit qui vous intéresserait.
I feel the need to do something different today.,Je ressens le besoin de faire quelque chose de différent aujourd'hui.
I felt out of place in the expensive restaurant.,Je me sentais mal à l'aise dans ce restaurant cher.
I find it hard to get up early on cold mornings.,Je trouve dur de se réveiller tôt par matins froids.
I find it hard to get up early on cold mornings.,Je trouve qu'il est difficile de se lever par les matins froids.
I forgot to turn off the TV before going to bed.,J'ai oublié d'éteindre la télé avant d'aller me coucher.
I found out something interesting today at work.,"J'ai découvert quelque chose d'intéressant au travail, aujourd'hui."
I gave her my word I would be back home by nine.,Je lui ai donné ma parole que je serai de retour pour neuf heures.
"I go for a walk every day, except when it rains.","Je me promène quotidiennement, excepté s'il pleut."
"I go for a walk every day, except when it rains.","Je sors faire une promenade tous les jours, sauf quand il pleut."
I had left the key in the office the day before.,"J'ai laissé la clé au bureau, le jour précédent."
I had never seen my father cry before that time.,Je n'avais jamais vu mon père pleurer avant cela.
I had no idea you knew how to play the trombone.,J'ignorais que tu savais jouer du trombone.
"I had some free time, so I wandered around town.","J'avais un peu de temps de libre, alors j'ai flâné autour de la ville."
I had some time to think about what I had to do.,J'ai disposé de temps pour réfléchir à ce que j'avais à faire.
I had the feeling you were going to ask me that.,J'ai eu le sentiment que vous alliez me le demander.
I had the feeling you were going to ask me that.,J'ai eu le sentiment que tu allais me le demander.
I had to study French when I was in high school.,J'ai dû étudier le français quand j'étais au lycée.
I hate it when my clothes smell like cigarettes.,Je déteste quand mes habits sentent la clope.
I have a feeling you and I have a lot in common.,J'ai le sentiment que vous et moi avons beaucoup en commun.
I have an extremely tight schedule for tomorrow.,J'ai un programme extrêmement chargé pour demain.
I have been to the airport to see my friend off.,Je suis allé à l'aéroport accompagner un ami qui partait.
I have come in response to your ad in the paper.,Je suis venu en réponse à votre publicité dans le journal.
I have no intention of meddling in your affairs.,Je n'ai aucune intention de m'immiscer dans vos affaires.
I have no intention of meddling in your affairs.,Je n'ai aucune intention de me mêler de tes affaires.
I have one older brother and one younger sister.,J'ai un grand frère et une petite sœur.
I have something to tell you. I am your brother.,J'ai quelque chose à te dire. Je suis ton frère.
I have to learn many words and phrases by heart.,Je dois mémoriser beaucoup de vocabulaire et d'expressions.
I have to pull a ripcord to start my lawn mower.,Je dois tirer sur une cordelette de démarrage pour lancer ma tondeuse.
I have to take some photos for my class project.,Il me faut prendre des photos pour mon exposé.
I have to take some photos for my class project.,Il me faut prendre des photos pour mon élocution.
I haven't eaten French food since I left France.,Je n'ai pas consommé de nourriture française depuis que j'ai quitté la France.
I haven't felt like this since I was a teenager.,Je ne me suis pas senti comme ça depuis mon adolescence.
I haven't worked up the courage to tell her yet.,Je n'ai pas encore réuni le courage de le lui dire.
I heard a strange noise coming from the kitchen.,J'entendis un bruit étrange en provenance de la cuisine.
I heard a strange noise coming from the kitchen.,J'ai entendu un bruit étrange provenant de la cuisine.
I hope everything will turn out well in the end.,J'espère que tout ira bien à la fin.
I hope he will come up with a new and good idea.,J'espère qu'il lui viendra une nouvelle et bonne idée.
I hope you were able to buy everything you need.,J'espère que tu as pu acheter tout ce dont tu as besoin.
I hope you were able to buy everything you need.,J'espère que vous avez pu acheter tout ce dont vous avez besoin.
I just can't get used to taking orders from Tom.,Je n'arrive simplement pas à m'habituer à recevoir des ordres de Tom.
I knew there was something fishy about that guy.,Je savais que ce type avait quelque chose de louche.
"I know Mary is pretty, but she's not very smart.","Je sais que Mary est jolie, mais elle n'est pas très intelligente."
I know an English teacher who comes from Canada.,Je connais un professeur d'anglais qui vient du Canada.
I know that most people here can't speak French.,Je sais que la plupart des gens ici ne parlent pas français.
I know you aren't stupid enough to believe that.,Je sais que tu n'es pas stupide au point de croire ça.
I know you aren't stupid enough to believe that.,Je sais que tu n'es pas assez stupide pour croire cela.
I know you aren't stupid enough to believe that.,Je sais que vous n'êtes pas assez stupide pour croire cela.
I know you aren't stupid enough to believe that.,Je sais que vous n'êtes pas stupides au point de croire cela.
I leave home before eight o'clock every morning.,Je quitte la maison tous les matins avant huit heures.
I left my bag on the overhead rack in the train.,J'ai laissé mon sac dans le compartiment à bagages du dessus dans le train.
I left my wallet at home on that particular day.,J'avais oublié mon portefeuille à la maison ce jour-là.
I looked Tom in the eyes and told him the truth.,J'ai regardé Tom dans les yeux et lui ai dit la vérité.
"I lost the door key, so I can't enter the house.","J'ai perdu la clé de la porte, alors je ne peux pas entrer dans la maison."
I made a reservation at our favorite restaurant.,J'ai réservé dans notre restaurant préféré.
I made friends with them at the school festival.,Je m'en suis fait des amis à la fête de l'école.
I made friends with them at the school festival.,Je suis devenu amis avec eux à la fête de l'école.
I made friends with them at the school festival.,Je m'en suis fait des amies à la fête de l'école.
I moved to England from Germany when I was nine.,J'ai déménagé d'Allemagne en Angleterre lorsque j'avais neuf ans.
I need you to show me what you have in your bag.,J'ai besoin que tu me montres ce que tu as dans ton sac.
"I never wrote to her, despite the urge to do so.","Je ne lui ai jamais écrit, malgré l'envie irrépressible de le faire."
I notice the sale prices are written in red ink.,Je remarque que les prix de vente sont écrits à l'encre rouge.
I often use SSH to access my computers remotely.,J'utilise souvent SSH pour accéder à mes ordinateurs à distance.
I plan to study this afternoon after I get home.,"Je prévois de bûcher cet après-midi, après être rentré chez moi."
I plan to study this afternoon after I get home.,"Je prévois de bûcher cet après-midi, après être rentrée chez moi."
I promised to help my brother with his homework.,J'ai promis d'aider mon frère avec ses devoirs.
I realized it was a mistake as soon as I did it.,J’ai pris conscience que c’était une erreur dès que je l’ai fait.
I received your letter the day before yesterday.,J'ai reçu ta lettre avant-hier.
I received your letter the day before yesterday.,J'ai reçu votre lettre avant-hier.
I recommend a thorough checkup for your husband.,Je recommande un bilan complet pour votre époux.
I reserved my hotel room three weeks in advance.,J'ai réservé ma chambre d'hôtel trois semaines à l'avance.
I saw Tom a few minutes ago and he looked tired.,J'ai vu Tom il y a quelques minutes et il avait l'air fatigué.
I saw a fishing boat about a mile off the shore.,J'ai vu un bateau de pêche à environ un mile de la côte.
I saw a man yesterday eating from a garbage can.,"J'ai vu un homme hier, manger dans une poubelle."
I saw her taking a walk in the park at midnight.,Je l'ai vue se promener dans le parc à minuit.
I saw some of the guests leave the banquet room.,J'ai vu quelques invités quitter la salle du banquet.
I sent him a letter to let him know my decision.,Je lui ai envoyé une lettre pour lui faire savoir ma décision.
I shouldn't have drunk that last bottle of beer.,Je n'aurais pas dû boire cette dernière bouteille de bière.
I spoke slowly so that they could understand me.,J'ai parlé lentement pour qu'ils puissent me comprendre.
I started to learn French in junior high school.,J'ai commencé le français au collège.
I still haven't gotten over what happened to me.,Je ne me suis toujours pas remis de ce qui m'est arrivé.
I suggested that we bring the meeting to an end.,Je suggérai que nous missions fin à cette réunion.
I suggested that we bring the meeting to an end.,J'ai suggéré que nous mettions fin à la réunion.
I suppose you're already packed and ready to go.,Je suppose que tu as déjà fait tes valises et que tu es prêt à partir.
I suppose you're already packed and ready to go.,Je suppose que tu as déjà fait tes valises et que tu es prête à partir.
I suppose you're already packed and ready to go.,Je suppose que vous avez déjà fait vos valises et que vous êtes prêt à partir.
I suppose you're already packed and ready to go.,Je suppose que vous avez déjà fait vos valises et que vous êtes prêts à partir.
I suppose you're already packed and ready to go.,Je suppose que vous avez déjà fait vos valises et que vous êtes prête à partir.
I suppose you're already packed and ready to go.,Je suppose que vous avez déjà fait vos valises et que vous êtes prêtes à partir.
I think I'll stay in Boston for a few more days.,Je pense que je vais rester à Boston pour quelques jours de plus.
I think I've persuaded Tom to donate some money.,Je crois que j'ai convaincu Tom de faire un don.
I think Tom probably doesn't like you very much.,Je crois que Tom ne vous aime probablement pas beaucoup.
I think it natural for her to decline his offer.,Je pense qu'il était normal qu'elle refuse son offre.
I think it's highly unlikely that Tom will swim.,Je pense qu'il est peu probable que Tom nagera.
I think it's time for me to buy a decent camera.,Je pense qu'il est temps que j'achète un appareil photo digne de ce nom.
I think it's time for me to get my eyes checked.,Je pense qu'il est temps que je me fasse contrôler les yeux.
I think it's time for me to move to the suburbs.,Je pense qu'il est temps que je déménage en banlieue.
I think there's something you're not telling me.,Je pense que vous me cachez quelque chose.
I think this medicine will do you a lot of good.,Je pense que ce médicament vous fera beaucoup de bien.
I think you don't have enough money to buy that.,Je pense que tu n'as pas assez d'argent pour acheter ça.
I think you don't have enough money to buy that.,Je pense que vous n'avez pas assez d'argent pour acheter cela.
I think you know exactly what I'm talking about.,Je pense que tu sais exactement de quoi je parle.
I think you know exactly what I'm talking about.,Je pense que vous savez exactement de quoi je parle.
I thought I told you not to talk to my daughter.,Je pensais vous avoir dit de ne pas adresser la parole à ma fille.
I thought I told you not to talk to my daughter.,Je pensais t'avoir dit de ne pas parler à ma fille.
I thought you were supposed to be at school now.,Je pensais que tu étais censé être en cours maintenant.
I thought you were supposed to be at school now.,Je pensais que tu étais censé être en cours en ce moment.
I thought you were supposed to be at school now.,Je pensais que tu étais censée être à l'école maintenant.
I thought you were supposed to be at school now.,Je pensais que tu étais censée être à l'école en ce moment.
I thought you were supposed to be at school now.,Je pensais que vous étiez censés être en cours maintenant.
I thought you were supposed to be at school now.,Je pensais que vous étiez censées être à l'école maintenant.
I thought you'd always wanted to see this movie.,Je pensais que tu avais toujours voulu voir ce film.
I thought you'd always wanted to see this movie.,Je pensais que vous aviez toujours voulu voir ce film.
I told Tom that I never wanted to see him again.,J'ai dit à Tom que je ne voulais plus le voir.
I told you that my dad died when I was thirteen.,Je vous ai dit que mon père était mort quand j'avais treize ans.
I took it for granted that you were on our side.,J'ai pris comme acquis que vous étiez de notre côté.
I want him to be informed about that in advance.,Je veux qu'il soit informé de cela en avance.
I want those reports on my desk within the hour.,"Je veux ces rapports, dans l'heure, sur mon bureau."
I want to eat some Korean food that isn't spicy.,Je veux manger de la nourriture coréenne qui ne soit pas épicée.
I want to get a haircut before I go on the trip.,Je veux me faire couper les cheveux avant de partir en voyage.
I want to know if my baggage is going to arrive.,J'aimerais bien savoir si mes bagages vont bientôt arriver.
I want to know who you were with this afternoon.,Je veux savoir avec qui tu étais cet après-midi.
I want to make sure you are who you say you are.,Je veux m'assurer que tu es celui que tu dis être.
I want to make sure you are who you say you are.,Je veux m'assurer que tu es celle que tu dis être.
I want to make sure you are who you say you are.,Je veux m'assurer que vous êtes celle que vous dites être.
I want to make sure you are who you say you are.,Je veux m'assurer que vous êtes celui que vous dites être.
I want to make sure you are who you say you are.,Je veux m'assurer que vous êtes celles que vous dites être.
I want to make sure you are who you say you are.,Je veux m'assurer que vous êtes ceux que vous dites être.
I want to make sure you are who you say you are.,Je veux m'assurer que vous êtes celle que vous déclarez être.
I want to make sure you are who you say you are.,Je veux m'assurer que vous êtes celui que vous déclarez être.
I want to make sure you are who you say you are.,Je veux m'assurer que vous êtes celles que vous déclarez être.
I want to make sure you are who you say you are.,Je veux m'assurer que vous êtes ceux que vous déclarez être.
I want to make sure you are who you say you are.,Je veux m'assurer que tu es celle que tu déclares être.
I want to make sure you are who you say you are.,Je veux m'assurer que tu es celui que tu déclares être.
I want you to go to your room and lock the door.,Je veux que tu ailles dans ta chambre et que tu verrouilles la porte.
I want you to go to your room and lock the door.,Je veux que tu ailles dans ta chambre et que tu en verrouilles la porte.
I want you to go to your room and lock the door.,Je veux que vous alliez dans votre chambre et que vous verrouilliez la porte.
I want you to go to your room and lock the door.,Je veux que vous alliez dans votre chambre et que vous en verrouilliez la porte.
I want you to help me find out who stole my car.,Je veux que tu m'aides à découvrir qui a volé ma voiture.
I want you to help me find out who stole my car.,Je veux que vous m'aidiez à trouver qui a volé ma voiture.
"I wanted to say something, but I was too scared.","Je voulais dire quelque chose, mais j'étais trop effrayé."
I wanted you to know that I'm still your friend.,Je voulais que tu saches que je suis toujours ton ami.
I was bored because I had seen the movie before.,Je m'ennuyais parce que j'avais déjà vu le film.
I was born on the twenty-second of June in 1974.,Je suis né le vingt-deux juin 1974.
I was deeply affected when I heard of his death.,Je fus profondément affecté lorsque j'appris son décès.
I was deeply affected when I heard of his death.,J'ai été profondément affecté lorsque j'ai appris son décès.
I was searching for something that didn't exist.,Je cherchais quelque chose qui n'existait pas.
I was surprised at the news of his sudden death.,J'ai été surpris par la nouvelle de son décès soudain.
I will be working on my report all day tomorrow.,Je travaillerai à mon rapport toute la journée de demain.
I will forgive him out of consideration for you.,Je lui pardonnerai en vertu de la considération que je vous porte.
I will give these tickets to whoever wants them.,Je donnerai ces tickets à celui qui les voudra.
I will go there on foot or by bicycle next time.,"J'irai à pied ou en vélo, la prochaine fois."
I will go there on foot or by bicycle next time.,"Je m'y rendrai à pied ou en vélo, la prochaine fois."
I will have finished the work before you return.,J'aurai terminé le travail avant que vous ne reveniez.
I will have finished the work before you return.,J'aurai terminé le travail avant que tu ne reviennes.
I will have lived here for ten years next month.,Cela fera dix ans que j'habite ici le mois prochain.
I will see to it that you meet her at the party.,Je m'arrangerai pour que vous la rencontriez lors de la fête.
"I wish I could tell you the reason, but I can't.","J'aimerais pouvoir vous dire la raison, mais je ne peux pas."
"I wish I could tell you the reason, but I can't.","J'aimerais pouvoir te dire la raison, mais je ne peux pas."
I wish I had married your sister instead of you.,Je souhaiterais m'être marié à ta sœur au lieu de toi.
I wish she would stop playing that stupid music.,Si seulement elle arrêtait de jouer cette musique idiote !
I wish that I could give you the money you need.,J'aimerais pouvoir te donner l'argent dont tu as besoin.
I wish that I could give you the money you need.,Je voudrais pouvoir vous donner l'argent dont vous avez besoin.
I wish that I could speak French as well as Tom.,J'aimerais pouvoir parler français aussi bien que Tom.
I withdrew some money from the bank for my trip.,J'ai retiré de l’argent de la banque pour mon voyage.
I wonder what the weather will be like tomorrow.,Je me demande comment le temps sera demain.
I wonder whether or not this milk is still good.,Je me demande si ce lait est toujours bon ou pas.
I wonder why I feel so lonely when it gets cold.,Je me demande pourquoi je me sens si seul quand il fait froid.
I wore a hat yesterday because it was very cold.,Hier j’ai mis un chapeau parce qu’il faisait très froid.
I'd like to ask you the same question once more.,J'aimerais vous poser la même question une fois de plus.
I'd like to confirm my reservation for the 30th.,J'aimerais confirmer ma réservation pour le 30.
I'd like to get away from Boston for a few days.,J'aimerais m'éloigner de Boston pour quelques jours.
I'd like to introduce you to some of my friends.,J'aimerais vous présenter des amis à moi.
I'd like to introduce you to some of my friends.,J'aimerais te présenter des amis à moi.
I'd like to leave this town and never come back.,Je voudrais quitter cette ville et ne jamais revenir.
I'd like to take a couple of days off next week.,J'aimerais prendre deux jours de congé la semaine prochaine.
I'd love to know if my luggage is arriving soon.,J'aimerais bien savoir si mes bagages vont bientôt arriver.
"I'd rather not talk about it, if you don't mind.","Je préfère ne pas en parler, si tu veux bien."
I'll be returning to Boston sometime next month.,Je retournerai à Boston le mois prochain.
I'll have to make amends to them for my mistake.,Il me faudra leur faire amende honorable pour mon erreur.
I'll help you prevent that from happening again.,Je vais t'aider à faire en sorte que cela ne se reproduise pas.
I'll never be able to do that without your help.,Je ne pourrai jamais faire ça sans ton aide.
I'll never be able to do that without your help.,Je ne serai jamais capable de faire cela sans votre aide.
I'll pay you back the money I owe you next week.,Je te rembourserai la semaine prochaine l'argent que je te dois.
I'll stand by you no matter what others may say.,"Je me tiendrai à tes côtés, quoi qu'en puissent dire les autres."
I'm afraid even your friends can't save you now.,Je crains que même tes amis ne puissent désormais te sauver.
I'm afraid even your friends can't save you now.,Je crains que même vos amis ne puissent désormais vous sauver.
I'm amazed by the rate at which industries grow.,Je suis ébahi par le rythme auquel les industries se développent.
I'm getting back together with my ex-girlfriend.,Je retourne avec mon ex petite amie.
I'm getting back together with my ex-girlfriend.,Je retourne avec mon ex petite copine.
I'm glad I have a friend like you to confide in.,Je suis heureuse d'avoir une amie comme toi à qui me confier.
I'm glad I have a friend like you to confide in.,Je suis heureuse d'avoir une amie comme vous à qui me confier.
I'm glad I have a friend like you to confide in.,Je suis heureux d'avoir une amie comme toi à qui me confier.
I'm glad I have a friend like you to confide in.,Je suis heureuse d'avoir un ami comme toi à qui me confier.
I'm glad I have a friend like you to confide in.,Je suis heureuse d'avoir un ami comme vous à qui me confier.
I'm glad I have a friend like you to confide in.,Je suis heureux d'avoir une amie comme vous à qui me confier.
I'm glad I have a friend like you to confide in.,Je suis heureux d'avoir un ami comme toi à qui me confier.
I'm glad I have a friend like you to confide in.,Je suis heureux d'avoir un ami comme vous à qui me confier.
I'm going to Japan with my girlfriend in August.,J'irai au Japon avec ma copine en août.
I'm going to do something by myself for a while.,"Je vais faire quelque chose par moi-même, pendant un moment."
I'm not convinced that you're telling the truth.,Je ne suis pas convaincu que tu dis la vérité.
I'm not convinced that you're telling the truth.,Je ne suis pas convaincue que vous disiez la vérité.
I'm on my way to visit a friend in the hospital.,Je suis en route pour rendre visite à un ami à l'hôpital.
I'm on my way to visit a friend in the hospital.,Je suis en route pour rendre visite à une amie à l'hôpital.
I'm one of the thirty people who had to do that.,Je suis l'une des trente personnes qui devaient le faire.
I'm pretty sure that Tom doesn't have a brother.,Je suis pratiquement sûr que Tom n'a pas de frère.
I'm pretty sure that Tom doesn't have a brother.,Je suis pratiquement sûre que Tom n'a pas de frère.
"I'm really busy today, otherwise I would accept.","Je suis vraiment occupé, aujourd'hui, sans quoi j'accepterais."
"I'm really busy today, otherwise I would accept.","Je suis vraiment occupée, aujourd'hui, sans quoi j'accepterais."
I'm really looking forward to my birthday party.,J'attends ma fête d'anniversaire avec beaucoup d'impatience.
I'm sick of hearing the same thing all the time.,J'en ai assez de toujours entendre la même chose.
I'm sick of hearing the same thing all the time.,J'en ai marre de tout le temps entendre la même chose.
I'm sorry that I can't be who you want me to be.,Je suis désolé de ne pouvoir être celui que tu voudrais que je sois.
I'm sorry that I can't be who you want me to be.,Je suis désolée de ne pouvoir être celle que tu voudrais que je sois.
I'm sorry to interrupt you while you're talking.,Je suis désolé de vous interrompre pendant que vous parlez.
I'm thinking about putting my house up for sale.,Je réfléchis à mettre ma maison en vente.
I'm thinking about visiting my friend next year.,J'envisage de rendre visite à mon ami l'année prochaine.
I've already done most of what needs to be done.,J'ai déjà fait la plupart de ce qui doit être fait.
I've always wanted to live in this neighborhood.,J'ai toujours voulu vivre dans ce quartier.
I've always wanted to meet your younger brother.,J'ai toujours voulu rencontrer ton petit frère.
I've always wanted to meet your younger brother.,J'ai toujours voulu rencontrer votre jeune frère.
I've asked myself that question a hundred times.,Je me suis posé cette question cent fois.
I've asked myself that question a million times.,Je me suis posé cette question un million de fois.
I've been looking for a new job for a long time.,Je cherche une nouvelle place depuis longtemps.
I've been looking for a new job for a long time.,Je cherche un nouveau poste depuis longtemps.
I've been meditating on what you said last week.,J’ai médité ce que tu as dit la semaine passée.
I've been meditating on what you said last week.,J’ai médité ce que vous avez dit la semaine passée.
I've been working since I was sixteen years old.,Je travaille depuis mes seize ans.
I've changed. I'm not the same man I used to be.,J'ai changé. Je ne suis plus l'homme que j'étais.
I've got Tom's address somewhere on my computer.,J'ai l'adresse de Tom quelque part dans mon ordinateur.
I've made peace with my maker. I'm ready to die.,J'ai fait la paix avec mon créateur. Je suis prêt à mourir.
I've made the same mistakes as I made last time.,J'ai commis les mêmes erreurs que la dernière fois.
I've never been to a professional baseball game.,Je ne suis jamais allé à un match de base-ball professionnel.
I've never been to a professional baseball game.,Je ne suis jamais allée à un match de base-ball professionnel.
I've told you a million times not to exaggerate.,Je t'ai dit un million de fois de ne pas exagérer.
I've told you a million times not to exaggerate.,Je vous ai dit un million de fois de ne pas exagérer.
I've underestimated the strength of my opponent.,J'ai sous-estimé la force de mon adversaire.
"If I had one million yen now, I would buy a car.","Là maintenant, si j'avais un million de yens, j'achèterais une voiture."
"If I screw up, what's the worst that can happen?","Si je foire, quel est le pire qui puisse advenir ?"
"If I screw up, what's the worst that can happen?","Si je foire, quel est le pire qui puisse se passer ?"
"If I screw up, what's the worst that can happen?","Si je me vautre, quel est le pire qui puisse advenir ?"
"If I were caught, do you know what would happen?","Si je me faisais prendre, sais-tu ce qui arriverait ?"
"If I were caught, do you know what would happen?","Si je me faisais prendre, savez-vous ce qui arriverait ?"
"If I were caught, do you know what would happen?","Si je me faisais prendre, sais-tu ce qui adviendrait ?"
"If Tom finds out I told you this, he'll kill me.","Si Tom découvre que je t'ai dit ceci, il me tuera."
"If Tom finds out I told you this, he'll kill me.","Si Tom découvre que je vous ai dit ceci, il me tuera."
"If Tom has a problem with me, he should tell me.","Si Tom a un problème avec moi, qu'il me le dise."
"If he had been free, he would have gone fishing.","S'il avait été libre, il serait allé pêcher."
"If he is proficient in English, I'll employ him.","S'il maîtrise l'anglais, je l'embaucherai."
"If he is proficient in English, I'll employ him.","S'il est compétent en anglais, je l'emploierai."
"If it hadn't been for his help, I'd have failed.","S'il ne m'avait aidé, j'aurais échoué."
"If it is sunny tomorrow, we will go on a picnic.","S'il fait beau demain, nous irons pique-niquer."
"If it's raining tomorrow, we'll go there by car.","S'il pleut, demain, nous irons en voiture."
"If it's raining tomorrow, we'll go there by car.","S'il pleut, demain, nous nous y rendrons en voiture."
"If so, then there's no problem at all, is there?","Si tel est le cas, il n'y aucun problème, n'est-ce pas ?"
"If you ask me, this is a complete waste of time.","Si tu veux mon avis, c'est une totale perte de temps."
"If you ask me, this is a complete waste of time.","Si vous voulez mon avis, c'est une totale perte de temps."
"If you don't mind, may we inspect your suitcase?","Si ça ne vous dérange pas, pourrions-nous inspecter votre valise ?"
"If you don't study harder, you'll fail for sure.","Si tu n'étudies pas plus dur, il est certain que tu échoueras."
"If you don't want to talk about it, that's okay.","Si tu ne veux pas en parler, ce n'est pas grave."
"If you don't water the plants, they will wither.","Si tu n'arroses pas les plantes, elles vont se flétrir."
"If you had a million dollars, what would you do?","Si tu disposais d'un million de dollars, que ferais-tu ?"
"If you had a million dollars, what would you do?","Si vous disposiez d'un million de dollars, que feriez-vous ?"
"If you have something to say, say it to my face.","Si vous avez quelque chose à dire, dites-le-moi en face !"
"If you have something to say, say it to my face.","Si tu as quelque chose à dire, dis-le-moi en face !"
"If you really like Mary, you should ask her out.","Si tu aimes vraiment Mary, tu devrais l'inviter à sortir."
"In 1958, Brazil won its first World Cup victory.","En 1958, le Brésil a gagné sa première Coupe du Monde."
"In a way you are right, but I still have doubts.","D'une certaine manière tu as raison, mais j'ai encore des doutes."
"In a way you are right, but I still have doubts.","En un sens, vous avez raison, mais j'ai encore des doutes."
"In all probability, we'll arrive before they do.","Selon toute probabilité, nous arriverons avant eux."
"In politics there are no friends, only partners.","En politique, il n'y a pas d'amis, seulement des partenaires."
"In the morning, I was woken up by the telephone.",J'ai été réveillé ce matin par le téléphone.
In time he'll come to see the error of his ways.,Avant peu il prendra conscience de l'erreur de ses manières.
Is it OK to drink alcoholic drinks in this park?,Est-il autorisé de boire de l'alcool dans ce parc ?
Is it OK to drink alcoholic drinks in this park?,Est-il admis de boire de l'alcool dans ce parc ?
Is she so stupid that she believes such a thing?,Est-elle assez bête pour croire une telle chose ?
Is there a link between smoking and lung cancer?,Y a-t-il un lien entre fumer et le cancer du poumon ?
It always takes time to get used to a new place.,Ça prend toujours du temps pour s'habituer à une nouvelle place.
It began to rain five minutes after I left home.,Il a commencé à pleuvoir cinq minutes après que j'ai quitté la maison.
It depends on how much money you have available.,Ça dépend de combien d'argent vous disposez.
It doesn't matter to me whether you come or not.,Cela ne fait aucune différence pour moi que vous veniez ou non.
It doesn't seem like it's going to stop raining.,On n'a pas l’impression qu'il va cesser de pleuvoir.
It has been over three years since I moved here.,Cela fait plus de trois ans depuis que j'ai emménagé ici.
It is an advantage to be able to use a computer.,C'est un avantage de savoir utiliser un ordinateur.
It is an advantage to be able to use a computer.,C'est un avantage d'être capable d'utiliser un ordinateur.
It is certain that he will pass the examination.,C'est sûr qu'il va réussir l'examen.
It is hard to distinguish you from your brother.,Il est difficile de te distinguer de ton frère.
It is in this room that the summit will be held.,C'est dans cette pièce que le sommet se tiendra.
It is kind of you go out of your way to help me.,Merci d'être venus spécialement pour m'aider.
It is necessary for you to go there immediately.,Il faut que tu y ailles immédiatement.
It is necessary for you to go there immediately.,Il faut que vous vous y rendiez immédiatement.
It is one of the biggest summer music festivals.,C'est l'un des plus gros festivals de musique en été.
It is one of the biggest summer music festivals.,C'est l'un des plus gros festivals de musique estivaux.
It is preferable that he gets there by tomorrow.,Il est préférable qu'il arrive là-bas d'ici demain.
It is said that the poor are not always unhappy.,On dit que les gens pauvres ne sont pas toujours malheureux.
It is said that treasure is buried in this area.,Il est dit qu'un trésor est enterré dans cet endroit.
It is useless to discuss the matter any further.,Il est inutile de discuter de l'affaire plus longtemps.
It looks like they're satisfied with the result.,On dirait qu'ils sont contents du résultat.
It makes no difference whether you agree or not.,Cela ne changera rien que vous soyez d'accord ou pas.
It might be a long time before you see me again.,Tu ne me reverras peut-être pas comme ça de sitôt.
It might be a long time before you see me again.,On ne se reverra pas de sitôt.
It might be a long time before you see me again.,Il pourrait se passer un moment avant que tu me revoies.
It might be a long time before you see me again.,Il va sans doute falloir beaucoup de temps avant que vous me revoyiez.
It occurred to him that he should start at once.,Il lui vint à l'esprit de commencer tout de suite.
It occurred to me that my watch might be broken.,J'ai compris que ma montre devait être cassée.
It seems like you're in a bad mood this morning.,On dirait que tu es de mauvaise humeur ce matin.
It takes more than one swallow to make a summer.,Une hirondelle ne fait pas le printemps.
It took me a long time to get used to the noise.,M'habituer au bruit me prit beaucoup de temps.
It took me a long time to get used to the noise.,M'habituer au bruit me prit un long moment.
It took me a long time to get used to the noise.,M'accoutumer au bruit me prit beaucoup de temps.
It took me a long time to get used to the noise.,M'accoutumer au bruit me prit un long moment.
It took me a long time to get used to the noise.,M'accoutumer au bruit m'a pris beaucoup de temps.
It took me a long time to get used to the noise.,M'habituer au bruit m'a pris beaucoup de temps.
It took me a long time to get used to the noise.,M'accoutumer au bruit m'a pris un long moment.
It took me a long time to get used to the noise.,M'habituer au bruit m'a pris un long moment.
It was not difficult to pretend to be my mother.,Ce n'était pas difficile de prétendre être ma mère.
It was not until yesterday that I knew her name.,Ce n'est que depuis hier que j'ai appris son nom.
It was not until yesterday that I knew his name.,Ce n'est que depuis hier que j'ai appris son nom.
It was not until yesterday that I knew the news.,Je n'ai pas eu connaissance des nouvelles jusqu'à hier.
It was the first time that I visited the museum.,C'était la première fois que je visitais le musée.
It was very sensible of him to reject the bribe.,Ce fut très avisé de sa part de refuser le pot-de-vin.
It was very sensible of him to reject the bribe.,Refuser le bakchich fut très avisé de sa part.
It wasn't until yesterday that I heard the news.,Ce n'est que depuis hier que j'ai entendu les infos.
It will be difficult for him to get up so early.,Ce sera difficile pour lui de se lever si tôt.
It will take some time before he understands it.,Cela prendra du temps avant qu'il comprenne ça.
It would be better to be blind than to see that.,Mieux vaut être aveugle que de voir ça.
It wouldn't be the first time that has happened.,Cela ne devrait pas être la première fois que cela arrive.
It'll take some time to get used to living here.,Ça prendra un peu de temps pour s'habituer à vivre ici.
It's about time you stopped watching television.,Il est temps d'arrêter de regarder la télévision.
It's anybody's guess who will win the next race.,Savoir qui gagnera la prochaine course est pure conjecture.
It's been a long time since I last spoke French.,Ça fait longtemps depuis la dernière fois que j'ai parlé français.
It's been a long time since I last spoke French.,Ça fait longtemps que je n'ai pas parlé français.
It's been a long time since I've seen my family.,Ça fait longtemps que je n'ai pas vu ma famille.
It's been a long time since I've seen you smile.,Ça fait longtemps que je ne t'ai pas vue sourire.
It's been a long time since I've seen you smile.,Ça fait longtemps que je ne vous ai pas vu sourire.
It's difficult to understand why you want to go.,Il est difficile de comprendre pourquoi tu veux partir.
It's difficult to understand why you want to go.,Il est difficile de comprendre pourquoi tu veux y aller.
It's difficult to understand why you want to go.,Il est difficile de comprendre pourquoi tu veux t'en aller.
It's difficult to understand why you want to go.,Il est difficile de comprendre pourquoi vous voulez partir.
It's difficult to understand why you want to go.,Il est difficile de comprendre pourquoi vous voulez y aller.
It's difficult to understand why you want to go.,Il est difficile de comprendre pourquoi vous voulez vous en aller.
It's going to be great and exciting to be there.,Ça va être super et passionnant d'y être.
It's hard for me to express ideas through words.,Il m'est difficile d'exprimer des idées par des mots.
It's hard to figure out who's telling the truth.,C'est difficile de savoir qui dit la vérité.
It's more complicated than I originally thought.,C'est plus dur que ce que je pensais.
It's more complicated than I originally thought.,C'est plus compliqué que je ne le pensais à l'origine.
It's more complicated than I originally thought.,C'est plus compliqué que ce que j'avais pensé au départ.
It's not necessary to write more than 400 words.,Il n'est pas nécessaire d'écrire plus de quatre cents mots.
It's not too late to tell Tom that you love him.,Ce n'est pas trop tard pour dire à Tom que tu l'aimes.
It's rumored that they are going to get married.,La rumeur dit qu'ils vont se marier.
Japan has caught up with America in some fields.,Le Japon a rejoint l'Amérique dans certains domaines.
"Judging from his accent, he must be from Kyushu.","À en juger par son accent, il doit être de Kyushu."
Juggling is actually a lot easier than it looks.,Jongler est en fait beaucoup plus facile que cela en a l'air.
Juggling is actually a lot easier than it looks.,Jongler est en réalité beaucoup plus facile qu'il n'y paraît.
Last night there was a fire in the neighborhood.,"La nuit dernière, il y a eu un incendie dans le voisinage."
Let me introduce you to a new way of doing that.,Laisse-moi te montrer une nouvelle manière de faire ça.
Let me introduce you to a new way of doing that.,Laisse-moi t'initier à une nouvelle façon de le faire.
Let me introduce you to a new way of doing that.,Laissez-moi vous présenter une nouvelle manière de faire cela.
Let me know when you will arrive at the airport.,Dites-moi quand vous arrivez à l'aéroport.
Let me tell you about the origin of this school.,Laisse-moi te raconter l'origine de cette école.
Let's change into our swimsuits and go swimming.,Passons nos maillots de bain et allons nager.
Let's compare the translation with the original.,Comparons la traduction à l'original.
Let's forget the past and talk about the future.,Oublions le passé et parlons de l'avenir.
Let's get down to brass tacks and talk business.,Venons-en aux faits et parlons affaires.
Let's go get snockered like we did last weekend.,Allons nous bourrer la gueule comme on a fait le week-end dernier.
Let's leave the matter as it is for the present.,Laissons le problème où il est pour le moment.
Let's list all the reasons we shouldn't do that.,Listons toutes les raisons pour lesquelles nous ne devrions pas faire ça.
Let's not discuss this in front of the children.,Ne parlons pas de ça devant les enfants.
Let's see if we can find out what the matter is.,Essayons de savoir quel est le problème.
Let's sit here for a while and look at the view.,Asseyons-nous ici un moment à contempler la vue !
Let's wrap up this work now and go out drinking.,Torchons maintenant ce boulot et sortons boire un verre.
Listen carefully and do exactly what I tell you.,Écoute attentivement et fais exactement ce que je te dis !
Listen carefully and do exactly what I tell you.,Écoutez attentivement et faites exactement ce que je vous dis !
Listen carefully to what I am going to tell you.,Écoutez soigneusement ce que je vais vous dire.
Look up words you don't know in your dictionary.,Cherchez les mots que vous ne connaissez pas dans votre dictionnaire.
Lucky are those who have escaped safe and sound.,Ceux qui s'en sont sortis sains et saufs sont chanceux.
Make sure you finish this by the end of the day.,Assure-toi de finir ça avant la fin de la journée.
Many Americans protested the purchase of Alaska.,De nombreux Étasuniens protestèrent contre l'acquisition de l'Alaska.
Many criminals in America are addicted to drugs.,Aux États-Unis de nombreux criminels sont dépendants à la drogue.
Many people believe that money brings happiness.,Beaucoup de gens pensent que l'argent fait le bonheur.
Many people use cash machines to withdraw money.,Beaucoup de gens utilisent des distributeurs de billets pour retirer de l'argent.
Many young people don't listen to radio anymore.,De nombreux jeunes gens n'écoutent plus la radio.
Marrying you was the biggest mistake of my life.,T'épouser a été la plus grosse erreur de ma vie.
Mary is going to open a gift from her boyfriend.,Mary va ouvrir un cadeau de son petit ami.
Mary shaves her legs more often than Alice does.,Mary se rase les jambes plus souvent qu'Alice.
Mary thinks that the world is a dangerous place.,Marie pense que le monde est un endroit dangereux.
Mass production reduced the price of many goods.,La production en masse a réduit le prix de beaucoup de biens.
Mass production reduced the price of many goods.,La production de masse a réduit le prix de beaucoup de marchandises.
Mastering a foreign language calls for patience.,Maîtriser une langue étrangère demande de la patience.
Mastering a foreign language calls for patience.,Maîtriser une langue étrangère requiert de la patience.
May I talk with you in private about the matter?,Puis-je vous parler de ce sujet en privé ?
May I use your eraser? I seem to have lost mine.,Puis-je utiliser ta gomme ? Il semble que j'ai égaré la mienne.
Maybe Tom was the one who stole Mary's necklace.,Peut-être est-ce Tom qui a volé le collier de Mary.
Maybe Tom was trying to warn us about something.,Peut-être Tom essayait de nous avertir à propos de quelque chose.
Men were attracted to her like moths to a flame.,Les hommes étaient attirés par elle comme les papillons de nuit par une flamme.
Monopoly is a popular game for families to play.,Le Monopoly est un jeu populaire pour les familles.
More and more students are joining the protests.,De plus en plus d'étudiants se joignent aux protestations.
Most people are very passionate about something.,La plupart des gens sont très passionnés par quelque chose.
Museums do a pretty good job preserving history.,Les musées effectuent un assez bon travail de sauvegarde historique.
My boss has the ability to read books very fast.,Mon chef a la capacité de lire des livres très rapidement.
My boss rejected the budget for the new project.,Mon chef a rejeté le budget pour le nouveau projet.
My dream is to lead a quiet life in the country.,Mon rêve est de vivre une vie tranquille à la campagne.
My dream is to make it as an actor in Hollywood.,Mon rêve est de devenir acteur à Hollywood.
"My father can speak French, but my mother can't.","Mon père sait parler français, mais pas ma mère."
"My father can speak French, but my mother can't.","Mon père sait parler français, mais ma mère, non."
My first impression of him proved to be correct.,Ma première impression sur lui s'avéra correcte.
My grandfather no longer has a driver's license.,Mon grand-père n'a plus de permis de conduire.
My impression of the United States is very good.,Mon impression sur les États-Unis est très bonne.
My mother always gets up earlier in the morning.,Ma mère se lève toujours plus tôt le matin.
My mother was in the hospital during the summer.,Ma mère était à l'hôpital pendant l'été.
My parents hardly ever punished me for anything.,Mes parents ne m'ont pour ainsi dire jamais puni pour quoi que ce soit.
My parents hardly ever punished me for anything.,Mes parents ne m'ont pour ainsi dire jamais punie pour quoi que ce soit.
My parents never punished me for anything I did.,Mes parents ne me punissaient jamais pour quoi que je fisse.
My sister has three times as many books as I do.,Ma sœur a trois fois plus de livres que moi.
Never put off to tomorrow what you can do today.,Ne remets pas à demain ce que tu peux faire aujourd’hui.
New York City policemen wear dark blue uniforms.,Les policiers de la ville de New York portent un uniforme bleu sombre.
"No matter what you say, I'm convinced I'm right.","Quoi que tu puisses dire, je suis convaincu d'avoir raison."
No one in his class can run faster than he does.,Personne de sa classe n'est plus rapide que lui.
Not a sound was to be heard in the concert hall.,On n'entendait pas un son dans la salle de concert.
"Not knowing what to do, I telephoned the police.","Ne sachant que faire, j'ai appelé la police."
"On the other hand, there are some disadvantages.","D'un autre côté, il y a quelques désavantages."
"Once you've started something, don't give it up.","Une fois que vous avez commencé quelque chose, n'abandonnez pas."
One does not wear a red mini skirt to a funeral.,On ne porte pas une mini-jupe rouge à des funérailles.
Oprah Winfrey has great influence over her fans.,Oprah Winfrey exerce une grande influence sur ses admirateurs.
Our French teacher gives us a test every Monday.,Notre professeur de français nous donne un contrôle chaque lundi.
Our class has twenty-five boys and twenty girls.,Notre classe compte 25 garçons et 20 filles.
Our conversation was interrupted by his sneezes.,Notre conversation a été interrompue par ses éternuements.
Our guide knows the history of all these places.,Notre guide connaît l'histoire de tous ces lieux.
"Out of the two, I choose the less expensive one.",Je choisis le moins cher des deux.
Over three thousand people attended the concert.,Plus de trois mille personnes assistèrent au concert.
Over three thousand people attended the concert.,Plus de trois mille personnes ont assisté au concert.
Paparazzi thronged both sides of the red carpet.,Les paparazzi se pressaient des deux côtés du tapis rouge.
Paris is one of the largest cities in the world.,Paris est une des villes les plus grandes du monde.
Patience is sometimes the most effective weapon.,La patience est parfois l'arme la plus efficace.
People might think you're stupid if you do that.,Les gens pourront penser que tu es stupide si tu fais ça.
Perhaps we shouldn't be talking about this here.,Peut-être ne devrions-nous pas parler de ceci ici.
Photography is now considered a new form of art.,La photographie est désormais considérée comme une nouvelle forme d'art.
Please come around someday when you aren't busy.,"Je vous en prie, venez me rendre visite un de ces jours quand vous ne serez pas occupé."
Please forgive me for not answering your letter.,Pardonnez-moi de ne pas avoir répondu à votre lettre.
Please mail this form to your insurance company.,"S'il vous plait, envoyez ce formulaire par la poste à votre compagnie d'assurance."
Please note that the price is subject to change.,Veuillez noter que le prix est susceptible d'évoluer.
Please note that the price is subject to change.,Veuillez noter que le prix est sujet à des changements.
Please tell me which bus to take to go downtown.,Veuillez me dire quel bus prendre pour me rendre en ville.
Please tell me which bus to take to go downtown.,"Dis-moi quel bus prendre pour me rendre en ville, s'il te plait."
Please translate this Japanese text into French.,Veuillez traduire ce texte japonais en français.
Reading is to the mind what food is to the body.,La lecture est à l'esprit ce que la nourriture est au corps.
Saint Patrick's Day is celebrated on March 17th.,La Saint Patrick est célébrée le dix-sept mars.
Schools will be closed today due to the weather.,Les écoles seront fermées aujourd'hui à cause du temps.
Science does not solve all the problems of life.,La science ne résout pas tous les problèmes.
"Seen from the moon, the earth looks like a ball.","De la Lune, la Terre ressemble à un ballon."
Send in something to eat or I'll kill a hostage.,Faites venir quelque chose à manger ou je tue un otage.
Several bridges have been damaged or swept away.,Plusieurs ponts ont été endommagés ou emportés.
Several children are playing on the sandy beach.,Plusieurs enfants jouent sur la plage de sable.
Sexual harassment has now become a social issue.,Le harcèlement sexuel est maintenant devenu un problème de société.
She acknowledged that she couldn't speak French.,Elle a admis ne pas être capable de parler français.
She advised him to walk instead of taking a bus.,Elle lui conseilla de marcher plutôt que de prendre le bus.
She advised him to walk instead of taking a bus.,Elle lui a conseillé de marcher plutôt que de prendre le bus.
She always takes her time in choosing her dress.,Elle prend toujours son temps pour choisir sa robe.
She asked him for some money to buy a new dress.,Elle lui demanda de l'argent pour acheter une nouvelle robe.
She asked him for some money to buy a new dress.,Elle lui a demandé de l'argent pour acheter une nouvelle robe.
"She asked him to stay, but he had to go to work.","Elle lui demanda de rester, mais il devait se rendre au travail."
"She asked him to stay, but he had to go to work.","Elle lui a demandé de rester, mais il devait se rendre au travail."
She asked me to continue writing to your father.,Elle m'a demandé de continuer à écrire à ton père.
She bought a shirt for him to wear to the party.,Elle lui acheta une chemise à porter à la fête.
She bought a shirt for him to wear to the party.,Elle lui a acheté une chemise à porter à la fête.
She brought him to our place to meet my parents.,Elle l'emmena chez nous pour rencontrer mes parents.
She brought him to our place to meet my parents.,Elle l'a emmené chez nous pour rencontrer mes parents.
She celebrated her fifteenth birthday yesterday.,Elle a célébré hier son quinzième anniversaire.
She devoted her life to helping the handicapped.,Elle a consacré sa vie à l'aide aux handicapés.
She explained to him why she couldn't visit him.,Elle lui expliqua pourquoi elle ne pourrait lui rendre visite.
She explained to him why she couldn't visit him.,Elle lui expliqua pourquoi elle ne pouvait lui rendre visite.
She explained to him why she couldn't visit him.,Elle lui a expliqué pourquoi elle ne pourrait lui rendre visite.
She explained to him why she couldn't visit him.,Elle lui a expliqué pourquoi elle ne pouvait lui rendre visite.
She furnished the room with beautiful furniture.,Elle aménagea la pièce avec de beaux meubles.
She goes jogging every morning before breakfast.,Elle va courir chaque matin avant le petit-déjeuner.
She got him to do anything she wanted him to do.,Elle obtint qu'il fasse tout ce qu'elle voulait.
She got him to do anything she wanted him to do.,Elle a obtenu qu'il fasse tout ce qu'elle voulait.
She had been sick for a week when I visited her.,Elle était malade depuis une semaine quand je lui ai rendu visite.
She has to take in the waist of her pants a bit.,Elle doit reprendre un peu la taille de son pantalon.
She held him tightly and never wanted to let go.,Elle le tint fermement et ne voulut jamais lâcher.
She hurt her foot when she fell off her bicycle.,Elle s'est blessée au pied en tombant de vélo.
She inferred from his silence that he was angry.,Elle déduisit de son silence qu'il était en colère.
She is always complaining about my small salary.,Elle se plaint toujours de mon faible salaire.
She left me simply because I had a small income.,Elle m'a laissé tomber simplement parce que j'avais un petit revenu.
She listens to him even though no one else does.,Elle l'écoute alors que personne d'autre ne le fait.
She looked at the picture to refresh her memory.,Elle regarda la photo pour se rafraîchir la mémoire.
She makes a point of going to church on Sundays.,Elle va à l'église tous les dimanches.
She married him even though she didn't like him.,"Elle l'épousa, bien qu'elle ne l'appréciât pas."
She married him even though she didn't like him.,"Elle l'a épousé, bien qu'elle ne l'appréciât pas."
She obeys him no matter what he tells her to do.,"Elle lui obéit, quoi qu'il lui dise de faire."
She realized that she had better tell the truth.,Elle a réalisé qu'elle ferait mieux de dire la vérité.
She seems to be in trouble. Tell her what to do.,"Elle semble être en difficulté, dites-lui ce qu'il faut faire."
She stood transfixed as if she had seen a ghost.,Elle est restée figée comme si elle avait vu un fantôme.
She studies as hard as any student in her class.,Elle étudie autant que n'importe quel autre élève de la classe.
She suggested to me that I call off the meeting.,Elle a suggéré que j'annule la réunion.
She taught the child never to play with matches.,Elle a appris à son enfant à ne jamais jouer avec des allumettes.
She told me which clothes would be good to wear.,Elle m'a indiqué quels vêtements il conviendrait de porter.
She tried to persuade him to attend the meeting.,Elle tenta de le persuader de se rendre à la réunion.
She tried to persuade him to attend the meeting.,Elle a tenté de le persuader de se rendre à la réunion.
She tried to persuade him to organize a boycott.,Elle tenta de le persuader d'organiser un boycott.
She wanted to have her father's love to herself.,Elle voulait avoir l'amour de son père pour elle toute seule.
She was able to cross the Pacific Ocean by boat.,Elle a été capable de traverser l'océan Pacifique en bateau.
She was absent from school because she was sick.,Elle était absente à l'école car elle était malade.
She was accused of having lied about the affair.,Elle fut accusée d'avoir menti sur l'affaire.
She was approaching thirty when I first met her.,Elle approchait les 30 ans lorsque que je l'ai rencontrée pour la première fois.
She was approaching thirty when I first met her.,"Quand je la rencontrai pour la première fois, elle avait presque trente ans."
She was ashamed of herself for her carelessness.,Elle avait honte de son inattention.
She was clever enough not to be deceived by him.,Elle était suffisamment habile pour ne pas être trompée par lui.
She was very worried about her husband's health.,Elle était très inquiète au sujet de la santé de son époux.
She will be glad if you go to see her in person.,Elle appréciera que tu ailles la voir en personne.
She would often practice the violin on the roof.,Elle avait l'habitude de jouer du violon sur le toit.
She wouldn't let him in the room no matter what.,"Elle ne voulait pas le laisser entrer dans la pièce, quoi qu'il advienne."
She wrote to him to tell him that she loved him.,Elle lui écrivit pour lui dire qu'elle l'aimait.
She wrote to him to tell him that she loved him.,Elle lui a écrit pour lui dire qu'elle l'aimait.
She'd rather be spending time with someone else.,Elle aimerait autant passer du temps avec quelqu'un d'autre.
She's a fixture at all the high-society parties.,Elle fait partie des meubles dans toutes les soirées de la haute.
"Since it's nice out, I'd like to go take a walk.","Comme il fait beau, j'ai envie d'aller me promener."
"Since it's nice out, I'd like to go take a walk.","Comme il fait beau dehors, j'aimerais aller faire une promenade."
"Sir, that CD is available only by special order.","Monsieur, ce CD n'est disponible que sur commande."
Sit down on that chair and try to calm yourself.,Assieds-toi sur cette chaise et essaye de te calmer.
Sit down on that chair and try to calm yourself.,Asseyez-vous sur cette chaise et essayez de vous calmer.
Some Canadian territories have almost no people.,Certaines régions du Canada sont très peu peuplées.
Some days seem to just drag on and last forever.,Certains jours semblent se traîner et durer éternellement.
"Some months have thirty days, others thirty one.","Certains mois comportent trente jours, d'autres trente et un."
Some politicians are wolves in sheep's clothing.,Certains politiciens sont des loups déguisés en agneaux.
Someone ate all the cookies from the cookie jar.,Quelqu'un a mangé tous les biscuits du pot.
Sometimes I enjoy sitting down with a good book.,Parfois j'apprécie de m'asseoir avec un bon livre.
Sometimes we need to take a step back and think.,"Parfois, nous devons reculer d'un pas et réfléchir."
Stock prices declined for five consecutive days.,Le cours des actions a baissé pendant cinq jours de suite.
Stop worrying about that and focus on your work.,Arrête de te faire du souci pour ça et concentre-toi sur ton travail.
"Strangely enough, I didn't feel any pain at all.","Bizarrement, je ne ressentis absolument aucune douleur."
"Surrounded by the sea, Japan has a mild climate.","Entouré par la mer, le Japon a un climat doux."
Teachers should deal fairly with their students.,Les enseignants devraient traiter leurs élèves équitablement.
Tell me what to write and I'll write it for you.,Dis-moi quoi écrire et je l'écrirai pour toi.
Tell me what to write and I'll write it for you.,Dites-moi quoi écrire et je l'écrirai pour vous.
Ten policemen were assigned to patrol that area.,Dix policiers ont été affectés à la patrouille de cette zone.
That cake looks good too. Give me a small piece.,Ce gâteau a l'air également bon. Donne-m'en un petit morceau.
That child grew a lot in a short amount of time.,Cet enfant a beaucoup grandi en peu de temps.
That doesn't sound like something you would say.,Ça ne ressemble pas à quelque chose que tu dirais.
That exercise is good for the abdominal muscles.,Cet exercice est bon pour les muscles abdominaux.
That guy is always asking his parents for money.,Ce gars est toujours en train de demander de l'argent à ses parents.
That has allowed the creation of 4.000 new jobs.,"Ça a permis la création de 4,000 emplois."
That has allowed the creation of 4.000 new jobs.,"Ça a permis de créer 4,000 emplois."
"That house is small, but it's big enough for us.",Cette maison est petite mais elle est suffisamment grande pour nous.
That mountain is five times as high as this one.,Cette montagne est cinq fois plus haute que celle-ci.
That movie isn't as interesting as the original.,Ce film n'est pas aussi intéressant que l'original.
That pigeon flew from San Francisco to New York.,Ce pigeon a volé de San Francisco à New York.
That was one of the biggest mistakes in my life.,Ce fut l'une des plus grosses erreurs de ma vie.
That was the first time I had ever driven a car.,C'était la première fois que j'avais conduit une voiture.
That's what Tom and I were told three hours ago.,C'est ce qui nous a été dit à Tom et moi il y a trois heures.
The Beatles gave five concerts in Tokyo in 1996.,Les Beatles ont donné cinq concerts à Tokyo en 1996.
The Tomei Expressway connects Tokyo with Nagoya.,La voie rapide « Tomei » relie Tokyo à Nagoya.
The accident came about through my carelessness.,Cet accident est survenu à cause de ma négligence.
The accident happened because he wasn't careful.,L'accident a eu lieu parce qu'il n'était pas prudent.
The accused told the judge that he was innocent.,L'accusé déclara au juge qu'il était innocent.
The accused told the judge that he was innocent.,L'accusée déclara au juge qu'elle était innocente.
The agenda for the meeting has been distributed.,L'ordre du jour de la réunion a été distribué.
The assassin smothered his victim with a pillow.,L'assassin étouffa sa victime avec un oreiller.
The baby has been crying for almost ten minutes.,Le bébé pleure déjà depuis presque dix minutes.
The bad weather delayed the plane for two hours.,Le mauvais temps a retardé l'avion durant deux heures.
The bad weather prevented me from going to work.,Le mauvais temps m'a empêché d'aller travailler.
The birth rate and death rate were nearly equal.,Les taux de natalité et de mortalité étaient pratiquement égaux.
"The black cat purred, as if he was being petted.","Le chat noir a ronronné, comme s'il était caressé."
The bridge saved them a lot of time and trouble.,Le pont leur a fait gagner pas mal de temps et épargné beaucoup de soucis.
The bus will take you to the center of the city.,Le bus vous amène dans le centre-ville.
The button battery for my computer's timer died.,La pile-bouton de l'horloge de mon ordinateur est morte.
"The cat chased the mouse, but couldn't catch it.",Le chat a traqué la souris mais n'est pas arrivé à l'attraper.
The cause of the accident is a complete mystery.,La cause de l'accident est un mystère complet.
The colonists bartered with the natives for fur.,Les colons faisaient du troc avec les autochtones pour obtenir de la fourrure.
The commission concluded that the answer was no.,La commission conclut que la réponse était non.
The company decided to hire two new secretaries.,La société décida d'employer deux nouvelles secrétaires.
"The company, wholly owned by NTT, is doing well.","La société, entièrement détenue par NTT, se porte bien."
The contents of the box are listed on the label.,Le contenu de la boîte est indiqué sur l'étiquette.
The cops threw tear-gas bombs into the building.,Les flics ont jeté des grenades lacrymogènes dans le bâtiment.
The coral reef is the region's prime attraction.,Le récif corallien est la principale attraction de la région.
The defendant's innocence could not be verified.,L'innocence de l'accusé n'a pas pu être vérifiée.
The delegations of both countries met in Geneva.,Les délégations des deux pays se sont rencontrées à Genève.
The dentist gave me some pills for my toothache.,Le dentiste m'a donné des pilules pour mon mal de dents.
The diesel engine was invented by Rudolf Diesel.,Le moteur diesel a été inventé par Rudolf Diesel.
The doctor administered medicine to the patient.,Le médecin a administré des médicaments au patient.
The doctor advised him not to eat between meals.,Le docteur lui a conseillé de ne pas manger entre les repas.
The doctor advised him to abstain from drinking.,Le médecin lui a conseillé d'arrêter de boire.
The doctor advised him to stop working too much.,Le docteur lui a conseillé d'arrêter de travailler autant.
The doctor advised my father to give up smoking.,Le médecin a conseillé à mon père d'arrêter de fumer.
The doctor told her that she should take a rest.,Le docteur lui dit qu'elle devrait se reposer.
The doctor warned him of the dangers of smoking.,Le médecin l'a averti des dangers de la cigarette.
The drunk driver had to spend the night in jail.,Le conducteur en état d'ébriété dut passer la nuit en cellule.
The earliest civilizations arose in Mesopotamia.,Les civilisations premières apparurent en Mésopotamie.
The explorers made their way through the jungle.,Les explorateurs se ménagèrent un passage à travers la jungle.
The fact that I'm here proves that I'm innocent.,Le fait d'être ici prouve mon innocence.
The fact that I'm here proves that I'm innocent.,Le fait que je suis ici prouve que je suis innocent.
The first generation of robots appeared in 1962.,La première génération de robots est apparue en 1962:
"The flame flickered for a moment, then died out.","La flamme vacilla pendant un moment, puis mourut."
The gallows were already standing on the square.,La potence était déjà dressée sur la place.
The girl went to school in spite of her illness.,La jeune fille est allée à l'école bien qu'elle soit malade.
The girl went to school in spite of her illness.,La fille est allée à l'école malgré sa maladie.
The girl went to school in spite of her illness.,La fille se rendit à l'école en dépit de son affection.
The girl who is dressed in white is my fiancée.,La jeune fille en blanc est ma fiancée.
The last part of the trip was across the desert.,La dernière partie de l'excursion fut un parcours à travers le désert.
The last part of the trip was across the desert.,L'ultime étape du voyage fut un parcours à travers le désert.
"The last time when I saw him, he was quite well.","La dernière fois que je l'ai vu, il allait assez bien."
The law will be effective from the 1st of April.,La loi entrera en vigueur à partir du 1er avril.
The letter is being written at this very minute.,La lettre est en train d'être écrite en ce moment même.
The majority of his income goes to pay his rent.,L'essentiel de son revenu passe dans son loyer.
The man who I thought was my friend deceived me.,L'homme que je pensais être mon ami m'a trompé.
The man who is standing over there is my father.,La personne se tenant debout là-bas est mon père.
The meeting was canceled because of the typhoon.,La réunion a été annulée à cause du typhon.
The military has a very strict chain of command.,Les militaires ont une chaîne de commandement très stricte.
The minimum wage in Okinawa is 642 yen per hour.,Le salaire horaire minimum à Okinawa est de 642 yens.
"The moment she was alone, she opened the letter.","Au moment où elle était seule, elle ouvrit la lettre."
"The moment she was alone, she opened the letter.","Aussitôt qu'elle fut seule, elle ouvrit la lettre."
The money you give them will be put to good use.,L'argent que vous leur donnez sera consacré à un bon usage.
The mother occasionally reread her son's letter.,La mère relisait parfois la lettre de son fils.
The mother occasionally reread her son's letter.,La mère relut parfois la lettre de son fils.
The old lady climbed the stairs with difficulty.,La vieille dame monta les escaliers avec difficulté.
"The older we get, the weaker our memory becomes.","Plus nous vieillissons, plus notre mémoire faiblit."
"The older we get, the weaker our memory becomes.","Plus nous vieillissons, plus notre mémoire s'affaiblit."
"The older we grow, the more forgetful we become.","Plus on devient vieux, plus on devient distrait."
The only way to know if it fits is to try it on.,Le seul moyen de savoir si ça va est de l'essayer.
The patient's condition changes from day to day.,L’état du patient évolue de jour en jour.
The pier took a real beating from the hurricane.,Le quai a vraiment été battu par l'ouragan.
The pirates buried their treasure in the ground.,Les pirates ont enfoui leur trésor sous terre.
The plane was delayed on account of bad weather.,L'avion a été retardé à cause du mauvais temps.
The police accused her of texting while driving.,La police l'accusa d'échanger des textos en conduisant.
The police have few clues to go on in this case.,La police a peu d'indices sur cette affaire.
The police officer put handcuffs on the suspect.,La police mit les menottes au suspect.
The police officer put handcuffs on the suspect.,La police passa les menottes au suspect.
The police started to look into the murder case.,La police commença à enquêter sur l'affaire de meurtre.
The product of two negative numbers is positive.,Le produit de deux nombres négatifs est positif.
The professor gave a lecture on the Middle East.,Le professeur donna un cours sur le Moyen-Orient.
The questionnaire form was distributed properly.,Le formulaire du questionnaire a été correctement distribué.
The rainy season begins towards the end of June.,La saison des pluies commence vers fin juin.
The rainy season begins towards the end of June.,La saison des pluies commence vers la fin du mois de juin.
The reports of my death are greatly exaggerated.,Les compte-rendus de ma mort sont très exagérés.
The salesclerk will come to help you right away.,La vendeuse viendra vous aider tout de suite.
The scientist is famous both at home and abroad.,Ce scientifique est connu autant chez lui qu'à l'étranger.
The snow prevented the airplane from taking off.,La neige a empêché l'avion de décoller.
The soldiers on the boats would be easy targets.,Les soldats sur les bateaux feraient des cibles faciles.
The sound of a gunshot echoed across the canyon.,Le son d'une détonation résonna à travers la gorge.
The sound of a gunshot echoed across the canyon.,Le son d'un coup de feu résonna à travers le défilé.
The stated price does not include labor charges.,Le prix indiqué n'inclue pas la main d'œuvre.
The supermarket is open Monday through Saturday.,Le supermarché est ouvert du lundi au samedi.
The surgeon forgot something inside the patient.,Le chirurgien a oublié quelque chose à l'intérieur du patient.
The tall man wore a pink carnation in his lapel.,L'homme de grande taille portait un œillet rose au revers.
The teacher excused me for being late for class.,Le professeur m'a excusé d’être arrivé en retard en classe.
The teacher has a great influence on his pupils.,Le professeur a une grande influence sur ses élèves.
The teacher has a great influence on his pupils.,Le professeur exerce une influence bénéfique sur ses élèves.
The teacher recommended that I read Shakespeare.,Le professeur m'a recommandé de lire Shakespeare.
The teacher taught them that the earth is round.,L'instituteur leur a enseigné que la Terre est ronde.
The thief was marched off to the police station.,Le cambrioleur fut envoyé à la préfecture de police.
The three boys opened the doors of the building.,Les trois garçons ouvrèrent les portes du bâtiment.
The time will come when you will know the truth.,Le jour viendra où tu sauras la vérité.
The train for Birmingham leaves from platform 3.,Le train pour Birmingham part du quai 3.
The train was delayed because of heavy snowfall.,Le train fut retardé à cause des importantes chutes de neige.
The two men sitting on the bench were Americans.,Les deux hommes assis sur le banc étaient américains.
The urban-renewal project is now well under way.,Le projet de renouveau urbain est désormais bien en route.
The urban-renewal project is now well under way.,Le projet de rénovation urbaine est désormais bien en route.
The urban-renewal project is now well under way.,Le projet de renouveau urbain est désormais bien engagé.
The warranty doesn't cover normal wear and tear.,La garantie ne couvre pas l'usure normale.
"The weather was not only cold, it was also damp.","Le temps était non seulement froid, mais aussi humide."
The whereabouts of the suspect is still unknown.,Le suspect n'a pas encore été localisé.
There are many Americans who can speak Japanese.,Il existe de nombreux Américains qui peuvent parler le japonais.
There are many Japanese restaurants in New York.,Il y a de nombreux restaurants japonais à New-York.
There are not enough chairs in the meeting room.,Il n'y a pas assez de chaises dans la salle de réunion.
There are some people who think it's a bad idea.,Il y a des gens qui pensent que c'est une mauvaise idée.
There have been many cases of cholera this year.,Il y a eu beaucoup de cas de choléra cette année.
There is a white line in the middle of the road.,Il y a une ligne blanche au milieu de la route.
There is little hope that she will come on time.,Il y a un petit espoir qu'elle vienne à l'heure.
There is little hope that she will come on time.,Il y a peu d'espoir qu'elle arrive à l'heure.
"There is not much I can do to help, I am afraid.",Je crains qu'il n'y ait pas grand-chose que je puisse faire pour aider.
There used to be some big trees around the pond.,"Avant, il y avait de grands arbres autour de l'étang."
There was a curtain which was covering the door.,Il y avait un rideau qui cachait la porte.
There was no indication that anything was wrong.,Il n'y avait aucune indication que quoi que ce soit clochait.
There was only a little milk left in the bottle.,Il ne restait plus qu'un peu de lait dans la bouteille.
There's a helicopter waiting for us on the roof.,Il y a un hélicoptère qui nous attend sur le toit.
"There's a lot of wind this morning, isn't there?","Il y a beaucoup de vent ce matin, n'est-ce pas ?"
There's a possibility that the man was murdered.,Il est possible que l'homme a été assassiné.
There's a problem with the plane's landing gear.,Il y a un problème avec le train d'atterrissage de l'avion.
There's something I need to talk with you about.,Il faut que je te parle de quelque chose.
There's something I need to talk with you about.,J'ai besoin de vous parler de quelque chose.
These senseless killings will not go unpunished.,Ces massacres insensés ne resteront pas impunis.
They announced that they were getting a divorce.,Ils ont annoncé qu'ils allaient divorcer.
They announced that they were getting a divorce.,Ils annoncèrent qu'ils allaient divorcer.
They awarded her first prize at the flower show.,Ils lui remirent le premier prix au concours floral.
They couldn't find out why your car won't start.,Ils n'ont pu déterminer pourquoi ta voiture refuse de démarrer.
They found gunshot residue on the victim's hand.,Ils trouvèrent des résidus de coups de feu sur la main de la victime.
They found gunshot residue on the victim's hand.,Elles trouvèrent des résidus de coups de feu sur la main de la victime.
They look just like rats leaving a sinking ship.,Ils ont vraiment l'air de rats quittant un navire qui sombre.
They started to sell a new type of car in Tokyo.,Ils ont commercialisé un nouveau type de voiture à Tokyo.
They usually go to school from Monday to Friday.,"Habituellement, ils vont à l'école du lundi au vendredi."
They usually go to school from Monday to Friday.,"Habituellement, elles vont à l'école du lundi au vendredi."
They want a few more hours to finish the report.,Ils veulent quelques heures de plus pour finir le rapport.
They want a few more hours to finish the report.,Elles souhaitent quelques heures supplémentaires pour finir le rapport.
They're more scared of you than you are of them.,Ils ont plus peur de toi que toi d'eux.
They're more scared of you than you are of them.,Elles ont plus peur de vous que vous d'elles.
This author is critical of the mainstream media.,Cet auteur est critique des média traditionnels.
This book deals with life in the United Kingdom.,Ce livre traite de la vie au Royaume-Uni.
This book deals with the invasion of the Romans.,Ce livre traite de l'invasion des Romains.
This book is way more interesting than that one.,"Ce livre-ci est, de loin, plus intéressant que celui-là."
"This car is my father's, but it'll soon be mine.","Cette voiture est à mon père, mais ce sera bientôt la mienne."
This dam supplies us with water and electricity.,Ce barrage nous fournit eau et électricité.
This is a lot harder than I thought it would be.,C'est bien plus dur que je ne le pensais.
This is a problem you have to solve by yourself.,C'est un problème que tu dois résoudre par toi-même.
This is just a symptom of a much bigger problem.,Ce n'est que le symptôme d'un problème bien plus grand.
This is the best movie I've seen in a long time.,C'est le meilleur film que j'ai vu depuis longtemps.
This is the guide who took us around the castle.,C'est le guide qui nous a montré le château-fort.
This is the longest novel that I have ever read.,C'est le plus grand roman que j'ai jamais lu.
This is the longest novel that I have ever read.,C'est le plus long roman que j'ai jamais lu.
This is the most comfortable chair in our house.,C'est la chaise la plus confortable de notre maison.
This is the most enjoyable thing I've ever done.,C'est la chose la plus plaisante que j'ai jamais faite.
This is the person I talked about the other day.,C'est la personne dont j'ai parlé l'autre jour.
This is the same necklace that I lost yesterday.,C'est le même collier que celui que j'ai perdu hier.
This picture reminds me of when I was a student.,Cette image me rappelle quand j'étais étudiant.
This problem may be solved in a variety of ways.,Ce problème peut être résolu de différentes manières.
This sentence seems to be grammatically correct.,Cette phrase semble être grammaticalement correcte.
Those pants are a little too tight in the waist.,Ce pantalon est un peu trop serré à la taille.
Those who know me know I'm pretty good at chess.,Ceux qui me connaissent savent que je suis plutôt bon aux échecs.
"To get to the museum, you need to take that bus.","Pour vous rendre au musée, vous devez prendre ce bus."
"To put it briefly, she turned down his proposal.","Pour faire court, elle a refusé sa demande en mariage."
"To tell the truth, I've already seen that movie.","À vrai dire, j'ai déjà vu ce film."
Tom and Mary are giving a party on Friday night.,Tom et Mary organisent une fête vendredi soir.
Tom and Mary arrived in Boston at the same time.,Tom et Mary sont arrivés à Boston en même temps.
Tom and Mary don't like the same kind of movies.,Tom et Marie n'aiment pas le même genre de films.
Tom and Mary have never been to that restaurant.,Tom et Mary ne sont jamais allés dans ce restaurant.
Tom and Mary usually speak French to each other.,Tom et Marie parlent généralement français entre eux.
"Tom asked Mary to do that, so you don't have to.","Tom a demandé à Mary de faire cela, donc vous n'avez pas à le faire."
Tom asked Mary who had been the first to arrive.,Tom a demandé à Mary qui était arrivé en premier.
Tom broke the rules and was kicked off the team.,Tom a enfreint les règles et a été exclu de l'équipe.
Tom broke the rules and was kicked off the team.,Tom a enfreint les règles et a été expulsé de l'équipe.
Tom can reach me at this number any time of day.,Tom peut me joindre à ce numéro à tout moment de la journée.
Tom certainly doesn't seem to mind helping Mary.,Il ne vient certainement pas à l'esprit de Tom d'aider Mary.
Tom claims he can accurately predict the future.,Tom prétend qu'il peut prédire avec précision l'avenir.
Tom clearly doesn't understand French very well.,Tom ne comprend manifestement pas très bien le français.
Tom didn't arrive until it was already too late.,Tom n'est arrivé que lorsqu'il était déjà trop tard.
Tom didn't get in until after 2:30 this morning.,Tom n'est rentré qu'après 02h30 ce matin.
Tom didn't know that Mary couldn't speak French.,Tom ignorait que Marie ne savait pas parler français.
Tom didn't want the same thing to happen to him.,Tom ne voulait pas que la même chose lui arrive.
Tom didn't want to go back to where he was born.,Tom ne voulait pas retourner là où il était né.
Tom didn't want to play golf with Mary's father.,Tom n'a pas voulu jouer au golf avec le père de Mary.
Tom didn't want to play golf with Mary's father.,Tom ne voulait pas jouer au golf avec le père de Mary.
Tom doesn't feel like eating anything right now.,Tom n'as pas envie de manger en ce moment.
Tom doesn't have the qualities of a good leader.,Tom n'a pas les qualités d'un bon leader.
Tom doesn't have the will power to quit smoking.,Tom n'a pas la volonté d'arrêter de fumer.
Tom doesn't know where Mary usually goes skiing.,Tom ne sait pas où Marie a l'habitude d'aller skier.
Tom doesn't know where Mary usually goes skiing.,Tom ignore où Marie a l'habitude d'aller skier.
Tom doesn't often do his homework before dinner.,Tom ne fait pas souvent son travail avant le dîner.
Tom doesn't take very good care of his children.,Tom ne s'occupe pas très bien de ses enfants.
Tom eats at least three bowls of rice every day.,Tom mange au moins trois bols de riz tous les jours.
Tom expected Mary to believe everything he said.,Tom s'attendait à ce que Marie croie tout ce qu'il lui a dit.
Tom fell asleep and missed the end of the movie.,Tom s'est endormi et a raté la fin du film.
Tom fell asleep and missed the end of the movie.,Tom s'endormit et manqua la fin du film.
Tom got an emergency call and had to leave work.,Tom a reçu un appel urgent et a dû partir du travail.
Tom had to wait a long time in the waiting room.,Tom a dû attendre longtemps dans la salle d'attente.
Tom has a friend whose mother is a veterinarian.,Thomas a un ami dont la mère est vétérinaire.
Tom has been teaching me how to play the guitar.,Tom m'a appris à jouer de la guitare.
"Tom has money. However, he's not all that happy.","Tom a de l'argent. Cependant, il n'est pas du tout heureux."
Tom is looking for a reasonably-priced used car.,Tom cherche une voiture d'occasion à prix raisonnable.
Tom is one of the wealthiest men in the country.,Tom est l'un des hommes les plus riches du pays.
Tom is probably just a little younger than Mary.,Tom est probablement juste un peu plus jeune que Marie.
Tom is the only one here who can't speak French.,Tom est ici le seul à ne pas savoir parler français.
Tom is usually on time and Mary is usually late.,"D'habitude, Tom est à l'heure et Mary, en retard."
Tom is wearing a coat that is too large for him.,Tom porte un manteau trop grand pour lui.
Tom isn't as busy this week as he was last week.,Tom n'est pas aussi occupé cette semaine que la semaine dernière.
Tom isn't the only one here who's a good singer.,"Tom n'est pas le seul, ici, à bien chanter."
Tom isn't used to driving a left-hand drive car.,Tom n'a pas l'habitude de conduire une voiture à conduite à gauche.
Tom knew Mary understood what they needed to do.,Tom savait que Mary comprenait ce qu'ils avaient besoin de faire.
Tom knew there wasn't much he could do about it.,Tom savait qu'il ne pouvait pas y faire grand chose.
Tom learned how to do that from his grandfather.,Tom a appris à faire ça avec son grand-père.
Tom lived the high life until the money ran out.,Tom avait la belle vie jusqu'à ce que l'argent s'épuise.
Tom lives in a house on the edge of the village.,Tom habite une maison à l'entrée du village.
Tom married the most beautiful girl in the city.,Tom a épousé la plus belle fille de la ville.
Tom married the most beautiful girl in the city.,Tom épousa la plus belle fille de la ville.
Tom may have been in Boston with Mary last week.,Tom a peut-être été à Boston avec Marie la semaine dernière.
Tom plays tennis after school three days a week.,Tom joue au tennis après l'école trois fois par semaine.
Tom plays tennis with Mary at least once a week.,Tom joue au tennis avec Mary au moins une fois par semaine.
Tom pushed against the door with all his weight.,Tom s'appuya contre la porte avec tout son poids.
Tom remembered the last time he had hugged Mary.,Tom s'est souvenu de la dernière fois quand il a serré Mary dans ses bras.
Tom said he wouldn't mind sleeping on the floor.,Tom a dit que ça ne le dérangerait pas de dormir par terre.
Tom says he thinks it's a waste of time to vote.,Tom dit qu'il pense que c'est une perte de temps de voter.
Tom says he's climbed this mountain three times.,Tom dit avoir escaladé cette montagne trois fois.
Tom speaks Japanese better than the Japanese do.,Tom parle mieux le japonais que les japonais eux-mêmes.
"Tom thinks I'm going to drink this, but I'm not.","Tom pense que je vais boire ça. Mais, non."
"Tom thinks I'm going to drink this, but I'm not.","Tom pense que je vais boire ça, mais ce n'est pas le cas."
Tom thought that Mary was having money problems.,Tom pensait que Mary avait des problèmes d'argent.
Tom told Mary that he thought John was innocent.,Tom a dit à Mary qu'il pensait que John était innocent.
Tom told Mary that he'd go to Boston in October.,Tom dit à Marie qu'il allait à Boston en octobre.
Tom told Mary that she shouldn't go there alone.,Tom a dit à Mary qu'elle ne devrait pas y aller seule.
Tom told me later that he wasn't really married.,Tom m'a dit plus tard qu'il n'était pas réellement marié.
Tom told me that Mary would be ready to do that.,Tom m'a dit que Marie serait prête à faire ça.
Tom took a twenty dollar bill out of his pocket.,Tom sortit de sa poche un billet de vingt dollars.
Tom understands French better than he speaks it.,Tom comprend le français mieux qu'il ne le parle.
Tom used to smoke two packs of cigarettes a day.,Tom fumait deux paquets de cigarettes par jour.
"Tom waited patiently for three hours, then left.","Tom attendit patiemment trois heures durant, puis renonça."
Tom wanted Mary to know that he didn't hate her.,Tom voulait que Mary sache qu'il ne la détestait pas.
Tom wanted Mary to tell him about her childhood.,Tom voulait que Marie lui parle de son enfance.
Tom was a little overweight when he was a child.,Tom était un peu en surpoids quand il était enfant.
Tom was in almost every picture in Mary's album.,Tom était presque sur toutes les photos de l'album de Marie.
Tom was reading a book while listening to music.,Tom lisait un livre tout en écoutant de la musique.
Tom was starting to feel a little uncomfortable.,Tom commençait à se sentir un peu mal à l'aise.
Tom was tasked with gathering wood for the fire.,Tom a été chargé de ramasser du bois pour le feu.
Tom was wearing an old T-shirt with holes in it.,Tom portait un vieux t-shirt troué.
Tom was willing to sacrifice everything for you.,Tom était prêt à tout sacrifier pour toi.
Tom was willing to sacrifice everything for you.,Tom était prêt à tout sacrifier pour vous.
Tom won't be going camping with us this weekend.,Tom ne viendra pas camper avec nous ce week-end.
Tom won't be spending Christmas with his family.,Tom ne passera pas Noël avec sa famille.
Tom's house is only three blocks away from here.,La maison de Tom se trouve à seulement trois pâtés de maisons d'ici.
Tom's workstation is usually tidier than Mary's.,Le poste de travail de Tom est généralement plus ordonné que celui de Marie.
"Tom, Mary and John are sitting around the table.","Tom, Mary et John sont assis autour de la table."
Tomorrow is my birthday and I will be seventeen.,"Demain c'est mon anniversaire, et j'aurai dix-sept ans."
Traveling was much more difficult in those days.,Voyager était alors beaucoup plus difficile.
Trying to find happiness only makes you unhappy.,Essayer de trouver le bonheur te rend seulement malheureux.
Trying to find happiness only makes you unhappy.,Essayer de trouver le bonheur ne fait que vous rendre malheureux.
Two months have passed since he left for France.,Deux mois ont passé depuis qu'il est parti pour la France.
Two months have passed since he left for France.,"Deux mois se sont déjà écoulés, depuis qu'il est parti pour la France."
"Unfortunately, this house has already been sold.","Malheureusement, cette maison a déjà été vendue."
We ate an early lunch while we were at the mall.,Nous avons déjeuné tôt pendant que nous étions à la galerie.
We ate an early lunch while we were at the mall.,Nous avons déjeuné tôt tandis que nous étions à la galerie.
We cannot learn Japanese without learning Kanji.,On ne peut pas apprendre le japonais sans apprendre les kanjis.
"We climbed up the mountain, but with difficulty.","Nous avons escaladé la montagne, non sans difficulté."
We discovered relics of an ancient civilization.,Nous avons découvert les vestiges d'une ancienne civilisation.
We estimated the damage at one thousand dollars.,Nous avons estimé les dommages à mille dollars.
We hadn't gone very far when it started to rain.,Nous ne nous étions pas encore beaucoup éloignés qu'il se mit à pleuvoir.
We have a daughter who is married to a Canadian.,Nous avons une fille mariée à un canadien.
We have another ten miles to walk before sunset.,Nous devons encore marcher dix miles avant le coucher du soleil.
We have another ten miles to walk before sunset.,Nous devons encore marcher seize kilomètres avant le coucher du soleil.
We have no choice but to give up the whole plan.,Nous n'avons d'autre choix que d'abandonner le projet dans son entier.
We have to find out why they want us to do this.,Nous devons découvrir pourquoi ils veulent que nous fassions cela.
We have to memorize this poem by the next class.,Nous devons mémoriser ce poème pour le prochain cours.
We have to take this problem into consideration.,Nous devons prendre ce problème en considération.
We haven't seen each other for such a long time.,Nous ne nous sommes pas vus depuis si longtemps.
We haven't yet discussed which method is better.,Nous n'avons pas encore discuté de quelle méthode est meilleure.
We hope to reach the summit before it gets dark.,Nous espérons atteindre le sommet avant qu'il ne fasse sombre.
We left without telling anybody we were leaving.,Nous sommes partis sans dire à personne que nous partions.
We must work hard to break down social barriers.,Nous devons travailler dur à abattre les barrières sociales.
"We must, first of all, be careful of our health.","Nous devons, avant tout, faire attention à notre santé."
We often hear about an energy crisis these days.,"Nous entendons souvent parler d'une crise de l'énergie, de nos jours."
We probably don't have enough money to buy that.,Nous n'avons probablement pas assez d'argent pour acheter cela.
We should not put restrictions on foreign trade.,Nous ne devrions pas imposer de restrictions au commerce extérieur.
We should probably let Tom know what's happened.,Nous devrions sans doute nous laisser Tom savoir ce qui s'est passé.
We should write a formal letter to the director.,Nous devrions écrire une lettre formelle au directeur.
We talked about everything we could think about.,Nous avons parlé de tout ce qui nous passait par la tête.
We thought that we wouldn't be able to stop Tom.,Nous pensions que nous ne pourrions pas arrêter Tom.
We used to go to the movies on Saturday evening.,Nous avions l'habitude d'aller au cinéma le samedi soir.
We were just about to leave when she telephoned.,Nous étions sur le point de partir quand elle a téléphoné.
We'll get in touch with you as soon as possible.,Nous prendrons contact avec vous dès que possible.
We'll get in touch with you as soon as possible.,Nous vous contacterons au plus vite.
We're in the process of remodelling our kitchen.,Nous sommes en train de réaménager notre cuisine.
We're looking for somebody who can speak French.,Nous sommes à la recherche de quelqu'un qui sache parler français.
We've already eliminated half the possibilities.,Nous avons déjà éliminé la moitié des possibilités.
Were you watching TV last night at nine o'clock?,Est-ce que tu regardais la télé hier soir à neuf heures ?
Were you watching TV last night at nine o'clock?,Regardiez-vous la télévision la nuit dernière à neuf heures ?
What I was looking for was right before my eyes.,Ce que je cherchais était précisément là sous mes yeux.
What are some foods you only eat in the evening?,Quels sont les aliments que tu ne consommes que le soir ?
What are some foods you only eat in the evening?,Quels sont les aliments que vous ne consommez que le soir ?
What are some foods you only eat in the evening?,Quels sont les aliments qu'on ne consomme que le soir ?
What color are you going to paint Tom's bedroom?,En quelle couleur vas-tu peindre la chambre de Tom ?
What did you say? Could you please say it again?,Qu'avez-vous dit ? Pouvez-vous le répéter ?
What do firefighters do when there are no fires?,Que font les pompiers en l'absence d'incendies ?
What do you spend a majority of your time doing?,À quoi passes-tu la plupart de ton temps ?
What do you spend a majority of your time doing?,À quoi passez-vous la plupart de votre temps ?
What do your children usually eat for breakfast?,Qu'est-ce que vos enfants mangent d'habitude au petit-déjeuner ?
What do your children usually eat for breakfast?,Qu'est-ce que tes enfants mangent d'habitude au petit-déjeuner ?
What is the second largest country in the world?,Quel est le deuxième plus grand pays du monde ?
What kind of person would do that kind of thing?,Quelle sorte de personne ferait cette sorte de chose ?
What makes you think that Tom will listen to me?,Qu'est-ce qui te laisse croire que Tom m'écoutera ?
What makes you think you won't be able to do it?,Qu'est-ce qui te fait croire que tu n'en seras pas capable ?
What should you do if you are bitten by a cobra?,Que faire si vous avez été mordu par un cobra ?
What was it that caused you to change your mind?,Qu'est-ce qui t'a poussé à changer d'avis ?
What were you dreaming about when I woke you up?,De quoi rêvais-tu lorsque je t'ai réveillé ?
What were you dreaming about when I woke you up?,De quoi rêvais-tu lorsque je t'ai réveillée ?
What you do is more important than what you say.,Ce que vous faites est plus important que ce que vous dites.
What you have said applies only to single women.,Ce que vous avez dit ne s'applique qu'aux femmes célibataires.
What's the most interesting job you've ever had?,Quel est le travail le plus intéressant que tu aies jamais eu ?
What's the most interesting job you've ever had?,Quel est le travail le plus intéressant que vous ayez jamais eu ?
Whatever doesn't kill us only makes us stronger.,Tout ce qui ne nous tue pas ne fait que nous renforcer.
"Whatever happens, I want you to know I love you.","Quoiqu'il arrive, je veux que tu saches que je t'aime."
"When I painted this picture, I was 23 years old.","Quand j'ai peint ce tableau, j'avais 23 ans."
"When I was a child, I used to swim in that pond.","Lorsque j'étais petit, j'allais nager dans l'étang."
"When Mary was a child, her family was very poor.","Quand Marie était une enfant, sa famille était très pauvre."
"When asked how to do it, he said he didn't know.","Quand on lui a demandé comment le faire, il a dit qu'il ne savait pas."
"When he saw her letter, he felt somewhat uneasy.","Lorsqu'il vit sa lettre, il se sentit un peu mal à l'aise."
"When the bell rang, the teacher ended the class.","Lorsque la cloche retentit, l'instituteur termina le cours."
"When we were kids, we played together every day.","Quand nous étions enfants, nous jouions ensemble tous les jours."
Where do you plan to go on vacation next summer?,"Où prévois-tu d'aller en vacances, l'été prochain ?"
Where do you plan to go on vacation next summer?,"Où prévoyez-vous d'aller en vacances, l'été prochain ?"
Where do you plan to go on vacation next summer?,"Où prévois-tu de te rendre en vacances, l'été prochain ?"
Where do you plan to go on vacation next summer?,"Où prévoyez-vous de vous rendre en vacances, l'été prochain ?"
Where do you suppose you'll spend your vacation?,Où penses-tu que tu passeras tes congés ?
Where the treasure is hidden is still a mystery.,Où le trésor est caché reste un mystère.
Which one of these glasses did you drink out of?,Dans lequel de ces verres as-tu bu ?
"While you are reading to me, I can do my sewing.","Pendant que tu me fais la lecture, je peux coudre."
Who's that cute girl I saw you with at the mall?,Qui est cette mignonne fille avec laquelle je vous ai vu à la galerie commerciale ?
Who's that cute girl I saw you with at the mall?,Qui est cette mignonne fille avec laquelle je t'ai vu à la galerie commerciale ?
Who's that cute girl I saw you with at the mall?,Qui est cette mignonne fille avec laquelle je t'ai vue à la galerie commerciale ?
Who's that cute girl I saw you with at the mall?,Qui est cette mignonne fille avec laquelle je vous ai vue à la galerie commerciale ?
Who's that cute girl I saw you with at the mall?,Qui est cette mignonne fille avec laquelle je vous ai vus à la galerie commerciale ?
Who's that cute girl I saw you with at the mall?,Qui est cette mignonne fille avec laquelle je vous ai vues à la galerie commerciale ?
Who's to say it's not what's supposed to happen?,Qui pourra dire que ce n'est pas ce qui était supposé avoir lieu ?
Who's to say it's not what's supposed to happen?,Qui pourra dire que ce n'est pas ce qui était supposé se passer ?
Who's your favorite left-handed baseball player?,Qui est votre joueur de baseball gaucher préféré ?
Why are conventional language classes so boring?,Pourquoi les cours de langues traditionnels sont-ils si ennuyeux ?
Why did you agree to spend the evening with Tom?,Pourquoi as-tu accepté de passer la soirée avec Tom ?
Why did you agree to spend the evening with Tom?,Pourquoi avez-vous accepté de passer la soirée avec Tom ?
Why didn't the band play the song you requested?,Pourquoi le groupe n'a-t-il pas joué la chanson que vous avez demandée ?
Why didn't you tell us that there was a witness?,Pourquoi ne nous as-tu pas dit qu'il y avait un témoin ?
Why didn't you tell us that there was a witness?,Pourquoi ne nous avez-vous pas dit qu'il y avait un témoin ?
Why didn't you tell us that there was a witness?,Que ne nous as-tu pas dit qu'il y avait un témoin ?
Why didn't you tell us that there was a witness?,Que ne nous avez-vous pas dit qu'il y avait un témoin ?
Why do you think soccer isn't popular in the US?,Que crois-tu qu'est la raison pour laquelle le football n'est pas aussi populaire aux États-Unis d'Amérique ?
Why does the US government let people have guns?,Pourquoi le gouvernement américain laisse-t-il les gens posséder des armes ?
Why don't we settle the matter once and for all?,Pourquoi ne pas régler le problème une fois pour toutes ?
Why don't you take a long walk off a short pier?,Pourquoi n'irais-tu pas te perdre quelque part ?
Why don't you tell me how you think it happened?,Pourquoi ne me dis-tu pas comment tu penses que ça s'est produit ?
Why don't you tell me how you think it happened?,Pourquoi ne me dis-tu pas comment tu penses que ça s'est passé ?
Why don't you tell me how you think it happened?,Pourquoi ne me dis-tu pas comment tu penses que c'est arrivé ?
Why don't you tell me how you think it happened?,Pourquoi ne me dites-vous pas comment vous pensez que c'est arrivé ?
Why don't you tell me how you think it happened?,Pourquoi ne me dites-vous pas comment vous pensez que ça s'est produit ?
Why don't you tell me how you think it happened?,Pourquoi ne me dites-vous pas comment vous pensez que ça a eu lieu ?
Why don't you tell me how you think it happened?,Pourquoi ne me dites-vous pas comment vous pensez que ça s'est passé ?
Why don't you tell me why you think it happened?,Pourquoi ne me dites-vous pas pourquoi vous pensez que c'est arrivé ?
Why don't you tell me why you think it happened?,Pourquoi ne me dis-tu pas pourquoi tu penses que c'est arrivé ?
Will you exchange this sweater for a larger one?,Allez-vous échanger ce tricot contre un plus large ?
"With any luck, there will be no school tomorrow.","Avec un peu de chance, il n'y aura pas d'école demain."
Would it be OK if I discussed it with my family?,Est-ce que ça irait si j'en discutais avec ma famille ?
Would you be so kind as to open the door for me?,Auriez-vous l'amabilité de m'ouvrir la porte ?
Would you be willing to share your code with me?,Seriez-vous disposé à partager votre code avec moi ?
Would you be willing to share your code with me?,Seriez-vous disposés à partager votre code avec moi ?
Would you be willing to share your code with me?,Seriez-vous disposées à partager votre code avec moi ?
Would you be willing to share your code with me?,Seriez-vous disposée à partager votre code avec moi ?
Would you be willing to share your code with me?,Serais-tu disposé à partager ton code avec moi ?
Would you be willing to share your code with me?,Serais-tu disposée à partager ton code avec moi ?
Would you be willing to share your code with me?,Serais-tu disposé à partager votre code avec moi ?
Would you be willing to share your code with me?,Serais-tu disposée à partager votre code avec moi ?
Would you like to go out for a drink after work?,Ça te dirait d'aller boire un verre après le travail ?
Would you like to see your husband grow a beard?,Voudriez-vous voir votre époux se laisser pousser la barbe ?
Would you like to talk about what just happened?,Aimeriez-vous parler de ce qui vient de se produire ?
Would you like to talk about what just happened?,Aimerais-tu parler de ce qui vient d'arriver ?