English words/sentences,French words/sentences
It was hard as rock.,C'était dur comme de la pierre.
It was his decision.,C'était sa décision.
It was just a dream.,Ce n'était qu'un rêve.
It was just a fling.,Ce n'était qu'une passade.
It was just a fling.,Ce ne fut qu'une passade.
It was just a hunch.,C'était juste une intuition.
It was light enough.,Il faisait suffisamment jour.
It was like a dream.,Ça me semblait comme un rêve.
It was only a dream.,Ce n'était qu'un rêve.
It was only a dream.,Ce ne fut qu'un rêve.
It was only a dream.,Ça n'a été qu'un rêve.
It was pretty scary.,C'était assez effrayant.
It was rather funny.,C'était plutôt amusant.
It was rather funny.,Ce fut plutôt amusant.
It was really close.,C'était moins une.
It was really funny.,C'était vraiment amusant.
It was really funny.,Ce fut vraiment amusant.
It was really weird.,C'était très bizarre.
It was seven thirty.,Il était sept heures trente.
It was unbelievable.,C'était incroyable.
It was very painful.,Ce fut très douloureux.
It was very painful.,Ça a été très douloureux.
It was worth trying.,Ça valait le coup d'essayer.
It was your mistake.,C'était ton erreur.
It wasn't a bad day.,Ce n'était pas un mauvais jour.
It wasn't a request.,Ce n'était pas une demande.
It wasn't expensive.,Ce n'était pas cher.
It wasn't just luck.,Ce n'était pas que de la chance.
It wasn't just that.,Ce n'était pas juste ça.
It wasn't that cold.,Il ne faisait pas si froid.
It worked perfectly.,Ça a parfaitement fonctionné.
It works like magic.,Ça marche comme par magie.
It would be perfect.,Ça serait parfait.
It'll be no problem.,Ça sera sans problème.
It'll be our secret.,Ce sera notre secret.
It'll cause trouble.,Cela causera des ennuis.
It'll come in handy.,Ça sera bien utile.
It'll probably rain.,Il pleuvra probablement.
It'll rain for sure.,Il va certainement pleuvoir.
It'll rain for sure.,"Il pleuvra, sans aucun doute."
It'll rain for sure.,Il pleuvra certainement.
It'll snow tomorrow.,Il neigera demain.
It's Saturday today.,Aujourd'hui c'est samedi.
It's a big decision.,C'est une grosse décision.
It's a brain-teaser.,C'est un casse-tête.
It's a comedy movie.,C'est une comédie.
It's a dreary place.,C'est un endroit sinistre.
It's a gorgeous day.,C'est une magnifique journée.
It's a group effort.,C'est un effort collectif.
It's a huge mistake.,C'est une grosse erreur.
It's a huge mistake.,C'est une énorme erreur.
It's a huge problem.,C'est un gros problème.
It's a little dated.,Ça a un peu vécu.
It's a little dated.,C'est un peu démodé.
It's a little dated.,C'est un peu désuet.
It's a little nasty.,C'est un peu méchant.
It's a little scary.,C'est un peu effrayant.
It's a nice thought.,C'est une belle pensée.
It's a perfect trap.,C'est un piège idéal.
It's a popular idea.,C'est une idée répandue.
It's a real bargain.,C'est une bonne affaire.
It's a slippery one.,C'en est une scabreuse.
It's a world record.,C'est un record du monde.
It's after midnight.,C'est après minuit.
It's all a big joke.,Tout ça est une grosse blague.
It's all new for me.,C'est tout nouveau pour moi.
It's all or nothing.,C'est tout ou rien.
It's all your fault.,C'est entièrement de ta faute.
It's all your fault.,C'est entièrement de votre faute.
It's already eleven.,Il est déjà onze heures.
It's an inside joke.,C'est une blague d'initiés.
It's an inside joke.,C'est une blague entre nous.
It's an old picture.,C'est une vieille photo.
It's an old picture.,C'est un vieux tableau.
It's an old picture.,C'est une vieille image.
It's an older model.,C'est un modèle plus ancien.
It's as cold as ice.,C'est froid comme de la glace.
It's being arranged.,C'est en train d'être arrangé.
It's clearly a fake.,C'est clairement un faux.
It's cold out there.,Il fait froid au dehors.
It's dangerous here.,"C'est dangereux, ici."
It's extremely ugly.,C'est vraiment très moche.
It's free of charge.,C'est gratuit.
It's getting bigger.,Il grandit.
It's getting larger.,Ça s'agrandit.
It's hard to choose.,C'est dur de choisir.
It's hard to choose.,C'est difficile de choisir.
It's here somewhere.,C'est là quelque part.
It's in my backpack.,Il est dans mon sac à dos.
It's just a fantasy.,C'est juste un fantasme.
It's just a placebo.,Ça n'est qu'un placebo.
It's just not right.,C'est simplement incorrect.
It's kind of boring.,C'est plutôt ennuyeux.
It's neat and clean.,C'est clair et net.
It's never too late.,Il n'est jamais trop tard.
It's non-refundable.,Ce n'est pas remboursable.
It's not a big deal.,Peu importe.
It's not a hospital.,Ce n'est pas un hôpital.
It's not about that.,Il ne s'agit pas de ça.
It's not about them.,Il ne s'agit pas d'eux.
It's not about them.,Il ne s'agit pas d'elles.
It's not cold today.,Il ne fait pas froid aujourd'hui.
It's not impossible.,Ce n'est pas impossible.
It's not irrelevant.,Ce n'est pas hors-sujet.
It's not my concern.,Ce n'est pas mon affaire.
It's not negotiable.,C'est non-négociable.
It's not real money.,Ce n'est pas du véritable argent.
It's not ridiculous.,Ce n'est pas ridicule.
It's not safe there.,"Ce n'est pas sécurisé, là-bas."
It's not spring yet.,Ce n'est pas encore le printemps.
It's not subjective.,Ce n'est pas subjectif.
It's not the answer.,Ce n'est pas la réponse.
It's not the answer.,Ça ne constitue pas la réponse.
It's not worth much.,Ça ne vaut pas grand-chose.
It's not you I hate.,Ce n'est pas toi que je déteste.
It's not your fault.,Ce n'est pas de ta faute.
It's not your fault.,Ce n'est pas de votre faute.
It's not your style.,Ce n'est pas ton style.
It's not your style.,Ce n'est pas votre style.
It's old and clunky.,C'est vieux et poussif.
It's only temporary.,Ce n'est que temporaire.
It's only temporary.,Ce n'est que passager.
It's really awesome.,C'est vraiment super.
It's really awesome.,C'est vraiment génial.
It's really awesome.,C'est vraiment terrible.
It's really awesome.,C'est vraiment effarant.
It's slightly windy.,Il y a un peu de vent.
It's so complicated.,C'est si difficile.
It's so complicated.,C'est si compliqué.
It's still in limbo.,C'est toujours dans les limbes.
It's stuffy in here.,"C'est renfermé, là-dedans."
It's time to get up.,Il est temps de se lever.
It's time-consuming.,Ça prend du temps.
It's time-consuming.,C'est chronophage.
It's too hot inside.,Il fait trop chaud à l'intérieur.
It's totally normal.,C'est totalement normal.
It's unbearably hot.,Il fait insupportablement chaud.
It's useless to try.,C'est inutile d'essayer.
It's useless to try.,Il est inutile d'essayer.
It's very beautiful.,C'est très beau.
It's very dangerous.,C'est très dangereux.
It's very different.,C'est très différent.
It's very different.,C'est fort différent.
It's very effective.,C'est très efficace.
It's very expensive.,C'est très cher !
It's very hot today.,"Aujourd'hui, il fait très chaud."
It's very hot today.,Il fait vraiment chaud aujourd'hui.
It's your lucky day.,C'est ton jour de chance.
It's your only shot.,C'est ton seul tir.
It's your only shot.,C'est votre seul tir.
Japanese are Asians.,Les Japonais sont des Asiatiques.
Jesus answered them.,Jésus leur répondit.
Jupiter is a planet.,Jupiter est une planète.
Just follow my lead.,Suivez simplement mon exemple.
Just follow my lead.,Suis simplement mon exemple.
Just give it a shot.,Tentez votre chance.
Just leave me alone.,Fichez-moi simplement la paix !
Just leave me alone.,Fiche-moi simplement la paix !
Just relax a moment.,"Détendez-vous juste, un moment."
Keep going straight.,Continuez tout droit !
Keep going straight.,Continue d'aller tout droit.
Keep me in the loop.,Laisse-moi dans la boucle.
Keep me in the loop.,Fais-moi circuler l'information.
Keep me in the loop.,Garde-moi informé.
Keep your eyes open.,Garde les yeux ouverts.
Keep your gun handy.,Garde ton arme à portée de main !
Keep your gun handy.,Gardez votre arme à portée de main !
Kids can be so mean.,Les enfants peuvent être tellement méchants.
Kids can be so mean.,Il arrive que les enfants soient tellement méchants.
Lay it on the table.,Posez-le sur la table.
Lay it on the table.,Posez-la sur la table.
Lay it on the table.,Pose-le sur la table.
Lay it on the table.,Pose-la sur la table.
Leave out this word.,Exclus ce mot !
Leave out this word.,Excluez ce mot !
Leave out this word.,Laisse ce mot de côté !
Leave out this word.,Laissez ce mot de côté !
Leave the door open.,Laisse la porte ouverte.
Let me do it my way.,Laisse-moi le faire à ma façon.
Let me explain this.,Laissez-moi expliquer ceci.
Let me explain this.,Laisse-moi expliquer ça.
Let me have a taste.,Laisse-moi goûter.
Let me pay my share.,Laissez-moi payer ma part.
Let me pay my share.,Laisse-moi payer ma part.
Let me win for once.,Laisse-moi gagner pour une fois.
Let the party begin.,Que la fête commence.
Let's be reasonable.,Soyons raisonnables.
Let's call for help.,Appelons de l'aide.
Let's call it a day.,Finissons-en pour aujourd'hui.
Let's call it a day.,C'est tout pour aujourd'hui !
Let's check the map.,Vérifions la carte !
Let's clean this up.,Nettoyons cela !
Let's clean this up.,Nettoyons ça !
Let's do the dishes.,Faisons la vaisselle.
Let's do this first.,Faisons ça d'abord.
Let's do this first.,Faisons ceci d'abord.
Let's do this later.,Faisons ceci plus tard.
Let's end this fast.,Finissons-en vite.
Let's end this fast.,Finissons ceci rapidement.
Let's focus on that.,Concentrons-nous là-dessus.
Let's get some food.,Allons chercher de la nourriture.
Let's get some food.,Allons chercher à manger.
Let's give it a try.,Essayons !
Let's give it a try.,Essayons ça !
Let's go out to eat.,Allons manger dehors.
Let's go to a movie.,Allons voir un film.
Let's have some fun.,Amusons-nous.
Let's have some fun.,Amusons-nous !
Let's keep in touch.,On garde contact.
Let's leave tonight.,Partons ce soir.
Let's make it brief.,Faisons court.
Let's move the sofa.,Déplaçons le canapé.
Let's not get cocky.,Ne soyons pas arrogants.
Let's not overreact.,Ne nous emballons pas !
Let's order a pizza.,Commandons une pizza.
Let's play baseball!,Jouons au baseball.
Let's play baseball.,Jouons au baseball.
Let's rest a little.,Reposons-nous un peu.
Let's sit down here.,Asseyons-nous ici.
Let's speak English.,Parlons anglais.
Let's start at 2:30.,Commençons à 2 h 30.
Let's start at 2:30.,Commençons à 14 h 30.
Let's start tonight.,Commençons ce soir.
Let's start tonight.,Commençons cette nuit.
Let's talk about it.,Parlons-en.
Let's try something.,Tentons quelque chose !
Let's try something.,Essayons quelque chose.
Let's try this cake.,Essayons ce gâteau.
Let's watch TV here.,Regardons la télévision ici.
Let's watch a movie.,Allons voir un film.
Life has just begun.,La vie vient juste de commencer.
Life is not all fun.,La vie n'est pas toujours agréable.
Life is not perfect.,La vie n'est pas parfaite.
Look at Tom's shoes.,Regarde les chaussures de Tom.
Look at the picture.,Regarde l'image.
Look at the picture.,"Regardez ce tableau, s'il vous plaît."
Look out the window.,Regarde par la fenêtre !
Look out the window.,Regardez par la fenêtre !
Look under the seat.,Regarde sous le siège.
Look under the seat.,Regardez sous le siège.
"Look, I'll show you.","Regarde, je vais te montrer !"
"Look, I'll show you.","Regardez, je vais vous montrer !"
Love is not a crime.,L'amour n'est pas un crime.
Love your neighbors.,Aime ton prochain.
Make an appointment.,Prenez rendez-vous.
Make an appointment.,Prends rendez-vous.
Make another choice.,Faites un autre choix.
Make another choice.,Fais un autre choix.
Many people do this.,Beaucoup de gens font ça.
Mary is my fiancée.,Mary est ma fiancée.
May I ask your name?,Puis-je vous demander votre nom ?
May I be of service?,Puis-je être utile ?
May I be of service?,Puis-je me rendre utile ?
May I drink alcohol?,Puis-je boire de l'alcool ?
May I drink alcohol?,Puis-je consommer de l'alcool ?
May I eat something?,Pourrais-je manger quelque chose ?
May I eat that cake?,Puis-je manger ce gâteau ?
May I eat this cake?,Puis-je manger ce gâteau ?
May I have a napkin?,Puis-je avoir une serviette ?
May I interrupt you?,Puis-je vous interrompre ?
May I open the door?,Est-ce que je peux ouvrir la porte ?
May I say something?,Est-ce que je peux dire quelque chose ?
May I say something?,Puis-je dire quelque chose ?
May I take a shower?,Je peux prendre une douche?
May I use the phone?,Puis-je utiliser le téléphone ?
Maybe I exaggerated.,Peut-être ai-je exagéré.
Maybe I'll call you.,Peut-être vous appellerai-je.
Maybe I'll call you.,Peut-être t'appellerai-je.
Maybe Tom can do it.,Peut-être que Tom peut le faire.
Maybe Tom is stupid.,Peut-être que Tom est stupide.
Maybe it wasn't Tom.,Peut-être ne s'agissait-il pas de Tom.
Maybe she is coming.,Peut-être vient-elle.
Maybe we can fix it.,Peut-être pouvons-nous le réparer.
Merlin was a wizard.,Merlin était magicien.
Mine is the red one.,Le mien est le rouge.
Mine is the red one.,La mienne est la rouge.
Mom is always right.,Maman a toujours raison.
Money is everything.,L'argent peut tout.
Monkeys climb trees.,Les singes grimpent aux arbres.
Move out of the way.,Sors du passage !
Move out of the way.,Sortez du passage !
Mozart died in 1791.,Mozart est mort en 1791.
Music is my passion.,La musique est ma passion.
Must I write in ink?,Dois-je écrire à l'encre ?
My answer is enough.,Ma réponse suffit.
My aunt looks young.,Ma tante paraît jeune.
My back still hurts.,Mon dos me fait encore mal.
My boss is an idiot.,Mon chef est un idiot.
My brother has died.,Mon frère est mort.
My cake didn't rise.,Mon gâteau n'a pas levé.
My camera is broken.,Mon appareil photo est cassé.
My cat loves catnip.,Mon chat adore l'herbe à chat.
My cat loves shrimp.,Mon chat adore les crevettes.
My country needs me.,Mon pays a besoin de moi.
My dad will kill me.,Mon père me tuera.
My dog doesn't bite.,Mon chien ne mord pas.
My dog needs a walk.,Mon chien a besoin d'une promenade.
My eyes are burning.,Les yeux me brûlent.
My eyes feel gritty.,J'ai du sable dans les yeux.
My feet are swollen.,Mes pieds sont enflés.
My friend helped me.,Mon ami m'a aidé.
My friend helped me.,Mon amie m'a aidé.
My friend helped me.,Mon ami m'a aidée.
My friend helped me.,Mon amie m'a aidée.
My friend helped me.,Mon ami m'aida.
My friend helped me.,Mon amie m'aida.
My gums are swollen.,Mes gencives sont enflées.
My hair is too long.,Mes cheveux sont trop longs.
My hair is too long.,J'ai les cheveux trop longs.
My headache is gone.,Mon mal de tête est parti.
My hobby is cooking.,Mon passe-temps est la cuisine.
My hobby is reading.,Mon passe-temps est la lecture.
My home is far away.,Mon domicile est éloigné.
My job kept me busy.,Mon travail me tenait occupé.
My knee hurts a lot.,Mon genou me fait très mal.
My legs are hurting.,J'ai mal aux jambes.
My legs are hurting.,J’ai mal aux jambes.
My life is complete.,Ma vie est complète.
My life was a wreck.,Ma vie était en ruine.
My life was a wreck.,Ma vie était un champ de ruines.
My mom will kill me.,Ma mère me tuera.
My money was stolen.,On m'a volé mon argent.
My mother called me.,Ma mère m'a appelé.
My mother called me.,Ma mère m'a appelée.
My mother is active.,Ma mère est active.
My neighbor is nice.,Mon voisin est sympa.
My neighbor is nice.,Ma voisine est gentille.
My nose is bleeding.,Mon nez saigne.
My parrot flew away.,Mon perroquet s'est échappé.
My phone rang again.,Mon téléphone a de nouveau sonné.
My phone rang again.,Mon téléphone a sonné à nouveau.
My phone rang again.,Mon téléphone sonna à nouveau.
My rent has gone up.,Mon loyer a augmenté.
My room number is 5.,Mon numéro de chambre est le 5.
My room number is 5.,Le numéro de ma chambre est le 5.
My sister has a job.,Ma sœur a un travail.
My sister is famous.,Ma sœur est célèbre.
My sister is pretty.,Ma sœur est jolie.
My throat feels dry.,J'ai la gorge sèche.
My trousers are wet.,Mon pantalon est mouillé.
My whole body hurts.,Tout mon corps me fait mal.
My wife is a doctor.,Ma femme est médecin.
My wife is a lawyer.,Ma femme est avocate.
My work is finished.,Mon travail est fini.
"Next person, please.","Personne suivante, s'il vous plaît."
No drugs were found.,On n'a trouvé aucune drogue.
No items were taken.,Aucun article ne fut emporté.
No money was stolen.,Aucun argent n'a été volé.
No more can be said.,On ne peut en dire plus.
No one ate anything.,Personne ne mangea quoi que ce soit.
No one ate the cake.,Personne ne mangea le gâteau.
No one ate the cake.,Personne n'a mangé le gâteau.
No one believed him.,Personne ne l'a cru.
No one believed him.,Personne ne le crut.
No one believed you.,Personne ne vous a cru.
No one believed you.,Personne ne t'a cru.
No one believes him.,Personne ne le croit.
No one came up here.,Personne n'est monté ici.
No one can help you.,Personne ne peut vous aider.
No one can help you.,Personne ne peut t'aider.
No one could see us.,Personne ne pourrait nous voir.
No one could see us.,Personne ne pouvait nous voir.
No one dances sober.,Personne ne danse en étant sobre.
No one else laughed.,Personne d'autre ne rit.
No one else laughed.,Personne d'autre n'a ri.
No one even blinked.,Personne ne cilla même.
No one ever changes.,Personne ne change jamais.
No one followed you.,Personne ne vous a suivi.
No one followed you.,Personne ne t'a suivi.
No one gave up hope.,Personne ne perdit espoir.
No one has anything.,Personne n'a quoi que ce soit.
No one has anything.,Personne ne dispose de quoi que ce soit.
No one likes losing.,Personne n'aime perdre.
No one really cares.,Tout le monde s'en fout.
No one really cares.,Personne ne s'en soucie vraiment.
No one really knows.,Personne ne le sait vraiment.
No one saw anything.,Personne n'a rien vu.
No one saw anything.,Personne n'a vu quoi que ce soit.
No one seems afraid.,Personne ne semble effrayé.
No one supported me.,Personne ne m'a soutenu.
No one was detained.,Personne n'a été détenu.
No one was excluded.,Personne ne fut exclu.
No one was watching.,Personne ne regardait.
No one will help us.,Personne ne nous aidera.
No one will miss me.,Je ne manquerai à personne.
No one will stop us.,Personne ne nous arrêtera.
No one will survive.,Personne ne survivra.
No one would listen.,Personne ne voulait écouter.
No one would listen.,Personne ne voudrait écouter.
No one's allowed in.,Personne n'est admis.
No one's allowed in.,Personne n'y est admis.
No one's interested.,Ça n'intéresse personne.
No place is perfect.,Aucun endroit n'est parfait.
No rain is expected.,Aucune pluie n'est attendue.
No weapon was found.,Aucune arme n'a été trouvée.
No weapon was found.,Aucune arme ne fut trouvée.
"No, I don't want to.","Non, je ne veux pas."
"No, that's not true.","Non, ce n'est pas vrai."
Nobody believed Tom.,Personne n'a cru Tom.
Nobody can hear you.,Personne ne peut t'entendre.
Nobody can hear you.,Personne ne parvient à t'entendre.
Nobody can hear you.,Personne ne peut vous entendre.
Nobody can hear you.,Personne ne parvient à vous entendre.
Nobody can help you.,Personne ne peut vous aider.
Nobody can help you.,Personne ne peut t'aider.
Nobody cares for me.,Personne ne s'occupe de moi.
Nobody cares for me.,Personne ne se soucie de moi.
Nobody contacted me.,Personne ne m'a contacté.
Nobody really knows.,Personne ne sait vraiment.
Nobody saw anything.,Personne n'a rien vu.
Nobody speaks to me.,Aucun ne me parle.
Nobody's interested.,Ça n'intéresse personne.
None of us like Tom.,Aucun d'entre nous n'aime Tom.
Not everyone agreed.,Tout le monde n'était pas d'accord.
Not everyone agrees.,Tout le monde n'est pas d'accord.
Nothing can stop me.,Rien ne peut m'arrêter.
Nothing feels right.,Rien ne semble coller.
Nothing has changed.,Rien n'a changé.
Nothing is forgiven.,Rien n'est pardonné.
Nothing seems right.,Rien ne semble coller.
Nothing will change.,Rien ne changera.
Now eat your supper.,"Maintenant, mange ton souper."
Now eat your supper.,"Maintenant, mange ton dîner."
Now is not the time.,Ce n'est actuellement pas le moment.
Now let's celebrate.,"Maintenant, fêtons ça."
Now what's the deal?,"Qu'en est-il, maintenant ?"
"Now, that's an idea.","Voilà, ça, c'est une idée."
Nuts are nutritious.,Les noisettes sont nourrissantes.
Old habits die hard.,Les vieilles habitudes ont la vie dure.
One man was injured.,Un homme a été blessé.
One of us could win.,L'un de nous pourrait gagner.
One of us could win.,L'une de nous pourrait gagner.
One of us has to go.,L'un de nous doit partir.
One of you is lying.,L'un de vous ment.
One of you is lying.,L'une de vous ment.
Only time will tell.,Seul le temps nous le dira.
Open up the package.,Ouvre le paquet.
Open up the package.,Ouvrez le paquet.
Ostriches can't fly.,Les autruches ne peuvent pas voler.
Our allies are weak.,Nos alliés sont faibles.
Our allies are weak.,Nos alliées sont faibles.
Our boat is sinking.,Notre bateau coule.
Our fate was sealed.,Notre destin fut scellé.
Our fate was sealed.,Notre destinée était scellée.
Our gamble paid off.,Notre pari a porté ses fruits.
Our team is winning.,Notre équipe est en train de gagner.
Our team is winning.,Notre équipe est en train de l'emporter.
Our time is limited.,Notre temps est limité.
Our work never ends.,Notre travail ne s'arrête jamais.
Our work never ends.,Notre travail ne prend jamais fin.
Paper burns quickly.,Le papier brûle rapidement.
People have choices.,Les gens ont des choix.
People like to talk.,Les gens aiment parler.
People love freedom.,Le peuple aime la liberté.
People love freedom.,Les gens sont épris de liberté.
People love to talk.,Les gens adorent parler.
Perhaps I was wrong.,Peut-être me suis-je trompé.
Perhaps Tom can win.,Peut-être que Tom peut gagner.
Perhaps Tom can win.,Peut-être Tom peut-il gagner.
Perhaps that's true.,C'est peut-être exact.
Play me some Chopin.,Joue-moi du Chopin.
Please call me back.,Rappelle-moi s'il te plaît.
Please come on time.,Veuillez venir à l'heure.
Please come with us.,Veuillez venir avec nous.
Please come with us.,"Viens avec nous, s'il te plait."
Please don't get up.,S'il te plait ne te lève pas.
Please don't mumble.,Je te prie de ne pas marmonner.
Please drive safely.,Conduis prudemment s'il te plaît.
Please drive safely.,Veuillez conduire prudemment.
Please drive safely.,S'il vous plaît conduisez prudemment.
Please drive safely.,Conduis prudemment je t'en prie.
Please give us room.,"Écartez-vous, s'il vous plaît."
Please give us room.,"Faites-nous de la place, s'il vous plaît."
Please have a drink.,"Je vous en prie, prenez une boisson !"
Please have a drink.,"Je t'en prie, prends une boisson !"
Please help me cook.,"S'il te plaît, aide-moi à cuisiner."
Please make the bed.,"Faites le lit, je vous prie !"
Please make the bed.,"Fais le lit, je te prie !"
Please show me that.,"Veuillez me montrer cela, je vous prie."
Please show me that.,"Montre-moi cela, je te prie !"
Please speak French.,"Parle français, s'il te plaît."
Please speak French.,"Parlez français, s'il vous plaît."
Please stop singing.,"Arrête de chanter, je te prie !"
Please stop singing.,"Arrêtez de chanter, je vous prie !"
Please stop talking.,"Arrête de parler, je te prie !"
Please stop talking.,"Arrêtez de parler, je vous prie !"
Please stop talking.,"Cesse de parler, je te prie !"
Please stop talking.,"Cessez de parler, je vous prie !"
Please stop talking.,"Veuillez arrêter de parler, je vous prie !"
Please stop talking.,"Veuillez cesser de parler, je vous prie !"
Please take me home.,"S'il te plaît, emmène-moi chez moi."
Please take me home.,"S'il vous plaît, emmenez-moi chez moi."
Please wash my back.,Nettoie mon dos s'il te plaît.
Pleased to meet you.,Enchanté de faire votre connaissance.
Pleased to meet you.,Je suis ravie de te rencontrer.
Pleased to meet you.,Ravie de faire ta connaissance.
Poaching is illegal.,Il est illégal de braconner.
Poaching is illegal.,Le braconnage est illégal.
Prices are going up.,Les prix augmentent.
Pull the rope tight.,Tends la corde.
Pull the rope tight.,Tendez la corde.
Put on a nice dress.,Mets une belle robe.
Put on a nice dress.,Mettez une belle robe.
Put on your pajamas.,Mets ton pyjama.
Put on your pajamas.,Mettez vos pyjamas.
Put some clothes on.,Mets des vêtements !
Put some clothes on.,Mettez des vêtements !
Put some clothes on.,Habille-toi !
Put some clothes on.,Habillez-vous !
Put some clothes on.,Vêts-toi !
Put some clothes on.,Vêtez-vous !
Put that in writing.,Mets ça par écrit.
Put that in writing.,Mettez ça par écrit.
Put your books away.,Mettez vos livres de côté.
Put your glasses on.,Mets tes lunettes !
Put your glasses on.,Mettez vos lunettes !
"Quick, give me that.","Vite, donne-moi ça."
"Quick, give me that.","Vite, donnez-moi ça."
Quote me an example.,Citez-moi un exemple.
Quote me an example.,Cite-moi un exemple.
Respect your elders.,Respectez vos aînés.
Respect your elders.,Respectez vos aînées.
Respect your elders.,Respecte tes aînés.
Respect your elders.,Respecte tes aînées.
Rest here for a bit.,Repose-toi un peu ici.
Rest here for a bit.,Reposez-vous ici un moment.
Return to your room.,Retournez dans votre chambre.
Return to your room.,Retourne dans ta chambre.
Rome is an old city.,Rome est une ville ancienne.
See you in two days.,À après-demain !
Seeing is believing.,Voir c'est croire.
Seeing is believing.,"Voir, c'est croire."
Shall we go and eat?,Vous voulez y aller et manger ?
Shall we go and eat?,Si on allait manger ?
Shall we go and eat?,On y va et on mange ?
Sharks feed on fish.,Les requins se nourrissent de poissons.
She baked me a cake.,Elle me cuisit un gâteau.
She baked me a cake.,Elle me prépara un gâteau.
She baked me a cake.,Elle me concocta un gâteau.
She baked me a cake.,Elle me fit un gâteau.
She baked me a cake.,Elle m'a confectionné un gâteau.
She became a doctor.,Elle est devenue médecin.
She became a doctor.,Elle est devenue toubib.
She became a singer.,Elle est devenue chanteuse.
She became pregnant.,Elle est tombée enceinte.
She became very ill.,Elle est tombée gravement malade.
She blackmailed him.,Elle le fit chanter.
She boards students.,Elle prend des étudiants en pension.
She boiled the eggs.,Elle a cuit les œufs.
She bowed in thanks.,Elle s'inclina en remerciements.
She called for help.,Elle a appelé à l'aide.
She called for help.,Elle appela à l'aide.
She came out on top.,Elle débuta au sommet.
She came out on top.,Elle termina en tête.
She can drive a car.,Elle sait conduire une voiture.
She can't cook well.,Elle ne sait pas bien cuisiner.
She closed her eyes.,Elle ferma les yeux.
She closed her eyes.,Elle a fermé les yeux.
She closed her eyes.,Elle a clos les yeux.
She closed her eyes.,Elle ferma ses yeux.
She cried all night.,Elle pleura toute la nuit.
She danced with joy.,Elle dansa avec joie.
She did pretty well.,Elle s'en est assez bien sortie.
She didn't like him.,Elle ne l'aimait pas.
She does look tired.,Elle a vraiment l'air fatiguée.
She drives me crazy.,Elle me rend fou.
She drives me crazy.,Elle me rend dingue.
She drives me crazy.,Elle me rend chèvre.
She feels bad today.,Elle se sent mal aujourd'hui.
She gave him a book.,Elle lui a donné un livre.
She gave me a shirt.,Elle m'a donné une chemise.
She gave me a watch.,Elle m'a donné une montre.
She gave me a watch.,Elle me donna une montre.
She got in the taxi.,Elle est montée dans un taxi.
She had gone to bed.,Elle est partie se coucher.
"She has 2,000 books.",Elle a deux mille livres.
She has a long nose.,Elle a un grand nez.
"She has faults, too.",Elle aussi a ses torts.
She has few friends.,Elle a peu d'amis.
She has few friends.,Elle a peu d'amies.
She has gone abroad.,Elle est allée à l'étranger.
She has lost weight.,Elle a perdu du poids.
She has no brothers.,Elle n'a pas de frère.
She held her breath.,Elle retint son souffle.
"She hit me, not him.","C'est elle qui m'a frappé, pas lui."
"She hit me, not him.","C'est moi qu'elle a frappé, pas lui."
"She hit me, not him.","C'est moi qu'elle a frappée, pas lui."
She is a bad person.,C'est une mauvaise personne.
She is a chatterbox.,C'est un moulin à parole.
She is a little shy.,Elle est un peu timide.
She is a little shy.,Elle est quelque peu timide.
She is about my age.,Elle a à peu près mon âge.
She is about my age.,Elle a environ mon âge.
She is bad-mannered.,Elle est mal élevée.
She is dark-skinned.,Elle a la peau noire.
She is fond of cake.,Elle adore les gâteaux.
She is good-natured.,Elle a une bonne nature.
She is good-natured.,Elle est bienveillante.
She is hard at work.,Elle travaille dur.
She is hard on them.,Elle est dure avec eux.
She is just a child.,Elle n'est qu'une enfant.
She is my classmate.,Elle est ma camarade de classe.
She is not here yet.,Elle n'est pas encore là.
She is not to blame.,Elle n'est pas à blâmer.
She is still a girl.,Elle est encore mineure.
She kept on talking.,Elle continua de parler.
She kept on working.,Elle a continué de travailler.
She kept on working.,Elle continua à travailler.
She kept on working.,Elle a continué à travailler.
She kicked the door.,Elle tapa dans la porte.
She kissed my cheek.,Elle m'embrassa la joue.
She kissed my cheek.,Elle m'embrassa sur la joue.
She kissed my cheek.,Elle m'a embrassé sur la joue.
She knows the truth.,Elle connaît la vérité.
She laced her shoes.,Elle laça ses chaussures.
She likes all of us.,Elle nous aime toutes.
She listened to him.,Elle l'écoutait.
She lit the candles.,Elle alluma les cierges.
She lit the candles.,Elle a allumé les cierges.
She lit the candles.,Elle alluma les bougies.
She lit the candles.,Elle a allumé les bougies.
She lives in London.,Elle vit à Londres.
She locked the door.,Elle a fermé la porte à clé.
She looks very sick.,Elle a l'air très malade.
She made me cookies.,Elle me confectionna des biscuits.
She made me cookies.,Elle m'a confectionné des biscuits.
She made tea for me.,Elle m'a fait du thé.
She made tea for me.,Elle me fit du thé.
She opened the door.,Elle a ouvert la porte.
She played a sonata.,Elle joua une sonate.
She played a sonata.,Elle donna une sonate.
She pulled my shirt.,Elle a tiré ma chemise.
She ran to Shinjuku.,Elle a couru jusqu'à Sinjuku.
She reserved a room.,Elle réserva une chambre.
She reserved a room.,Elle a réservé une chambre.
She robbed me blind.,Elle m'a dépouillé.
She robbed me blind.,Elle m'a dépouillée.
She rubbed her eyes.,Elle se frotta les yeux.
She rubbed her eyes.,Elle s'est frotté les yeux.
She sat next to him.,Elle s'assit à son côté.
She shaved her head.,Elle s'est rasée la tête.
She speaks too much.,Elle parle trop.
She still buys milk.,Elle achète toujours du lait.
She still loved him.,Elle l'aimait encore.
She still loves him.,Elle l'aime encore.
She still loves him.,Elle l'aime toujours.
She stopped talking.,Elle arrêta de parler.
She stopped talking.,Elle a arrêté de parler.
She studies English.,Elle étudie l'anglais.
She teaches English.,Elle enseigne l'anglais.
She told him a joke.,Elle lui raconta une blague.
She told him a joke.,Elle lui a raconté une blague.
She turned him down.,Elle l'a éconduit.
She understands him.,Elle le comprend.
She wants a new hat.,Elle veut un nouveau chapeau.
She was kind enough.,Elle était assez gentille.
She went on working.,Elle a continué de travailler.
She won't like this.,Ça ne va pas lui plaire.
She works in a bank.,Elle travaille dans une banque.
She'll be just fine.,Ça ira très bien pour elle.
She's a born artist.,Elle est une artiste-née.
She's a dumb blonde.,C'est une blonde.
She's a real gossip.,C'est une vraie concierge.
She's a real gossip.,C'est une vraie commère.
She's a real hottie.,Elle est vraiment une fille ravissante.
She's a tough woman.,C'est une femme forte.
She's a true artist.,C'est une véritable artiste.
She's an only child.,Elle est fille unique.
She's been poisoned.,Elle a été empoisonnée.
She's in a bad mood.,Elle est de mauvaise humeur.
She's my first love.,Elle est mon premier amour.
She's not penniless.,Elle n'est pas sans argent.
She's still a minor.,Elle est encore mineure.
She's strong-willed.,Elle est obstinée.
She's strong-willed.,Elle a une forte volonté.
She's wearing a hat.,Elle porte un chapeau.
Should I be jealous?,Devrais-je être jaloux ?
Should I be jealous?,Devrais-je être jalouse ?
Should I be worried?,Devrais-je être préoccupé ?
Should I be worried?,Devrais-je être préoccupée ?
Should we intervene?,Devrions-nous intervenir ?
Shouldn't we go now?,Ne devrions-nous pas y aller maintenant ?
Show me some others.,Montrez-m'en d'autres.
Show me the picture.,Montre-moi la photo.
Show me your papers!,Montrez-moi vos papiers !
Show me your papers!,Montre-moi tes papiers !
Show me your tattoo.,Montre-moi ton tatouage.
Show me your tattoo.,Montrez-moi votre tatouage.
Shut the door tight.,Ferme bien la porte !
Shut the door tight.,Fermez bien la porte !
Shut the door tight.,Ferme la porte de manière étanche !
Shut the door tight.,Fermez la porte de manière étanche !
Sign the guest book.,Signez le registre des invités !
Sign the guest book.,Signe le registre des invités !
Sing a song with me.,Chantez une chanson avec moi.
Sing a song with me.,Chante une chanson avec moi.
Snakes are reptiles.,Les serpents sont des reptiles.
So what else is new?,"Alors, quoi de neuf, à part ça ?"
"So, what do you say?","Alors, qu'est-ce que t'en dis ?"
"So, what do you say?","Alors, qu'en dites-vous ?"
Some of us think so.,Certains d'entre nous le pensent.
Somebody intervened.,Quelqu'un est intervenu.
Somebody intervened.,Quelqu'un intervint.
Somebody killed Tom.,Quelqu'un a tué Tom.
Somebody touched me.,Quelqu'un m'a touché.
"Someday, we'll know.","Un jour, nous saurons."
Someone's behind me.,Il y a quelqu'un derrière moi.
Something was wrong.,Quelque chose n'allait pas.
Something was wrong.,Quelque chose clochait.
Something's missing.,Quelque chose manque.
Something's strange.,Il y a quelque chose qui cloche.
Sorry about earlier.,Désolé pour ce que j'ai dit plus tôt.
Sorry about earlier.,Désolée pour ce que j'ai dit plus tôt.
Sorry about earlier.,Désolés pour ce que nous avons dit plus tôt.
Sorry about earlier.,Désolées pour ce que nous avons dit plus tôt.
Sorry to bother you.,Je suis désolée de te déranger.
Sorry to bother you.,Pardonne le dérangement.
"Sorry, we're closed.","Désolé, nous sommes fermés."
"Sorry, we're closed.","Désolé, on est fermé."
Spring will be late.,Le printemps va tarder à venir.
Stand on the scales.,Montez sur la balance.
Stand where you are!,Tiens-toi là où tu es !
Stand where you are!,Tenez-vous là où vous êtes !
Stay away from that.,Reste loin de ça.
Stay away from that.,Restez éloignés de cela.
Stay home until six.,Restez à la maison jusqu'à six heures.
Stay out of my room.,Reste hors de ma chambre.
Stay out of trouble.,Te mets pas dans la merde.
Stay out of trouble.,Ne vous mettez pas dans les ennuis.
Stop being so naive.,Arrête d'être si naïf.
Stop being so naive.,Arrêtez d'être si naïf.
Stop being so naive.,Arrête d'être si naïve.
Stop being so naive.,Arrêtez d'être si naïve.
Stop being so naive.,Arrêtez d'être si naïves.
Stop being so naive.,Arrêtez d'être si naïfs.
Stop calling me Tom.,Arrête de m'appeler Tom.
Stop calling me Tom.,Arrêtez de m'appeler Tom.
Stop fooling around!,T’as fini de faire l’idiot !
Stop fooling around!,C’est fini de faire l’idiot !
Stop talking loudly.,Arrête de parler fort.
Stop talking loudly.,Arrêtez de parler fort.
"Stop, or I'll shoot.",Ne bougez pas ou je tire.
"Stop, or I'll shoot.",Ne bouge pas ou je tire.
Take Tom for a swim.,Amène Tom nager.
Take a few days off.,Prenez quelques jours de congé.
Take a few days off.,Prends quelques jours de congé.
Take a look at that.,Jette un œil là-dessus.
Take a look at this.,Jette un œil là-dessus.
Take my word for it.,Fie-toi à ma parole en la matière !
Take my word for it.,Fiez-vous à ma parole en la matière !
Take off your shoes.,Enlève tes chaussures.
Take off your socks.,Retire tes chaussettes.
Take your shoes off.,Enlève tes chaussures.
Take your shoes off.,Enlevez vos chaussures.
Take your shoes off.,Retire tes chaussures.
Talk to my attorney.,Parlez à mon avocat.
Talk to my attorney.,Parle à mon avocat.
Taxis are expensive.,Les taxis sont chers.
Tell Tom I love him.,Dis à Tom que je l'aime.
Tell Tom I'm coming.,Dis à Tom que j'arrive.
Tell Tom to shut up.,Dis à Tom de la fermer.
Tell Tom to shut up.,Dites à Tom de se taire.
Tell it to the cops.,Dis-le aux policiers.
Tell me if it hurts.,Dis-moi si ça fait mal.
Tell me if it hurts.,Dites-moi si ça fait mal.
Tell me where he is.,Dites-moi où il se trouve !
Tell me where he is.,Dis-moi où il se trouve !
Thailand is in Asia.,La Thaïlande est située en Asie.
Thank you for today.,Merci pour aujourd'hui.
Thank you for today.,Merci beaucoup pour aujourd'hui.
Thank you very much.,Merci beaucoup !
Thank you very much.,Merci bien.
Thanks for the book.,Merci pour le livre.
Thanks for the food.,Merci pour la nourriture.
Thanks for the food.,Merci pour la bouffe.
Thanks for the hint.,Merci pour le conseil.
Thanks for the hint.,Merci pour l'indice.
Thanks for the info.,Merci pour l'information.
Thanks for the meal.,Merci pour le repas.
Thanks for the ride.,Merci pour la balade.
Thanks for the soup.,Merci pour la soupe.
That book is theirs.,Ce livre est le leur.
That boy is running.,Ce garçon court.
That boy is running.,Ce garçon est en train de courir.
That can't be legal.,Il n'est pas possible que ce soit légal.
That cannot be true.,Cela ne peut être vrai.
That comes in handy.,Ça arrive à point nommé.
That comes in handy.,C'est utile.
That comes in handy.,Ça tombe à pic.
That costs 30 euros.,Ça coûte trente euros.
That could be wrong.,Cela pourrait être faux.
That day shall come.,Ce jour viendra.
That depends on you.,Ça dépend de toi.
That depends on you.,Ça dépend de vous.
That didn't help us.,Cela ne nous a pas aidé.
That doesn't add up.,Ça ne fait pas le compte.
That doesn't add up.,Le compte n'y est pas.
That doesn't happen.,Ça n'arrive pas.
That explains a lot.,Ça explique beaucoup de choses.
That guy is a crook.,Ce type est un bandit.
That idea's not bad.,Cette idée n'est pas mauvaise.
That is a good idea.,C'est une bonne idée.
That is not a tiger.,Ce n'est pas un tigre.
That is not my line.,Ce n'est pas mon point fort.
That is unavoidable.,C'est inévitable.
That isn't possible.,Cela n'est pas possible.
That looks like fun.,Ça a l'air amusant.
That looks like tea.,On dirait du thé.
That makes me happy.,Ça me rend heureux.
That makes no sense.,Ça n'a pas de sens.
That never happened.,Ça n'est jamais arrivé.
That rarely happens.,Ça arrive rarement.
That seemed to help.,Ça a paru aider.
That seems unlikely.,Cela semble improbable.
That seems unlikely.,Cela semble peu probable.
That should be easy.,Cela devrait être facile.
That should suffice.,Cela devrait suffire.
That sounds awesome.,Ça a l'air génial.
That was disgusting.,C'était dégoûtant.
That was months ago.,C'était il y a des mois.
That was my mistake.,Au temps pour moi.
That was really bad.,C'était vraiment mauvais.
That was really bad.,C'était vraiment nul.
That was so awesome.,C'était tellement génial.
That was some storm.,C'était un sacré orage.
That was unexpected.,Ce n'était pas prévu.
That was unexpected.,C'était inattendu.
That wasn't my idea.,Ce n'était pas mon idée.
That wasn't too bad.,Ce n'était pas trop mauvais.
That won't help you.,Ça ne va pas t'aider.
That would be funny.,Ça serait drôle.
That would be weird.,Ce serait bizarre.
That would be wrong.,Ce serait une erreur.
That's Tom's sister.,C'est la sœur de Tom.
That's a blue house.,C'est une maison bleue.
That's a crazy idea.,C'est une idée dingue.
That's a good brand.,C'est une bonne marque.
That's a good guess.,Bien deviné !
That's a good point.,C'est une bonne remarque.
That's a good point.,C'est vrai !
That's a good start.,C'est un bon démarrage.
That's a good story.,C'est une bonne histoire.
That's a good thing.,C'est une bonne chose.
That's a great poem.,C'est un grand poème.
That's a great poem.,C'est un fameux poème.
That's a huge organ.,Ce sont des orgues gigantesques.
That's a huge organ.,C'est un organe gigantesque.
That's a lemon tree.,C'est un citronnier.
That's a nice dress.,C'est une jolie robe.
That's a nice shirt.,C'est une belle chemise.
That's a nice story.,C'est une belle histoire.
That's a no-brainer.,C'est un jeu d'enfant.
That's a true story.,C'est une histoire vraie.
That's all I can do.,C'est tout ce que je peux faire.
That's all I needed.,C'est tout ce dont j'avais besoin.
That's all I wanted.,C'est tout ce que je voulais.
That's all Tom said.,C'est tout ce qu'a dit Tom.
That's all Tom said.,C'est tout ce que Tom a dit.
That's all it takes.,C'est tout ce qu'il faut.
That's all nonsense.,Ce ne sont que balivernes.
That's all over now.,C'est désormais terminé.
That's all there is.,C'est tout ce qu'il y a.
That's all they had.,C'est tout ce qu'ils avaient.
That's all they had.,C'est tout ce qu'elles avaient.
That's an imitation.,C'est une imitation.
That's close enough.,C'est assez proche.
That's close enough.,C'est suffisamment proche.
That's common sense.,C'est une question de bon sens.
That's discouraging.,C'est décourageant.
That's embarrassing.,C'est embarrassant.
That's fine with me.,Ça me va.
That's good for you.,C'est bien pour toi.
That's good to hear.,C'est bon à entendre.
That's good to hear.,Il est bon de l'entendre.
That's how I did it.,C'est ainsi que je l'ai fait.
That's how I see it.,C'est ainsi que je le vois.
That's how it began.,Voilà comment ça a commencé.
That's how it works.,C'est comme ça que ça marche.
That's it for today.,C'est tout pour aujourd'hui.
That's just a guess.,C'est juste une supposition.
That's just awesome.,C'est simplement génial.
That's just awesome.,C'est simplement de la balle.
That's kind of deep.,C'est plutôt profond.
That's kind of rare.,C'est plutôt rare.
That's kind of rude.,C'est plutôt grossier.
That's more like it.,C'est davantage ainsi.
That's more like it.,Ça y ressemble davantage.
That's my real name.,C'est mon vrai nom.
That's my reasoning.,C'est mon raisonnement.
That's my specialty.,C'est ma spécialité.
That's nice to know.,C'est chouette de le savoir.
That's not a museum.,Ce n'est pas un musée.
That's not a secret.,Ce n'est pas un secret.
That's not an issue.,Ce n'est pas un problème.
That's not my fault.,Ça n'est pas ma faute.
That's not my fault.,Ça n'est pas de ma faute.
That's not my style.,Ce n'est pas mon style.
That's not my thing.,C'est pas mon truc.
That's not original.,Ce n'est pas original.
That's not possible.,Ce n'est pas possible.
That's not uncommon.,Ce n'est pas inhabituel.
That's not your job.,Ce n'est pas ton boulot.
That's not your job.,Ce n'est pas votre boulot.
That's preposterous.,C'est grotesque.
That's quite common.,C'est plutôt courant.
That's quite enough.,C'est tout à fait suffisant.
That's quite simple.,C'est assez simple.
That's really funny.,C'est très drôle.
That's really funny.,C'est vraiment marrant.
That's really funny.,C'est vraiment drôle.
That's really great!,C'est vraiment génial !
That's really great!,C'est vraiment super.
That's really great.,C'est vraiment super.
That's really scary.,Ça fait vraiment peur.
That's self-evident.,Ça va de soi.
That's simply wrong.,C'est simplement faux.
That's sort of nice.,C'est plutôt chouette.
That's sweet of you.,C'est gentil de votre part.
That's very serious.,"Ça, c'est très sérieux."
That's what I heard.,C'est ce que j'ai entendu.
That's what I meant.,C'est ce que je voulais dire.
That's what I think.,C'est ce que je pense.
That's what I wrote.,C'est ce que j'ai écrit.
That's what we need.,C'est ce dont nous avons besoin.
That's what we want.,C'est ce que nous voulons.
That's what's crazy.,C'est ce qui est fou.
That's where I live.,C'est là que je vis.
That's where I work.,C'est là que je travaille.
That's why I called.,C'est pourquoi j'ai appelé.
That's why I called.,C'est pour ça que j'ai appelé.
That's why I did it.,C'est pourquoi je l'ai fait.
That's why I'm busy.,Voilà pourquoi je suis occupé.
That's why I'm here.,C'est pour ça que je suis là.
That's why I'm here.,C'est pourquoi je suis ici.
That's why I'm here.,C'est pourquoi je me trouve ici.
That's why I'm here.,C'est pourquoi je suis là.
That's why I'm here.,C'est la raison de ma présence.
That's why I'm here.,"C'est la raison de ma présence, ici."
That's why I'm late.,C'est pourquoi je suis en retard.
That's why Tom left.,C'est pourquoi Tom est parti.
That's why Tom quit.,C'est pour ça que Tom a démissionné.
That's your opinion.,C’est ton avis.
The TV doesn't work.,Le téléviseur ne marche pas.
The TV doesn't work.,Le téléviseur ne fonctionne pas.
The TV doesn't work.,Le poste de télévision ne fonctionne pas.
The TV doesn't work.,La télévision ne fonctionne pas.
The baby kept quiet.,Le bébé est resté silencieux.
The baby's sleeping.,Le bébé est en train de dormir.
The baby's sleeping.,L’enfant dort.
The bell is ringing.,La cloche sonne.
The bicycle is mine.,C'est ma bicyclette.
The bicycle is mine.,Cette bicyclette m'appartient.
The bicycle is mine.,Ce vélo m'appartient.
The bicycle is mine.,C'est mon vélo.
The birds flew away.,Les oiseaux s'envolèrent.
The blouse is clean.,La chemise est propre.
The boat is on fire.,Le bateau brûle.
The boat is on fire.,Le bateau est en feu.
The boat is sinking.,La bateau coule.
The box isn't empty.,La boite n'est pas vide.
The boy bowed to me.,Le garçon s'inclina devant moi.
The boy got scolded.,Le garçon s'est fait gronder.
The car didn't move.,La voiture ne bougea pas.
The cat is adorable.,Le chat est adorable.
The cat is not dead.,Le chat n'est pas mort.
The cat is not dead.,La chatte n'est pas morte.
The cat is sleeping.,Le chat dort.
The chair is broken.,La chaise est cassée.
The cheering ceased.,Les encouragements se turent.
The choice is yours.,C'est ton choix.
The class went wild.,La classe se déchaîna.
The class went wild.,La classe s'est déchaînée.
The clock is broken.,L'horloge est cassée.
The coal is burning.,Le charbon brûle.
The coal is burning.,Le charbon se consume.
The concert is over.,Le concert est fini.
The crops need rain.,Les cultures ont besoin de pluie.
The crowd applauded.,La foule applaudit.
The cup has a crack.,La tasse a une fêlure.
The damage was done.,Le mal était fait.
The dog ate my shoe.,Le chien mangea mon soulier.
The dog bit my hand.,Le chien m'a mordu la main.
The dog bit my hand.,Le chien mordit ma main.
The dog bit the man.,Le chien a mordu l'homme.
The dog followed me.,Le chien me suivit.
The dog followed me.,Le chien m'a suivi.
The dog is bleeding.,Le chien est en train de saigner.
The dog is drooling.,Le chien est en train de baver.
The dog is sleeping.,Le chien est en train de dormir.
The door is closing.,La porte est en train de se fermer.
The door was closed.,La porte était fermée.
The door was locked.,La porte était verrouillée.
The door won't open.,La porte ne veut pas s'ouvrir.
The door's unlocked.,La porte est déverrouillée.
The engine is noisy.,Le moteur est bruyant.
The fire alarm rang.,L'alarme-incendie sonna.
The fish smells bad.,Le poisson sent mauvais.
The fish smells bad.,Le poisson pue.
The folder is empty.,Le dossier est vide.
The food is spoiled.,La nourriture est avariée.
The food is spoiled.,La nourriture est gâtée.
The food was decent.,La nourriture était correcte.
The fridge is empty.,Le frigo est vide.
The gamble paid off.,Le pari a porté ses fruits.
The garage is dusty.,Le garage est poussiéreux.
The ground was cold.,Le sol était froid.
The house is vacant.,La maison est inoccupée.
The house was empty.,La maison était vide.
The idea is not bad.,L'idée n'est pas mauvaise.
The idea is not new.,L'idée n'est pas nouvelle.
The job is finished.,Le travail est fini.
The kids are asleep.,Les enfants dorment.
The kids are scared.,Les enfants ont peur.
The lake was frozen.,Le lac était gelé.
The law was changed.,La loi a été modifiée.
The light faded out.,La lumière s'estompa.
The light faded out.,La lumière baissa progressivement.
The lights went out.,Les lumières se sont éteintes.
The lights went out.,Les lumières s'éteignirent.
The line is engaged.,La ligne est occupée.
The man is starving.,L'homme est affamé.
The man took my arm.,L'homme prit mon bras.
The meeting is over.,La réunion est terminée.
The monkey got away.,Le singe s'échappa.
The moon is shining.,La lune brille.
The mystery deepens.,Le mystère s'épaissit.
The news leaked out.,Les informations ont filtré.
The office is empty.,Le bureau est vide.
The path was narrow.,Le chemin était étroit.
The people fear war.,Les gens craignent la guerre.
The plan has failed.,Le plan a échoué.
The pond froze over.,L'étang a gelé.
The prices are high.,Les prix sont élevés.
The radio is broken.,La radio est cassée.
The reason is clear.,La raison est claire.
The road is blocked.,La route est bloquée.
The roof is on fire.,Le toit est en feu.
The room is too big.,La chambre est trop grande.
The room was locked.,La pièce était verrouillée.
The room was packed.,La pièce était bondée.
The server was down.,Le serveur était déprimé.
The server was down.,Le serveur était hors-service.
The service is fast.,Le service est rapide.
The shop was closed.,Le magasin était fermé.
The sirens went off.,Les sirènes se sont déclenchées.
The sky turned dark.,Le ciel s'assombrit.
The smoke blew away.,La fumée s'est dispersée.
The snow has melted.,La neige a fondu.
The snow is melting.,La neige fond.
The stakes are high.,Les enjeux sont élevés.
The street is empty.,La rue est vide.
The street was dark.,La rue était sombre.
The traffic was bad.,La circulation était mauvaise.
The trees are green.,Les arbres sont verts.
The view is amazing.,La vue est fantastique.
The walls were bare.,Les murs étaient nus.
The water is rising.,L'eau monte.
The website is down.,Le site web est par terre.
The wind has abated.,Le vent a molli.
The wind is howling.,Le vent hurle.
The window was open.,La fenêtre était ouverte.
The zipper is stuck.,La fermeture-éclair est coincée.
The zipper is stuck.,La tirette est coincée.
Their answer is yes.,Leur réponse est oui.
There are no knives.,Il n'y a pas de couteaux.
There are no limits.,Il n'y a pas de limite.
There are no losers.,Il n'y a pas de perdants.
There are no spoons.,Il n'y a pas de cuillères.
There are no towels.,Il n'y a pas de serviettes.
There is no message.,Il n'y a aucun message.
There is no urgency.,Il n'y a pas d'urgence.
There is no urgency.,Il n'y a aucune urgence.
There may be others.,Peut-être y en a-t-il d'autres.
There they go again.,Et c'est reparti.
There they go again.,Et les voilà repartis.
There they go again.,Et les voilà reparties.
There was a problem.,Il y avait un problème.
There was a witness.,Il y avait un témoin.
There was no change.,Il n'y eut pas de changement.
There was no damage.,Il n'y eut aucun dommage.
There was no damage.,Il n'y a eu aucun dommage.
There was no motive.,Il n'y avait pas de motif.
There was something.,Il y avait quelque chose.
There wasn't enough.,Il n'y en avait pas assez.
There's a book here.,"Voilà un livre, ici."
There's a cat there.,Il y a là un chat.
There's a condition.,Il y a une condition.
There's a lot to do.,Il y a beaucoup à faire.
There's a lot to do.,Il y a fort à faire.
There's always hope.,Il y a toujours de l'espoir.
There's no elevator.,Il n'y a pas d'ascenseur.
There's no evidence.,Il n'y a pas de preuve.
There's no one here.,Il n'y a personne ici.
There's no one here.,Personne n'est ici.
There's no one left.,Il ne reste personne.
There's no response.,Il n'y a pas de réponse.
There's nobody home.,Il n'y a personne chez moi.
There's nobody home.,Il n'y a personne chez nous.
There's room inside.,Il y a de la place à l'intérieur.
These are bad times.,Nous vivons des temps difficiles.
These are bad times.,Les temps sont durs.
These are not words.,Ce ne sont pas des mots.
These are our books.,Ce sont nos livres.
These are the rules.,Telles sont les règles.
These books are new.,Ces livres sont neufs.
These cars are ours.,Ces voitures sont à nous.
These cars are ours.,Ces voitures sont les nôtres.
They are Christians.,Ils sont chrétiens.
They are Christians.,Ce sont des chrétiens.
They are Christians.,Elles sont chrétiennes.
They are Christians.,Ce sont des chrétiennes.
They are my friends.,Ce sont mes amis.
They are my friends.,Ce sont mes amies.
They are my friends.,Ils sont mes amis.
They are my friends.,Elles sont mes amies.
They are my sisters.,Ce sont mes sœurs.
They are our guests.,Ils sont nos invités.
They are our guests.,Elles sont nos invitées.
They believe in God.,Ils croient en Dieu.
They believe in God.,Elles croient en Dieu.
They believe in God.,Eux croient en Dieu.
They both snickered.,Tous deux ricanèrent.
They both snickered.,Toutes deux ricanèrent.
They came last week.,Ils sont venus la semaine passée.
They came last week.,Elles sont venues la semaine passée.
They can't fire you.,Ils ne peuvent te virer.
They can't fire you.,Ils ne peuvent vous virer.
They can't fire you.,Ils ne peuvent pas te virer.
They can't fire you.,Ils ne peuvent pas vous virer.
They can't fire you.,Elles ne peuvent te virer.
They can't fire you.,Elles ne peuvent vous virer.
They can't fire you.,Elles ne peuvent pas te virer.
They can't fire you.,Elles ne peuvent pas vous virer.
They can't hear you.,Ils ne peuvent pas vous entendre.
They can't hear you.,Elles ne peuvent pas vous entendre.
They can't hear you.,Ils ne peuvent vous entendre.
They can't hear you.,Ils ne peuvent pas t'entendre.
They can't hear you.,Ils ne peuvent t'entendre.
They can't hear you.,Elles ne peuvent vous entendre.
They can't hear you.,Elles ne peuvent t'entendre.
They can't hear you.,Elles ne peuvent pas t'entendre.
They can't hurt you.,Ils ne peuvent te faire de mal.
They can't hurt you.,Elles ne peuvent te faire de mal.
They can't stop you.,Ils ne peuvent pas vous arrêter.
They can't stop you.,Elles ne peuvent pas vous arrêter.
They did a good job.,Ils firent du bon boulot.
They did a good job.,Ils ont fait du bon boulot.
They did a good job.,Elles ont fait du bon boulot.
They did a good job.,Elles firent du bon boulot.
They did not listen.,Ils n'ont pas écouté.
They did not listen.,Elles n'ont pas écouté.
They did not listen.,Elles n'écoutèrent pas.
They didn't fool us.,Ils ne nous ont pas trompés.
They didn't hurt me.,Ils ne m'ont pas fait de mal.
They died in battle.,Ils moururent sur le champ de bataille.
They don't eat meat.,Ils ne mangent pas de viande.
They don't eat meat.,Elles ne mangent pas de viande.
They don't have one.,Ils n'en ont pas.
They don't have one.,Elles n'en ont pas.
They don't know yet.,Ils l'ignorent encore.
They don't know yet.,Elles l'ignorent encore.
They don't know yet.,Ils n'en savent encore rien.
They don't know yet.,Elles n'en savent encore rien.
They don't like you.,Ils ne vous apprécient pas.
They don't like you.,Elles ne vous apprécient pas.
They handcuffed Tom.,Ils ont menotté Tom.
They have a problem.,Ils ont un problème.
They have a problem.,Elles ont un problème.
They have been busy.,Ils ont été occupés.
They have been busy.,Elles ont été occupées.
They have few books.,Ils ont peu de livres.
They have no choice.,Ils n'ont pas le choix.
They have no choice.,Elles n'ont pas le choix.
They know our plans.,Ils ont connaissance de nos projets.
They know our plans.,Elles ont connaissance de nos projets.
They know the truth.,Ils connaissent la vérité.
They know the truth.,Elles connaissent la vérité.
They know who he is.,Ils savent qui c'est.
They know who he is.,Elles savent qui c'est.
They know your name.,Ils connaissent votre nom.
They live next door.,Ils habitent à côté.
They lost their dog.,Ils ont perdu leur chien.
They lost their dog.,Elles ont perdu leur chien.
They love that song.,Ils adorent cette chanson.
They love that song.,Ils raffolent de cette chanson.
They love that song.,Elles adorent cette chanson.
They love that song.,Elles raffolent de cette chanson.
They love this song.,Ils adorent cette chanson.
They love this song.,Elles adorent cette chanson.
They made fun of me.,Ils se moquèrent de moi.
They need investors.,Ils ont besoin d'investisseurs.
They need investors.,Elles ont besoin d'investisseurs.
They need the money.,Ils ont besoin de l'argent.
They need the money.,Elles ont besoin de l'argent.
They questioned him.,Ils l'ont questionné.
They questioned him.,Elles l'ont questionné.
They really did win.,Ils ont vraiment gagné.
They rented a house.,Ils louèrent une maison.
They rented a house.,Elles louèrent une maison.
They ruined my life.,Ils ont ruiné ma vie.
They ruined my life.,Elles ont ruiné ma vie.
They sang in chorus.,Ils chantaient en chœur.
They say she's sick.,Ils disent qu'elle est malade.
They say she's sick.,Elles disent qu'elle est malade.
They seem surprised.,Ils semblent surpris.
They seem surprised.,Elles semblent surprises.
They should be fine.,Ça devrait aller pour eux.
They should be fine.,Ils devraient s'en sortir.
They stayed friends.,Ils restèrent amis.
They stayed friends.,Ils continuèrent à être amis.
They were all there.,Ils étaient tous là.
They were all there.,Elles étaient toutes là.
They were different.,Ils étaient différents.
They were different.,Elles étaient différentes.
They were satisfied.,Ils étaient satisfaits.
They were satisfied.,Elles étaient satisfaites.
They were surprised.,Ils étaient surpris.
They were surprised.,Elles étaient surprises.
They won't help you.,Ils ne t'aideront pas.
They won't help you.,Ils ne vous aideront pas.
They won't help you.,Elles ne t'aideront pas.
They won't help you.,Elles ne vous aideront pas.
They won't need you.,Ils n'auront pas besoin de toi.
They won't need you.,Elles n'auront pas besoin de vous.
They'll go shopping.,Ils iront faire les courses.
They'll go shopping.,Elles iront faire les courses.
They'll let us know.,Ils nous tiendront au courant.
They'll let us know.,Elles nous le feront savoir.
They're a good team.,Ils sont une bonne équipe.
They're about to go.,Ils sont sur le point de partir.
They're all thieves.,Ce sont tous des voleurs.
They're all thieves.,Ce sont toutes des voleuses.
They're all waiting.,Ils attendent tous.
They're all waiting.,Elles attendent toutes.
They're all waiting.,Elles sont toutes en train d'attendre.
They're all waiting.,Ils sont tous en train d'attendre.
They're almost here.,Ils sont presque là.
They're almost here.,Ils en sont presque là.
They're almost here.,Elles sont presque là.
They're almost here.,Elles en sont presque là.
They're here for me.,Ils sont là pour moi.
They're here for me.,Elles sont là pour moi.
They're ignoring me.,Ils ne me prêtent pas attention.
They're kind of fun.,Ils sont plutôt marrants.
They're kind of fun.,Elles sont plutôt marrantes.
They're not illegal.,Ils ne sont pas illégaux.
They're out of town.,Ils ne sont pas en ville.
They're out of town.,Elles ne sont pas en ville.
They're really ugly.,Ils sont vraiment moches.
They're really ugly.,Elles sont vraiment moches.
They're still young.,Ils sont encore jeunes.
They're still young.,Elles sont encore jeunes.
Things have changed.,Les choses ont changé.
This CD is my son's.,Ce CD est à mon fils.
This beef is tender.,Le bœuf est tendre.
This bird can't fly.,Cet oiseau ne peut pas voler.
This bird can't fly.,Cet oiseau ne sait pas voler.
This book is boring.,Ce livre est ennuyeux.
This can't be right.,Ce ne peut être vrai.
This chair is Tom's.,Cette chaise est à Tom.
This chair is yours.,Cette chaise est à toi.
This chair is yours.,Cette chaise est à vous.
This church is huge.,Cette église est vraiment très grande.
This coffee is cold.,Ce café est froid.
This costs too much.,Ceci coûte trop.
This desk is broken.,Ce bureau est cassé.
This dog minds well.,Ce chien obéit bien.
This door is locked.,Cette porte est verrouillée.
This drives me nuts.,Ça me rend dingue.
This fits perfectly.,Ceci correspond parfaitement.
This fits perfectly.,Ça correspond parfaitement.
This forum is great.,Ce forum est merveilleux.
This glass is dirty.,Ce verre est sale.
This guy is a crook.,Ce type est un bandit.
This guy is a loser.,Ce mec est un nullard.
This guy is a loser.,Ce type est un raté.
This is Tom's grave.,C'est la tombe de Tom.
This is Tom's knife.,C'est le couteau de Tom.
This is a gold mine.,C'est une mine d'or.
This is a good deal.,C'est une bonne affaire.
This is a good deal.,C'est un bon accord.
This is a good show.,C'est un bon spectacle.
This is a good show.,C'est un bon programme.
This is a great day.,C'est un grand jour.
This is a long list.,C'est une longue liste.
This is a love song.,C'est une chanson d'amour.
This is a newspaper.,C'est un journal.
This is all for you.,Tout est pour toi.
This is all for you.,Tout est pour vous.
This is all rubbish.,Tout ça n'est qu'absurdités.
This is an old book.,C'est un vieux livre.
This is complicated.,C'est compliqué.
This is devastating.,C'est accablant.
This is good for us.,C'est bon pour nous.
This is her handbag.,C'est son sac-à-main.
This is inefficient.,C'est inefficace.
This is infuriating.,C'est exaspérant.
This is infuriating.,C'est horripilant.
This is interesting.,C'est intéressant.
This is just stupid.,C'est juste stupide.
This is kind of fun.,C'est plutôt amusant.
This is kind of fun.,C'est plutôt marrant.
This is my business.,Ce sont mes affaires.
This is my city now.,C'est ma ville désormais.
This is my computer.,Voici mon ordinateur.
This is my daughter.,C'est ma fille.
This is my decision.,C'est ma décision.
This is my father's.,C’est à mon père.
This is my father's.,Ceci appartient à mon père.
This is my favorite.,C'est mon préféré.
This is my favorite.,C'est ma préférée.
This is my notebook.,C'est mon carnet de notes.
This is my notebook.,C'est mon ordinateur portable.
This is my old bike.,Ceci est mon vieux vélo.
This is my painting.,C'est mon tableau.
This is my question.,C'est ma question.
This is my sandwich.,C'est mon sandwich.
This is my umbrella.,C’est mon parapluie.
This is my umbrella.,Il s'agit de mon parapluie.
This is no accident.,Ce n'est pas un hasard.
This is no surprise.,Ce n'est pas étonnant.
This is not a drill.,Ceci n'est pas une perceuse.
This is not a drill.,Ceci n'est pas un exercice.
This is not a tiger.,Ce n'est pas un tigre.
This is not for you.,Ce n'est pas pour toi.
This is not for you.,Ce n'est pas pour vous.
This is not for you.,Ceci n'est pas pour vous.
This is not natural.,Ce n'est pas naturel.
This is one of mine.,C'est l'une des miennes.
This is one of mine.,C'est l'un des miens.
This is our country.,C'est notre pays.
This is really hard.,C'est très dur.
This is so exciting.,C'est si excitant.
This is so much fun.,C'est tellement marrant.
This is so relaxing.,C'est tellement relaxant.
This is unfortunate.,C'est dommage.
This is unfortunate.,C'est malheureux.
This is very useful.,C'est fort utile.
This is very useful.,C'est très utile.
This is what I want.,C'est ce que je veux.
This is your chance.,C'est votre chance.
This is your chance.,C'est ta chance.
This is your chance.,Voici ta chance.
This is your chance.,Voici votre chance.
This is your change.,C'est votre monnaie.
This isn't my money.,Ce n'est pas mon argent.
This isn't over yet.,Ce n'est pas encore fini.
This isn't possible.,Ce n'est pas possible.
This isn't the time.,Ce n'est pas le moment.
This lady is Indian.,Cette dame est indienne.
This makes no sense.,Cela n'a aucun sens.
This makes no sense.,Ça n'a pas de sens.
This mango is sweet.,Cette mangue est sucrée.
This may hurt a bit.,Il se peut que ça fasse un peu mal.
This never gets old.,Ceci ne vieillit jamais.
This novel bores me.,Ce roman m'ennuie.
This one is special.,Celui-ci est spécial.
This one is special.,Celle-ci est spéciale.
This paper is white.,Ce papier est blanc.
This party's packed.,Il y avait un max de monde à cette soirée.
This place is weird.,Cet endroit est bizarre.
This screw is loose.,Cette vis est desserrée.
This sheet is light.,Ce drap est léger.
This should fit you.,Ceci devrait vous aller.
This should fit you.,Ça devrait t'aller.
This table is clean.,Cette table est propre.
This table is heavy.,Cette table est lourde.
This table is taken.,Cette table est prise.
This tooth is loose.,Cette dent bouge.
This winter is warm.,L'hiver est doux cette année.
Those are my orders.,Ce sont mes ordres.
Those are our books.,Ce sont nos livres.
Those pens are mine.,Ces stylos sont les miens.
Those pens are mine.,Ces stylos sont à moi.
Those were the days.,C'était le bon temps.
Three weeks went by.,Trois semaines ont passé.
Three weeks went by.,Trois semaines sont passées.
Three weeks went by.,Trois semaines passèrent.
Time is running out.,Le temps s'épuise.
Tin is a soft metal.,L'étain est un métal mou.
Tom arrived on foot.,Tom est arrivé à pied.
Tom beats people up.,Tom tabasse des gens.
Tom became a doctor.,Tom est devenu médecin.
Tom became a father.,Tom est devenu père.
Tom became very ill.,Tom devint très malade.
Tom bolted the door.,Tom verrouilla la porte.
Tom bolted the door.,Tom a verrouillé la porte.
Tom borrowed my car.,Tom a emprunté ma voiture.
Tom bought a parrot.,Tom s'est acheté un perroquet.
Tom brought flowers.,Tom a apporté des fleurs.
Tom brought me here.,Tom m'a amené ici.
Tom came by himself.,Tom est venu de lui-même.
Tom can drive a car.,Tom peut conduire une voiture.
Tom can handle this.,Tom peut gérer cela.
Tom can't even read.,Tom ne peut même pas lire.
Tom can't help Mary.,Tom ne peut pas aider Marie.
Tom closed his eyes.,Tom ferma les yeux.
Tom closed his eyes.,Tom a fermé les yeux.
Tom collects comics.,Tom collectionne les comics.
Tom could stop this.,Tom pourrait arrêter ceci.
Tom dealt the cards.,Tom a distribué les cartes.
Tom didn't have any.,Tom n'en avait aucun.
Tom didn't say that.,Tom n'a pas dit ça.
Tom didn't struggle.,Tom n'a pas lutté.
Tom disappointed me.,Tom m'a déçue.
Tom disappointed me.,Tom m'a déçu.
Tom doesn't do much.,Tom ne fait pas grand chose.
Tom doesn't help me.,Tom ne m'aide pas.
Tom doesn't like me.,Tom ne m'aime pas.
Tom doesn't like us.,Tom ne nous aime pas.
Tom doesn't love me.,Tom ne m'aime pas.
Tom doesn't need it.,Tom n'en a pas besoin.
Tom doesn't need me.,Tom n'a pas besoin de moi.
Tom drinks a little.,Tom boit un peu.
Tom drinks too much.,Tom boit trop.
Tom drives too fast.,Tom conduit trop vite.
Tom eats like a pig.,Tom mange comme un cochon.
Tom eats like a pig.,Thomas mange comme un cochon.
Tom encouraged Mary.,Tom encouragea Mary.
Tom encouraged Mary.,Tom a encouragé Mary.
Tom felt invincible.,Tom se sentit invincible.
Tom felt invincible.,Tom s'est senti invincible.
Tom felt very tired.,Tom se sentit très fatigué.
Tom forced me to go.,Tom m'a forcé à y aller.
Tom found me a taxi.,Tom m'a trouvé un taxi.
Tom found something.,Tom a trouvé quelque chose.
Tom gave up smoking.,Tom a arrêté de fumer.
Tom gets up at 6:30.,Tom se lève à 6H30.
Tom had a rough day.,Tom a eu une dure journée.
Tom had no children.,Tom n'avait pas d'enfants.
Tom had two choices.,Tom avait deux choix.
Tom had two choices.,Tom avait deux possibilités.
Tom has a bald spot.,Tom a une tonsure.
Tom has a big house.,Tom a une grande maison.
Tom has a big mouth.,Tom a une grande bouche.
Tom has a big mouth.,Tom ne sait pas tenir sa langue.
Tom has a big mouth.,Tom est une pipelette.
Tom has a big mouth.,Tom a une grande gueule.
Tom has a great car.,Tom a une superbe voiture.
Tom has a long neck.,Tom a un long cou.
Tom has a pacemaker.,Tom a un stimulateur cardiaque.
Tom has a white dog.,Tom a un chien blanc.
Tom has another job.,Tom a un autre travail.
Tom has betrayed me.,Tom m'a trahi.
Tom has calmed down.,Tom s'est calmé.
Tom has dirty hands.,Tom a les mains sales.
Tom has met someone.,Tom a rencontré quelqu'un.
Tom has passed away.,Tom est mort.
Tom has tonsillitis.,Tom a une angine.
Tom hasn't met Mary.,Tom n'a pas rencontré Mary.
Tom hates Christmas.,Tom déteste Noël.
Tom hates Halloween.,Tom déteste Halloween.
Tom hates the rules.,Tom déteste les règles.
Tom heard the sound.,Tom entendit le son.
Tom held his breath.,Tom retint son souffle.
Tom helped us a lot.,Tom nous a beaucoup aidés.
Tom helped us a lot.,Tom nous a beaucoup aidées.
Tom hit rock bottom.,Tom a touché le fond.
Tom is OK with that.,Tom est d'accord avec ça.
Tom is OK with that.,Tom est d'accord avec cela.
Tom is a biochemist.,Tom est biochimiste.
Tom is a con artist.,Tom est un escroc.
Tom is a daydreamer.,Tom est un rêveur.
Tom is a good diver.,Tom est un bon plongeur.
Tom is a journalist.,Tom est journaliste.
Tom is a lumberjack.,Tom est bûcheron.
Tom is a pharmacist.,Tom est un pharmacien.
Tom is a politician.,Tom est un homme politique.
Tom is already back.,Tom est déjà de retour.
Tom is already back.,Tom est déjà revenu.
Tom is already here.,Tom est déjà là.
Tom is always lying.,Tom ment constamment.
Tom is always lying.,Tom est toujours en train de mentir.
Tom is an architect.,Thomas est architecte.
Tom is an astronaut.,Tom est un spationaute.
Tom is an economist.,Tom est économiste.
Tom is an inspector.,Tom est un inspecteur.
Tom is back in town.,Tom est de retour en ville.
Tom is clearly lost.,Tom est clairement perdu.
Tom is good at math.,Tom est bon en math.
Tom is having lunch.,Tom est en train de déjeuner.
Tom is having lunch.,Tom déjeune.
Tom is in no danger.,Tom n'est pas en danger.
Tom is just curious.,Tom est seulement curieux.
Tom is level-headed.,Tom a la tête sur les épaules.
Tom is making faces.,Tom fait des grimaces.
Tom is multilingual.,Tom est multilingue.
Tom is not a member.,Tom n'est pas un membre.
Tom is on his phone.,Tom est au téléphone.
Tom is on the phone.,Tom est au téléphone.
Tom is on this ship.,Tom est sur ce bateau.
Tom is presumptuous.,Tom est présomptueux.
Tom is pretty smart.,Tom est plutôt intelligent.
Tom is proud of you.,Tom est fier de toi.
Tom is proud of you.,Tom est fier de vous.
Tom is really weird.,Tom est vraiment bizarre.
Tom is right-handed.,Tom est droitier.
Tom is slowing down.,Tom va de moins en moins vite.
Tom is somewhat shy.,Tom est quelque peu timide.
Tom is still crying.,Tom pleure toujours.
Tom is still crying.,Tom pleure encore.
Tom is still inside.,Tom est toujours à l'intérieur.
Tom is still inside.,Tom est encore à l'intérieur.
Tom is the youngest.,Tom est le plus jeune.
Tom is truly gifted.,Tom est vraiment doué.
Tom is unbelievable.,Tom est incroyable.
Tom is very jealous.,Tom est très jaloux.
Tom is very unhappy.,Tom est très malheureux.
Tom isn't a bad boy.,Tom n'est pas un mauvais garçon.
Tom isn't a bad guy.,Tom n'est pas un mauvais gars.
Tom isn't a student.,Tom n'est pas étudiant.
Tom isn't dangerous.,Tom n'est pas dangereux.
Tom joined the army.,Tom a rejoint l'armée.
Tom just got dumped.,Tom vient de se faire plaquer.
Tom kept his hat on.,Tom a gardé son chapeau sur la tête.
Tom knew everything.,Tom savait tout.
Tom knows I'm right.,Tom sait que j'ai raison.
Tom knows everybody.,Tom connaît tout le monde.
Tom laughed at Mary.,Tom s'est moqué de Mary.
Tom left in his car.,Tom a quitté sa voiture.
Tom liked Australia.,Tom a aimé l'Australie.
Tom liked to gamble.,Tom aimait jouer.
Tom likes the ocean.,Tom aime l'océan.
Tom likes to gamble.,Tom aime jouer.
Tom likes to travel.,Tom aime voyager.
Tom likes traveling.,Tom aime voyager.
Tom lit the candles.,Tom a allumé les bougies.
Tom lit the candles.,Tom alluma les bougies.
Tom lives in Boston.,Tom habite à Boston.
Tom lives in Boston.,Tom vit à Boston.
Tom lives in a cave.,Tom vit dans une grotte.
Tom lives next door.,Tom vit à côté.
Tom looks disgusted.,Tom avait l'air dégoûté.
Tom looks intrigued.,Tom a l'air intrigué.
Tom looks very busy.,Tom a l'air très occupé.
Tom looks very sick.,Tom a l'air très malade.
Tom lost his memory.,Tom a perdu la mémoire.
Tom lost his ticket.,Tom a perdu son ticket.
Tom lost his wallet.,Tom a perdu son porte-monnaie.
Tom loves chocolate.,Tom adore le chocolat.
Tom loves the banjo.,Tom adore le banjo.
Tom made Mary happy.,Tom a rendu Mary heureuse.
Tom made Mary happy.,Tom rendit Mary heureuse.
Tom made a decision.,Tom a pris une décision.
Tom made a decision.,Tom prit une décision.
Tom made a sandwich.,Tom a préparé un sandwich.
Tom made a sandwich.,Tom prépara un sandwich.
Tom made an apology.,Tom s'excusa.
Tom made no comment.,Tom n'a pas fait de commentaire.
Tom made no comment.,Tom ne fit aucun commentaire.
Tom made no comment.,Tom n'a fait aucun commentaire.
Tom makes big money.,Tom gagne beaucoup d'argent.
Tom misses his wife.,La femme de Tom lui manque.
Tom must be excited.,Tom doit être excité.
Tom must be furious.,Tom doit être furieux.
Tom must've seen it.,Tom aurait dû voir ça.
Tom needs some rest.,Tom a besoin de repos.
Tom never came back.,Tom ne revint jamais.
Tom never came back.,Tom n'est jamais revenu.
Tom never said that.,Tom n'a jamais dit cela.
Tom only eats fruit.,Tom ne mange que des fruits.
Tom opened a window.,Tom ouvrit une fenêtre.
Tom opened a window.,Tom ouvrait une fenêtre.
Tom opened a window.,Tom a ouvert une fenêtre.
Tom opened the safe.,Tom a ouvert le coffre-fort.
Tom opened the safe.,Tom ouvrit le coffre-fort.
Tom ordered a drink.,Tom a commandé une boisson.
Tom ordered a drink.,Tom a commandé un verre.
Tom ordered a pizza.,Tom a commandé une pizza.
Tom owes us a favor.,Tom nous doit une faveur.
Tom paid for it all.,Tom a tout payé.
Tom plays in a band.,Tom joue dans un groupe.
Tom plays the piano.,Tom joue du piano.
Tom pointed at Mary.,Tom a montré Mary du doigt.
Tom prefers blondes.,Tom préfère les blondes.
Tom pulled the rope.,Tom tira la corde.
Tom read the letter.,Tom lut la lettre.
Tom read the letter.,Tom a lu la lettre.
Tom refused to talk.,Tom refusa de parler.
Tom refused to talk.,Tom refusait de parler.
Tom remained silent.,Tom a gardé le silence.
Tom retired in 2013.,Tom a pris sa retraite en 2013.
Tom said it was fun.,Tom a dit que c'était drôle.
Tom said to ask you.,Tom a dit de te demander.
Tom salted his eggs.,Tom a salé ses œufs.
Tom salted his eggs.,Tom sala ses œufs.
Tom sat at his desk.,Tom était assis à son bureau.
Tom sat behind Mary.,Tom s'est assis derrière Mary.
Tom saw Mary crying.,Tom a vu Marie en train de pleurer.
Tom saw Mary crying.,Tom a vu Marie pleurer.
Tom sealed the deal.,Tom conclut le marché.
Tom sealed the room.,Tom ferma la salle.
Tom seems courteous.,Tom semble courtois.
Tom seems courteous.,Tom a l'air courtois.
Tom seems dangerous.,Tom semble dangereux.
Tom seems dangerous.,Tom a l'air dangereux.
Tom seems so lonely.,Tom semble si seul.
Tom sells computers.,Tom vend des ordinateurs.
Tom should be fired.,Tom devrait être licencié.
Tom sipped some tea.,Tom prit une gorgée de thé.
Tom sipped some tea.,Tom a bu une gorgée de thé.
Tom sipped some tea.,Tom a siroté du thé.
Tom smiled politely.,Tom sourit poliment.
Tom sorted the mail.,Tom tria ses e-mails.
Tom speaks too fast.,Tom parle trop rapidement.
Tom spoke in French.,Tom parla en français.
Tom started running.,Tom commença à courir.
Tom started shaking.,Tom commença à trembler.
Tom started singing.,Tom a commencé à chanter.
Tom started yelling.,Tom a commencé à crier.
Tom started yelling.,Tom commença à crier.
Tom stepped forward.,Tom fit un pas en avant.
Tom still loves you.,Tom t'aime toujours.
Tom stole my camera.,Tom a volé mon appareil photo.
Tom stole the money.,Tom a volé l'argent.
Tom stopped reading.,Tom a arrêté de lire.
Tom swims very fast.,Tom nage très rapidement.
Tom talks very loud.,Tom parle très fort.
Tom tasted the cake.,Tom a goûté le gâteau.
Tom tasted the wine.,Tom goûta le vin.
Tom tasted the wine.,Tom a goûté le vin.
Tom teaches history.,Tom enseigne l'histoire.
Tom threatened Mary.,Tom menaça Mary.
Tom threatened Mary.,Tom a menacé Mary.
Tom took Monday off.,Tom a pris son lundi.
Tom took a bad fall.,Tom fit une mauvaise chute.
Tom took a week off.,Tom a pris une semaine de congé.
Tom took this photo.,Tom a pris cette photo.
Tom waited his turn.,Tom attendit son tour.
Tom wants a new car.,Tom veut une nouvelle voiture.
Tom wants an answer.,Tom veut une réponse.
Tom wants to try it.,Tom veut l'essayer.
Tom was a great guy.,Tom était un mec génial.
Tom was fast asleep.,Tom dormait profondément.
Tom was my cellmate.,Tom était mon compagnon de cellule.
Tom was never happy.,Tom n'était jamais heureux.
Tom was traumatized.,Tom était traumatisé.
Tom was very scared.,Tom eut grand-peur.
Tom was very scared.,Tom avait très peur.
Tom washed his hair.,Tom se lava les cheveux.
Tom washed his hair.,Tom s'est lavé les cheveux.
Tom wasn't flirting.,Tom ne flirtait pas.
Tom watched closely.,Tom regarda de près.
Tom watched closely.,Tom a regardé de près.
Tom wears silk ties.,Tom porte des cravates de soie.
Tom will be jealous.,Tom va être jaloux.
Tom will need these.,Tom en aura besoin.
Tom will never know.,Tom ne le saura jamais.
Tom won first prize.,Tom a gagné le premier prix.
Tom won the contest.,Tom a gagné le concours.
Tom won three races.,Tom a gagné trois courses.
Tom won't come home.,Tom ne va pas venir à la maison.
Tom won't kiss Mary.,Tom n'embrassera pas Mary.
Tom won't kiss Mary.,Tom ne va pas embrasser Mary.
Tom worked overtime.,Tom a fait des heures supplémentaires.
Tom works all night.,Tom travaille toute la nuit.
Tom works full time.,Tom travaille à temps plein.
Tom works in Boston.,Tom travaille à Boston.
Tom works part-time.,Tom travaille à temps partiel.
Tom works with Mary.,Tom travaille avec Marie.
Tom wrote it for me.,Tom a écrit ça pour moi.
Tom's eyes are blue.,Les yeux de Tom sont bleus.
"Tom's fat, isn't he?","Tom est gros, n'est-ce pas ?"
Tom's father is old.,Le père de Tom est vieux.
Tom's horse bit him.,Le cheval de Tom l'a mordu.
Tom's not a bad guy.,Tom n'est pas un mauvais gars.
Tom's room is empty.,La chambre de Tom est vide.
Tom's tie is yellow.,La cravate de Tom est jaune.
Tom's very annoying.,Tom est très agaçant.
Tom's wife left him.,La femme de Tom l'a quitté.
Tom's wife left him.,La femme de Tom le quitta.
Tonight's the night.,Cette nuit est la bonne.
Tonight's the night.,Cette soirée est la bonne.
Translate this text.,Traduis ce texte.
Translate this text.,Traduisez ce texte.
Try on this sweater.,Essaie ce pull.
Try on this sweater.,Essaie ce tricot.
Try to act your age.,Essaie de te comporter comme quelqu'un de ton âge.
Try to do your best.,Essaye de faire de ton mieux.
Try to do your best.,Essaie de faire de ton mieux.
Try to do your best.,Essayez de faire de votre mieux.
Try to keep it down.,Essaie de ne pas vomir.
Try to keep it down.,Essayez de ne pas vomir.
Try to keep it down.,Essaie de le tenir en échec.
Try to keep it down.,Essayez de le tenir en échec.
"Turn around, please.",Veuillez tourner autour !
"Turn around, please.",Veuillez vous retourner !
"Turn around, please.","Retourne-toi, je te prie !"
"Turn around, please.","Tourne autour, je te prie !"
Turn down the music.,Baissez la musique !
Turn down the music.,Baisse la musique !
Turn down the radio.,Baisse la radio.
Turn down the radio.,Baissez la radio.
Turn everything off.,Éteignez tout.
Turn off the lights.,Éteins les phares !
Turn off the lights.,Éteignez les phares !
Turn the radio down.,Baisse la radio.
Turn your papers in.,Remettez-moi vos papiers.
Turn your papers in.,Remettez-nous vos papiers.
Turn your papers in.,Remettez-lui vos papiers.
Turn your papers in.,Remettez-leur vos papiers.
"Two coffees, please.","Deux cafés, s'il vous plait."
Use this as a model.,Utilise ceci comme modèle !
Use this as a model.,Utilisez ceci comme modèle !
"Wait in the car, OK?","Attends dans la voiture, d'accord ?"
Wait until tomorrow.,Attends jusqu'à demain.
Wake me up at eight.,Réveillez-moi à huit heures.
Wake me up at seven.,Réveillez-moi à sept heures.
Wake me up at seven.,Réveille-moi à sept heures.
War concerns us all.,La guerre nous concerne tous.
Was I polite enough?,Ai-je été assez polie ?
Was I polite enough?,Ai-je été assez poli ?
Was I really boring?,Étais-je vraiment si ennuyeux ?
Was I really boring?,Étais-je vraiment si ennuyeuse ?
Was anyone arrested?,Quelqu'un a-t-il été arrêté ?
Was it all worth it?,Est-ce que ça en valait la peine?
Was it an explosion?,Était-ce une explosion ?
Was that a squirrel?,S'agissait-il d'un écureuil ?
Was that a squirrel?,Était-ce un écureuil ?
Was that a squirrel?,Était-ce là un écureuil ?
Was there a scandal?,Y a-t-il eu un scandale ?
Was there a scandal?,Y avait-il un scandale ?
"Waste not, want not.",Qui ne gaspille pas ne manque de rien.
Watch your language.,Surveille ton langage.
We all have a price.,Nous avons tous un prix.
We all have arrived.,Nous sommes tous arrivés.
We all have changed.,Nous avons tous changé.
We all have changed.,Nous avons toutes changé.
We all have choices.,Nous avons tous des choix.
We all have choices.,Nous avons tous le choix.
We all have secrets.,Nous avons tous des secrets.
We all have secrets.,Nous avons toutes des secrets.
We all like cycling.,Nous aimons tous faire du vélo.
We all speak French.,Nous parlons tous français.
We all want answers.,Nous voulons tous des réponses.
We all want answers.,Nous voulons toutes des réponses.
We all want changes.,Nous voulons tous des changements.
We all want changes.,Nous voulons toutes des changements.
We are finally free.,Nous sommes enfin libres.
We are good friends.,Nous sommes bons amis.
We are good friends.,Nous sommes de bonnes amies.
We are his children.,Nous sommes ses enfants.
We are very similar.,Nous sommes très semblables.
We aren't Canadians.,Nous ne sommes pas Canadiens.
We aren't like that.,Nous ne sommes pas comme ça.
We aren't that poor.,Nous ne sommes pas si pauvres.
We beat three teams.,Nous avons battu trois équipes.
We both are friends.,Nous sommes tous deux amis.
We both fell asleep.,Nous nous endormîmes tous deux.
We both fell asleep.,Nous nous endormîmes toutes deux.
We both fell asleep.,Nous nous sommes tous deux endormis.
We both fell asleep.,Nous nous sommes toutes deux endormies.
We broke it in half.,Nous l'avons cassé en deux.
We broke it in half.,Nous l'avons cassée en deux.
We can hide in here.,Nous pouvons nous cacher là-dedans.
We can talk outside.,Nous pouvons discuter dehors.
We can talk outside.,Nous pouvons parler dehors.
We can win this war.,Nous pouvons gagner cette guerre.
We can't allow that.,Nous ne pouvons permettre cela.
We can't allow that.,On ne peut pas permettre ça.
We can't allow this.,Nous ne pouvons autoriser cela.
We can't drink milk.,Nous ne pouvons pas boire de lait.
We can't forget Tom.,Nous ne pouvons oublier Tom.
We caught the thief.,Nous avons attrapé le voleur.
We couldn't do that.,Nous ne le pourrions pas.
We couldn't do that.,Nous ne le pouvions pas.
We count everything.,Nous comptons tout.
We did it ourselves.,Nous l'avons fait nous-mêmes.
We did it yesterday.,Nous l'avons fait hier.
We didn't need that.,Nous n'avions pas besoin de cela.
We didn't need that.,Nous n'avons pas eu besoin de ça.
We didn't plan this.,Nous n'avons pas prévu ceci.
We didn't plan this.,Nous n'avions pas prévu ceci.
We dislike violence.,Nous éprouvons une aversion pour la violence.
We don't have a car.,Nous n'avons pas de voiture.
We don't have a cat.,Nous n'avons pas de chat.
We don't have to go.,Il ne nous faut pas y aller.
We don't have to go.,Nous ne devons pas y aller.
We don't have to go.,Il ne nous faut pas partir.
We don't have to go.,Nous ne devons pas partir.
We don't have to go.,Nous ne sommes pas obligés de partir.
We don't lose often.,Nous ne perdons pas souvent.
We don't talk a lot.,Nous ne parlons pas beaucoup.
We don't talk a lot.,On ne parle pas beaucoup.
We don't understand.,Nous ne comprenons pas.
We drive everywhere.,Nous roulons partout.
We got your message.,Nous avons eu votre message.
We got your message.,On a eu ton message.
We grew up together.,Nous avons grandi ensemble.
We grew up together.,Nous grandîmes ensemble.
We had a huge fight.,On a eu une énorme dispute.
We had a rough time.,Nous traversâmes une période difficile.
We had an oral exam.,Nous avons eu un examen oral.
We had an oral exam.,Nous eûmes un examen oral.
We had fun with Tom.,Nous nous sommes amusés avec Tom.
We had fun with Tom.,Nous nous sommes amusées avec Tom.
We have a good team.,Nous avons une bonne équipe.
We have a job to do.,Nous avons un travail à faire.
We have a lot to do.,Nous avons beaucoup à faire.
We have a situation.,Nous avons là quelque chose de sérieux.
We have enough data.,Nous avons assez de données.
We have enough time.,Nous avons assez de temps.
We have enough time.,Nous disposons de suffisamment de temps.
We have seen no one.,Nous n'avons vu personne.
We have three weeks.,Nous avons trois semaines.
We have to call Tom.,Nous devons appeler Tom.
We have to move now.,Nous devons agir maintenant.
We have to save Tom.,Il faut sauver Tom.
We have to stop now.,Nous devons immédiatement arrêter.
We have to try this.,Nous devons essayer ça.
We have to warn him.,Nous devons l'avertir.
We have to warn him.,Il faut que nous l'avertissions.
We have to work now.,On doit travailler maintenant.
We haven't finished.,Nous n'avons pas fini.
We haven't found it.,Nous ne l'avons pas trouvé.
We lay on the grass.,Nous sommes allongés dans l'herbe.
We left immediately.,Nous sommes immédiatement partis.
We love our country.,Nous adorons notre pays.
We love our country.,On adore notre pays.
We love you so much.,Nous vous aimons tant.
We love you so much.,Nous t'aimons tant.
We loved that house.,Nous aimions cette maison.
We made a good team.,Nous formions une bonne équipe.
We make a good team.,Nous formons une bonne équipe.
We make great money.,Nous faisons beaucoup d'argent.
We may be in danger.,Il se peut que nous soyons en danger.
We may need it soon.,Il se peut que nous en ayons besoin bientôt.
We mean you no harm.,Nous ne vous voulons pas de mal.
We mean you no harm.,Nous ne te voulons pas de mal.
We missed our train.,Nous avons raté notre train.
We missed the plane.,Nous avons raté l'avion.
We must act at once.,Nous devons agir immédiatement.
We must be cautious.,Nous devons être prudents.
We must be cautious.,Nous devons être prudentes.
We must be cautious.,Il nous faut être prudents.
We must be cautious.,Il nous faut être prudentes.
We must do it again.,Nous devons le refaire.
We must do it again.,Nous devons le faire à nouveau.
We must do it again.,Il nous faut le faire à nouveau.
We must do it again.,Il nous faut le refaire.
We must inform them.,Nous devons les en informer.
We must leave early.,Nous devons partir tôt.
We must not be late.,Ne sois pas en retard.
We must not give up.,Nous ne devons pas abandonner.
We must not retreat.,Nous ne devons pas battre en retraite.
We must pay the tax.,Nous devons payer l'impôt.
We must pay the tax.,Nous devons payer la taxe.
We need a volunteer.,Nous avons besoin d'un volontaire.
We need information.,Nous avons besoin d'information.
We need to help Tom.,Nous devons aider Tom.
We needed your help.,Nous avions besoin de ton aide.
We needed your help.,Nous avions besoin de votre aide.
We obeyed the rules.,Nous avons obéi au règlement.
We often play chess.,Nous jouons souvent aux échecs.
We ran out of money.,Nous nous sommes trouvés à court d'argent.
We ran out of money.,Nous nous sommes trouvées à court d'argent.
We ran out of money.,Nous nous trouvâmes à court d'argent.
We really need that.,Nous en avons vraiment besoin.
We really need that.,Nous avons vraiment besoin de ça.
We regret his death.,Nous regrettons sa mort.
We sat in the front.,Nous nous sommes assis devant.
We sat on the grass.,Nous nous sommes assis sur l'herbe.
We sat on the grass.,Nous nous sommes assises sur l'herbe.
We sat on the grass.,Nous nous assîmes sur l'herbe.
We saved you a seat.,Nous vous avons gardé une place.
We saved you a seat.,On t'a gardé une place.
We saw the airplane.,Nous avons vu l'avion.
We season with salt.,Nous assaisonnons avec du sel.
We should celebrate.,Nous devrions fêter ça.
We should do better.,Nous devrions faire mieux.
We should do better.,Nous devrions mieux faire.
We should get going.,Nous devrions y aller.
We spoke in the car.,Nous avons discuté dans la voiture.
We swam in the lake.,Nous nageâmes dans le lac.
We talked until two.,Nous avons discuté jusqu'à deux heures.
We took a long walk.,Nous avons fait une longue promenade.
We waited anxiously.,Nous attendîmes anxieusement.
We waited anxiously.,Nous avons attendu avec inquiétude.
We want out of here.,Nous voulons nous tirer d'ici.
We want to help Tom.,Nous voulons aider Tom.
We want your advice.,Nous voulons vos conseils.
We wanted to listen.,Nous voulions écouter.
We were all shocked.,Nous fûmes tous choqués.
We were all shocked.,Nous fûmes toutes choquées.
We were all shocked.,Nous avons tous été choqués.
We were all shocked.,Nous avons toutes été choquées.
We were all worried.,On était tous inquiets.
We were both hungry.,Nous avions tous les deux faim.
We were both hungry.,Nous avions tous deux faim.
We were eating eggs.,Nous mangions des œufs.
We were left behind.,Nous avons été reniés.
We were outnumbered.,Nous fûmes surpassés en nombre.
We were outnumbered.,Nous fûmes surpassées en nombre.
We were outnumbered.,Nous avons été surpassés en nombre.
We were outnumbered.,Nous avons été surpassées en nombre.
We were really cold.,Nous avions vraiment froid.
We will defeat them.,Nous les vaincrons.
We will do our best.,Nous ferons de notre mieux.
We'd better do that.,Nous ferions mieux de faire cela.
We'll begin shortly.,Nous commencerons incessamment.
We'll begin shortly.,Nous allons commencer sous peu.
We'll find out soon.,Nous le découvrirons bientôt.
We'll find out soon.,Nous le saurons bientôt.
We'll keep in touch.,Nous resterons en contact.
We'll keep in touch.,On se tient au courant.
We'll leave at dawn.,Nous partirons à l'aube.
We'll never do that.,Nous ne ferons jamais ça.
We'll never make it.,On ne va jamais y arriver.
We'll never make it.,Nous n'allons jamais y arriver.
We'll see you again.,Nous nous reverrons.
We'll soon find out.,On le découvrira bientôt.
We'll soon find out.,Nous le découvrirons bientôt.
We'll swim tomorrow.,Nous irons nous baigner demain.
We'll work together.,Nous travaillerons ensemble.
We'll work tomorrow.,Nous travaillerons demain.
We're all different.,Nous sommes tous différents.
We're all different.,Nous sommes toutes différentes.
We're all done here.,Nous en avons complètement terminé ici.
We're all impressed.,Nous sommes tous impressionnés.
We're all impressed.,Nous sommes toutes impressionnées.
We're all prisoners.,Nous sommes tous prisonniers.
We're all prisoners.,Nous sommes toutes prisonnières.
We're all right now.,"Nous allons bien, maintenant."
We're all witnesses.,Nous sommes tous témoins.
We're always hungry.,Nous avons toujours faim.
We're among friends.,Nous sommes au milieu d'amis.
We're aware of that.,Nous sommes conscients de ça.
We're aware of that.,Nous sommes conscientes de cela.
We're back together.,Nous sommes de nouveau ensemble.
We're being watched.,On nous regarde.
We're being watched.,Nous sommes observés.
We're boiling water.,Nous sommes en train de bouillir de l'eau.
We're both teachers.,Nous sommes tous deux enseignants.
We're both teachers.,Nous sommes toutes deux enseignantes.
We're close friends.,Nous sommes des amis proches.
We're closing early.,Nous fermons tôt.
We're conscientious.,Nous sommes consciencieux.
We're conscientious.,Nous sommes consciencieuses.
We're eating apples.,Nous sommes en train de manger des pommes.
We're finally alone.,Nous sommes enfin seuls.
We're finally alone.,Nous sommes enfin seules.
We're finally alone.,On est enfin seuls.
We're finally alone.,On est enfin seules.
We're finished here.,"Nous en avons fini, ici."
We're getting close.,Nous nous approchons.
We're getting close.,Nous nous en approchons.
We're getting close.,Nous en approchons.
We're getting there.,Nous y arrivons.
We're getting tired.,Nous commençons à fatiguer.
We're going dancing.,Nous allons danser.
We're going hunting.,Nous allons à la chasse.
We're halfway there.,Nous sommes à la moitié du chemin.
We're in good hands.,Nous sommes entre de bonnes mains.
We're just children.,Nous ne sommes que des enfants.
We're just starting.,Nous ne faisons que commencer.
We're just students.,Nous ne sommes que des étudiants.
We're like brothers.,Nous sommes comme des frères.
We're not giving up.,Nous ne comptons pas abandonner.
We're not going out.,Nous n'allons pas sortir.
We're not impressed.,Nous ne sommes pas impressionnés.
We're not impressed.,Nous ne sommes pas impressionnées.
We're not listening.,Nous sommes pas en train d'écouter.
We're not on a date.,Nous ne sortons pas ensemble.
We're not prisoners.,Nous ne sommes pas prisonniers.
We're not prisoners.,Nous ne sommes pas prisonnières.
We're not strangers.,Nous ne sommes pas des étrangers.
We're not yet there.,Nous n'en sommes pas encore là.
We're not yet there.,Nous n'y sommes pas encore.
We're open tomorrow.,Nous sommes ouverts demain.
We're out of butter.,On n'a plus de beurre.
We're out of coffee.,Nous sommes à court de café.
We're out of danger.,Nous sommes hors de danger.
We're playing cards.,Nous sommes en train de jouer aux cartes.
We're proud of that.,Nous en sommes fiers.
We're proud of that.,Nous en sommes fières.
We're really scared.,Nous avons vraiment peur.
We're still friends.,Nous sommes toujours amis.
We're still married.,Nous sommes encore mariés.
We're tempting fate.,Nous tentons notre chance.
We're tempting fate.,Nous tentons le Diable.
We're the champions.,Nous sommes les champions.
We're the good guys.,Nous sommes les gentils.
We're the same size.,Nous avons la même taille.
We're tired of this.,On en a marre.
We're truly worried.,On est vraiment inquiets.
We're trying to win.,Nous essayons de gagner.
We're very grateful.,Nous sommes très reconnaissants.
We're very grateful.,Nous sommes très reconnaissantes.
We're wasting water.,Nous sommes en train de gaspiller de l'eau.
We've all done that.,Nous avons tous fait ça.
We've all done that.,Nous avons toutes fait cela.
We've already begun.,Nous avons déjà commencé.
We've already tried.,Nous avons déjà essayé.
We've made progress.,Nous avons fait des progrès.
Welcome to our home.,Bienvenue dans notre maison.
Welcome to the club.,Bienvenue au cercle !
Well? Will you come?,Eh bien ? Tu vas venir ?
Well? Will you come?,Alors ? Viendras-tu ?
Well? Will you come?,Alors ? Viendrez-vous ?
Were you born there?,Es-tu né là-bas ?
Were you born there?,Êtes-vous né là-bas ?
Were you born there?,Es-tu née là-bas ?
Were you born there?,Êtes-vous nés là-bas ?
Were you born there?,Êtes-vous née là-bas ?
Were you born there?,Êtes-vous nées là-bas ?
Were you successful?,As-tu réussi ?
Were you successful?,Avez-vous réussi ?
What a bizarre idea!,Quelle idée bizarre !
What a horrible man!,Quel homme épouvantable !
What a lazy teacher!,Quel enseignant paresseux !
What a lovely dress!,Quelle robe ravissante !
What a lovely dress!,Quelle robe délicieuse !
What a pretty woman!,Quelle jolie femme !
What a terrible day!,Quelle terrible journée !
What am I to do now?,Que suis-je supposé faire maintenant ?
What an opportunity!,Quelle occasion!
What are the causes?,Quelles sont les causes ?
What are they doing?,Que font-ils ?
What are you eating?,Que manges-tu ?
What are you hiding?,Qu'êtes-vous en train de cacher ?
What are you hiding?,Qu'es-tu en train de cacher ?
What are you saying?,Que dis-tu ?
What are you saying?,Que dites-vous ?
What can I tell Tom?,Que puis-je dire à Tom ?
What can I tell you?,Que puis-je vous dire ?
What can I tell you?,Que puis-je te dire ?
What can you do now?,Que pouvez-vous faire maintenant ?
What caused the war?,Qu'est-ce qui a causé la guerre ?
What color are they?,De quelle couleur sont-ils?
What could go wrong?,Qu'est-ce qui pourrait aller de travers ?
What did I do wrong?,Qu'ai-je fait de travers ?
What did I do wrong?,Qu'ai-je fait de mal ?
What did I just say?,Qu'est-ce que je viens de dire ?
What did I tell you?,Que vous ai-je dit ?
What did I tell you?,Que t'ai-je dit ?
What did Tom answer?,Qu'a répondu Tom ?
What did he not buy?,Que n'a-t-il pas acheté ?
What did that prove?,Qu'est-ce que ça a prouvé ?
What did you answer?,Qu'est-ce que tu as répondu ?
What did you answer?,Qu'as-tu répondu ?
What did you answer?,Qu'avez-vous répondu ?
What did you decide?,Qu'as-tu décidé ?
What did you decide?,Qu'avez-vous décidé ?
What did you expect?,À quoi t'attendais-tu ?
What did you expect?,À quoi vous attendiez-vous ?
What do I look like?,À quoi je ressemble ?
What do you suggest?,Que proposes-tu ?
What does he expect?,Qu’est-ce qu’il espère?
What does he expect?,À quoi s'attend-il ?
What does it matter?,Qu'importe ?
What does that cost?,Combien ça coûte ?
What does that cost?,Combien est-ce que ça coûte ?
What does that mean?,Qu'est-ce que ça veut dire ?
What does this mean?,Qu'est-ce que cela signifie ?
What don't you have?,Que n'as-tu ?
What don't you have?,Que n'as-tu pas ?
What don't you have?,Que n'avez-vous ?
What don't you have?,Que n'avez-vous pas ?
What don't you have?,Que n'as-tu pas ?
What don't you have?,Que n'avez-vous pas ?
What don't you have?,De quoi ne disposes-tu pas ?
What don't you have?,De quoi ne disposez-vous pas ?
What don't you like?,Que n'aimes-tu pas ?
What happened today?,Qu'est-ce qui s'est passé aujourd'hui ?
What have you eaten?,Qu'est-ce que tu as mangé ?
What have you heard?,Qu'as-tu entendu ?
What have you heard?,Qu'avez-vous entendu ?
What is for dessert?,Quel est le dessert ?
What is for dessert?,Qu'y a-t-il comme dessert ?
What is its purpose?,Quel est son but ?
What is popular now?,"Qu'est-ce qui est à la mode, à l'heure actuelle ?"
What is this letter?,Qu'est cette lettre ?
What lovely weather!,Quel beau temps !
What made her do so?,Qu'est-ce qui le lui a fait faire ?
What on earth is it?,Que Diable est-ce là ?
What on earth is it?,"Qu'est-ce que c'est que ça, Bon Dieu ?"
What should I bring?,Que dois-je emporter ?
What should we cook?,Que devrions-nous cuisiner ?
What smells so good?,Qu'est-ce qui sent si bon ?
What time is brunch?,À quelle heure est le brunch ?
What time is dinner?,À quelle heure est le déjeuner ?
What time is dinner?,À quelle heure est le dîner ?
What time is it now?,Quelle heure est-il à présent ?
What time is it now?,Quelle heure est-il maintenant ?
What time is it now?,Il est quelle heure là ?
What time is sunset?,À quelle heure est le coucher de soleil ?
What was I thinking?,A quoi je pensais ?
What was that noise?,Quel était ce bruit ?
What was that sound?,Qu'était ce bruit ?
What was that thing?,Qu'était-ce ?
What was that thing?,C'était quoi ?
What was their goal?,Quel était leur but ?
What were you doing?,Qu'étais-tu en train de faire ?
What would Tom need?,De quoi Tom aurait-il besoin ?
What would you like?,Qu'aimerais-tu ?
What would you like?,Qu'aimeriez-vous ?
What would you like?,Qu'est-ce que vous voudriez ?
What would you like?,Qu'est-ce que tu voudrais ?
What're you good at?,À quoi es-tu bon ?
What're you good at?,À quoi êtes-vous bon ?
What're you writing?,Qu'écris-tu ?
What're you writing?,Qu'es-tu en train d'écrire ?
What're you writing?,Qu'écrivez-vous ?
What're you writing?,Qu'êtes-vous en train d'écrire ?
What're you writing?,T’écris quoi ?
What're you writing?,Qu’est-ce que t’écris ?
What's Tom drinking?,Que boit Tom ?
What's Tom drinking?,Qu'est-ce que boit Tom ?
What's all that for?,À quoi sert tout ça ?
What's all the fuss?,C'est quoi toutes ces histoires ?
What's all the fuss?,C'est quoi tout ce raffut ?
What's done is done.,Ce qui est fait est fait.
What's done is done.,"Ce qui est fait, est fait."
What's got into you?,Qu'est-ce qui te préoccupe ?
What's got into you?,Qu'est-ce qui vous préoccupe ?
What's in the truck?,Qu'y a-t-il dans le camion ?
What's in your hand?,Qu'est-ce que tu as dans la main ?
What's in your hand?,Qu'est-ce qu'il y a dans ta main ?
What's it all about?,De quoi tout cela s'agit-il ?
What's it look like?,De quoi ça a l'air ?
What's it made from?,De quoi est-ce fait ?
What's new with you?,Quoi de neuf de ton côté ?
What's new with you?,Quoi de neuf de votre côté ?
What's the big deal?,Qu'y a-t-il de si extraordinaire ?
What's the big rush?,Quelle est cette précipitation ?
What's the bus fare?,Quel est le tarif du bus ?
What's the plan now?,"Quel est le plan, maintenant ?"
What's the solution?,Quelle est la solution ?
What's the time now?,Quelle heure est-il maintenant ?
What's the time now?,Il est quelle heure là ?
What's there to say?,Qu'y a-t-il à en dire ?
What's this key for?,À quoi sert cette clé ?
What's today's date?,Quelle est la date aujourd'hui ?
What's today's date?,Le quantième sommes-nous ?
What's worrying you?,Qu'est-ce qui te cause du souci ?
What's worrying you?,Qu'est-ce qui t'inquiète ?
What's worrying you?,Qu'est-ce qui te préoccupe ?
What's worrying you?,Qu'est-ce qui vous inquiète ?
What's your address?,Quelle est votre adresse ?
What's your address?,Quelle est ton adresse ?
What's your problem?,C'est quoi ton problème ?
What's your problem?,Quel est votre problème ?
What's your problem?,Y a-t-il un problème ?
What's your problem?,C'est quoi ton problème ?
What's your problem?,Quel genre de problèmes as-tu ?
When can I call you?,Quand puis-je vous appeler ?
When did I say that?,Quand ai-je dit cela ?
When did Tom arrive?,Quand Tom est-il arrivé ?
When did Tom arrive?,Quand est-ce que Tom est arrivé ?
When did this occur?,Quand cela s'est-il produit ?
When did you arrive?,Quand es-tu arrivé ?
When did you arrive?,Quand es-tu arrivée ?
When did you buy it?,Quand l'as-tu acheté ?
When did you buy it?,Quand en as-tu fait l'acquisition ?
When did you buy it?,Quand en avez-vous fait l'acquisition ?
When did you buy it?,Quand l'avez-vous acheté ?
When did you get up?,Quand est-ce que tu t'es levé ?
When does it arrive?,Quand arrive-t-il ?
When is school over?,Quand l'école se termine-t-elle ?
When will it happen?,Quand est-ce que ça arrivera ?
When will we arrive?,Dans combien de temps arrivons-nous ?
When will you leave?,Tu pars quand ?
When will you leave?,Quand pars-tu ?
When will you leave?,Quand vas-tu partir ?
When will you leave?,Quand partirez-vous ?
When will you start?,Quand commenceras-tu ?
When will you start?,Quand commencerez-vous ?
When's Tom arriving?,Quand Tom arrive-t-il ?
Where are my things?,Où sont mes affaires ?
Where are the forks?,Où sont les fourchettes ?
Where are the goats?,Où sont les chèvres ?
Where are the shoes?,Où sont les chaussures ?
Where are you bound?,Où te diriges-tu ?
Where are you bound?,Vers où es-tu en chemin ?
Where are you going?,Où vas-tu ?
Where are you going?,Où te rends-tu ?
Where are you going?,Où vous rendez-vous ?
Where are your keys?,Où sont tes clés ?
Where are your kids?,Où sont vos enfants ?
Where are your kids?,Où sont tes enfants ?
Where could they be?,Où pourraient-elles se trouver ?
Where could they be?,Où pourraient-ils se trouver ?
Where have you been?,Où étais-tu passé ?
Where is Tom buried?,Où Tom est-il enterré ?
Where is his family?,Où est sa famille ?
Where is it located?,Où est-ce que ça se trouve ?
Where is the bridge?,Où se trouve le pont ?
Where is the butter?,Où est le beurre ?
Where is the school?,Où se trouve l'école ?
Where is the toilet?,Où sont les toilettes ?
Where is the toilet?,Où sont les WC ?
Where is the toilet?,Où se trouvent les toilettes ?
Where is your house?,Où est ta maison ?
Where is your house?,Où se trouve ta maison ?
Where is your house?,Où est votre maison ?
Where is your money?,Où est votre argent ?
Where were you born?,Où êtes-vous né ?
Where were you born?,Où êtes-vous née ?
Where were you born?,Où êtes-vous nés ?
Where were you born?,Où êtes-vous nées ?
Where were you born?,Où es-tu née ?
Where's Mary's ring?,Où est la bague de Mary ?
Where's the airport?,Où se trouve l'aéroport ?
Where's the kitchen?,Où est la cuisine ?
Where's the library?,Où est la bibliothèque?
Where's the mistake?,Où est l'erreur ?
Where's the station?,Où est la gare ?
Where's the station?,Où se trouve la gare ?
Where's the station?,Où se trouve la gare ?
Where's your father?,Où est votre père ?
Where's your mother?,Où est ta mère ?
Where's your mother?,Où est votre mère ?
Where's your school?,Où se trouve ton école ?
Where's your school?,Où est ton école ?
Where's your school?,Où est votre école ?
Where's your sister?,Où est votre sœur ?
Where's your weapon?,Où est ton arme ?
Which book is yours?,Quel livre est le vôtre ?
Which book is yours?,Quel livre est le tien ?
Which book is yours?,Lequel est ton livre ?
Which one is broken?,C'est lequel qui est cassé ?
Which one is broken?,Lequel est cassé ?
Which team will win?,Quelle équipe va gagner ?
Who am I addressing?,À qui est-ce que je m'adresse ?
Who am I forgetting?,Qui est-ce que j'oublie ?
Who are those women?,Qui sont ces dames ?
Who are those women?,Qui sont ces femmes ?
Who are we fighting?,Qui affrontons-nous ?
Who are we fighting?,Contre qui nous battons-nous ?
Who are you texting?,À qui envoies-tu un SMS ?
Who are you texting?,À qui envoyez-vous un SMS ?
Who baked this cake?,Qui a confectionné ce gâteau ?
Who believes in God?,Qui croit en Dieu ?
Who broke the chair?,Qui a cassé la chaise ?
Who called the cops?,Qui a appelé les flics ?
Who could forget it?,Qui pourrait l'oublier ?
Who did that to you?,Qui t'a fait ça ?
Who did that to you?,Qui vous a fait cela ?
Who did this to you?,Qui t'a fait ça ?
Who did this to you?,Qui vous a fait ceci ?
Who did you go with?,Avec qui es-tu allé ?
Who did you go with?,Avec qui es-tu allée ?
Who did you go with?,Avec qui êtes-vous allé ?
Who did you go with?,Avec qui êtes-vous allée ?
Who did you go with?,Avec qui êtes-vous allés ?
Who did you go with?,Avec qui êtes-vous allées ?
Who did you talk to?,Avec qui parlais-tu ?
Who did you talk to?,À qui parlais-tu ?
Who did you talk to?,À qui as-tu parlé ?
Who do you work for?,Pour qui travailles-tu ?
Who else helped you?,Qui d'autre vous a aidé ?
Who else helped you?,Qui d'autre t'a aidé ?
Who found my wallet?,Qui a trouvé mon portefeuille ?
Who is in the house?,Qui est à la maison ?
Who is in the house?,Qui est dans la maison ?
Who is on the train?,Qui se trouve à bord du train ?
Who is your brother?,Qui est ton frère ?
Who is your teacher?,Qui est ton professeur ?
Who is your teacher?,Qui est votre enseignant ?
Who is your teacher?,Qui est ton instituteur ?
Who is your teacher?,Qui est votre professeur ?
Who is your teacher?,Qui est ton institutrice ?
Who knew about this?,Qui était au courant ?
Who let you come in?,Qui t'a laissé entrer ?
Who let you come in?,Qui vous a laissé entrer ?
Who locked the door?,Qui a verrouillé la porte ?
Who locked the door?,Qui a fermé la porte à clé ?
Who owns this house?,Qui est propriétaire de cette maison ?
Who owns this house?,Qui est le propriétaire de cette maison ?
Who owns this truck?,À qui est ce camion ?
Who sent this to us?,Qui nous a envoyé cela ?
Who should I inform?,Qui devrais-je informer ?
Who stole the apple?,Qui a volé la pomme ?
Who wants apple pie?,Qui veut de la tarte aux pommes ?
Who was responsible?,Qui était responsable ?
Who won the contest?,Qui a gagné le concours ?
Who would wear that?,Qui porterait ça ?
Who wrote that poem?,Qui a écrit ce poème ?
Who wrote the Bible?,Qui a écrit la Bible ?
Who wrote this song?,Qui a écrit cette chanson ?
Who's Tom afraid of?,De qui Tom a-t-il peur ?
Who's got questions?,Qui a des questions ?
Who's here with you?,Qui est ici avec vous ?
Who's here with you?,Qui est ici avec toi ?
Who's on duty today?,Qui est de service aujourd'hui ?
Who's on duty today?,Qui est de garde aujourd'hui ?
Who's replacing you?,Qui te remplace ?
Who's replacing you?,Qui vous remplace ?
Who's that cute boy?,Qui est ce mignon garçon ?
Who's that cute guy?,Qui est ce mec mignon ?
Who's the pizza for?,Pour qui est la pizza ?
Who's this hot babe?,Qui est cette bombe ?
Whose fault is that?,À qui la faute ?
Whose house is this?,À qui appartient cette maison ?
Whose house is this?,À qui est cette maison ?
Whose idea was that?,De qui était cette idée ?
Whose paper is this?,À qui est ce papier-ci ?
Whose phone is that?,À qui est ce téléphone ?
Whose phone is this?,À qui est ce téléphone ?
Why am I doing this?,Pourquoi est-ce que je fais ça ?
Why am I doing this?,Pourquoi fais-je cela ?
Why am I still here?,Pourquoi suis-je encore ici ?
Why are we laughing?,Pourquoi est-ce qu'on rigole ?
Why are you all sad?,Pourquoi êtes-vous tous tristes ?
Why are you all sad?,Pourquoi êtes-vous toutes tristes ?
Why are you at home?,Pourquoi es-tu à la maison ?
Why are you at home?,Pourquoi êtes-vous à la maison ?
Why are you cursing?,Pourquoi jures-tu ?
Why are you cursing?,Pourquoi jurez-vous ?
Why are you limping?,Pourquoi boites-tu ?
Why are you running?,Pourquoi cours-tu ?
Why are you running?,Pourquoi courez-vous ?
Why are you running?,Pourquoi est-ce que tu cours ?
Why are you so busy?,Pourquoi es-tu si occupée ?
Why are you so busy?,Pourquoi es-tu si occupé ?
Why are you so busy?,Pourquoi êtes-vous si occupée ?
Why are you so busy?,Pourquoi êtes-vous si occupées ?
Why are you so busy?,Pourquoi êtes-vous si occupés ?
Why are you so busy?,Pourquoi êtes-vous si occupé ?
Why are you so fast?,Pourquoi es-tu si rapide ?
Why are you so lazy?,Pourquoi êtes-vous si fainéant ?
Why are you so lazy?,Pourquoi êtes-vous si fainéante ?
Why are you so mean?,Pourquoi es-tu si méchant?
Why are you staying?,Pourquoi restes-tu ?
Why are you staying?,Pourquoi restez-vous ?
Why are you waiting?,Pourquoi êtes-vous en train d'attendre ?
Why are you waiting?,Pourquoi es-tu en train d'attendre ?
Why are you with me?,Pourquoi êtes-vous avec moi ?
Why are you with me?,Pourquoi es-tu avec moi ?
Why are you worried?,Pourquoi es-tu inquiet ?
Why are you worried?,Pourquoi es-tu inquiète ?
Why are you worried?,Pourquoi êtes-vous inquiet ?
Why are you worried?,Pourquoi êtes-vous inquiets ?
Why are you worried?,Pourquoi êtes-vous inquiètes ?
Why are you worried?,Pourquoi êtes-vous inquiète ?
Why are you yelling?,Pourquoi criez-vous ?
Why are you yelling?,Pourquoi est-ce que tu cries ?
Why can't I do that?,Pourquoi ne puis-je pas faire ça ?
Why can't I see you?,Pourquoi ne puis-je te voir ?
Why can't I see you?,Pourquoi ne puis-je vous voir ?
Why can't I see you?,Pourquoi est-ce que je ne parviens pas à te voir ?
Why can't I see you?,Pourquoi est-ce que je ne parviens pas à vous voir ?
Why can't you do it?,Pourquoi ne parvenez-vous pas à le faire ?
Why can't you do it?,Pourquoi ne parviens-tu pas à le faire ?
Why can't you do it?,Pourquoi ne pouvez-vous pas le faire ?
Why can't you do it?,Pourquoi ne peux-tu pas le faire ?
Why did I trust you?,Pourquoi t'ai-je fait confiance ?
Why did I trust you?,Pourquoi vous ai-je fait confiance ?
Why did I trust you?,Pourquoi me suis-je fié à toi ?
Why did I trust you?,Pourquoi me suis-je fiée à toi ?
Why did I trust you?,Pourquoi me suis-je fié à vous ?
Why did Tom do that?,Pourquoi Tom a-t-il fait cela ?
Why did Tom want it?,Pourquoi Tom le voulait ?
Why did Tom want it?,Pourquoi Tom la voulait ?
Why did we say that?,Pourquoi avons-nous dit cela ?
Why did you call me?,Pourquoi m'as-tu appelé ?
Why did you call me?,Pourquoi m'avez-vous appelé ?
Why did you do that?,Pourquoi as-tu fais cela ?
Why did you go home?,Pourquoi êtes-vous rentré à la maison?
Why did you kiss me?,Pourquoi m'as-tu embrassé ?
Why did you kiss me?,Pourquoi m'as-tu embrassée ?
Why did you kiss me?,Pourquoi m'avez-vous embrassée ?
Why did you kiss me?,Pourquoi m'avez-vous embrassé ?
Why did you like it?,Pourquoi l'avez-vous aimé ?
Why did you like it?,Pourquoi l'as-tu aimé ?
Why didn't Tom move?,Pourquoi Tom n'a-t-il pas bougé ?
Why didn't you come?,Pourquoi n'êtes-vous pas venu ?
Why didn't you come?,Pourquoi n'es-tu pas venu ?
Why didn't you come?,Pourquoi n'es-tu pas venu ?
Why do you say that?,Pourquoi dis-tu cela ?
Why do you say that?,Pourquoi vous dites cela?
Why do you think so?,Pourquoi pensez-vous ça ?
Why don't we all go?,Pourquoi n'y allons-nous pas tous ?
Why don't we all go?,Pourquoi n'y allons-nous pas toutes ?
Why don't you start?,Pourquoi ne démarres-tu pas ?
Why don't you start?,Pourquoi ne démarrez-vous pas ?
Why is Tom quitting?,Pourquoi Tom démissionne-t-il ?
Why is the bus late?,Pourquoi le bus est-il en retard ?
Why is the dog here?,Pourquoi le chien est-il ici ?
Why is the light on?,Pourquoi la lumière est-elle allumée ?
Why is the sky blue?,Pourquoi le ciel est-il bleu ?
Why is this so hard?,Pourquoi est-ce si difficile ?
Why is this so hard?,Pourquoi est-ce que c'est si dur ?
Why not let Tom try?,Pourquoi ne pas laisser Tom essayer ?
Why should Tom sing?,Pourquoi Tom devrait-il chanter ?
Why worry about Tom?,Pourquoi s'inquiéter pour Tom ?
Why would I do that?,Pourquoi est-ce que je ferais ça ?
Why would Tom leave?,Pourquoi est-ce que Tom s’en irait ?
Will he ever change?,Changera-t-il jamais ?
Will you eat dinner?,Déjeuneras-tu ?
Will you eat dinner?,Déjeunerez-vous ?
Will you go with us?,Est-ce que tu viendras avec nous ?
Will you go with us?,Est-ce que vous viendrez avec nous ?
Would Tom like that?,Tom aimerait-il cela ?
Would you all relax?,Voudriez-vous tous vous détendre ?
Would you all relax?,Voudriez-vous toutes vous détendre ?
Would you chill out?,Voudrais-tu te détendre ?
Would you chill out?,Voudriez-vous vous détendre ?
Would you elaborate?,Voudrais-tu développer ?
Would you excuse me?,Voudriez-vous m'excuser ?
Would you excuse me?,Voudrais-tu m'excuser ?
Would you follow me?,Me suivriez-vous ?
Would you follow me?,Me suivrais-tu ?
Would you like that?,Apprécierais-tu cela ?
Would you like that?,L'apprécierais-tu ?
Would you like that?,Aimerais-tu cela ?
Would you like that?,Aimeriez-vous cela ?
Would you like this?,Aimerais-tu ceci ?
Wow! What a big box!,Ouf ! Quelle grosse caisse !
Wow! What a big box!,Ouf ! Quelle grosse boîte !
Yesterday I was ill.,Hier j'étais malade.
You always say that.,Tu dis toujours ça.
You always say that.,Vous dites toujours cela.
You are a good cook.,Tu es bon cuisinier.
You are such a liar!,Tu es un de ces menteurs !
You are such a liar!,Vous êtes un de ces menteurs !
You are such a liar!,Vous êtes une de ces menteuses !
You are such a liar!,Tu es une de ces menteuses !
You asked to see me.,Vous avez demandé à me voir.
You ate my sandwich.,Tu as mangé mon sandwich.
You broke the rules.,Tu as enfreint les règles.
You broke the rules.,Vous avez enfreint les règles.
You can not miss it.,Tu ne peux pas le manquer.
You can not miss it.,Vous ne pouvez pas le manquer.
You can rely on him.,Tu peux lui faire confiance.
You can rely on him.,Tu peux compter sur lui.
You can rely on him.,On peut compter sur lui.
You can rely on him.,Vous pouvez compter sur lui.
You can rely on him.,On peut se fier à lui.
You can rely on him.,Tu peux te fier à lui.
You can rely on him.,Vous pouvez vous fier à lui.
You can sing a song.,Tu peux chanter une chanson.
You can't blame him.,Tu ne peux pas le blâmer.
You can't blame him.,Vous ne pouvez pas le blâmer.
You can't blame him.,Tu ne peux pas lui faire de reproche.
You can't blame him.,Vous ne pouvez pas lui faire de reproche.
You can't defeat me.,Tu ne peux pas me battre.
You can't defeat me.,Vous ne pouvez me vaincre.
You can't deny that.,Tu ne peux pas nier cela.
You can't deny that.,Tu ne peux pas le nier.
You can't deny that.,Vous ne pouvez pas nier cela.
You can't deny that.,Vous ne pouvez pas le nier.
You can't deny that.,Tu ne peux le nier.
You can't deny that.,Vous ne pouvez le nier.
You can't handle it.,Tu ne sais pas t'y prendre.
You can't handle it.,Vous ne savez pas vous y prendre.
You can't handle it.,Tu ne sais pas y faire.
You can't handle it.,Vous ne savez pas y faire.
You can't have both.,Tu ne peux pas avoir les deux.
You can't have both.,Vous ne pouvez pas avoir les deux.
You can't have that.,Tu ne peux pas avoir ça.
You can't have that.,Vous ne pouvez pas avoir cela.
You can't have this.,Tu ne peux pas avoir ça.
You can't have this.,Vous ne pouvez pas avoir ça.
You can't help them.,Tu ne peux pas les aider.
You can't help them.,Vous ne pouvez pas les aider.
You can't just quit.,Tu ne peux pas simplement abandonner.
You can't just quit.,Vous ne pouvez pas simplement abandonner.
You can't just quit.,Tu ne peux pas simplement démissionner.
You can't just quit.,Vous ne pouvez pas simplement démissionner.
You can't sit there.,Vous ne pouvez pas vous asseoir là.
You can't stay here.,Vous ne pouvez pas rester ici.
You can't stay here.,Tu ne peux pas rester ici.
You can't swim here.,Vous ne pouvez pas nager ici.
You can't swim here.,Vous n'avez pas le droit de nager ici.
You can't trust Tom.,Tu ne peux pas faire confiance à Tom.
You can't trust Tom.,Vous ne pouvez pas faire confiance à Tom.
You can't wear that.,Tu ne peux pas porter ça.
You can't wear that.,Vous ne pouvez pas porter ça.
You could stop this.,Vous pourriez arrêter ceci.
You could stop this.,Tu pourrais stopper ceci.
You could've called.,Tu aurais pu appeler.
You deserve a medal.,Tu mérites une médaille.
You deserve a medal.,Vous méritez une médaille.
You deserve a prize.,Tu mérites un prix.
You deserve a prize.,Vous méritez un prix.
You disappointed me.,Tu m'as déçu.
You disappointed me.,Vous m'avez déçu.
You don't know that.,Tu n'en sais rien.
You don't know that.,Tu l'ignores.
You don't know that.,Vous n'en savez rien.
You don't know that.,Vous l'ignorez.
You don't know them.,Tu ne les connais pas.
You don't know them.,Vous ne les connaissez pas.
You don't look well.,Tu n'as pas l'air bien.
You don't look well.,Vous n'avez pas l'air bien.
You don't need luck.,Tu n'as pas besoin de chance.
You don't need luck.,Vous n'avez pas besoin de chance.
You don't need that.,Tu n'as pas besoin de ça.
You don't need that.,Vous n'avez pas besoin de ça.
You don't want this.,Tu ne veux pas cela.
You don't work here.,Vous ne travaillez pas ici.
You guys are no fun.,"Vous n'êtes pas marrants, les mecs."
You guys having fun?,"Vous vous marrez bien, les mecs ?"
You guys looked mad.,Vous aviez l'air énervé.
You have a big nose.,Tu as un grand nez.
You have a big nose.,Tu as un gros nez.
You have a good job.,Tu as un bon travail.
You have a good job.,Vous avez un bon emploi.
You have dirty feet.,Vous avez les pieds sales.
You have everything.,Vous avez tout.
You have everything.,Tu as tout.
You have many books.,Tu as de nombreux livres.
You have many books.,Vous avez beaucoup de livres.
You have many books.,Tu as beaucoup de livres.
You have my respect.,Vous avez mon respect.
You have my respect.,Tu as mon respect.
You have one minute.,Vous avez une minute.
You have work to do.,Vous avez du travail à faire.
You have work to do.,Tu as du travail à faire.
You heard correctly.,Tu as bien entendu.
You heard correctly.,Vous avez bien entendu.
You just screwed up.,Tu viens de foirer.
You just screwed up.,Vous venez de foirer.
You knew I was here.,Vous saviez que j'étais là.
You know I love you!,Tu sais que je t'aime !
You know I love you!,Vous savez que je vous aime !
You know everything.,Tu sais tout.
You know everything.,Vous savez tout.
You know it's a lie.,Tu sais que c'est un mensonge.
You know it's a lie.,Vous savez que c'est un mensonge.
You know who I mean.,Vous savez de qui je veux parler.
You know who she is.,Vous savez qui c'est.
You know why I left.,Vous savez pourquoi je suis partie.
You lied to the FBI.,Tu as menti au F.B.I.
You lied to the FBI.,Vous avez menti au F.B.I.
You look incredible.,Tu es superbe.
You look incredible.,Vous êtes superbe.
You look like a boy.,Tu as l'air d'un garçon.
You look like a boy.,Vous avez l'air d'un garçon.
You look like a cop.,T'as l'air d'un flic.
You look like a cop.,Vous avez l'air d'un flic.
You look like a kid.,Tu as l'air d'un enfant.
You look like a kid.,Vous ressemblez à une enfant.
You look pale today.,Tu as l'air pâle aujourd'hui.
You look very tired.,Vous avez l'air très fatigué.
You look very tired.,Tu as l'air très fatigué.
You look very tired.,Vous avez l'air très fatiguée.
You look very tired.,Vous avez l'air très fatigués.
You look very tired.,Vous avez l'air très fatiguées.
You look very tired.,Tu as l'air très fatiguée.
You lost an earring.,Tu as perdu une boucle d'oreille.
You lost an earring.,Vous avez perdu une boucle d'oreille.
You may come in now.,"Tu peux entrer, maintenant."
You may come in now.,"Vous pouvez entrer, maintenant."
You may go anywhere.,Tu peux aller n'importe où.
You may go anywhere.,Vous pouvez aller n'importe où.
You may go home now.,Tu peux maintenant rentrer à la maison.
You may go home now.,Tu peux maintenant rentrer chez toi.
You may not like it.,Il se peut que vous ne l'aimiez pas.
You may not like it.,Il se peut que tu ne l'aimes pas.
You must be careful.,Tu dois être prudent.
You must be careful.,Vous devez être prudent.
You must be careful.,Tu dois être prudente.
You must be careful.,Vous devez être prudente.
You must be careful.,Vous devez être prudents.
You must be careful.,Vous devez être prudentes.
You must be in love.,Vous devez être amoureux.
You must be in love.,Vous devez être amoureuse.
You must be in love.,Vous devez être amoureuses.
You must be in love.,Tu dois être amoureux.
You must be in love.,Tu dois être amoureuse.
You must be kidding!,Tu plaisantes !
You must be kidding!,Tu veux plaisanter !
You must be kidding!,Vous voulez plaisanter !
You must go at once.,Vous devez partir tout de suite.
You must go with me.,Tu dois aller avec moi.
You must not say it.,Vous devez ne pas le dire.
You must not say it.,Tu dois ne pas le dire.
You must study more.,Tu dois étudier plus.
You must study more.,Tu dois davantage étudier.
You need a joystick.,Tu as besoin d'une manette de jeu.
You need a joystick.,Vous avez besoin d'une manette de jeu.
You need a joystick.,Il vous faut une manette de jeu.
You need a joystick.,Il te faut une manette de jeu.
You need to do this.,Il te faut le faire.
You need to do this.,Il vous faut le faire.
You need to grow up.,Il te faut grandir.
You need to grow up.,Il vous faut grandir.
You need to help me.,Tu dois m'aider.
You need to move on.,Il vous faut avancer.
You need to move on.,Il vous faut passer à autre chose.
You need to move on.,Il te faut avancer.
You need to move on.,Il te faut passer à autre chose.
You need to wake up.,Il faut te réveiller.
You never asked why.,Tu n'as jamais demandé pourquoi.
You never asked why.,Vous n'avez jamais demandé pourquoi.
You owe me big time.,Tu me dois une fière chandelle.
You passed the test.,Tu as réussi l'examen.
You passed the test.,Vous avez réussi l'examen.
You ran a red light.,Tu es passé au feu rouge.
You ran a red light.,Vous êtes passé au feu rouge.
You ran a red light.,Vous êtes passés au feu rouge.
You ran a red light.,Vous êtes passée au feu rouge.
You ran a red light.,Vous êtes passées au feu rouge.
You ran a red light.,Tu es passée au feu rouge.
You ran a red light.,Tu as grillé un feu rouge.
You really annoy me.,Tu m'ennuies vraiment.
You really annoy me.,Tu m'importunes vraiment.
You really annoy me.,Vous m'importunez vraiment.
You really annoy me.,Vous m'ennuyez vraiment.
You really are good.,Tu es vraiment bon.
You really are good.,Tu es vraiment bonne.
You really are good.,Vous êtes vraiment bonne.
You really are good.,Vous êtes vraiment bonnes.
You really are good.,Vous êtes vraiment bons.
You really are good.,Vous êtes vraiment bon.
You really are nuts.,Vous êtes vraiment cinglés.
You really are nuts.,Vous êtes vraiment fous.
You reek of alcohol.,Tu pues l'alcool.
You reek of alcohol.,Vous puez l'alcool.
You see what I mean?,Tu vois ce que je veux dire ?
You see what I mean?,Vous voyez ce que je veux dire ?
You should dump Tom.,Tu devrais rompre avec Tom.
You should eat more.,Tu devrais manger davantage.
You should eat more.,Vous devriez manger davantage.
You should exercise.,Tu devrais faire de l'exercice.
You should exercise.,Vous devriez faire de l'exercice.
You should meet him.,Tu devrais le rencontrer.
You should meet him.,Vous devriez le rencontrer.
You should sit down.,Tu devrais t'asseoir.
You should sit down.,Vous devriez vous asseoir.
You should thank me.,Tu devrais me remercier.
You smell wonderful.,Ton parfum est délicieux.
You smell wonderful.,Tu sens super bon.
You sure are pretty.,Tu es vraiment jolie.
You sure are pretty.,C'est vrai que tu es mignonne !
You taught me a lot.,Tu m'as appris beaucoup.
You taught me a lot.,Vous m'avez beaucoup appris.
"You were right, too.",Tu avais aussi raison.
"You were right, too.",Vous aviez aussi raison.
You were so awesome.,Tu étais tellement géniale.
"You were there, too.",Tu y étais aussi.
"You were there, too.",Vous y étiez aussi.
You will need a key.,Tu auras besoin d'une clé.
You will need a key.,Vous aurez besoin d'une clé.
You won't be harmed.,On ne te fera pas de mal.
You won't be harmed.,On ne vous fera pas de mal.
You won't die today.,Tu ne mourras pas aujourd'hui.
You won't die today.,Vous ne mourrez pas aujourd'hui.
You won't need that.,Tu n'en auras pas besoin.
You won't need that.,Vous n'en aurez pas besoin.
You won't regret it.,Vous n'allez pas le regretter !
You'd better go now.,Tu ferais mieux d'y aller maintenant.
You'd better go now.,Vous feriez mieux d'y aller maintenant.
You'd better not go.,Tu ferais mieux de ne pas y aller.
You'd better not go.,Tu ferais mieux de ne pas t'y rendre.
You'd better not go.,Vous feriez mieux de ne pas y aller.
You'd better not go.,Vous feriez mieux de ne pas vous y rendre.
You'll be all right.,Ça va très bien aller pour toi.
You'll be all right.,Ça va très bien aller pour vous.
You'll catch a cold.,Tu vas prendre froid.
You'll feel at home.,Tu te sentiras comme à la maison.
You'll feel at home.,Vous vous sentirez comme à la maison.
You'll give me away.,Tu me trahiras.
You'll give me away.,Vous me trahirez.
You'll never change.,Tu ne changeras jamais.
You're a clever kid.,Tu es un enfant intelligent.
You're a funny girl.,T'es une drôle de fille.
You're a funny girl.,T'es une fille marrante.
You're a good actor.,Tu es un bon acteur.
You're a good actor.,Vous êtes un bon acteur.
You're acting weird.,Tu te comportes bizarrement.
You're acting weird.,Tu te conduis de façon étrange.
You're all I've got.,Tu es tout ce que j'ai.
You're all I've got.,Vous êtes tout ce que j'ai.
You're all the same.,Vous êtes tous pareils.
You're all the same.,Vous êtes toutes pareilles.
You're almost right.,Tu as presque raison.
You're almost right.,Vous avez presque raison.
You're cantankerous.,Tu es acariâtre.
You're cantankerous.,Vous êtes acariâtre.
You're going to die.,Vous allez mourir.
You're going to die.,Tu vas mourir.
You're grown up now.,Vous êtes des grands maintenant.
You're grown up now.,Tu es un grand maintenant.
You're in no danger.,Vous ne faites face à aucun danger.
You're incorrigible.,Tu es incorrigible.
You're incorrigible.,Vous êtes incorrigible.
You're incorrigible.,Vous êtes incorrigibles.
You're irresistible.,T'es irrésistible.
You're kind of cute.,"Tu es mignon, dans ton genre."
You're kind of cute.,"Tu es mignonne, dans ton genre."
You're kind of cute.,"Vous êtes mignon, dans votre genre."
You're kind of cute.,"Vous êtes mignons, dans votre genre."
You're kind of cute.,"Vous êtes mignonne, dans votre genre."
You're kind of cute.,"Vous êtes mignonnes, dans votre genre."
"You're my hero, Tom.","Tu es mon héros, Tom."
You're no different.,Vous n'êtes pas différent.
You're no different.,Vous n'êtes pas différente.
You're no different.,Vous n'êtes pas différents.
You're no different.,Vous n'êtes pas différentes.
You're no different.,Tu n'es pas différent.
You're no different.,Tu n'es pas différente.
You're not a doctor.,Vous n’êtes pas un médecin.
You're not a doctor.,Vous n'êtes pas médecin.
You're not a doctor.,Vous n'êtes pas toubib.
You're not a doctor.,Tu n'es pas médecin.
You're not bleeding.,Tu ne saignes pas.
You're not bleeding.,Vous ne saignez pas.
You're not dead yet.,Tu n'es pas encore mort.
You're not dead yet.,Tu n'es pas encore morte.
You're not dead yet.,Vous n'êtes pas encore mort.
You're not dead yet.,Vous n'êtes pas encore morte.
You're not dead yet.,Vous n'êtes pas encore morts.
You're not dead yet.,Vous n'êtes pas encore mortes.
You're not finished.,Tu n'en as pas terminé.
You're not finished.,Vous n'en avez pas terminé.
You're not that old.,Tu n'es pas si vieille.
You're not that old.,Tu n'es pas si vieux.
You're not that old.,Vous n'êtes pas si vieille.
You're not that old.,Vous n'êtes pas si vieux.
You're not that old.,Vous n'êtes pas si vieilles.
You're not too late.,Tu n'es pas trop en retard.
You're not too late.,Vous n'êtes pas trop en retard.
You're off the hook.,Tu es tiré d'affaire.
You're off the hook.,Tu es tirée d'affaire.
You're off the hook.,Vous êtes tiré d'affaire.
You're off the hook.,Vous êtes tirées d'affaire.
You're off the hook.,Vous êtes tirés d'affaire.
You're off the hook.,Vous êtes tirée d'affaire.
You're out of booze.,Vous êtes à sec.
You're out of booze.,T'es à sec.
You're out of booze.,T'a plus de bibine.
You're out of booze.,C'est marée basse.
You're out of order.,Tu es hors-service.
You're out of sugar.,Tu es à court de sucre.
You're overreacting.,Tu dramatises.
You're overreacting.,Vous dramatisez.
You're overreacting.,Tu réagis de manière excessive.
You're overreacting.,Vous réagissez de manière excessive.
You're part of this.,Tu en fais partie.
You're part of this.,Vous en faites partie.
You're poisoning me.,Tu m'empoisonnes.
You're poisoning me.,Vous m'empoisonnez.
You're really weird.,Tu es vraiment bizarre.
You're safe with us.,Vous êtes en sécurité avec nous.
You're safe with us.,Tu es en sécurité avec nous.
You're so impatient.,Tu es tellement impatient.
You're so impatient.,Tu es tellement impatiente.
You're so impatient.,Vous êtes tellement impatient.
You're so impatient.,Vous êtes tellement impatiente.
You're so impatient.,Vous êtes tellement impatients.
You're so impatient.,Vous êtes tellement impatientes.
You're still my son.,Tu es toujours mon fils.
You're such a flirt.,Vous êtes un de ces dragueurs !
You're such a flirt.,Vous êtes une de ces dragueuses !
You're such a flirt.,Tu es un de ces dragueurs !
You're such a flirt.,Tu es une de ces dragueuse !
You're the engineer.,C'est vous l'ingénieur.
You're the engineer.,C'est toi l'ingénieur.
You're the greatest.,Tu es le meilleur.
You're the greatest.,Tu es la meilleure.
You're the greatest.,Vous êtes le meilleur.
You're the greatest.,Vous êtes la meilleure.
You're the prisoner.,C'est toi le prisonnier.
You're the sweetest.,Vous êtes la plus mignonne.
You're the sweetest.,Tu es la plus mignonne.
You're too trusting.,Tu es trop confiant.
You're too trusting.,Tu es trop confiante.
You're too trusting.,Vous êtes trop confiant.
You're too trusting.,Vous êtes trop confiante.
You're too trusting.,Vous êtes trop confiants.
You're too trusting.,Vous êtes trop confiantes.
You're very curious.,Vous êtes très curieux.
You're very curious.,Vous êtes fort curieux.
You're very curious.,Vous êtes très curieuse.
You're very curious.,Vous êtes très curieuses.
You're very curious.,Vous êtes fort curieuse.
You're very curious.,Vous êtes fort curieuses.
You're very curious.,Tu es fort curieux.
You're very curious.,Tu es fort curieuse.
You're very curious.,Tu es très curieux.
You're very curious.,Tu es très curieuse.
You're very forward.,Vous êtes très effrontée.
You're very forward.,Vous êtes fort effrontée.
You're very forward.,Vous êtes très effronté.
You're very forward.,Vous êtes très effrontées.
You're very forward.,Vous êtes très effrontés.
You're very forward.,Vous êtes fort effronté.
You're very forward.,Vous êtes fort effrontées.
You're very forward.,Vous êtes fort effrontés.
You're very forward.,Tu es fort effrontée.
You're very forward.,Tu es très effrontée.
You're very forward.,Tu es fort effronté.
You're very forward.,Tu es très effronté.
You're very helpful.,Tu es très serviable.
You're very helpful.,Tu es fort serviable.
You're very helpful.,Vous êtes très serviable.
You're very helpful.,Vous êtes fort serviable.
You're very helpful.,Vous êtes très serviables.
You're very helpful.,Vous êtes fort serviables.
You're very stylish.,Tu es très élégante.
You're very stylish.,Tu es fort élégante.
You're very stylish.,Tu es très élégant.
You're very stylish.,Tu es fort élégant.
You're very stylish.,Vous êtes très élégante.
You're very stylish.,Vous êtes très élégant.
You're very stylish.,Vous êtes très élégantes.
You're very stylish.,Vous êtes très élégants.
You're very stylish.,Vous êtes fort élégante.
You're very stylish.,Vous êtes fort élégant.
You're very stylish.,Vous êtes fort élégantes.
You're very stylish.,Vous êtes fort élégants.
You're wasting ammo.,Vous gaspillez des munitions.
You're wasting ammo.,Tu gaspilles des munitions.
You're wasting time.,Vous gaspillez du temps.
You're wasting time.,Tu gaspilles du temps.
You're with friends.,Tu es avec des amis.
You're with friends.,Tu es avec des amies.
You're with friends.,Vous êtes avec des amis.
You're with friends.,Vous êtes avec des amies.
You're working hard.,Tu travailles dur.
You're working hard.,Vous travaillez dur.
You've gone too far.,Vous êtes allé trop loin.
You've gone too far.,Vous êtes allée trop loin.
You've gone too far.,Vous êtes allés trop loin.
You've gone too far.,Vous êtes allées trop loin.
You've gone too far.,Tu es allé trop loin.
You've gone too far.,Tu es allée trop loin.
You've got problems.,Tu as des problèmes.
You've got problems.,Vous avez des problèmes.
You've made Tom cry.,Tu as fait pleurer Tom.
Your French is good.,Ton français est bon.
Your French is good.,Votre français est bon.
Your father is tall.,Votre père est grand.
Your feet are dirty.,Tes pieds sont sales.
Your feet are dirty.,Vos pieds sont sales.
Your guess is wrong.,Votre hypothèse est erronée.
Your guess is wrong.,Ton hypothèse est erronée.
Your hair is pretty.,Tes cheveux sont jolis.
Your memory is good.,Tu as une bonne mémoire.
Your memory is good.,Ton souvenir est bon.
Your order is ready.,Votre commande est prête.
Your shoes are here.,Tes chaussures sont ici.
Your zipper is open.,Ta braguette est ouverte !
Your zipper is open.,Votre braguette est ouverte !
Yours is over there.,Le tien est par là-bas.
"I forgot, she said.","J'ai oublié, répondit-elle."
A cat has nine lives.,Un chat a neuf vies.
"A cup of tea, please.","Une tasse de thé, s'il vous plait."
A horse is an animal.,"Un cheval, c'est un animal."
A horse is an animal.,Un cheval est un animal.
A horse runs quickly.,Un cheval court vite.
A man must be honest.,Un homme doit être honnête.
A piano is expensive.,Un piano coûte cher.
A piano is expensive.,Un piano est cher.
Acid eats into metal.,L'acide attaque le métal.
Add more water to it.,Ajoutez-y davantage d'eau.
All I have is a book.,"Tout ce que j'ai, c'est un livre."
All men are brothers.,Tous les hommes sont frères.
All my stuff is here.,Toutes mes affaires sont ici.
All that has changed.,Tout cela a changé.
All things must pass.,Toutes les choses doivent passer.
All this has changed.,Tout ceci a changé.
All we need is water.,"Tout ce dont nous avons besoin, c'est de l'eau."
Allow me to help you.,Permettez-moi de vous aider.
Am I really that bad?,Suis-je si mauvais ?
Am I under suspicion?,Suis-je soupçonné ?
Am I under suspicion?,Suis-je soupçonnée ?
Am I under suspicion?,Fais-je l'objet de soupçons ?
Am I wasting my time?,Est-ce que je perds mon temps ?
Amputation is needed.,Une amputation est nécessaire.
Another man has died.,Un autre homme est mort.
Any child knows that.,N'importe quel enfant sait cela.
Any of you can do it.,Quiconque d'entre vous peut le faire.
Any of you can do it.,N'importe lequel d'entre vous peut la faire.
Any of you can do it.,L'un quelconque d'entre vous peut faire ça.
Anyone could do that.,N'importe qui pourrait faire ça.
Anyone could do that.,N'importe qui pourrait faire cela.
Anyone could do that.,N'importe qui pouvait faire ça.
Anyone could do that.,N'importe qui pouvait faire cela.
Anything is possible.,Tout est possible.
Apples grow on trees.,Les pommes croissent sur des arbres.
Apples grow on trees.,Les pommes poussent sur des arbres.
"Are they coming, too?",Viennent-ils aussi ?
"Are they coming, too?",Viennent-elles aussi ?
Are those explosives?,Est-ce que ce sont des explosifs?
Are we going to lose?,Allons-nous perdre ?
Are we starting soon?,On commence bientôt ?
Are you able to swim?,Sais-tu nager ?
Are you able to type?,Savez-vous taper à la machine ?
Are you afraid of it?,Vous en avez peur?
Are you afraid of it?,Tu en as peur?
Are you afraid of it?,En as-tu peur ?
Are you afraid of it?,En avez-vous peur ?
Are you afraid of me?,As-tu peur de moi ?
Are you afraid of me?,Avez-vous peur de moi ?
Are you almost ready?,Es-tu bientôt prêt ?
Are you almost ready?,Es-tu bientôt prête ?
Are you almost ready?,Êtes-vous bientôt prêt ?
Are you almost ready?,Êtes-vous bientôt prête ?
Are you almost ready?,Êtes-vous bientôt prêts ?
Are you almost ready?,Êtes-vous bientôt prêtes ?
Are you eating lunch?,Est-ce que tu déjeunes ?
Are you eating lunch?,Tu déjeunes ?
Are you eating lunch?,Vous déjeunez ?
Are you enthusiastic?,Es-tu enthousiaste ?
Are you enthusiastic?,Êtes-vous enthousiaste ?
Are you enthusiastic?,Êtes-vous enthousiastes ?
Are you feeling sick?,Te sens-tu malade ?
Are you feeling sick?,Vous sentez-vous malade ?
Are you following me?,Est-ce que tu me suis ?
Are you following me?,Est-ce que vous me suivez ?
Are you following me?,Vous me suivez ?
Are you freaking out?,T'as les foies ?
Are you freaking out?,Vous avez les foies ?
Are you free tonight?,Es-tu libre ce soir ?
Are you going or not?,Y vas-tu ou pas ?
Are you going or not?,Y allez-vous ou pas ?
Are you imitating me?,Es-tu en train de m'imiter ?
Are you imitating me?,Êtes-vous en train de m'imiter ?
Are you in the house?,Êtes-vous dans la maison ?
Are you leaving soon?,Tu pars bientôt ?
Are you mentally ill?,Es-tu mentalement dérangé ?
Are you mentally ill?,Es-tu un malade mental ?
Are you mentally ill?,Êtes-vous mentalement dérangé ?
Are you mentally ill?,Êtes-vous mentalement dérangée ?
Are you mentally ill?,Êtes-vous mentalement dérangés ?
Are you mentally ill?,Êtes-vous mentalement dérangées ?
Are you mentally ill?,Es-tu mentalement dérangée ?
Are you mentally ill?,Êtes-vous un malade mental ?
Are you mentally ill?,Êtes-vous une malade mentale ?
Are you mentally ill?,Êtes-vous des malades mentaux ?
Are you mentally ill?,Êtes-vous des malades mentales ?
Are you ready to fly?,Êtes-vous prêt à voler ?
Are you ready to fly?,Es-tu prête à voler ?
Are you ready to fly?,Es-tu prêt à voler ?
"Are you retired, Tom?","Est-ce que tu es en retraite, Tom ?"
"Are you retired, Tom?","Est-ce que vous êtes en retraite, Tom ?"
Are you scared of me?,As-tu peur de moi ?
Are you scared of me?,Avez-vous peur de moi ?
Are you still afraid?,As-tu encore peur ?
Are you still afraid?,Avez-vous encore peur ?
Are you still around?,Êtes-vous encore dans les parages ?
Are you still hungry?,Avez-vous encore faim ?
Are you still hungry?,As-tu encore faim ?
Are you still scared?,Es-tu toujours effrayé ?
Are you still scared?,Es-tu toujours effrayée ?
Are you still scared?,Êtes-vous toujours effrayées ?
Are you still scared?,Êtes-vous toujours effrayés ?
Are you still sleepy?,Es-tu encore endormi ?
Are you still sleepy?,Es-tu encore endormie ?
Are you still sleepy?,As-tu encore sommeil ?
Are you still sleepy?,Êtes-vous encore endormi ?
Are you still sleepy?,Êtes-vous encore endormie ?
Are you still sleepy?,Êtes-vous encore endormis ?
Are you still sleepy?,Êtes-vous encore endormies ?
Are you still sleepy?,Avez-vous encore sommeil ?
Are you still sleepy?,Tu as encore sommeil ?
Are you talking shop?,Vous parlez boulot ?
Are you talking shop?,Tu parles boulot ?
Are you their mother?,Êtes-vous leur mère ?
Are you their mother?,Es-tu leur mère ?
Are you with someone?,Es-tu avec quelqu'un ?
Are you with someone?,Êtes-vous avec quelqu'un ?
Are you with the FBI?,Es-tu avec le FBI ?
Are you with the FBI?,Êtes-vous avec le FBI ?
"Are you with us, Tom?","Es-tu avec nous, Tom ?"
"Are you with us, Tom?","Êtes-vous avec nous, Tom ?"
Are your hands clean?,Tes mains sont-elles propres ?
Are your hands clean?,Vos mains sont-elles propres ?
Aren't they adorable?,Ne sont-ils pas adorables ?
Aren't they adorable?,Ne sont-elles pas adorables ?
Aren't you convinced?,N'es-tu pas convaincu?
Aren't you convinced?,N'es-tu pas convaincue?
Aren't you in charge?,N'êtes-vous pas responsable ?
Aren't you in charge?,N'es-tu pas responsable ?
Aren't you satisfied?,N'es-tu pas satisfait ?
Aren't you satisfied?,N'es-tu pas satisfaite ?
Aren't you satisfied?,N'êtes-vous pas satisfait ?
Aren't you satisfied?,N'êtes-vous pas satisfaite ?
Aren't you satisfied?,N'êtes-vous pas satisfaites ?
Aren't you satisfied?,N'êtes-vous pas satisfaits ?
Ask them to help you.,Demande-leur de t'aider.
Ask them to help you.,Demandez-leur de vous aider.
Avoid it at all cost.,Évite-le à tout prix.
Avoid it at all cost.,Évite-la à tout prix.
Avoid it at all cost.,Évitez-le à tout prix.
Avoid it at all cost.,Évitez-la à tout prix.
Baby teeth are sharp.,Les dents des bébés sont acérées.
Be careful with that.,Fais attention avec ça.
Be careful with that.,Faites attention avec cela.
Be proud of yourself.,Soyez fier de vous.
Be proud of yourself.,Soyez fière de vous.
Be proud of yourself.,Soyez fiers de vous.
Be proud of yourself.,Soyez fières de vous.
Be proud of yourself.,Sois fier de toi.
Be proud of yourself.,Sois fière de toi.
"Be quiet, all of you.",Restez tous tranquilles !
"Be quiet, all of you.",Restez toutes tranquilles !
Beauty is subjective.,La beauté est subjective.
Beware of imitations.,Attention aux imitations.
Beware of imitations.,Méfiez-vous des imitations.
Birds fly in the sky.,Des oiseaux volent dans le ciel.
Blood was everywhere.,Il y avait du sang partout.
Blow out the candles.,Souffle les bougies.
Blow out the candles.,Soufflez les bougies.
Boston is a big city.,Boston est une grande ville.
Both dogs are asleep.,Les deux chiens sont endormis.
Boys are not welcome.,Les garçons ne sont pas bienvenus.
Bring all your money.,Amène tout ton argent !
Bring all your money.,Amenez tout votre argent !
Bring me a dry towel.,Apporte-moi une serviette sèche.
Bring me the Kleenex.,Apporte-moi les Kleenex.
Business is business.,Les affaires sont les affaires.
But you're not there.,Mais tu n'es pas là-bas.
But you're not there.,Mais vous n'êtes pas là.
Buy the full version.,Achetez la version complète.
Call me at my office.,Appelez-moi à mon bureau.
Call me this evening.,Appelez-moi ce soir.
Call me this evening.,Appelle-moi ce soir.
Call me when you can.,Appelle-moi quand tu peux.
Call me when you can.,Appelez-moi quand vous pouvez.
Can I be your friend?,Puis-je être ton ami ?
Can I borrow a shirt?,Puis-je emprunter une chemise ?
Can I bring a friend?,Est-ce que je peux amener un ami ?
Can I call you again?,Puis-je te rappeler ?
Can I call you again?,Puis-je vous rappeler ?
Can I come backstage?,Puis-je venir dans les coulisses?
Can I eat in my room?,Puis-je manger dans ma chambre ?
Can I extend my stay?,Puis-je prolonger mon séjour ?
Can I give you a hug?,Est-ce que je peux te faire un câlin ?
Can I give you a hug?,Puis-je vous faire un câlin ?
Can I go out to play?,Puis-je aller jouer dehors ?
Can I see that again?,Puis-je revoir ça ?
Can I speak with Tom?,Puis-je parler à Tom ?
Can I speak with you?,Est-ce que je peux te parler ?
Can I take a day off?,Puis-je prendre un jour de congé ?
Can I take a message?,Puis-je prendre un message ?
Can I think about it?,Puis-je y réfléchir ?
Can I turn on the TV?,Puis-je allumer la télévision ?
Can I use your phone?,Je peux utiliser ton téléphone ?
Can Tom speak French?,Tom parle-t-il français ?
Can he speak English?,Sait-il parler anglais ?
Can somebody help me?,Quelqu'un peut-il m'aider ?
Can that be achieved?,Est-ce réalisable ?
Can we afford it now?,En avons-nous actuellement les moyens ?
Can we come tomorrow?,Est-ce que nous pouvons venir demain ?
Can we come with you?,Pouvons-nous venir avec vous ?
Can we come with you?,On peut venir avec toi ?
Can we get some help?,Pouvons-nous avoir de l'aide ?
Can we hurry this up?,Pouvons-nous accélérer ceci ?
Can you at least try?,Peux-tu au moins essayer ?
Can you at least try?,Pouvez-vous au moins essayer ?
Can you come at nine?,Pouvez-vous passer à neuf heures ?
Can you come at nine?,Pouvez-vous passer à vingt-et-une heures ?
Can you come at nine?,Peux-tu venir à 9 heures ?
Can you come with me?,Pouvez-vous venir avec moi ?
Can you come with me?,Peux-tu venir avec moi ?
Can you come with us?,Peux-tu venir avec nous ?
Can you deliver this?,Pouvez-vous livrer ceci ?
Can you do it faster?,Peux-tu le faire plus vite ?
Can you do it faster?,Arrives-tu à le faire plus vite ?
Can you do it faster?,Peux-tu le faire plus rapidement ?
Can you do it faster?,Arrives-tu à le faire plus rapidement ?
Can you do it faster?,Pouvez-vous le faire plus vite ?
Can you do it faster?,Pouvez-vous le faire plus rapidement ?
Can you do it faster?,Êtes-vous en mesure de le faire plus vite ?
Can you do it faster?,Êtes-vous en mesure de le faire plus rapidement ?
Can you do it faster?,Es-tu en mesure de le faire plus vite ?
Can you do it faster?,Es-tu en mesure de le faire plus rapidement ?
Can you do it faster?,Arrivez-vous à le faire plus vite ?
Can you do it faster?,Arrivez-vous à le faire plus rapidement ?
Can you do it or not?,"Est-ce que tu peux le faire, oui ou non ?"
Can you do it or not?,"Pouvez-vous le faire, oui ou non ?"
Can you fix a toilet?,Sais-tu réparer des toilettes ?
Can you get our bags?,Peux-tu prendre nos sacs ?
Can you guess my age?,Peux-tu deviner mon âge ?
Can you just go home?,Peux-tu juste rentrer chez toi ?
Can you make a salad?,Peux-tu préparer une salade ?
Can you make a salad?,Pouvez-vous préparer une salade ?
Can you make it safe?,Peux-tu t'en sortir sain et sauf ?
Can you make it safe?,Pouvez-vous vous en sortir sain et sauf ?
Can you make it safe?,Pouvez-vous vous en sortir sains et saufs ?
Can you make it safe?,Pouvez-vous vous en sortir saines et sauves ?
Can you make it safe?,Pouvez-vous vous en sortir saine et sauve ?
Can you make it safe?,Peux-tu t'en sortir saine et sauve ?
Can you ride a horse?,Savez-vous monter à cheval ?
Can you ride a horse?,Peux-tu monter un cheval ?
Can you ride a horse?,Pouvez-vous monter à cheval ?
Can you spare a buck?,Peux-tu me prêter 1 dollar ?
Can you speak French?,Parlez-vous français ?
Can you speak French?,Savez-vous parler français ?
Can you speak French?,Sais-tu parler français ?
Can't we go with Tom?,Ne pouvons-nous pas aller avec Tom ?
Can't we start again?,Ne pouvons-nous pas recommencer ?
Cats hate to get wet.,Les chats ont horreur de se mouiller.
Cats have nine lives.,Un chat a neuf vies.
Cattle feed on grass.,Le bétail se nourrit d'herbe.
Change is inevitable.,Le changement est inévitable.
Changes came quickly.,Les changements survinrent rapidement.
Changes came quickly.,Les changements sont rapidement survenus.
Charge it to my room.,Portez-le sur le compte de ma chambre.
Children need loving.,Les enfants ont besoin d'amour.
Clean up the kitchen.,Nettoie la cuisine.
Clothes make the man.,L'habit fait l'homme.
Come back in an hour.,Revenez dans une heure !
Come back in an hour.,Reviens dans une heure !
Come home before six.,Reviens à la maison avant six heures.
Come in for a minute.,Entre une minute.
"Come on, let's do it.","Allez, faisons-le !"
"Come on, let's do it.","Allez, action !"
"Come on, spit it out!","Allez, accouche !"
Come outside with me.,Viens avec moi dehors.
"Come with me, please.","Venez avec moi, je vous prie."
"Come with us, please.","Viens avec nous, s'il te plaît."
"Come with us, please.","Venez avec nous, s'il vous plaît."
Context is important.,Le contexte est important.
Cotton absorbs water.,Le coton absorbe l'eau.
Could I borrow a saw?,Pourrais-je emprunter une scie ?
Could I change rooms?,Puis-je changer de chambre ?
Could I change rooms?,Pourrais-je changer de chambre ?
Could I get some tea?,Pourrais-je avoir du thé ?
Could we have a fork?,Pouvons-nous avoir une fourchette ?
Could you fill me in?,Pourrais-tu me mettre au courant ?
Could you fill me in?,Pourriez-vous me mettre au courant ?
Damascus is in Syria.,Damas est en Syrie.
Dating is exhausting.,Sortir avec des garçons est épuisant.
Dating is exhausting.,Sortir avec des filles est épuisant.
Diamonds are forever.,Les diamants sont éternels.
Did I arrive on time?,Je suis arrivé à l'heure ?
Did I give it to you?,Vous l'ai-je donné ?
Did I give it to you?,Vous l'ai-je donnée ?
Did I give it to you?,Te l'ai-je donné ?
Did I give it to you?,Te l'ai-je donnée ?
Did I hear you right?,Vous ai-je bien entendu ?
Did I hear you right?,Vous ai-je bien entendue ?
Did I hear you right?,T'ai-je bien entendu ?
Did I hear you right?,T'ai-je bien entendue ?
Did I hear you right?,Vous ai-je bien entendus ?
Did I hear you right?,Vous ai-je bien entendues ?
Did I miss something?,Ai-je manqué quelque chose ?
Did I miss something?,Ai-je manqué quelque chose ?
Did I really do that?,Ai-je vraiment fait cela ?
Did Tom kill himself?,Tom s'est-il tué ?
Did Tom kill himself?,Est-ce que Tom s'est tué ?
Did Tom kill himself?,Tom s'est-il suicidé ?
Did anybody get hurt?,Quiconque a-t-il été blessé ?
Did he get a receipt?,A-t-il eu un reçu ?
Did it go well today?,Cela s'est-il bien passé aujourd'hui ?
Did something happen?,Est-il arrivé quelque chose?
Did the car look old?,Est-ce que la voiture paraissait vieille ?
Did we hit something?,Avons-nous heurté quelque chose ?
Did we miss anything?,Avons-nous manqué quelque chose ?
Did you behave today?,Tu t'es bien tenu aujourd'hui ?
Did you buy tomatoes?,As-tu acheté des tomates ?
Did you do your work?,As-tu fait ton travail ?
Did you eat anything?,As-tu mangé quelque chose ?
Did you feed the dog?,As-tu nourri le chien ?
Did you foresee this?,L'avez-vous prévu ?
Did you foresee this?,L'as-tu prévu ?
Did you get all that?,As-tu obtenu tout ça ?
Did you get all that?,Avez-vous obtenu tout ça ?
Did you get the loan?,As-tu obtenu le prêt ?
Did you get the loan?,Avez-vous obtenu le prêt ?
Did you just hit Tom?,Est-ce que tu viens juste de taper Tom ?
Did you just hit Tom?,Est-ce que vous venez juste de taper Tom ?
Did you kill anybody?,As-tu tué qui que ce soit ?
Did you kill anybody?,Avez-vous tué qui que ce soit ?
Did you kiss anybody?,As-tu embrassé qui que ce soit ?
Did you kiss anybody?,Avez-vous embrassé qui que ce soit ?
Did you lock the car?,Est-ce que tu as fermé la voiture ?
Did you see a doctor?,As-tu vu un docteur ?
Did you see that car?,Avez-vous vu cette voiture ?
Did you see that car?,As-tu vu cette voiture ?
Did you see the news?,As-tu vu la nouvelle ?
Did you see the news?,Avez-vous vu la nouvelle ?
Did you see the news?,Avez-vous vu les nouvelles ?
Did you see the news?,As-tu vu les informations ?
Did you see the news?,As-tu vu les nouvelles ?
Did you see the show?,Avez-vous vu le spectacle ?
Did you see the show?,As-tu vu le spectacle ?
Did you speak at all?,As-tu parlé le moins du monde ?
Did you speak at all?,Avez-vous parlé le moins du monde ?
Did you tell anybody?,L'avez-vous dit à qui que ce soit ?
Did you tell anybody?,L'as-tu dit à qui que ce soit ?
Did you try this key?,As-tu essayé cette clé ?
Did you try this key?,Avez-vous essayé cette clé ?
Did you volunteer us?,Nous as-tu désignés ?
Did you volunteer us?,Nous as-tu désignées ?
Did you volunteer us?,Nous avez-vous désignés ?
Did you volunteer us?,Nous avez-vous désignées ?
Did you wait for Tom?,As-tu attendu Tom ?
Did you wait for Tom?,Avez-vous attendu Tom ?
Did you win the case?,As-tu eu gain de cause ?
Did you win the case?,Avez-vous eu gain de cause ?
Did you win the race?,As-tu gagné la course ?
Did you win the race?,Avez-vous gagné la course ?
Didn't I tell you so?,Ne te l'avais-je pas dit ?
Didn't I tell you so?,Ne vous l'avais-je pas dit ?
Didn't that seem odd?,Cela n'a-t-il pas semblé bizarre ?
Didn't you know that?,Tu ne le savais pas ?
Didn't you know that?,T’étais pas au courant ?
Didn't you know that?,Ne le saviez-vous pas ?
Didn't you know that?,Ne le savais-tu pas ?
Dinner was excellent.,Le dîner était excellent.
Do I have to pay you?,Me faut-il vous payer ?
Do I have to pay you?,Me faut-il te payer ?
Do I have to pay you?,Dois-je vous payer ?
Do I have to pay you?,Dois-je te payer ?
Do I have to undress?,Dois-je me déshabiller ?
Do I have to undress?,Dois-je me dévêtir ?
Do I have to undress?,Me faut-il me dévêtir ?
Do I have to undress?,Me faut-il me déshabiller ?
Do I need to explain?,Ai-je besoin d'expliquer ?
Do I need to explain?,Est-ce que j'ai besoin d'expliquer ?
Do I seem old to you?,Est-ce que je te parais vieux ?
Do I seem old to you?,Est-ce que je vous parais vieille ?
Do I seem old to you?,Est-ce que je te parais vieille ?
Do I seem old to you?,Est-ce que je vous parais vieux ?
Do come and visit us.,Venez nous rendre visite !
Do come by all means.,Venez par tous les moyens.
Do it somewhere else.,Fais-le ailleurs.
Do we have insurance?,Avons-nous une assurance ?
Do whatever it takes.,Faites ce qui est nécessaire !
Do whatever you like.,Fais ce qui te chante !
Do whatever you like.,Faites ce qui vous chante !
Do whatever you want.,Fais ce que tu veux.
Do you carry weapons?,Portes-tu des armes ?
Do you carry weapons?,Portez-vous des armes ?
Do you do that often?,Tu fais ça souvent ?
Do you do this often?,Faites-vous ceci souvent ?
Do you do this often?,Fais-tu ça souvent ?
Do you drink alcohol?,Buvez-vous de l'alcool ?
Do you drink alcohol?,Bois-tu de l'alcool ?
Do you drink alcohol?,Buvez-vous de l'alcool ?
Do you dye your hair?,Te teins-tu les cheveux ?
Do you enjoy talking?,Aimez-vous discuter ?
Do you enjoy talking?,Aimes-tu discuter ?
Do you fancy a drink?,Envie d'un verre ?
Do you fancy a drink?,As-tu envie d'un verre ?
Do you fancy a drink?,Avez-vous envie d'un verre ?
Do you feel up to it?,T'en sens-tu à la hauteur ?
Do you feel up to it?,Vous en sentez-vous à la hauteur ?
Do you get up at six?,Tu te lèves à six heures ?
Do you have a camera?,As-tu un appareil photo ?
Do you have a choice?,Avez-vous le choix ?
Do you have a choice?,Est-ce que tu as le choix ?
Do you have a family?,Avez-vous une famille ?
Do you have a family?,As-tu une famille ?
Do you have a lawyer?,Est-ce que tu as un avocat ?
Do you have a lawyer?,Avez-vous un avocat ?
Do you have a lawyer?,Est-ce que vous avez un avocat ?
Do you have a minute?,As-tu une minute ?
Do you have a minute?,Avez-vous une minute ?
Do you have a moment?,Avez-vous un instant ?
Do you have a moment?,Disposez-vous d'un instant ?
Do you have a pencil?,As-tu un crayon ?
Do you have a second?,Avez-vous une seconde ?
Do you have a second?,As-tu une seconde ?
Do you have a tattoo?,As-tu un tatouage ?
Do you have a tattoo?,Avez-vous un tatouage ?
Do you have a theory?,Est-ce que tu as une théorie ?
Do you have a theory?,Avez-vous une théorie ?
Do you have a ticket?,As-tu un ticket ?
Do you have a ticket?,As-tu un billet ?
Do you have a ticket?,Avez-vous un billet ?
Do you have a violin?,As-tu un violon ?
Do you have an alibi?,Disposes-tu d'un alibi ?
Do you have an alibi?,Disposez-vous d'un alibi ?
Do you have any beer?,Avez-vous une quelconque bière ?
Do you have any cash?,As-tu le moindre liquide ?
Do you have any cash?,As-tu le moindre argent liquide ?
Do you have any cash?,Avez-vous le moindre liquide ?
Do you have any cash?,Avez-vous le moindre argent liquide ?
Do you have any kids?,Avez-vous des enfants ?
Do you have any kids?,Avez-vous des gosses ?
Do you have any kids?,As-tu des gosses ?
Do you have any pets?,As-tu des animaux domestiques?
Do you have any pets?,Possèdes-tu des animaux domestiques ?
Do you have any pets?,Avez-vous des animaux de compagnie ?
Do you have blankets?,Disposez-vous de couvertures ?
Do you have the book?,Avez-vous le livre ?
Do you have the book?,As-tu le livre ?
Do you have the keys?,Est-ce que tu as les clés ?
Do you have the keys?,Avez-vous les clés ?
Do you have the time?,Avez-vous l'heure ?
Do you hear bagpipes?,Entends-tu de la cornemuse ?
Do you hurt anywhere?,Avez-vous mal quelque part ?
Do you know anything?,Savez-vous la moindre chose ?
Do you know his name?,Connaissez-vous son nom ?
Do you know his name?,Savez-vous son nom ?
Do you know his name?,Connais-tu son nom ?
Do you know his name?,Sais-tu son nom ?
Do you know that guy?,Connaissez-vous ce type ?
Do you know that guy?,Connais-tu ce gars ?
Do you know who I am?,Tu sais qui je suis ?
Do you know who I am?,Savez-vous qui je suis ?
Do you know who I am?,Sais-tu qui je suis ?
Do you like baseball?,Aimez-vous le base-ball ?
Do you like baseball?,Aimes-tu le base-ball ?
Do you like football?,Aimes-tu le football ?
Do you like football?,Aimez-vous le football ?
Do you like my shoes?,Est-ce que tu aimes mes chaussures ?
Do you like my shoes?,Aimez-vous mes chaussures ?
Do you like studying?,Aimes-tu étudier ?
Do you like studying?,Aimez-vous étudier ?
Do you like swimming?,Tu aimes nager ?
Do you like to dance?,Aimez-vous danser ?
Do you like to dance?,Aimez-vous danser ?
Do you like to dance?,Aimes-tu danser ?
Do you like to study?,Aimes-tu étudier ?
Do you like to study?,Aimez-vous étudier ?
Do you mind if I sit?,Voyez-vous un inconvénient à ce que je m'asseye ?
Do you mind if I sit?,Vois-tu un inconvénient à ce que je m'asseye ?
Do you need anything?,As-tu besoin de quoi que ce soit ?
Do you need anything?,Avez-vous besoin de quoi que ce soit ?
Do you need our help?,As-tu besoin de notre aide ?
Do you need our help?,Avez-vous besoin de notre aide ?
Do you need the keys?,T'as besoin des clefs ?
Do you need the keys?,Avez-vous besoin des clés ?
Do you need the keys?,As-tu besoin des clés ?
Do you not like them?,Ne les aimez-vous pas ?
Do you not like them?,Ne les aimes-tu pas ?
Do you play baseball?,Tu joues au baseball ?
Do you play baseball?,Est-ce que vous jouez au baseball ?
Do you run every day?,Courez-vous tous les jours ?
Do you speak Chinese?,Parlez-vous chinois ?
Do you speak Chinese?,Parles-tu chinois ?
Do you still need me?,Est-ce que tu as toujours besoin de moi ?
Do you study English?,Étudies-tu l'anglais ?
Do you study English?,Étudiez-vous l'anglais ?
Do you think I'm fat?,Penses-tu que je suis gros ?
Do you think I'm fat?,Pensez-vous que je suis grosse ?
Do you think I'm fat?,Penses-tu que je suis grosse ?
Do you think I'm fat?,Pensez-vous que je suis gros ?
Do you understand me?,Vous me comprenez ?
Do you understand me?,Me comprenez-vous ?
Do you understand me?,Me comprends-tu ?
Do you understand me?,Me comprenez-vous ?
Do you understand me?,Me comprends-tu ?
Do you want a banana?,Est-ce que tu veux une banane ?
Do you want a banana?,Est-ce que vous voulez une banane ?
Do you want a lawyer?,Veux-tu un avocat ?
Do you want a lawyer?,Voulez-vous un avocat ?
Do you want a ticket?,Veux-tu un ticket ?
Do you want a ticket?,Voulez-vous un ticket ?
Do you want anything?,Tu veux quelque chose ?
Do you want anything?,Veux-tu quelque chose ?
Do you want anything?,Voulez-vous quelque chose ?
Do you want anything?,Veux-tu quelque chose ?
Do you want children?,Voulez-vous avoir des enfants ?
Do you want some tea?,Tu veux un peu de thé?
Do you want to dance?,As-tu envie de danser ?
Do you want to do it?,Veux-tu le faire ?
Do you want to do it?,Voulez-vous le faire ?
Do you want to drink?,Veux-tu boire ?
Do you want to drink?,Voulez-vous boire ?
Do you want to drink?,Est-ce que tu veux boire ?
Do you want to drink?,Est-ce que vous voulez boire ?
Do you want to go in?,Veux-tu entrer ?
Do you want to go in?,Voulez-vous entrer ?
Do you want to leave?,Vous voulez partir ?
Do you wear a kimono?,Portez-vous un kimono ?
Do your homework now.,Fais tes devoirs maintenant.
Do your homework now.,Faites vos devoirs maintenant.
Do your homework now.,Fais ton travail de classe maintenant.
Does Tom like French?,Tom aime-t-il le français ?
Does anybody hear me?,Quiconque m'entend-il ?
Does anybody hear me?,Qui que ce soit m'entend-il ?
Does anyone disagree?,Quiconque est-il en désaccord ?
Dolphins are curious.,Les dauphins sont curieux.
Don't admit anything.,Ne reconnais rien !
Don't admit anything.,Ne reconnaissez rien !
Don't ask me to help.,Ne me demandez pas d'aider.
Don't ask who she is.,Ne demande pas qui elle est.
Don't ask who she is.,Ne demandez pas qui elle est.
Don't be so careless!,Ne sois pas si négligent !
Don't be so careless!,Ne sois pas si négligente !
Don't be so careless!,Ne soyez pas si négligent !
Don't be so careless!,Ne soyez pas si négligente !
Don't be so careless!,Ne soyez pas si négligents !
Don't be so careless!,Ne soyez pas si négligentes !
Don't be so childish.,Ne sois pas si infantile.
Don't be so childish.,Ne soyez pas si puériles.
Don't be so childish.,Ne faites pas l'enfant.
Don't be so dramatic.,Ne sois pas si dramatique !
Don't be so dramatic.,Ne soyez pas si dramatique !
Don't be so negative.,Ne soyez pas si négatif !
Don't be so negative.,Ne soyez pas si négatifs !
Don't be so negative.,Ne soyez pas si négative !
Don't be so negative.,Ne soyez pas si négatives !
Don't be so negative.,Ne sois pas si négatif !
Don't be so negative.,Ne sois pas si négative !
Don't be so outraged.,Ne sois pas si indigné !
Don't be so outraged.,Ne sois pas si indignée !
Don't be so outraged.,Ne soyez pas si indigné !
Don't be so outraged.,Ne soyez pas si indignée !
Don't be so outraged.,Ne soyez pas si indignés !
Don't be so outraged.,Ne soyez pas si indignées !
Don't be so reserved.,Ne sois pas aussi réservé.
Don't be so reserved.,Ne soyez pas aussi réservé.
Don't be such a fool.,Ne soyez pas si idiot !
Don't be such a fool.,Ne soyez pas si idiote !
Don't be such a fool.,Ne sois pas si idiot !
Don't be such a fool.,Ne sois pas si idiote !
Don't be such a jerk.,Ne sois pas un tel pauvre type !
Don't brake suddenly.,Ne freine pas d'un coup.
Don't brake suddenly.,Ne freinez pas d'un coup.
Don't break my heart.,Ne me brise pas le cœur !
Don't break my heart.,Ne me brisez pas le cœur !
Don't bring your dog.,N'amène pas ton chien avec toi.
Don't call him names.,Ne l'insulte pas.
Don't call him names.,Ne l'insultez pas.
Don't call me a jerk.,Ne me traite pas de pauvre type !
Don't call me a jerk.,Ne me traitez pas de pauvre type !
Don't change a thing.,Ne change rien !
Don't change a thing.,Ne changez rien !
Don't change a thing.,Ne change pas quoi que ce soit !
Don't change a thing.,Ne changez pas quoi que ce soit !
Don't close the door.,Ne ferme pas la porte.
Don't close the door.,Ne fermez pas la porte.
Don't drink anything.,Ne buvez rien !
Don't eat like a pig.,Ne mange pas comme un porc.
Don't eat without me.,Ne mangez pas sans moi !
Don't eat without me.,Ne mange pas sans moi !
Don't exert yourself.,Ne vous manifestez pas.
Don't forget to vote.,N'oublie pas de voter !
Don't forget to vote.,N'oubliez pas de voter !
Don't get me started.,Ne me fais pas démarrer.
Don't get me started.,Ne me faites pas démarrer.
Don't get so excited!,Ne sois pas si excité !
Don't leave me alone.,Ne me laissez pas seul.
Don't let Tom escape.,Ne laisse pas Tom s'échapper.
Don't let Tom escape.,Ne laissez pas Tom s'échapper.
Don't lie. Be honest.,"Ne dis pas de mensonge, sois honnête !"
Don't lie. Be honest.,Ne mentez pas. Soyez honnête !
Don't lie. Be honest.,Ne mentez pas. Soyez honnêtes !
Don't look surprised.,Ne soyez pas surpris.
Don't lose heart now.,Ne te décourage pas maintenant.
Don't lose heart now.,Ne vous découragez pas maintenant.
Don't lose your cool.,Ne perdez pas votre sang-froid.
Don't make fun of me.,Ne te moque pas de moi !
Don't make fun of me.,Ne vous moquez pas de moi !
Don't make fun of me.,Ne te moque pas de moi.
Don't make me choose.,Ne m'oblige pas à choisir.
Don't make me choose.,Ne m'obligez pas à choisir.
Don't make me say it.,Ne me fais pas dire ça.
Don't make me say it.,Ne me faites pas dire ça.
Don't make me say it.,Ne m'oblige pas à le dire.
Don't make me say it.,Ne m'obligez pas à le dire.
Don't make me suffer.,Ne me fais pas souffrir.
Don't make me suffer.,Ne me faites pas souffrir.
Don't open your book.,N'ouvre pas ton livre.
Don't open your book.,N'ouvre pas ton livre !
Don't open your book.,N'ouvrez pas votre livre !
Don't pick your nose.,Ne te cure pas le nez.
Don't play that game.,Ne joue pas à ce jeu.
Don't play that game.,Ne jouez pas à ce jeu.
Don't play with fire.,Ne joue pas avec le feu.
Don't play with fire.,Ne jouez pas avec le feu.
Don't play with fire.,Ne joue pas avec le feu !
Don't pull my sleeve.,Ne tirez pas sur ma manche.
Don't pull my sleeve.,Ne tire pas ma manche.
Don't push your luck.,Ne pousse pas les limites.
Don't push your luck.,Ne tente pas le diable.
Don't rely on others.,Ne comptez pas sur les autres.
Don't shut your eyes.,Ne ferme pas les yeux !
Don't smoke too much.,Ne fume pas trop.
Don't spoil the mood.,Ne casse pas l'ambiance.
Don't talk like that.,Ne parle pas comme ça.
Don't talk to anyone.,Ne parle à personne !
Don't talk to anyone.,Ne parlez à personne !
Don't think about it.,N'y pensez pas.
Don't think about it.,N'y pense pas.
Don't touch anything.,Ne touchez à rien !
Don't touch anything.,Ne touche à rien !
Don't touch my stuff.,Ne touche pas à mes trucs !
Don't touch my stuff.,Ne touchez pas à mes trucs !
Don't try to deny it.,N'essaye pas de le nier.
Don't try to deny it.,N'essayez pas de le nier.
Don't try to fool me.,N'essaie pas de m'arnaquer.
Don't try to fool me.,N'essaie pas de me duper.
Don't try to fool me.,N'essayez pas de m'arnaquer.
Don't try to fool me.,N'essayez pas de me duper.
Don't try to stop me.,N'essaie pas de m'arrêter !
Don't try to stop me.,N'essayez pas de m'arrêter !
Don't wait up for me.,Ne m'attends pas !
Don't wait up for me.,Ne m'attendez pas !
Don't wait up for me.,Ne veillez pas pour moi !
Don't wait up for me.,Ne veille pas pour moi !
Don't worry about it!,Ne te fais pas de souci pour ça !
Don't worry about it!,Ne t'inquiète pas pour ça !
Don't worry about it!,Ne vous faites pas de souci à ce sujet !
Don't worry about it!,Ne te fais pas de souci à ce sujet !
Don't worry about it.,Ne t'inquiète pas à ce sujet.
Don't worry about it.,Ne t'en fais pas !
Don't worry about it.,Ne te soucie pas de cela.
Don't worry about it.,Ne vous en souciez pas.
Don't worry about it.,Ne vous faites pas de souci à ce sujet !
Don't worry about it.,Ne te fais pas de souci à ce sujet !
Don't worry about me.,Ne t'inquiète pas pour moi.
Don't worry about me.,Ne te soucie pas de moi.
Don't worry about me.,Ne vous souciez pas de moi.
Don't worry about us.,Ne vous inquiétez pas pour nous.
Don't worry. It's OK.,Ne t'inquiète pas. Ça va.
Don't you believe me?,Tu ne me crois pas ?
Don't you want to go?,Ne voulez-vous pas y aller ?
Don't you want to go?,Ne voulez-vous pas vous en aller ?
Don't you want to go?,Ne veux-tu pas y aller ?
Don't you want to go?,Ne veux-tu pas t'en aller ?
Draw a straight line.,Dessine une ligne droite.
Drink a lot of water.,Bois beaucoup d'eau.
Drink a lot of water.,Buvez beaucoup d'eau.
Dublin is in Ireland.,Dublin est en Irlande.
Either is acceptable.,N'importe lequel est acceptable.
Either is acceptable.,N'importe laquelle est acceptable.
Every detail matters.,Chaque détail compte.
Everybody blames you.,Tout le monde vous fait des reproches.
Everybody blames you.,Tout le monde te fait des reproches.
Everybody blames you.,Tout le monde vous rend responsable.
Everybody blames you.,Tout le monde te rend responsable.
Everybody is excited.,Tout le monde est excité.
Everybody is focused.,Chacun est concentré.
Everybody knows that.,Tout le monde le sait.
Everybody knows that.,Tous le savent.
Everybody needs help.,Tout le monde a besoin d'aide.
Everybody thought so.,Tout le monde le pensait.
Everybody thought so.,Tout le monde a pensé ça.
Everybody was silent.,Tout le monde était silencieux.
Everybody was silent.,Tout le monde fut silencieux.
Everybody was silent.,Tout le monde a été silencieux.
Everybody's a winner.,Tout le monde y gagne.
Everyone else waited.,Tous les autres attendirent.
Everyone else waited.,Tous les autres ont attendu.
Everyone else waited.,Toutes les autres attendirent.
Everyone else waited.,Toutes les autres ont attendu.
Everyone fell asleep.,Tout le monde s'endormit.
Everyone fell asleep.,Tout le monde s'est endormi.
Everyone is doing it.,Tout le monde le fait.
Everyone is gone now.,"Tout le monde est parti, maintenant."
Everyone is here now.,"Tout le monde est là, maintenant."
Everyone is here now.,Tout le monde est désormais là.
Everyone is outraged.,Tout le monde a été outragé.
Everyone is standing.,Tout le monde se tient debout.
Everyone ran outside.,Tout le monde a couru dehors.
Everyone seems tense.,Tout le monde a l'air tendu.
Everyone stayed calm.,Tout le monde resta calme.
Everyone stayed calm.,Tout le monde est resté calme.
Everyone was shocked.,Tout le monde a été choqué.
Everyone was shocked.,Tout le monde fut choqué.
Everyone was smiling.,Tout le monde souriait.
Everyone was stunned.,Tout le monde fut paralysé.
Everyone's gone home.,Tout le monde est parti chez lui.
Everyone's saying it.,Tout le monde le dit.
"Everyone, say cheese.","Tout le monde, dites «ouistiti»."
Everything is broken.,Tout est cassé.
Everything is broken.,Tout est brisé.
Everything is closed.,Tout est fermé.
Everything is normal.,Tout est normal.
Everything was wrong.,Tout était faux.
Everything went well.,Tout s'est bien passé.
Excuse me one second.,Excuse-moi une seconde.
Excuse me one second.,Excusez-moi une seconde.
Excuse my clumsiness.,Excusez ma maladresse.
"Extension 45, please.","Le poste 45, s'il vous plait."
"Finally, it's Friday.","Enfin, c'est vendredi."
Find the differences.,Trouve les différences !
Find yourself a seat.,Trouve-toi un siège.
Find yourself a seat.,Trouvez-vous une place.
Fish live in the sea.,Les poissons vivent dans la mer.
Flowers attract bees.,Les fleurs attirent les abeilles.
Focus on the details.,Concentre-toi sur les détails.
Fold up your bedding.,Plie ta literie.
France borders Italy.,La France à une frontière avec l'Italie.
Get back to the ship.,Retourne au bateau !
Get back to the ship.,Retournez au bateau !
Get in the back seat.,Monte dans le siège arrière.
Get in the back seat.,Montez dans la banquette arrière.
Get in the back seat.,Mettez-vous dans le siège de derrière.
Get out of my office.,Sors de mon bureau !
Get out of my office.,Sortez de mon bureau !
Get out of our house.,Sortez de notre maison !
Get out of our house.,Sors de notre maison !
Get out of the truck.,Sors du camion !
Get out of the truck.,Sortez du camion !
Get out of the water.,Sors de l'eau !
Get out of the water.,Sortez de l'eau !
"Get some sleep, okay?","Prends un peu de sommeil, d'accord ?"
"Get some sleep, okay?","Prenez un peu de sommeil, d'accord ?"
"Get some sleep, okay?","Repose-toi un peu, d'accord ?"
Get that book for me.,Attrape ce livre pour moi.
Girls aren't welcome.,Les filles ne sont pas bienvenues.
Give a tissue to Tom.,Donne un mouchoir en papier à Tom.
Give me a day or two.,Donne-moi un jour ou deux.
Give me a red pencil.,Donne-moi un crayon rouge.
Give me the car keys.,Donne-moi les clés de la voiture.
Give me the car keys.,Donnez-moi les clés de la voiture.
Give me the diamonds.,Donne-moi les diamants.
Give me the diamonds.,Donnez-moi les diamants.
Give me your address.,Donne-moi ton adresse !
Give me your address.,Donnez-moi votre adresse !
Give that back to me.,Rends-moi ça!
"Give us a minute, OK?","Donne-nous une minute, d'accord ?"
"Give us a minute, OK?","Donnez-nous une minute, d'accord ?"
"Glad to see you, Tom.","Content de te voir, Tom."
"Glad to see you, Tom.","Contente de vous voir, Tom."
"Glad to see you, Tom.","Contente de te voir, Tom."
"Glad to see you, Tom.","Content de vous voir, Tom."
"Go ahead, try it now.","Vas-y, essaye maintenant !"
"Go ahead, try it now.","Allez-y, essayez maintenant !"
Go and open the door.,Va ouvrir la porte.
Go and open the door.,Allez ouvrir la porte.
Go and see who it is.,Va voir qui c'est.
Go and see who it is.,Allez voir qui c'est.
Go back to your room.,Retourne dans ta chambre !
Go back to your room.,Retournez dans votre chambre !
Go back to your seat.,Regagnez votre place.
Go back to your seat.,Retourne à ta place.
Go get your passport.,Va chercher ton passeport.
Go kiss someone else.,Va embrasser quelqu'un d'autre !
Go kiss someone else.,Allez embrasser quelqu'un d'autre !
God bless all of you.,Que Dieu vous bénisse tous.
"Good night, everyone!",Bonne nuit tout le monde !
Has Tom become crazy?,Tom est-il devenu fou ?
Has Tom ever hit you?,Tom t'a-t-il déjà frappé ?
Has anything changed?,Quelque chose est-il différent ?
Has anything changed?,Est-ce que quelque chose a changé ?
Have I convinced you?,Es-tu convaincu ?
Have I convinced you?,Êtes-vous convaincu ?
Have a drink with me.,Prenez un verre avec moi.
Have a drink with me.,Bois un verre avec moi.
Have a great weekend.,Passe un bon week-end.
"Have a nice day, Tom.","Bonne journée, Tom."
Have a nice vacation.,Passe de bonnes vacances.
Have a nice vacation.,Bonnes vacances !
Have it your own way.,Comme vous voudrez.
Have it your own way.,Faites ce qui vous plaira.
Have some pity on me.,Ayez de la compassion à mon égard !
Have some pity on me.,Aie de la compassion à mon égard !
Have you been abroad?,Avez-vous déjà été à l'étranger ?
Have you betrayed me?,M'avez-vous trahi ?
Have you betrayed me?,M'avez-vous trahie ?
Have you betrayed me?,M'as-tu trahi ?
Have you betrayed me?,M'as-tu trahie ?
Have you ever smoked?,As-tu déjà fumé ?
Have you fed the dog?,As-tu nourri le chien ?
Have you fed the dog?,As-tu nourri le chien ?
Have you fed the dog?,Avez-vous nourri le chien ?
Have you finished it?,L'as-tu terminé ?
Have you finished it?,L'avez-vous terminé ?
Have you got a match?,As-tu une allumette ?
Have you got a match?,Disposes-tu d'une allumette ?
Have you got a match?,Avez-vous une allumette ?
Have you got a match?,Disposez-vous d'une allumette ?
Have you heard of me?,Avez-vous entendu parler de moi ?
Have you heard of me?,As-tu entendu parler de moi ?
Have you lost weight?,Avez-vous perdu du poids ?
Have you measured it?,L'as-tu mesuré ?
Have you measured it?,L'as-tu mesurée ?
Have you measured it?,L'avez-vous mesuré ?
Have you measured it?,L'avez-vous mesurée ?
Have you seen enough?,En avez-vous assez vu ?
Have you seen enough?,En as-tu assez vu ?
Have you seen my pen?,Avez-vous vu mon stylo ?
Have you seen my son?,As-tu vu mon fils ?
Have you seen my son?,Avez-vous vu mon fils ?
Have you sold it yet?,L'as-tu déjà vendu ?
Have you sold it yet?,L'as-tu déjà vendue ?
Have you sold it yet?,L'avez-vous déjà vendu ?
Have you sold it yet?,L'avez-vous déjà vendue ?
He accepted her gift.,Il accepta son cadeau.
He achieved his goal.,Il a atteint son but.
He achieved his goal.,Il atteignit son but.
He acted as my guide.,Il fut pour moi un guide.
He aimed at the bird.,Il visa l'oiseau.
He always plays well.,Il joue toujours bien.
He always works hard.,Il travaille toujours dur.
He always works hard.,Il travaille toujours d'arrache-pied.
He and I are cousins.,Lui et moi sommes cousins.
He and I are cousins.,"Lui et moi, nous sommes cousins."
He and I are friends.,Lui et moi sommes amis.
He arrived too early.,Il est arrivé trop tôt.
He asked me for help.,Il m'a demandé de l'aide.
He asked me to do it.,Il m'a demandé de le faire.
He asked me to do it.,Il me demanda de le faire.
He ate it in no time.,Il l'a mangé en peu de temps.
He attained his goal.,Il a atteint son but.
He attained his goal.,Il atteignit son but.
He attained his goal.,Il a atteint son objectif.
He became a Catholic.,Il s'est fait catholique.
He began to feel ill.,Il a commencé à se sentir mal.
He began with a joke.,Il commença par une blague.
He began with a joke.,Il a attaqué par une blague.
He begged me to stay.,Il me supplia de rester.
He bent his head low.,Il inclina profondément la tête.
He breathed his last.,Il rendit son dernier soupir.
He built a new house.,Il construisait une nouvelle maison.
He came into my room.,Il rentra dans ma chambre.
He came into my room.,Il est venu dans ma chambre.
He came to my rescue.,Il est venu à mon secours.
He can be counted on.,On peut compter sur lui.
He cannot be trusted.,On ne peut pas lui faire confiance.
He cannot be trusted.,On ne peut pas se fier à lui.
He caught a big fish.,Il a attrapé un gros poisson.
He caught three fish.,Il prit trois poissons.
He chose a good wife.,Il a choisi une bonne épouse.
He clipped the sheep.,Il a tondu les moutons.
He comes from Geneva.,Il vient de Genève.
He committed suicide.,Il s'est suicidé.
He continued singing.,Il continua à chanter.
He crossed the river.,Il traversa la rivière.
He crossed the river.,Il a traversé la rivière.
He deals in hardware.,Il fait commerce de quincaillerie.
He decided not to go.,Il décida de ne pas s'y rendre.
He decided not to go.,Il décida de ne pas y aller.
He decided not to go.,Il décida de ne pas partir.
He decided not to go.,Il a décidé de ne pas s'y rendre.
He decided not to go.,Il a décidé de ne pas y aller.
He decided not to go.,Il a décidé de ne pas partir.
He denied everything.,Il nia tout.
He denied everything.,Il a tout nié.
He devoured his meal.,Il dévora son repas.
He did as I told him.,Il fit comme je lui avais dit.
He did as I told him.,Il a fait comme je lui ai dit.
He did as I told him.,Il a fait comme je le lui ai dit.
He did it right away.,Il l'a fait sur-le-champ.
He did nothing wrong.,Il n'a rien fait de mal.
He didn't fear death.,Il ne craignait pas la mort.
He didn't get caught.,Il ne s'est pas fait prendre.
He didn't get caught.,Il ne se fit pas prendre.
He didn't look happy.,Il n'avait pas l'air heureux.
He didn't say a word.,Il n'a pas dit un mot.
He didn't say a word.,Il n'a absolument rien dit.
He died one year ago.,Il est mort il y a un an.
He died the next day.,Il mourut le jour suivant.
He died the next day.,Il est mort le jour suivant.
He doesn't get jokes.,Il ne comprend pas la plaisanterie.
He doesn't like fish.,Il n'aime pas le poisson.
He doesn't tell lies.,Il ne dit pas de mensonges.
He dropped his voice.,Il baissa la voix.
He easily gets angry.,Il se met vite en colère.
He emptied his glass.,Il vida son verre.
He fell to the floor.,Il est tombé au sol.
He felt a sharp pain.,Il ressentit une vive douleur.
He filed a complaint.,Il a porté plainte.
He filed a complaint.,Il porta plainte.
He fired three shots.,Il a tiré trois fois.
He gave a short talk.,Il fit un bref discours.
He gave me a big hug.,Il me donna une grande accolade.
He gave me a big hug.,Il me serra très fort.
He gave me a big hug.,Il me serra bien fort.
He gave me this book.,Il m’a donné ce livre.
He gets on my nerves.,Il me tape sur les nerfs.
He got angry with me.,Il s'est mis en colère après moi.
He got bored quickly.,Il s'est vite lassé.
He got bored quickly.,Il se lassa rapidement.
He got his dander up.,Il s'est courroucé.
He got his doctorate.,Il a obtenu son doctorat.
He got off the train.,Il descendit du train.
He got off the train.,Il est descendu du train.
He had fifty dollars.,Il avait 50 dollars.
He had lost all hope.,Il avait perdu tout espoir.
He has a common name.,Il a un nom commun.
He has a dark secret.,Il détient un noir secret.
He has a fair income.,Il a un bon revenu.
He has a few friends.,Il a quelques amis.
He has a foreign car.,Il possède une voiture étrangère.
He has a foreign car.,Il a une voiture étrangère.
He has a good accent.,Il a un bon accent.
He has a good memory.,Il a bonne mémoire.
He has a good memory.,Il a une bonne mémoire.
He has a hairy chest.,Il a le torse poilu.
He has a hairy chest.,Il a le torse velu.
He has a large truck.,Il a un grand camion.
He has a lot of land.,Il détient de nombreuses terres.
He has a nimble mind.,Il a l'esprit agile.
He has a strong body.,Son corps est doté de force.
He has a strong will.,Il a une forte volonté.
He has a sweet voice.,Il a la voix douce.
He has already begun.,Il a déjà commencé.
He has good eyesight.,Il a une bonne vue.
He has no conscience.,Il n'a aucune conscience.
He has no conscience.,Il est dépourvu de conscience.
He has no girlfriend.,Il n'a pas de petite amie.
He has nothing to do.,Il n'a rien à faire.
He has poor eyesight.,Il a une mauvaise vue.
He has powerful arms.,Il a des bras puissants.
He has rough manners.,Il a de rudes manières.
He has to study hard.,Il doit étudier avec application.
He has two daughters.,Il a deux filles.
He has very bad luck.,Il a la poisse.
He held out his hand.,Il lui a serré la main.
He held out his hand.,Il tendit la main.
He held up his hands.,Il avait les mains en l'air.
He hit me by mistake.,Il m'a frappé par erreur.
He insulted our team.,Il a insulté notre équipe.
He is a cruel person.,C'est un homme cruel.
He is a fast speaker.,Il parle vite.
He is a good speaker.,C'est un bon orateur.
He is a good student.,C'est un bon étudiant.
He is a good swimmer.,C'est un bon nageur.
He is a handsome man.,C'est un bel homme.
He is a harsh critic.,C'est un critique acerbe.
He is a lazy student.,C'est un étudiant paresseux.
He is a man of faith.,C'est un homme de foi.
He is a tough cookie.,C'est un emmerdeur.
He is about to leave.,Il est sur le point de sortir.
He is about your age.,Il a environ votre âge.
He is afraid of dogs.,Il a peur des chiens.
He is afraid to swim.,Il a peur de nager.
He is always reading.,Il est toujours en train de lire.
He is always reading.,Il lit à longueur de temps.
He is always with me.,Il est toujours avec moi.
He is an angry drunk.,Il a le vin mauvais.
He is an unsung hero.,C'est un héros inconnu.
He is angry with you.,Il est en colère après toi.
He is angry with you.,Il est furieux contre vous.
He is as tall as her.,Il est aussi grand qu'elle.
He is away from home.,Il est loin de chez lui.
He is bad at driving.,C'est un mauvais conducteur.
He is breathing hard.,Il respire avec difficulté.
He is close to sixty.,Il a près de soixante ans.
"He is cool, isn't he?","Il est cool, pas vrai ?"
He is far from happy.,Il est loin d'être heureux.
He is far from happy.,Il n'est vraiment pas heureux.
He is five feet tall.,Il mesure cinq pieds.
He is full of energy.,Il est plein d'énergie.
He is getting better.,Il va mieux.
He is good at diving.,Il est bon plongeur.
He is good at soccer.,Il est bon au foot.
He is hard to please.,Il est difficile de le satisfaire.
He is his own master.,Il est son propre maître.
He is his usual self.,Il est pareil à lui-même.
He is in his library.,Il est dans sa bibliothèque.
He is in poor health.,Il est en mauvaise santé.
He is in the kitchen.,Il est dans la cuisine.
He is in trouble now.,Il est dans le pétrin.
He is likely to come.,Il va probablement venir.
He is making cookies.,Il est en train de faire des cookies.
He is making cookies.,Il confectionne des biscuits.
He is my best friend.,C'est mon meilleur ami.
He is my best friend.,Il est mon meilleur ami.
He is now on his own.,Il est désormais à son compte.
He is off duty today.,Il n'est pas en service aujourd'hui.
He is precious to us.,Il est précieux pour nous.
He is quite a savage.,Il est assez sauvage.
He is reading a book.,Il lit un livre.
He is reading a book.,Il est en train de lire un livre.
He is sadly mistaken.,Il se trompe complètement.
He is still standing.,Il est toujours debout.
He is the chosen one.,Il est l'élu.
He is very depressed.,Il est très déprimé.
He is very depressed.,Il est fort déprimé.
He is wearing gloves.,Il porte des gants.
He is willing enough.,Il a suffisamment de volonté.
He isn't an American.,Il n'est pas américain.
"He isn't here, is he?","Il n'est pas là, non ?"
He jumped out of bed.,Il a sauté du lit.
He jumped out of bed.,Il sauta hors du lit.
He knew it all along.,Il le savait depuis le départ.
He knows how to swim.,Il sait nager.
He knows many people.,Il connaît beaucoup de gens.
He laid down the gun.,Il baissa son révolver.
He laughed nervously.,Il rit nerveusement.
He laughed nervously.,Il a ri nerveusement.
He leaned towards me.,Il se pencha dans ma direction.
He left a minute ago.,Il est parti il y a une minute.
He left a minute ago.,Il y a une minute qu'il est parti.
He likes music a lot.,Il aime beaucoup la musique.
He likes this guitar.,Il aime cette guitare.
He likes to watch TV.,Il aime regarder la télévision.
He likes watching TV.,Il aime regarder la télévision.
He lived a hard life.,Il a vécu une dure vie.
He lived a long life.,Il a vécu une longue vie.
He lives in Nagasaki.,Il vit à Nagasaki.
He lives in Nagasaki.,Il habite à Nagasaki.
He lives like a king.,Il vit comme un roi.
He looked at the sky.,Il regarda le ciel.
He looked bewildered.,Il avait l'air déconcerté.
He looked very happy.,Il avait l'air très heureux.
He looked very tired.,Il avait l'air très fatigué.
He looks like a girl.,Il a l'air d'une fille.
He looks very sleepy.,Il a l'air très endormi.
He lost his eyesight.,Il a perdu la vue.
He lost his eyesight.,Il perdit la vue.
He made for the door.,Il se tourna vers la porte.
He made her his wife.,Il a fait d'elle sa femme.
He made her his wife.,Il fit d'elle sa femme.
He made up an excuse.,Il a inventé une excuse.
He made up an excuse.,Il s'inventa une excuse.
He made up the story.,Il a monté toute cette histoire.
He managed to escape.,Il a réussi à s'évader.
He managed to escape.,Il a réussi à s'échapper.
He married my cousin.,Il épousa ma cousine.
He married my cousin.,Il épousa mon cousin.
He married my cousin.,Il a épousé mon cousin.
He married my sister.,Il s'est marié avec ma sœur.
He may have been ill.,Il était peut-être malade.
He missed his flight.,Il a loupé son vol.
He missed his flight.,Il loupa son vol.
He missed his flight.,Il a raté son vol.
He must have seen it.,Il doit l'avoir vu.
He needs to be alone.,Il a besoin d'être seul.
He never looked back.,Il n’a jamais regardé en arrière.
He never tells a lie.,Il ne ment jamais.
He never told anyone.,Il ne le dit jamais à personne.
He never told anyone.,Il ne l'a jamais dit à personne.
He never told anyone.,Il ne l'a jamais dit à quiconque.
He never wears a tie.,Il ne met jamais de cravate.
He often plays piano.,Il joue souvent du piano.
He ordered us steaks.,Il nous a commandé des steaks.
He owns a dishwasher.,Il possède un lave-vaisselle.
He picked up a stone.,Il ramassa une pierre.
He raised a question.,Il a soulevé une question.
He ran at full speed.,Il courait à toute vitesse.
He ran away from her.,Il s'éloigna d'elle.
He ran away from her.,C'est lui qui s'est éloigné d'elle.
He ran into the room.,Il entra en courant dans la pièce.
He ran outside naked.,"Il courut dehors, nu."
He ran outside naked.,Il a couru nu dehors.
He ran up the stairs.,Il courut au haut des escaliers.
He ran up the stairs.,Il courut en haut de l'escalier.
He rang the doorbell.,Il sonna la cloche de l'entrée.
He rarely went there.,Il y est rarement allé.
He removed his shirt.,Il tomba la chemise.
He removed his shirt.,Il retira sa chemise.
He removed his shirt.,Il a ôté sa chemise.
He removed his shirt.,Il a retiré sa chemise.
He removed his shirt.,Il a tombé la chemise.
He returned to Japan.,Il est retourné au Japon.
He returned to Japan.,Il retourna au Japon.
He said it as a joke.,Il l'a dit pour plaisanter.
He said it as a joke.,Il l'a dit par plaisanterie.
He said it as a joke.,Il le disait pour blaguer.
He saw a pretty girl.,Il vit une jolie fille.
He screamed for help.,Il a crié à l'aide.
He seems quite happy.,Il semble assez content.
He seems to be happy.,Il semble être heureux.
He seems to think so.,Il semble penser cela.
He seems very sleepy.,Il semble très endormi.
He seldom gets angry.,Il se met rarement en colère.
He seldom went there.,Il y est rarement allé.
He sent me a present.,Il m'envoya un cadeau.
He sold all his land.,Il a vendu tout son terrain.
He speaks Portuguese.,Il parle portugais.
He spoke about peace.,Il a parlé de paix.
He spoke about peace.,Il parla de paix.
He studied very hard.,Il a étudié très dur.
He studied very hard.,Il étudia très dur.
He studies very hard.,Il étudie dur.
He suddenly fell ill.,Il est subitement tombé malade.
He survived his wife.,Il a survécu à sa femme.
He swims like a fish.,Il nage comme un poisson.
He talked to himself.,Il se parla à lui-même.
He thinks I love her.,Il pense que je l'aime.
He took off his coat.,Il enleva son manteau.
He tore his ligament.,Il s'est étiré le ligament.
He trained very hard.,Il s'est entraîné très dur.
He tried to stand up.,Il a essayé de se lever.
He turned the corner.,Il tourna au coin.
He turned the corner.,Il a tourné au coin.
He used to live here.,Il habitait ici autrefois.
He used to love that.,Il adorait ça.
He wanted to be rich.,Il voulait être riche.
He wanted to meet me.,Il voulait me rencontrer.
He wanted to succeed.,Il voulait réussir.
He wants red glasses.,Il veut des lunettes rouges.
He wants to kiss her.,Il veut l'embrasser.
He wants to meet you.,Il veut vous rencontrer.
He wants to meet you.,Il veut te rencontrer.
He was a good friend.,Il était un bon ami.
He was drunk on beer.,Il s'est saoulé à la bière.
He was elected mayor.,Il a été élu maire.
He was fully clothed.,Il était entièrement vêtu.
He was fully clothed.,Il était entièrement habillé.
He was in the shower.,Il était dans la douche.
He was in the shower.,Il était sous la douche.
He was made to do so.,Il était obligé d'agir de la sorte.
He was not impressed.,Il ne fut pas impressionné.
He was not impressed.,Il n'a pas été impressionné.
He was out of breath.,Il était essoufflé.
He was out of breath.,Il était hors d'haleine.
He was put in a cell.,Il a été placé en isolement.
He was put in prison.,Il a été envoyé en prison.
He was shot to death.,Il a été tué par balle.
He was sitting there.,Il s'asseyait là.
He wasn't even there.,Il n'y était même pas.
He went duck hunting.,Il est allé à la chasse aux canards.
He went to bed early.,Il se mit au lit tôt.
He went to bed early.,Il est allé tôt au lit.
He went to the store.,Il a été au magasin.
He will be back soon.,Il reviendra rapidement.
He will be here soon.,Il sera bientôt là.
He will study French.,Il apprendra le français.
He works as a busboy.,Il travaille comme garçon de salle.
He works at the bank.,Il travaille à la banque.
He would not approve.,Il ne l'approuverait pas.
He wrote me a letter.,Il m'a écrit une lettre.
He's a bad influence.,Il a une mauvaise influence.
He's a computer nerd.,C'est un informaticien boutonneux.
He's a control freak.,C'est un malade du contrôle.
He's a control freak.,C'est un maniaque du contrôle.
He's a famous artist.,C'est un artiste célèbre.
He's a hopeless case.,Il est sans espoir.
He's a nervous wreck.,C'est une boule de nerfs.
He's a nervous wreck.,Il est nerveusement usé.
He's a smooth talker.,C'est un beau parleur.
He's a smooth talker.,C'est un baratineur.
He's a tennis player.,Il est joueur de tennis.
He's a very nice boy.,C'est un très gentil garçon.
He's a very nice boy.,C'est un très chouette garçon.
He's a very nice boy.,C'est un garçon très gentil.
He's a very nice boy.,C'est un garçon très chouette.
He's afraid to dance.,Il a peur de danser.
He's already married.,Il est déjà marié.
He's crazy about her.,Il est fou d'elle.
He's crazy about her.,Il est follement épris d'elle.
He's eating an apple.,Il est en train de manger une pomme.
He's eight years old.,Il a huit ans.
He's extremely happy.,Il est extrêmement heureux.
He's got lung cancer.,Il a le cancer des poumons.
He's greedy and lazy.,Il est avide et paresseux.
He's in grave danger.,Il est en danger grave.
He's mad at everyone.,Il est en colère après tout le monde.
He's making progress.,Il fait des progrès.
He's missed the boat.,Il a loupé le coche.
He's my half-brother.,Il est mon demi-frère.
He's my half-brother.,C'est mon demi-frère.
He's never satisfied.,Il n'est jamais satisfait.
He's not in the mood.,Il n'est pas d'humeur.
He's now on the boat.,Il est maintenant sur le bateau.
He's offered to help.,Il a offert son assistance.
He's on his way home.,Il est sur le chemin de son domicile.
He's one of the best.,C'est l'un des meilleurs.
He's one of the best.,Il est l'un des meilleurs.
He's out of position.,Il n'est pas à sa place.
He's out of practice.,Il manque de pratique.
He's out of practice.,Il est rouillé.
He's smarter than me.,Il est plus intelligent que moi.
He's taking a shower.,Il est en train de prendre une douche.
He's the class clown.,C'est le pitre de la classe.
He's too old for her.,Il est trop vieux pour elle.
He's too old for you.,Il est trop vieux pour toi.
He's too old for you.,Il est trop vieux pour vous.
He's under the chair.,Il est sous la chaise.
He's very protective.,Il est très protecteur.
Her daughter is sick.,Sa fille est malade.
Her name was unknown.,Son nom était inconnu.
Here are the tickets.,Voilà les billets.
Here comes the train.,Voilà le train.
Here's a better idea.,Voici une meilleure idée.
Here's a yellow rose.,Voici une rose jaune.
Here's the best part.,Voici la meilleure partie.
Here's what we found.,Voici ce que nous avons trouvé.
"Hey, guys. What's up?","Hé, les mecs ! Quoi de neuf ?"
"Hey, guys. What's up?","Hé, les gars ! Quoi de neuf ?"
"Hey, it's not so bad.","Hé, c'est pas si mal !"
"Hey, what's going on?","Eh, qu'est-ce qu'il se passe ?"
"Hey, what's going on?","Eh, qu'est-ce qu'il y a ?"
Hey. What's going on?,Eh bien ! Que se passe-t-il ?
"Hi everyone, I'm Tom.","Salut tout le monde, je suis Tom."
His blood is boiling.,Son sang bout.
His book inspired me.,Son livre m'inspira.
His book inspired me.,Son livre m'a inspiré.
His daughter is sick.,Sa fille est malade.
His face turned pale.,Son visage pâlit.
His hands feel rough.,Ses mains sont rugueuses.
His memory amazes me.,Sa mémoire me surprend.
His mother was right.,Sa mère avait raison.
His nose is bleeding.,Il saigne du nez.
His parents loved me.,Ses parents m'adoraient.
His teeth were white.,Ses dents furent blanches.
His teeth were white.,Ses dents ont été blanches.
How about your place?,Que dirais-tu de chez toi ?
How am I still alive?,Comment suis-je encore en vie ?
How are things going?,Comment les choses se déroulent-elles ?
How are your parents?,Comment vont tes parents ?
How are your parents?,Comment vont vos parents ?
How beautiful she is!,Comme elle est belle !
How beautiful she is!,Qu'elle est belle !
How big is this park?,Quelle taille fait ce parc ?
How big is your room?,Quelle taille fait ta chambre ?
How big is your yard?,Quelle est la taille de votre jardin ?
How big is your yard?,Quelle taille fais ton jardin ?
How can this be done?,Comment cela peut-il être fait ?
How can this be done?,De quelle manière peut-on le faire ?
How can this be real?,Comment ceci peut-il être réel ?
How can this be true?,Comment cela peut-il être vrai ?
How can we thank you?,Comment pouvons-nous te remercier ?
How can we thank you?,Comment pouvons-nous vous remercier ?
How can you eat that?,Comment pouvez-vous manger cela ?
How can you eat that?,Comment peux-tu manger ça ?
How can you not know?,Comment peux-tu l'ignorer ?
How can you not know?,Comment pouvez-vous l'ignorer ?
How can you not know?,Comment parviens-tu à l'ignorer ?
How can you not know?,Comment parvenez-vous à l'ignorer ?
How can you say that?,Comment peux-tu dire ça ?
How can you say that?,Comment pouvez-vous dire cela ?
How can you stand it?,Comment peux-tu supporter ça ?
How can you stand it?,Comment est-ce que tu peux supporter ça ?
How could we do that?,Comment pourrions-nous faire ça ?
How could we do that?,Comment pourrait-on faire ça ?
How could we not win?,Comment pourrions-nous ne pas gagner ?
How could we not win?,Comment pourrions-nous ne pas l'emporter ?
How deep is the lake?,Quelle est la profondeur du lac ?
How did it all begin?,Comment tout a commencé ?
How did it get there?,Comment est-ce arrivé là ?
How did it get there?,Comment cela a-t-il atterri là ?
How did they do that?,Comment ont-ils fait ça ?
How did they do that?,Comment ont-elles fait cela ?
How did you find out?,Comment l'avez-vous découvert ?
How did you find out?,Comment l'as-tu découvert ?
How did you get here?,Comment es-tu arrivée ici ?
How did you get here?,Comment es-tu parvenu ici ?
How did you get here?,Comment es-tu parvenue ici ?
How did you get here?,Comment êtes-vous parvenu ici ?
How did you get here?,Comment êtes-vous parvenus ici ?
How did you get here?,Comment êtes-vous parvenue ici ?
How did you get here?,Comment êtes-vous parvenues ici ?
How did you get hurt?,Comment vous êtes-vous blessé ?
How did you get hurt?,Comment vous êtes-vous blessés ?
How did you get hurt?,Comment vous êtes-vous blessée ?
How did you get hurt?,Comment vous êtes-vous blessées ?
How did you get hurt?,Comment t'es-tu blessé ?
How did you get hurt?,Comment t'es-tu blessée ?
How did you get them?,Comment te les es-tu procurés ?
How did you get them?,Comment te les es-tu procurées ?
How did you get them?,Comment as-tu mis la main dessus ?
How did you meet him?,Comment l'avez-vous rencontré ?
How did you meet him?,Comment l'as-tu rencontré ?
How did you two meet?,Comment vous êtes-vous tous deux rencontrés ?
How did your test go?,Comment s'est déroulé ton examen ?
How did your test go?,Comment s'est déroulé votre examen ?
How do parents do it?,Comment les parents le font-ils ?
How do you know that?,Comment le sais-tu ?
How do you like that?,Qu'en penses-tu ?
How do you want them?,Comment les veux-tu ?
How far are we going?,Jusqu'à quel point allons-nous ?
How far are we going?,Jusqu'où allons-nous ?
How fast does he run?,À quelle vitesse court-il?
How hard can that be?,De quelle difficulté cela peut-il être ?
How high is Mt. Fuji?,Quelle hauteur a le mont Fuji ?
How high is Mt. Fuji?,De quelle hauteur est le mont Fuji ?
How is that possible?,Comment est-ce possible ?
How is that possible?,Comment cela se peut-il ?
How is this possible?,Comment est-ce possible ?
How is this possible?,Comment cela est-il possible ?
How is this possible?,Comment cela se peut-il ?
How is this relevant?,En quoi est-ce pertinent ?
How is your daughter?,Comment va ta fille ?
How is your daughter?,Comment va votre fille ?
How is your daughter?,Comment se porte votre fille ?
How is your daughter?,Comment se porte ta fille ?
How long did I sleep?,Combien de temps ai-je dormi ?
How long did I sleep?,Combien de temps ai-je sommeillé ?
How long did it last?,Combien de temps cela a-t-il duré ?
How long did it take?,Combien de temps cela a-t-il pris ?
How long have we got?,De combien de temps disposons-nous ?
How many did you get?,Combien en as-tu eu ?
How many did you get?,Combien en as-tu obtenu ?
How many did you get?,Combien en avez-vous eu ?
How many did you get?,Combien en avez-vous obtenu ?
How many do you need?,Tu as besoin de combien ?
How many people died?,Combien de personnes sont-elles décédées ?
How many people died?,Combien de personnes sont mortes ?
How much can you bet?,Combien peux-tu parier ?
How much did it cost?,Combien ça a coûté ?
How much did you pay?,Combien as-tu payé ?
How much did you pay?,Combien avez-vous payé ?
How much did you win?,Combien as-tu gagné ?
How much did you win?,Combien avez-vous gagné ?
How much do you want?,Combien en veux-tu ?
How much do you want?,Combien en voulez-vous ?
How much is an apple?,Combien coûte une pomme ?
How much is one beer?,"C'est combien, une bière ?"
How much is the rent?,Combien coûte le loyer ?
How much is the rent?,À combien se monte le loyer ?
How much is this hat?,Quel est le prix de ce chapeau ?
How much is this pen?,Combien coûte ce stylo ?
How much is this tie?,Combien coûte cette cravate ?
How old are the kids?,Quel âge ont les enfants ?
How old is this book?,Quel âge a ce livre?
How old is this book?,De quand date ce livre?
How old is this tree?,Cet arbre a quel âge ?
How old is this tree?,Quel âge a cet arbre ?
How should I respond?,Que devrais-je rétorquer ?
How thin is too thin?,"Trop maigre, c'est quoi ?"
How was school today?,"Comment s'est passée l'école, aujourd'hui ?"
How was today's game?,Comment était le match d'aujourd'hui ?
How was today's game?,Comment était la partie d'aujourd'hui ?
How was your holiday?,Comment se sont passées tes vacances ?
How was your meeting?,Comment s'est passée ta réunion ?
How was your meeting?,Comment s'est passée votre réunion ?
How was your weekend?,Comment était ton weekend ?
How would you fix it?,Comment voudrais-tu réparer ça ?
How's everyone doing?,Comment va tout le monde ?
How's the water here?,"Comment est l'eau, ici ?"
How's your boy doing?,Comment s'en sort votre garçon ?
How's your boy doing?,Comment s'en sort ton garçon ?
How's your day going?,Comment se déroule ta journée ?
How's your day going?,Comment se déroule votre journée ?
How's your job going?,Comment va ton travail ?
How's your kid doing?,Comment s'en sort votre gosse ?
How's your kid doing?,Comment s'en sort ton gosse ?
"How's your wife, Tom?","Comment va ta femme, Tom ?"
"How's your wife, Tom?","Comment va votre femme, Tom ?"
Human life is sacred.,La vie humaine est sacrée.
Hurry up! We're late.,Dépêche-toi ! Nous sommes en retard.
I abandoned my plans.,J'ai abandonné mes plans.
I accepted the offer.,J'ai accepté l'offre.
I actually like that.,"J'aime ça, en fait."
I admire her efforts.,J'admire ses efforts.
I admire your talent.,J'admire ton talent.
I admire your talent.,J'admire votre talent.
I agree to this plan.,J'approuve ce projet.
I almost believe you.,Je vous crois presque.
I almost believe you.,Je te crois presque.
I already called him.,Je l'ai déjà appelé.
I already tried that.,J'ai déjà essayé ça.
I also like painting.,J'aime également peindre.
I always believe you.,Je te crois toujours.
I always believe you.,Je vous crois toujours.
I always feel hungry.,J'ai toujours faim.
I always feel sleepy.,J'ai toujours sommeil.
I am a stranger here.,"Ici, je suis un étranger."
I am a stranger here.,Je suis étranger ici.
I am a stranger here.,Je suis un étranger ici.
I am a stranger here.,"Je suis un étranger, ici."
I am afraid of bears.,J'ai peur des ours.
I am afraid of death.,J'ai peur de la mort.
I am afraid of dying.,J'ai peur de mourir.
I am better than you.,Je suis meilleur que toi.
I am counting on you.,Je compte sur toi.
I am eating an apple.,Je mange une pomme.
I am forced to do it.,Je suis contraint à le faire.
I am getting dressed.,Je me vêts.
I am glad to see her.,Je suis contente de la voir.
I am glad to see her.,Je suis content de la voir.
I am learning Basque.,J'apprends le basque.
I am looking at that.,Je regarde ça.
I am no longer tired.,Je ne suis plus fatigué.
I am no longer tired.,Je ne suis plus fatiguée.
I am not well at all.,Je ne vais pas bien du tout.
I am playing it safe.,Je joue prudemment.
I am poor at drawing.,Je suis mauvais en dessin.
I am telling a story.,Je conte une histoire.
I am terribly hungry.,J'ai terriblement faim.
I am wasting my time.,Je suis en train de perdre mon temps.
I am weighing myself.,Je suis en train de me peser.
I answered the phone.,J'ai répondu au téléphone.
I apologize for that.,Je vous présente mes excuses pour cela.
I apologize for that.,Je te présente mes excuses pour cela.
I apologize for this.,Je m'en excuse.
I applied for a visa.,J'ai sollicité un visa.
I asked him his name.,Je me suis enquis de son nom.
I asked him his name.,Je me suis enquise de son nom.
I asked him his name.,Je lui ai demandé son nom.
I ate a lot of pizza.,J'ai mangé beaucoup de pizza.
I ate a slice of ham.,J'ai mangé une tranche de jambon.
I ate lunch with Tom.,J'ai déjeuné avec Tom.
I ate too much today.,J'ai trop mangé aujourd'hui.
I awoke from a dream.,Je me réveillai d'un rêve.
I awoke on the floor.,Je me suis réveillé sur le sol.
I baked some cookies.,J'ai confectionné des biscuits.
I bear him no malice.,Je n'ai aucune malveillance à son égard.
I beg you to help me.,Je vous supplie de m'aider.
I beg you to help me.,Je te supplie de m'aider.
I beg you to help us.,Je vous supplie de nous aider.
I beg you to help us.,Je te supplie de nous aider.
I believe that story.,Je crois à cette histoire.
I believed in myself.,J'ai cru en moi.
I bet I can prove it.,Je parie que je peux le prouver.
I bought a new phone.,J'ai acheté un nouveau téléphone.
I bought a red diary.,J'ai fait l'acquisition d'un cahier rouge pour tenir mon journal.
I bought an old lamp.,J'ai acheté une vieille lampe.
I bought an umbrella.,J'ai acheté un parapluie.
I bought her a clock.,Je lui ai acheté une horloge.
I bought him a clock.,Je lui ai acheté une horloge.
I broke a vase today.,J'ai cassé un vase aujourd'hui.
I broke my right leg.,Je me suis cassé la jambe droite.
I broke your ashtray.,J'ai cassé ton cendrier.
I brought you a gift.,Je t'ai amené un cadeau.
I brought you a gift.,Je vous ai amené un cadeau.
I built this for you.,J'ai construit ça pour toi.
I built this for you.,J'ai bâti ça pour toi.
I built this for you.,J'ai construit ça pour vous.
I built this for you.,J'ai bâti ça pour vous.
I burst out laughing.,J'ai éclaté de rire.
I came here to learn.,Je suis venu ici pour apprendre.
I came here to learn.,Je suis venue ici pour apprendre.
I came here to study.,Je suis venu ici pour étudier.
I can give it a shot.,Je peux essayer.
I can hardly breathe.,J'arrive à peine à respirer.
I can hardly breathe.,Je parviens à peine à respirer.
I can hardly breathe.,Je peux à peine à respirer.
I can hear something.,J'entends quelque chose.
I can live with that.,Je le supporte.
I can make it happen.,Je peux faire en sorte que cela arrive.
I can play the piano.,Je sais jouer du piano.
I can read your mind.,J'arrive à lire ce que tu as en tête.
I can read your mind.,J'arrive à lire ce que vous avez en tête.
I can ride a bicycle.,Je sais monter à vélo.
I can ride a bicycle.,Je sais faire du vélo.
I can speak a little.,Je peux parler un peu.
I can squeeze you in.,Je peux t'insérer.
I can squeeze you in.,Je peux vous insérer.
I can squeeze you in.,Je peux vous faire entrer.
I can squeeze you in.,Je peux te faire entrer.
I can still hear you.,Je t'entends toujours.
I can still hear you.,J'arrive encore à t'entendre.
I can still hear you.,Je t'entends encore.
I can swim very fast.,Je peux nager très vite.
I can take a message.,Je peux prendre un message.
I can talk for a bit.,Je peux parler un peu.
I can wait no longer.,Je ne peux pas attendre plus longtemps.
I can't believe that.,Je n'arrive pas à y croire.
I can't believe this.,Je n'arrive pas à le croire.
I can't carry a tune.,Je ne sais pas chanter juste.
I can't come tonight.,Je ne peux pas venir ce soir.
I can't confirm that.,Je ne peux pas le confirmer.
I can't confirm that.,Je ne peux pas confirmer cela.
I can't confirm this.,Je ne peux pas le confirmer.
I can't confirm this.,Je suis dans l'incapacité de le confirmer.
I can't count on Tom.,Je ne peux pas compter sur Tom.
I can't dance either.,Je ne sais pas non plus danser.
I can't dance either.,Je ne sais pas danser non plus.
I can't dance either.,Je ne sais pas davantage danser.
I can't do it either.,Je ne peux pas le faire non plus.
"I can't do that, sir.","Je ne peux pas faire cela, Monsieur."
I can't drink coffee.,Je ne peux pas boire de café.
I can't eat all this.,Je ne peux pas manger tout ça.
I can't eat any more.,Je ne peux rien avaler de plus.
I can't eat any more.,Je ne peux pas manger davantage.
I can't eat any more.,Je n'arrive plus à manger.
I can't feel my legs.,Je ne sens pas mes jambes.
I can't feel my toes.,Je ne sens pas mes orteils.
I can't feel my toes.,Je ne parviens pas à sentir mes orteils.
I can't fix the seat.,Je ne peux pas réparer le siège.
I can't get involved.,Je ne peux m'impliquer.
I can't get involved.,Je ne peux pas m'impliquer.
I can't go on Monday.,Je ne peux pas y aller lundi.
I can't hear a thing.,Je n'arrive pas à entendre quoi que ce soit.
I can't hear a thing.,Je ne parviens pas à entendre quoi que ce soit.
I can't help anymore.,Je ne peux plus aider.
I can't help you now.,Je ne peux pas vous aider maintenant.
I can't imagine that.,Je ne peux pas me l'imaginer.
I can't kiss you now.,Je ne peux t'embrasser maintenant.
I can't kiss you now.,Je ne peux vous embrasser maintenant.
I can't kiss you now.,Je ne peux pas t'embrasser maintenant.
I can't kiss you now.,Je ne peux pas vous embrasser maintenant.
I can't move my legs.,Je ne peux pas bouger les jambes.
I can't move my legs.,Je ne parviens pas à bouger les jambes.
I can't pay the rent.,Je ne suis pas en mesure de payer le loyer.
I can't see anything.,Je ne vois rien.
I can't see that far.,Je ne peux pas voir si loin.
I can't sleep at all!,Je n'arrive pas du tout à dormir.
I can't sleep at all.,Je n'arrive pas du tout à dormir.
I can't speak French.,Je ne sais pas parler français.
I can't speak to Tom.,Je ne peux pas parler à Tom.
I can't stop smoking.,Je ne parviens pas à m'arrêter de fumer.
I can't stop writing.,Je ne peux pas m’arrêter d'écrire.
I can't take chances.,Je ne peux prendre aucun risque.
I can't tell you now.,Je ne peux pas te parler maintenant.
I can't tell you now.,Je ne peux pas te le dire maintenant.
I can't tell you why.,Je ne peux pas te dire pourquoi.
I can't tell you why.,Je ne peux pas vous dire pourquoi.
I can't tell you yet.,Je ne peux pas encore te le dire.
I can't tell you yet.,Je ne peux vous le dire encore.
I can't wait all day.,Je ne peux pas attendre toute la journée.
I can't wait for Tom.,Je ne peux pas attendre Tom.
I can't wait for you.,Je ne peux pas t'attendre.
I can't wait forever.,Je ne peux pas attendre indéfiniment.
I can't walk anymore.,Je ne peux plus marcher.
I canceled the order.,J'ai annulé la commande.
I cannot read French.,Je ne sais pas lire le français.
I caused an accident.,J'ai causé un accident.
I caused an accident.,J'ai provoqué un accident.
I checked everywhere.,J'ai vérifié partout.
I chose not to leave.,J'ai choisi de ne pas partir.
I closed my umbrella.,Je fermai mon parapluie.
I consulted a doctor.,J'ai consulté un docteur.
I convinced everyone.,J'ai convaincu tout le monde.
I could barely speak.,Je pouvais à peine parler.
I could barely stand.,Je pouvais à peine tenir debout.
I could kill you now.,"Je pourrais vous tuer, maintenant."
I could kill you now.,"Je pourrais te tuer, maintenant."
I could've done that.,J'aurais pu faire cela.
I couldn't care less.,Ça m'est tout à fait égal.
I couldn't care less.,Je m'en soucie comme d'une guigne.
I couldn't finish it.,Je n'ai pas pu le terminer.
I couldn't finish it.,Je ne pouvais pas le finir.
I count on your help.,Je compte sur votre aide.
I count on your help.,Je compte sur ton aide.
I crossed the street.,Je traversai la rue.
I cut myself shaving.,Je me suis coupée en me rasant.
I daydreamed all day.,J'ai rêvassé toute la journée.
I decided not to eat.,J'ai décidé de ne pas manger.
I demand punctuality.,J'exige de la ponctualité.
I did find something.,J'ai trouvé quelque chose.
I did it a few times.,Je l'ai fait quelques fois.
I did it without you.,Je l'ai fait sans toi.
I did it without you.,Je l'ai fait sans vous.
I did that all alone.,J'ai fait ça tout seul.
I did that all alone.,J'ai fait ça toute seule.
I did that by myself.,J'ai fait ça tout seul.
I did that in school.,J'ai fait ça à l'école.
I did that last week.,J'ai fait ça la semaine dernière.
I did that on Monday.,J'ai fait ça lundi.
I did that yesterday.,Je l'ai fait hier.
I did what had to do.,J'ai fait ce que j'avais à faire.
I did what was right.,J'ai fait ce qui convenait.
I did what you asked.,J'ai fait ce que tu as demandé.
I did what you asked.,J'ai fait ce que vous avez demandé.
I didn't buy the car.,Je n'ai pas acheté la voiture.
I didn't buy the car.,Je n'achetai pas la voiture.
I didn't do anything.,Je n'ai rien fait !
I didn't do anything.,Je n'ai rien fait.
I didn't expect help.,Je n'attendais pas d'aide.
I didn't fall asleep.,Je ne me suis pas endormi.
I didn't fall asleep.,Je ne me suis pas endormie.
I didn't get the job.,Je n'ai pas décroché le poste.
I didn't get the job.,Je n'ai pas obtenu l'emploi.
I didn't inform them.,Je ne les ai pas informés.
I didn't kill anyone.,Je n'ai tué personne.
I didn't know anyone.,Je ne connaissais personne.
I didn't look at Tom.,Je n'ai pas regardé Tom.
I didn't mean to pry.,Je ne voulais pas être impoli.
I didn't mean to pry.,Je ne voulais pas être impolie.
I didn't meet anyone.,Je n'ai rencontré personne.
I didn't read it all.,Je ne l'ai pas lu entièrement.
I didn't say a thing.,Je n'ai rien dit.
I didn't see anybody.,Je n'ai vu personne.
I didn't tell anyone.,Je ne l'ai dit à personne.
I didn't want to die.,Je ne voulais pas mourir.
I do a lot of things.,Je fais de nombreuses choses.
I do appreciate that.,J'apprécie vraiment cela.
I do it all the time.,Je le fais tout le temps.
I do not feel guilty.,Je ne me sens pas coupable.
I do not like spring.,Je n'aime pas le printemps.
I do not mince words.,Je ne mâche pas mes mots.
I do that every week.,Je fais ça toutes les semaines.
I do want to open it.,Je veux vraiment l'ouvrir.
I do want to see you.,Je veux vraiment vous voir.
I do want to see you.,Je veux vraiment te voir.
I don't believe that.,Je n'y crois pas.
I don't believe that.,Je ne crois pas ça.
I don't believe this.,Je n'y crois pas.
I don't care anymore.,Je ne m'en soucie plus.
I don't care for him.,Je ne me soucie pas de lui.
I don't care for him.,"Lui, je m'en fiche."
I don't deserve this.,Je ne le mérite pas.
I don't deserve this.,Je ne mérite pas ça.
I don't do that well.,Je ne le fais pas bien.
I don't drink coffee.,Je ne bois pas de café.
I don't enjoy tennis.,Je n'aime pas le tennis.
I don't feel like it.,Je n'en ai pas envie.
I don't feel like it.,Je n'en suis pas d'humeur.
I don't feel like it.,Je n'en ai pas le cœur.
I don't feel so good.,Je ne me sens pas très bien.
I don't feel so good.,Je ne me sens pas tellement bien.
I don't feel so well.,Je ne me sens pas si bien.
I don't get out much.,Je ne sors pas beaucoup.
I don't get the joke.,Je n'ai pas compris la blague.
I don't go to church.,Je ne vais pas à l'église.
I don't have a badge.,Je n'ai pas de passe.
I don't have a beard.,Je n'ai pas de barbe.
I don't have a fever.,Je n'ai pas de fièvre.
I don't have a knife.,Je n'ai pas de couteau.
I don't have a phone.,Je n'ai pas de téléphone.
I don't have a sword.,Je suis dépourvu d'épée.
I don't have a sword.,Je n'ai pas d'épée.
I don't have all day.,Je n'ai pas toute la journée.
I don't have the key.,Je n'ai pas la clé.
I don't hear a thing.,Je n'entends rien.
I don't hear barking.,Je n'entends pas aboyer.
I don't hear barking.,Je n'entends pas d'aboiement.
I don't hear barking.,Je n'entends pas d'aboiements.
I don't hold grudges.,Je ne garde pas rancune.
I don't keep a diary.,Je ne tiens pas de journal.
I don't know English.,Je ne sais pas l'anglais.
I don't know English.,J'ignore l'anglais.
I don't know English.,Je ne connais pas l'anglais.
I don't know anymore.,Je ne sais plus.
I don't know exactly.,Je ne sais pas exactement.
I don't know exactly.,Je ne sais pas trop.
I don't know how far.,J'ignore à quelle distance.
I don't know the way.,Je ne connais pas le chemin.
I don't know the way.,J'ignore le chemin.
I don't know who won.,Je ne sais pas qui a gagné.
I don't like dancing.,Je n'aime pas danser.
I don't like doctors.,Je n'aime pas les médecins.
I don't like driving.,Je n'aime pas conduire.
I don't like her hat.,Je n'aime pas son chapeau.
I don't like his hat.,Je n'aime pas son chapeau.
I don't like mussels.,Je n'aime pas les moules.
I don't like oysters.,Je n'aime pas les huitres.
I don't like peaches.,Je n'aime pas les pêches.
I don't like running.,Je n'aime pas courir.
I don't like silence.,Je n'aime pas le silence.
I don't like spiders.,Je n'aime pas les araignées.
I don't like to fail.,Je n'aime pas échouer.
I don't like to lose.,Je n'aime pas perdre.
I don't like to lose.,Je n'apprécie pas de perdre.
I don't like waiting.,Je n'aime pas servir.
I don't like writing.,Je n'aime pas écrire.
I don't mind helping.,Ça ne me dérange pas d'aider.
I don't mind it here.,Ça ne me dérange pas d'être ici.
I don't mind waiting.,Cela ne me fait rien d'attendre.
I don't need a break.,Je n'ai pas besoin de pause.
I don't need it back.,Je n'en ai plus besoin.
I don't need to know.,Je n'ai pas besoin de le savoir.
I don't own a guitar.,Je ne possède pas de guitare.
I don't see anything.,Je ne vois rien.
I don't sing anymore.,Je ne chante plus.
I don't speak French.,Je ne parle pas français.
I don't speak German.,Je ne parle pas allemand.
I don't trust anyone.,Je ne fais confiance à personne.
I don't trust myself.,Je ne me fais pas confiance.
I don't want to know.,Je ne veux pas le savoir.
I don't want to play.,Je ne veux pas jouer.
I don't want to quit.,Je ne veux pas démissionner.
I don't want to rest.,Je ne veux pas me reposer.
I don't want to sing.,Je n'ai pas envie de chanter.
I don't want to sing.,Je ne veux pas chanter.
I don't want to stay.,Je ne veux pas rester.
I don't want to stop.,Je ne veux pas m'arrêter.
I don't want to stop.,Je me refuse à y mettre un terme.
I don't want to swim.,Je ne veux pas nager.
I don't want to talk.,Je ne veux pas parler.
I don't wear glasses.,Je ne porte pas de lunettes.
I don't work for you.,Je ne travaille pas pour vous.
I don't work for you.,Je ne travaille pas pour toi.
I dropped my earring.,J'ai laissé tomber ma boucle d'oreille.
I dropped my earring.,J'ai fait tomber ma boucle d'oreille.
I eat a lot of fruit.,Je mange beaucoup de fruits.
I eat here every day.,Je mange ici tous les jours.
I eat here every day.,Je mange ici chaque jour.
I enjoy working here.,J'apprécie de travailler ici.
I enjoy your company.,J'apprécie votre compagnie.
I enjoy your company.,J'apprécie ta compagnie.
I expect him to come.,J'attends qu'il vienne.
I expect much of him.,J'attends beaucoup de lui.
I feel kind of tired.,Je me sens comme fatigué.
I feel kind of tired.,Je me sens comme fatiguée.
I feel like an idiot.,Je me sens bête.
I feel like vomiting.,J'ai envie de vomir.
I feel really stupid.,Je me sens vraiment idiot.
I feel really stupid.,Je me sens vraiment idiote.
I feel safe with you.,"Je me sens en sécurité, avec vous."
I feel safe with you.,"Je me sens en sécurité, avec toi."
I feel sorry for her.,Je suis désolée pour elle.
I feel sorry for her.,Je me sens désolé pour elle.
I feel sorry for her.,Je me sens désolée pour elle.
I feel sorry for him.,Je me sens désolé pour lui.
I feel sorry for him.,Je me sens désolée pour lui.
I feel sorry for you.,Je me sens désolé pour toi.
I feel sorry for you.,Je me sens désolée pour toi.
I feel sorry for you.,Je me sens désolé pour vous.
I feel sorry for you.,Je me sens désolée pour vous.
I feel very betrayed.,Je me sens vraiment trahi.
I feel very betrayed.,Je me sens vraiment trahie.
I fell into the pool.,Je suis tombé dans la piscine.
I fell into the pool.,Je suis tombée dans la piscine.
I fell off the chair.,Je suis tombé de ma chaise.
I fell off the chair.,Je suis tombée de ma chaise.
I felt like an idiot.,Je me sentis idiot.
I felt like an idiot.,Je me sentis idiote.
I felt like an idiot.,Je me suis senti idiot.
I felt like an idiot.,Je me suis sentie idiote.
I felt sorry for you.,Je me suis sentie désolée pour vous.
I felt sorry for you.,Je me suis senti désolé pour vous.
I felt sorry for you.,Je me suis sentie désolée pour toi.
I felt sorry for you.,Je me suis senti désolé pour toi.
I felt uncomfortable.,Je me sentais mal à l'aise.
I felt uncomfortable.,Je me sentis mal à l'aise.
I finally understand.,Je comprends finalement.
I flushed the toilet.,J'ai tiré la chasse d'eau.
I followed the rules.,J'ai respecté les règles.
I followed the rules.,Je respectai les règles.
I forget who said it.,J'ai oublié qui l'a dit.
I forgot his address.,J'ai oublié son adresse.
I forgot my password.,J'ai oublié mon mot de passe.
I forgot to buy eggs.,J'ai oublié d'acheter des œufs.
I forgot your number.,J'ai oublié ton numéro.
I found an apartment.,J'ai trouvé un appartement.
I found him the book.,Je lui ai trouvé le livre.
I found the building.,J'ai trouvé l'immeuble.
I gave Tom chocolate.,J'ai donné du chocolat à Tom.
"I get off there, too.",Je descends ici aussi.
I go to bed at 10.30.,Je me couche à dix heures et demie.
I got an A in French.,J’ai eu un A en français.
I got it for nothing.,Je l'ai eu pour trois fois rien.
I got sand in my eye.,J'ai du sable dans l'œil.
I got up early today.,Je me suis levé tôt aujourd'hui.
I guess Tom is right.,J'imagine que Tom a raison.
I guess that's right.,Je suppose que c'est vrai.
I guess you're right.,Je suppose que tu as raison.
I guess you're right.,Je suppose que vous avez raison.
I had a busy morning.,J'ai eu une matinée chargée.
I had a good teacher.,J'ai eu un bon instituteur.
I had a good teacher.,J'ai eu un bon professeur.
I had a good teacher.,J'ai eu une bonne institutrice.
I had a heart attack.,J'ai eu une crise cardiaque.
I had a kidney stone.,J'avais un calcul rénal.
I had a lovely night.,J'ai passé une nuit délicieuse.
I had a lovely night.,J'ai passé une soirée délicieuse.
I had a speech ready.,J'avais un discours de prêt.
I had a tooth pulled.,On m'a arraché une dent.
I had an early lunch.,J'ai déjeuné tôt.
I had an inspiration.,J'eus une inspiration.
I had better ask her.,Je ferais mieux de lui demander.
I had forgotten that.,J'avais oublié cela.
I had fun last night.,"Je me suis amusée, hier soir."
I had fun last night.,"Je me suis amusé, hier soir."
I had it all planned.,J'avais tout prévu.
I had never seen her.,Je ne l'avais jamais vue.
I had no alternative.,Je ne disposais pas d'alternative.
I had no backup plan.,Je ne disposais d'aucun plan de rechange.
I had no place to go.,Je n'avais nul endroit où aller.
I had no place to go.,Je n'avais pas d'endroit où aller.
I had no time to eat.,Je n'ai pas eu le temps de manger.
I had no time to eat.,Je n'eus pas le temps de manger.
I had nothing to say.,Je n'avais rien à dire.
I had only one drink.,Je n'ai pris qu'un verre.
I had only one drink.,Je ne pris qu'un verre.
I had to act at once.,J'ai dû agir immédiatement.
I had to act at once.,J'ai dû agir sur-le-champ.
I had to act quickly.,J'ai dû agir rapidement.
I hard-boiled an egg.,J'ai cuit un œuf dur.
I hardly ever go out.,Je ne sors presque jamais.
I hate cops like him.,Je déteste les flics tels que lui.
I hate hospital food.,Je déteste la nourriture des hôpitaux.
I hate hospital food.,Je déteste la nourriture d'hôpital.
I hate jealous women.,Je déteste les femmes jalouses.
I hate long goodbyes.,Je déteste les longs au revoir.
I hate silent movies.,Je déteste les films muets.
I hated you at first.,"Je vous détestais, au début."
I hated you at first.,"Je te détestais, au début."
I have a bad sunburn.,J'ai un mauvais coup de soleil.
I have a better idea.,J'ai une meilleure idée.
I have a big problem.,J'ai un gros problème.
I have a brain tumor.,J'ai une tumeur cérébrale.
I have a debt to pay.,J'ai une dette à payer.
I have a few dollars.,J'ai quelques dollars.
I have a few friends.,J'ai quelques amis.
I have a good salary.,J'ai un bon salaire.
I have a green shirt.,J'ai une chemise verte.
I have a job for you.,J'ai un travail pour toi.
I have a job for you.,J'ai un boulot pour vous.
I have a job for you.,J'ai un boulot pour toi.
I have a job for you.,J'ai un travail pour vous.
I have a lot of time.,J'ai beaucoup de temps.
I have a new bicycle.,J'ai un nouveau vélo.
I have a new red car.,J'ai une nouvelle voiture rouge.
I have a reservation.,J'ai une réservation.
I have a reservation.,J'ai une réserve.
I have a sharp knife.,J'ai un couteau aiguisé.
I have a sharp knife.,Je dispose d’un couteau affûté.
I have a slight cold.,J'ai un léger rhume.
I have a small fever.,J'ai un petit peu de fièvre.
I have a stomachache.,J'ai mal au ventre.
I have a stomachache.,J'ai mal à l'estomac.
I have a sweet tooth.,Je suis bec sucré.
I have a sweet tooth.,J'ai un penchant pour les sucreries.
I have a twin sister.,J'ai une sœur jumelle.
I have a wooden comb.,J'ai un peigne en bois.
I have an invitation.,J'ai une invitation.
I have back problems.,J'ai des problèmes de dos.
I have bleeding gums.,Mes gencives saignent.
I have bottled water.,J'ai de l'eau en bouteille.
I have caught a cold.,J'ai attrapé un rhume.
I have caught a cold.,J'ai attrapé froid.
I have gained weight.,J'ai pris du poids.
I have good eyesight.,J'ai une bonne vue.
I have got to go now.,Il faut que j'y aille maintenant.
I have got to go now.,Je dois partir maintenant.
I have lost my watch.,J'ai perdu ma montre.
I have lost my watch.,J’ai perdu ma montre.
I have lots of ideas.,J'ai plein d'idées.
I have lots of money.,Je dispose de beaucoup d'argent.
I have lunch at noon.,Je déjeune à midi.
I have misjudged you.,Je vous ai méjugé.
I have misjudged you.,Je t'ai méjugé.
I have misjudged you.,Je vous ai méjugée.
I have misjudged you.,Je t'ai méjugée.
I have my own theory.,J'ai ma propre théorie.
I have no experience.,Je n'ai pas d'expérience.
I have no experience.,Je suis dépourvu d'expérience.
I have no experience.,Je suis dépourvue d'expérience.
I have no more ideas.,Je suis à court d'idées.
I have no statistics.,Je ne dispose pas de statistiques.
I have no use for it.,Je n'en ai pas l'usage.
I have poor eyesight.,J'ai une mauvaise vue.
I have read the book.,J'ai lu le livre.
I have seen it a lot.,Je l'ai beaucoup vu.
I have so many ideas.,J'ai tellement d'idées !
I have so many ideas.,J'ai tant d'idées !
I have so much to do.,J'ai tant à faire.
I have such bad luck.,J'ai une telle poisse !
I have thirteen cats.,J'ai treize chats.
I have three cameras.,J'ai trois appareils photo.
I have three choices.,J'ai trois choix.
I have three choices.,J'ai trois possibilités.
I have three cousins.,J'ai trois cousins.
I have three sisters.,J'ai trois sœurs.
I have three tickets.,J'ai trois billets.
I have to be careful.,Il me fait être prudent.
I have to do my best.,Je dois faire de mon mieux.
I have to do my hair.,Il faut que je me coiffe.
I have to go to work.,Je dois aller au travail.
I have to see it all.,Il me faut le voir en entier.
I have to wear boots.,Il faut que je porte des bottes.
I have two daughters.,J'ai deux filles.
I haven't had dinner.,Je n'ai pas dîné.
I hear Tom hates you.,On m'a dit que Tom te détestait.
I heard an explosion.,J'ai entendu une détonation.
I heard my pants rip.,J'ai entendu mon pantalon se déchirer.
I heard the question.,J'ai entendu la question.
I heard you did well.,J'ai entendu dire que vous vous en étiez bien tiré.
I heard you did well.,J'ai entendu dire que tu t'en étais bien tiré.
I hired an assistant.,J'ai engagé un assistant.
I hit on a good idea.,Il m'est venu une bonne idée.
I hope it's not true.,J'espère que ce n'est pas vrai.
I hope that's a joke.,J'espère que c'est une blague.
I hope they liked me.,J'espère qu'ils m'ont apprécié.
I hope they liked me.,J'espère qu'elles m'ont appréciée.
I hope you're hungry.,J'espère que tu as faim.
I hope you're hungry.,J'espère que vous avez faim.
I hugged her tightly.,Je l'ai étroitement enlacée.
I insisted on paying.,J'ai insisté pour payer.
I just bought a boat.,Je viens d'acheter un bateau.
I just can't help it.,Je ne peux simplement m'en empêcher.
I just can't help it.,Je ne peux simplement pas m'en empêcher.
I just can't take it.,Je ne peux simplement pas le prendre.
I just can't take it.,Je ne peux simplement pas encaisser ça.
I just cracked a rib.,Je viens de me fêler une côte.
I just cut my finger.,Je viens de me couper le doigt.
I just don't like it.,"Je n'aime pas ça, un point c'est tout."
I just don't like it.,"Je ne l'aime pas, un point c'est tout."
I just need a minute.,J'ai juste besoin d'une minute.
I just need a moment.,J'ai juste besoin d'un moment.
I just need a moment.,Il me faut juste un moment.
I just took a shower.,Je viens de prendre une douche.
I just took a shower.,J'ai simplement pris une douche.
I just want you back.,Je veux simplement que tu me reviennes.
I just want you back.,Je veux simplement que tu reviennes avec moi.
I keep thirteen cats.,J'ai treize chats.
I kept an eye on Tom.,J'ai gardé un œil sur Tom.
I kept my mouth shut.,J'ai tenu ma langue.
I kept my mouth shut.,Je tins ma langue.
I kept my mouth shut.,Je n'ai pas dit mot.
I kept my mouth shut.,Je ne dis pas mot.
I kind of liked them.,Je les aimais bien.
I knew I could do it.,Je savais que je pouvais le faire.
I knew I could do it.,Je savais pouvoir le faire.
I knew I had to stop.,Je savais que je devais arrêter.
I knew I'd be blamed.,Je savais qu'on me le reprocherait.
I knew Tom would win.,Je savais que Tom gagnerait.
I knew it was a joke.,Je savais que c'était une blague.
I knew we'd find you.,Je savais que nous vous trouverions.
I knew we'd find you.,Je savais que nous te trouverions.
I knew you'd be here.,Je savais que tu serais ici.
I knew you'd be here.,Je savais que vous seriez là.
I knew you'd like it.,Je savais que vous l'aimeriez.
I knew you'd like it.,Je savais que tu l'aimerais.
I know I can do that.,Je sais pouvoir le faire.
I know Tom can't win.,Je sais que Tom ne peut pas gagner.
I know Tom is a liar.,Je sais que Tom est un menteur.
I know Tom is active.,Je sais que Tom est actif.
I know Tom is boring.,Je sais que Tom est ennuyeux.
I know Tom is boring.,Je sais que Tom est barbant.
I know Tom is boring.,Je sais que Tom est rasant.
I know Tom is chubby.,Je sais que Tom est grassouillet.
I know Tom is groggy.,Je sais que Tom a la tête dans le cirage.
I know Tom is groggy.,Je sais que Tom est embrumé.
I know Tom is groggy.,Je sais que Tom est sonné.
I know Tom very well.,Je connais très bien Tom.
I know Tom was angry.,Je sais que Tom était en colère.
I know Tom was early.,Je sais que Tom était en avance.
I know Tom was early.,Je sais que Tom était arrivé tôt.
I know Tom was first.,Je sais que Tom était le premier.
I know Tom was right.,Je sais que Tom avait raison.
I know all about you.,Je sais tout de toi.
I know all about you.,Je sais tout de vous.
I know all about you.,Je sais tout à ton sujet.
I know all about you.,Je sais tout à votre sujet.
I know her very well.,Je la connais très bien.
I know him very well.,Je le connais très bien.
I know him very well.,Je le connais fort bien.
I know it to be true.,Je sais que c'est vrai.
I know it's my fault.,Je sais que c'est de ma faute.
I know it's not easy.,Je sais que ce n'est pas facile.
I know it's not fair.,Je sais que ce n'est pas juste.
I know it's not true.,Je sais que ce n'est pas vrai.
I know lots of songs.,Je connais de nombreuses chansons.
I know sign language.,Je connais la langue des signes.
I know that you know.,Je sais que tu sais.
I know that you know.,Je sais que vous savez.
I know the gentleman.,Je connais ce gentleman.
I know this district.,Je connais ce quartier.
I know what Tom said.,Je sais ce que Tom a dit.
I know what happened.,Je sais ce qui s'est passé.
I know what they are.,Je sais ce qu'ils sont.
I know what they are.,Je sais ce qu'elles sont.
I know what to study.,Je sais quoi étudier.
I know what you know.,Je sais ce que tu sais.
I know what you mean.,Je sais ce que tu veux dire.
I know what you mean.,Je sais ce que vous voulez dire.
I know who said that.,Je sais qui a dit ça.
I know why he did it.,Je sais pourquoi il a fait ça.
I know you know this.,Je sais que tu sais cela.
I know you're scared.,Je sais que vous avez peur.
I know you're scared.,Je sais que tu as peur.
I know your roommate.,Je connais ton compagnon de chambre.
I know your roommate.,Je connais votre compagnon de chambre.
I know your roommate.,Je connais ton compagnon de chambrée.
I know your roommate.,Je connais ta camarade de chambre.
I know your roommate.,Je connais votre camarade de chambre.
I lead a double life.,Je mène une double vie.
I leave it up to you.,Je te laisse en décider.
I leave it up to you.,Je vous laisse en décider.
I leave it up to you.,Je laisse cela à tes soins.
I leave it up to you.,Je laisse cela à vos soins.
I leave this evening.,Je pars ce soir.
I left the door open.,J'ai laissé la porte ouverte.
I left you a message.,Je vous ai laissé un message.
I left you a message.,Je t'ai laissé un message.
I lent Tom my camera.,J'ai prêté mon appareil photo à Tom.
I let go of the rope.,J'ai lâché la corde.
I let go of the rope.,Je lâchai la corde.
I lied to my parents.,J'ai menti à mes parents.
I lied to the police.,J'ai menti à la police.
I like Japanese food.,J'aime la cuisine japonaise.
I like canned fruits.,J'aime les fruits en conserve.
I like coffee better.,J'aime mieux le café.
I like coffee better.,Je préfère le café.
I like country music.,J'aime la musique country.
I like her dark eyes.,J'aime ses yeux foncés.
I like her very much.,Je l'aime beaucoup.
I like her very much.,Je l'apprécie beaucoup.
I like him very much.,Je l'aime beaucoup.
I like it better now.,Je l'aime davantage maintenant.
"I like painting, too.",J'aime peindre aussi.
I like reading books.,J'aime lire des livres.
I like that necklace.,J'aime ce collier.
I like the diversity.,J'aime la diversité.
I like to eat apples.,J'aime manger des pommes.
I like to play poker.,J'aime jouer au poker.
I like to read books.,J'aime lire des livres.
I like to sing songs.,J'aime chanter des chansons.
I like trout fishing.,J'aime la pêche à la truite.
I like you very much.,Je t'aime beaucoup.
I like your attitude.,J'apprécie ton attitude.
I like your attitude.,J'apprécie votre attitude.
I like your earrings.,J'aime tes boucles d'oreilles.
I like your necklace.,J'aime votre collier.
I like your necklace.,J'aime ton collier.
I like your optimism.,Votre optimisme me plaît.
I like your painting.,J'apprécie ton tableau.
I like your painting.,J'apprécie votre tableau.
I like your painting.,J'aime ton tableau.
I like your painting.,J'aime votre tableau.
I liked your comment.,J'ai aimé ton commentaire.
I liked your comment.,J'ai aimé votre commentaire.
I liked your dancing.,J'ai apprécié votre danse.
I liked your dancing.,J'ai apprécié ta danse.
I liked your friends.,J'ai apprécié tes amis.
I liked your friends.,J'ai apprécié tes amies.
I liked your friends.,J'appréciai tes amis.
I liked your friends.,J'ai apprécié vos amis.
I liked your friends.,J'ai apprécié vos amies.
I liked your friends.,J'appréciai tes amies.
I liked your friends.,J'appréciai vos amis.
I liked your friends.,J'appréciai vos amies.
I live a simple life.,Je mène une vie simple.
I live in a big city.,J'habite dans une grande ville.
I live in this hotel.,J'habite dans cet hôtel.
I live next to a dam.,Je vis à côté d'un barrage.
I live with my uncle.,J'habite avec mon oncle.
I look forward to it.,J'attends cela avec impatience.
I look forward to it.,Je m'en réjouis d'avance.
I looked at my hands.,J'ai regardé mes mains.
I looked at my watch.,J'ai regardé ma montre.
I looked for the key.,Je cherchais la clef.
I lost my flashlight.,J'ai perdu ma lampe-torche.
I lost my house keys.,J'ai perdu les clés de chez moi.
I lost my sunglasses.,J'ai égaré mes lunettes de soleil.
I lost that argument.,J'ai perdu cette joute verbale.
I lost that argument.,Je perdis cette joute verbale.
I lost track of time.,J'ai perdu la notion du temps.
I love American food.,J'aime la nourriture américaine.
I love French movies.,J'adore les films français.
I love beach parties.,J'adore les fêtes sur la plage.
I love fried bananas.,J'adore les bananes frites.
I love playing chess.,J'adore jouer aux échecs.
I love reading books.,J'adore lire des livres.
I love teaching kids.,J'adore enseigner aux enfants.
I love the food here.,"J'adore la nourriture, ici."
I love your daughter.,J'adore votre fille.
I love your daughter.,J'aime votre fille.
I love your daughter.,J'adore ta fille.
I made a bad mistake.,J'ai fait une grave erreur.
I made a big mistake.,J'ai commis une grosse erreur.
I made a big mistake.,Je commis une grosse erreur.
I made a few changes.,J'ai effectué quelques modifications.
I made a lucky guess.,J'ai hasardé une heureuse hypothèse.
I made a model plane.,Je fabriquais une maquette d'avion.
I made a paper plane.,Je fis un avion de papier.
I made a paper plane.,J'ai fait un avion de papier.
I made a paper plane.,J'ai fait un avion en papier.
I made that decision.,J'ai pris cette décision.
I major in economics.,Je suis spécialisé en Sciences Économiques.
I make a good living.,Je gagne bien ma vie.
I married a Canadian.,J'ai épousé un canadien.
I married a Canadian.,J'ai épousé une canadienne.
I may as well go now.,Je ferais bien d'y aller maintenant.
I may have no choice.,Il se peut que je n'aie pas le choix.
I mean no disrespect.,Je ne veux pas manquer de respect.
I mean no disrespect.,Je ne veux pas te manquer de respect.
I meant it as a joke.,C'était censé être une blague.
I meant it as a joke.,Ça se voulait une blague.
I memorized the poem.,J'ai mémorisé le poème.
I memorized the poem.,J'ai mémorisé la poésie.
I met Mary yesterday.,J'ai rencontré Mary hier.
I met Mary yesterday.,"Hier, j'ai rencontré Marie."
I met Tom in October.,J'ai rencontré Tom en octobre.
I met a friend there.,J'ai rencontré un ami là-bas.
I met a friend there.,J'ai rencontré une amie là-bas.
I met him about noon.,Je l'ai rencontré vers midi.
I met him in January.,Je l'ai rencontré en janvier.
I met him in January.,Je le rencontrai en janvier.
I met them last week.,Je les ai rencontrés la semaine dernière.
I might vote for you.,Il se peut que je vote pour vous.
I might vote for you.,Il se pourrait que je vote pour toi.
I miss you very much.,Tu me manques beaucoup.
I miss you very much.,Vous me manquez beaucoup.
I missed you so much.,Tu m'as tellement manqué !
I missed you so much.,Vous m'avez tellement manqué !
I must be going deaf.,Je dois devenir sourd.
I must be going deaf.,Je dois devenir sourde.
I must buy some milk.,Je dois acheter du lait.
I must give Tom that.,Je dois le donner à Tom.
I must talk with you.,Je dois parler avec toi.
I must work tomorrow.,Je dois travailler demain.
I nearly blacked out.,J'ai presque perdu la mémoire.
I need Tom's address.,Il me faut l'adresse de Tom.
I need a clean shirt.,J'ai besoin d'une chemise propre.
I need a drink first.,Il me faut d'abord un verre.
I need a fresh start.,J'ai besoin de recommencer à neuf.
I need a good lawyer.,J'ai besoin d'une bonne avocate.
I need a good lawyer.,Il me faut un bon avocat.
I need a larger room.,J'ai besoin d'une plus grande chambre.
I need a little time.,J'ai besoin d'un peu de temps.
I need a lot of them.,Il m'en faut beaucoup.
I need a new bicycle.,J'ai besoin d'un nouveau vélo.
I need a new bicycle.,Il me faut un nouveau vélo.
I need another drink.,Il me faut un autre verre.
I need another drink.,J'ai besoin d'un autre verre.
I need it right away.,J'en ai besoin tout de suite.
I need more blankets.,J'ai besoin de plus de couvertures.
I need time to think.,Il me faut du temps pour réfléchir.
I need to buy cheese.,J'ai besoin d'acheter du fromage.
I need to get to bed.,Il me faut aller au lit.
I need to go to work.,Je dois aller au travail.
I need to study math.,J'ai besoin d'étudier les maths.
I need to take notes.,Je dois prendre des notes.
I need you right now.,J'ai immédiatement besoin de toi.
I need you right now.,J'ai immédiatement besoin de vous.
I need you right now.,J'ai besoin de toi sur-le-champ.
I need you right now.,J'ai besoin de vous sur-le-champ.
I needed to meet you.,J'avais besoin de te rencontrer.
I needed to meet you.,J'avais besoin de vous rencontrer.
I never asked for it.,Je ne l'ai jamais requis.
I never asked for it.,Je ne l'ai jamais demandé.
I never did it again.,Je ne l'ai jamais refait.
I never drink coffee.,Je ne bois jamais de café.
I never had a chance.,Je n'ai jamais eu une chance.
I never liked school.,Je n'ai jamais aimé l'école.
I never saw his face.,Je n’ai jamais vu son visage.
I no longer like you.,Je ne t'aime plus.
I no longer love him.,Je ne l'aime plus.
I no longer love you.,Je ne t'aime plus.
I no longer love you.,Je ne vous aime plus.
I now agree with Tom.,Je suis maintenant d'accord avec Tom.
I only need a minute.,Je n'ai besoin que d'une minute.
I only need a minute.,Il ne me faut qu'une minute.
"I ordered fries, too.",J'ai également commandé des frites.
I owe a lot of money.,Je dois beaucoup d'argent.
"I owe him 50,000 yen.","Je lui dois 50,000 yens."
I owe him some money.,Je lui dois un peu d'argent.
I owe him some money.,Je lui dois quelque argent.
I paid $200 in taxes.,J'ai payé deux cents dollars d'impôts.
I paid $200 in taxes.,J'ai payé deux cents dollars en impôts.
I parked around back.,J'ai fait le tour pour me garer derrière.
I plan to do it soon.,Je projette de le faire bientôt.
I pleaded not guilty.,J'ai plaidé non coupable.
I prefer it that way.,Je le préfère ainsi.
I prefer it that way.,Je le préfère comme ça.
I prefer it that way.,Je le préfère de cette façon.
I prefer it this way.,Je le préfère ainsi.
I prefer it this way.,Je le préfère de cette manière.
I prefer to be alone.,Je préfère être seul.
I prefer to be alone.,Je préfère être seule.
I prefer to go alone.,Je préfère y aller seul.
I prefer to go alone.,Je préfère y aller seule.
I prefer to go alone.,Je préfère m'y rendre seul.
I prefer to go alone.,Je préfère m'y rendre seule.
I pumped up the tire.,J'ai regonflé le pneu.
I put on my trousers.,Je mets mon pantalon.
I put on my trousers.,Je mis mon pantalon.
I put on my trousers.,Je passai mon pantalon.
I put on my trousers.,Je passe mon pantalon.
I ran into my friend.,J'ai percuté mon ami.
I ran like lightning.,J'ai couru à la vitesse de l'éclair.
I really didn't care.,Je ne m'en souciais vraiment pas.
I really like garlic.,J'aime vraiment l'ail.
I really like garlic.,J'aime beaucoup l'ail.
I really love my job.,J'aime vraiment mon travail.
I really ought to go.,Il me faut vraiment y aller.
I really ought to go.,Il me faut vraiment m'en aller.
I really want a beer.,Je veux vraiment une bière.
I really wasn't sure.,Je n'en étais pas vraiment sûr.
I really wasn't sure.,Je n'en étais pas vraiment sûre.
I received your note.,J'ai reçu votre note.
I received your note.,J'ai reçu ta note.
I rechecked the data.,J'ai à nouveau vérifié les données.
I rechecked the data.,J'ai de nouveau vérifié les données.
I refuse to allow it.,Je refuse de le permettre.
I refused to be paid.,J'ai refusé d'être payé.
I regret going there.,Je regrette d'y être allé.
I regret kissing you.,Je regrette de t'avoir embrassée.
I regret kissing you.,Je regrette de t'avoir embrassé.
I regret saying that.,Je regrette avoir dit ça.
I regret saying that.,Je regrette avoir dit cela.
I regret that I lied.,Je regrette d'avoir menti.
I regret what I said.,Je regrette ce que j'ai dis.
I rejected the offer.,J'ai rejeté l'offre.
I rejected the offer.,J'ai rejeté la proposition.
I remember seeing it.,Je me rappelle l'avoir vu.
I remember something.,Je me souviens de quelque chose.
I remember that word.,Je me souviens de ce mot.
I remember this poem.,Je me souviens de ce poème.
I remember this word.,Je me souviens de ce mot.
I remember this word.,Je me souviens de cette parole.
I said don't do that.,J'ai dit de ne pas le faire.
I said it might rain.,J'ai dit qu'il pourrait pleuvoir.
I said that ages ago.,J'ai dit ça il y a des siècles.
I saw an opportunity.,J'ai vu une opportunité.
I saw how Tom did it.,J'ai vu comment Tom a fait.
I saw nothing at all.,Je n'ai rien vu du tout.
I saw you doing that.,Je t'ai vu le faire.
I saw you doing that.,Je vous ai vu faire cela.
I saw you snickering.,Je t'ai vu pouffer.
I saw you snickering.,Je t'ai vue pouffer.
I saw you snickering.,Je vous ai vu pouffer.
I saw you snickering.,Je vous ai vue pouffer.
I saw you snickering.,Je vous ai vues pouffer.
I saw you snickering.,Je vous ai vus pouffer.
I see no alternative.,Je ne vois pas d'alternative.
I seldom eat at home.,Je mange rarement chez moi.
I seldom eat dessert.,Je mange rarement du dessert.
I sense a plot afoot.,Je sens qu'un complot se met en place.
I sent you an e-mail.,Je t'ai envoyé un courrier électronique.
I share your opinion.,Je partage ton avis.
I should go with you.,Je devrais aller avec vous.
I should go with you.,Je devrais aller avec toi.
I should take a look.,Je devrais y jeter un œil.
I should've said yes.,J'aurais dû dire oui.
I should've told Tom.,J'aurais dû le dire à Tom.
I should've told you.,J'aurais dû te le dire.
I should've told you.,J'aurais dû vous le dire.
I shouldn't complain.,Je ne devrais pas me plaindre.
I showed her my room.,Je lui ai montré ma chambre.
I showed him my room.,Je lui ai montré ma chambre.
I showed him the way.,Je lui indiquai le chemin.
I showed him the way.,Je lui ai indiqué le chemin.
I shower every night.,Je me douche chaque soir.
I sincerely hope not.,Je ne l'espère sincèrement pas.
I skimmed the report.,J'ai parcouru le rapport.
I solved the problem.,J'ai résolu le problème.
I sometimes watch TV.,Je regarde parfois la télévision.
I sort of understand.,Je comprends à peu près.
I start work at 9:00.,Je commence le travail à 9 heures.
I started this topic.,J'ai ouvert ce sujet.
I stepped in the mud.,J'ai marché dans la boue.
I still don't get it.,Je ne capte toujours pas.
I still don't get it.,Je ne saisis toujours pas.
I studied last night.,J'ai étudié hier soir.
I suddenly feel sick.,Je me sens tout à coup malade.
I swallowed my pride.,J'ai ravalé ma fierté.
I swim in the summer.,"En été, je nage."
I switched on the TV.,J'ai allumé la télé.
I take dance lessons.,Je prends des leçons de danse.
I talked about music.,J'ai parlé de musique.
I talked about music.,J'ai parlé musique.
I tell you the truth.,Je te dis la vérité.
I thank you for that.,Je vous en remercie.
I think I need to go.,Je pense que je dois y aller.
I think I understand.,Je pense comprendre.
I think I understood.,Je pense que j’ai compris.
I think I'll do that.,Je pense que je ferai ça.
I think Tom can help.,Je pense que Tom peut vous aider.
I think Tom can help.,Je pense que Tom peut nous aider.
I think Tom can help.,Je pense que Tom peut m'aider.
I think Tom can help.,Je pense que Tom peut t'aider.
I think Tom did that.,Je pense que c'est Tom qui l'a fait.
I think Tom did this.,Je pense que c'est Tom le responsable.
I think Tom did this.,Je pense que Tom a fait ceci.
I think Tom did well.,Je pense que Tom a bien fait.
I think Tom has gone.,Je pense que Tom a disparu.
I think Tom has left.,Je pense que Tom est parti.
I think Tom hates me.,Je crois que Tom me déteste.
I think Tom is awake.,Je pense que Tom est réveillé.
I think Tom is drunk.,Je pense que Tom est bourré.
I think Tom is drunk.,Je pense que Tom est saoul.
I think Tom is drunk.,Je crois que Tom est ivre.
I think Tom is loyal.,Je pense que Tom est loyal.
I think Tom is loyal.,Je pense que Tom est fidèle.
I think Tom is lying.,Je pense que Tom ment.
I think Tom is ready.,Je pense que Tom est prêt.
I think Tom is right.,Je pense que Tom a raison.
I think Tom is weird.,Je pense que Tom est bizarre.
I think Tom is wrong.,Je pense que Tom a tort.
I think Tom liked it.,Je pense que Tom a aimé.
I think Tom needs me.,Je pense que Tom a besoin de moi.
I think Tom will win.,Je pense que Tom gagnera.
I think he likes you.,Je pense qu'il t'apprécie.
I think he likes you.,Je pense qu'il vous apprécie.
I think he was angry.,Je pense qu'il était en colère.
I think it is a gift.,Je pense que c'est un présent.
I think it's awesome.,Je pense que c'est génial.
I think it's obvious.,Je pense que c'est évident.
I think it's perfect.,Je pense que c'est parfait.
I think it's perfect.,Je pense qu'il est parfait.
I think it's perfect.,Je pense qu'elle est parfaite.
I think my mom knows.,Je pense que ma maman le sait.
I think that was Tom.,Je pense que c'était Tom.
I think that's awful.,Je pense que c'est affreux.
I think they know me.,Je pense qu'ils me connaissent.
I think they know us.,Je pense qu'ils nous connaissent.
I think they like me.,Je crois qu'ils m'aiment.
I think they like me.,Je pense qu'ils m'apprécient.
I think they like me.,Je pense qu'elles m'apprécient.
I think they like us.,Je crois qu'ils nous aiment.
I think they like us.,Je crois qu'ils nous apprécient.
I think they like us.,Je crois qu'elles nous apprécient.
I think they saw you.,Je pense qu'ils t'ont aperçu.
I think they saw you.,Je pense qu'ils vous ont aperçu.
I think this is good.,Je pense que c'est bon.
I think this is mine.,Je pense que c'est le mien.
I think this is mine.,Je pense que c'est la mienne.
I think this is true.,Je pense que ceci est vrai.
I think this will do.,Je pense que cela va faire l'affaire.
I think this'll work.,Je pense que ceci fonctionnera.
I think we can do it.,Je pense que nous pouvons le faire.
I think we should go.,Je pense que nous devrions y aller.
I think we should go.,Je pense que nous devrions nous en aller.
I think you heard me.,Je crois que vous m'avez bien entendu.
I think you look hot.,Je pense que tu as l'air excitant.
I think you look hot.,Je pense que tu as l'air excitante.
I think you look hot.,Je pense que vous avez l'air excitant.
I think you look hot.,Je pense que vous avez l'air excitante.
I think you look hot.,Je pense que vous avez l'air excitants.
I think you look hot.,Je pense que vous avez l'air excitantes.
I think you look hot.,Je pense que vous avez l'air d'avoir chaud.
I think you look hot.,Je pense que tu as l'air d'avoir chaud.
I think you panicked.,Je pense que vous vous êtes paniqué.
I think you panicked.,Je pense que vous vous êtes paniqués.
I think you panicked.,Je pense que vous vous êtes paniquées.
I think you panicked.,Je pense que vous vous êtes paniquée.
I think you panicked.,Je pense que tu t'es paniqué.
I think you panicked.,Je pense que tu t'es paniquée.
I think you're drunk.,Je pense que tu es ivre.
I think you're drunk.,Je pense que vous êtes ivre.
I think you're drunk.,Je pense que vous êtes ivres.
I think you're funny.,Je pense que vous êtes drôle.
I think you're funny.,Je pense que vous êtes marrant.
I think you're funny.,Je pense que tu es drôle.
I think you're funny.,Je pense que tu es marrant.
I think you're funny.,Je pense que tu es marrante.
I think you're funny.,Je pense que vous êtes marrante.
I think you're funny.,Je pense que vous êtes marrants.
I think you're funny.,Je pense que vous êtes marrantes.
I think you're lying.,Je pense que tu mens.
I think you're lying.,Je pense que vous mentez.
I think you're ready.,Je pense que tu es prêt.
I think you're ready.,Je pense que tu es prête.
I think you're ready.,Je pense que vous êtes prêt.
I think you're ready.,Je pense que vous êtes prête.
I think you're ready.,Je pense que vous êtes prêts.
I think you're ready.,Je pense que vous êtes prêtes.
I think you're right.,Je crois que tu as raison.
I think you're right.,Je crois que vous avez raison.
I think you're right.,Je pense que vous avez raison.
I think you're right.,Je pense que tu as raison.
I think you're wrong.,Je pense que tu te trompes.
I think you're wrong.,Je pense que tu as tort.
I think you're wrong.,Je pense que vous avez tort.
I thought I knew you.,Je pensais te connaître.
I thought I knew you.,Je pensais vous connaître.
I thought I was cool.,J'ai pensé que c'était peinard.
I thought I was cool.,Je pensais que c'était sympa.
I thought about that.,J'y ai pensé.
I thought about that.,J'ai pensé à cela.
I thought it was Tom.,Je pensais que c'était Tom.
I thought you'd left.,Je pensais que tu étais parti.
I thought you'd left.,Je pensais que tu étais partie.
I thought you'd left.,Je pensais que vous étiez parti.
I thought you'd left.,Je pensais que vous étiez partie.
I thought you'd left.,Je pensais que vous étiez partis.
I thought you'd left.,Je pensais que vous étiez parties.
I told you the truth.,Je vous ai dit la vérité.
I told you the truth.,Je t'ai dit la vérité.
I took dance lessons.,J'ai pris des cours de danse.
I took the wrong bus.,J'ai pris le mauvais bus.
I totally understand.,Je comprends complètement.
I touched the bottom.,J'ai touché le fond.
I traveled by myself.,Je voyageai seul.
I traveled by myself.,J'ai voyagé seul.
I tried not to panic.,J'ai essayé de ne pas paniquer.
I tried not to react.,J'ai essayé de ne pas réagir.
I tried not to stare.,J'ai essayé de ne pas regarder avec insistance.
I tried not to worry.,J'ai essayé de ne pas m'inquiéter.
I tried on the shoes.,J'ai essayé les chaussures.
I tried to kiss Mary.,J'ai essayé d'embrasser Mary.
I tried to kiss Mary.,J'essayai d'embrasser Mary.
I trusted my teacher.,J'ai fait confiance à ma professeure.
I trusted my teacher.,J'ai fait confiance à mon professeur.
I trusted my teacher.,J'ai fait confiance à mon maître.
I trusted my teacher.,J'ai fait confiance à ma maîtresse.
I turned off the tap.,J'ai fermé le robinet.
I turned on the lamp.,J'ai allumé la lampe.
I underestimated you.,Je t'ai sous-estimé.
I underestimated you.,Je t'ai sous-estimée.
I used to drink beer.,J'avais pour habitude de boire de la bière.
I used to have a dog.,J'avais un chien.
I waited three hours.,J'ai attendu trois heures.
I want a closer look.,Je veux regarder de plus près.
I want a new kitchen.,Je veux une nouvelle cuisine.
I want an MP3 player!,Je veux un lecteur MP3 !
I want my money back.,Je veux récupérer mon argent.
I want some of those.,Je veux quelques-uns de ceux-ci.
I want some of those.,Je veux quelques-unes de celles-ci.
I want some potatoes.,J'aimerais quelques pommes de terre.
I want the other one.,Je veux l'autre.
I want them all shot.,Je veux qu'ils soient tous fusillés.
I want them all shot.,Je veux qu'elles soient toutes fusillées.
I want them all shot.,Je veux qu'ils soient tous flingués.
I want them all shot.,Je veux qu'elles soient toutes flinguées.
I want them all shot.,Je veux qu'elles soient toutes descendues.
I want them all shot.,Je veux qu'ils soient tous descendus.
I want to be a nurse.,Je veux être infirmière.
I want to be careful.,Je veux être prudente.
I want to be careful.,Je veux être prudent.
I want to be invited.,Je veux être invitée.
I want to be invited.,Je veux être invité.
I want to be noticed.,Je veux être remarquée.
I want to be noticed.,Je veux être remarqué.
I want to buy a book.,Je veux acheter un livre.
I want to drink milk.,Je veux boire du lait.
I want to go fishing.,Je veux aller pêcher.
I want to go to Mars.,Je veux me rendre sur Mars.
I want to go to town.,Je veux aller en ville.
I want to play cards.,Je veux jouer aux cartes.
I want to please you.,Je veux te faire plaisir.
I want to please you.,Je veux vous plaire.
I want to please you.,Je veux te plaire.
I want to please you.,Je veux vous faire plaisir.
I want to rent a car.,Je veux louer une voiture.
I want to rent a car.,Je voudrais louer une voiture.
I want to see Boston.,Je veux voir Boston.
I want to see a show.,Je veux voir un spectacle.
I want to start over.,Je veux recommencer.
I want to start over.,"Quant à moi, je veux recommencer."
I want to stay alive.,Je veux rester en vie.
I want to stay alive.,"Quant à moi, je veux rester en vie."
I want to take notes.,Je veux prendre des notes.
I want to watch this.,Je veux regarder ceci.
I want to watch this.,Je veux regarder ça.
I want what you want.,Je veux ce que vous voulez.
I want what you want.,Je veux ce que tu veux.
I want you back here.,Je veux que vous reveniez ici.
I want you back here.,Je veux que tu reviennes ici.
I want you to decide.,Je veux que tu décides.
I want you to decide.,Je veux que vous décidiez.
I want you to try it.,Je veux que tu l'essayes.
I want you to try it.,Je veux que vous l'essayiez.
I wanted to go there.,Je voulais y aller.
I wanted to go there.,Je voulais m'y rendre.
I wanted to help you.,Je voulais t'aider.
I wanted to kill you.,Je voulais te tuer.
I wanted to meet you.,Je voulais te rencontrer.
I wanted to remember.,Je voulais me souvenir.
I wanted to say more.,Je voulais en dire davantage.
I wanted to share it.,Je voulais le partager.
I wanted to tell you.,Je voulais te le dire.
I wanted to tell you.,Je voulais vous le dire.
I was 13 at the time.,J'avais treize ans à l'époque.
I was afraid of that.,Je le craignais.
I was bored to death.,Je m'ennuyais à mourir.
I was born on a ship.,Je suis né sur un bateau.
I was born on a ship.,Je suis née sur un bateau.
I was busy this week.,J'étais occupé cette semaine.
I was busy yesterday.,J'étais occupé hier.
I was fined a dollar.,J'ai reçu une amende d'un dollar.
I was home all night.,J'étais chez moi toute la nuit.
I was hurt and upset.,J'étais blessé et énervé.
I was in bed already.,J'étais déjà au lit.
I was in bed by nine.,J'étais au lit à neuf heures.
I was jealous of you.,J'étais jaloux de vous.
I was jealous of you.,J'étais jaloux de toi.
I was jealous of you.,J'étais jalouse de vous.
I was jealous of you.,J'étais jalouse de toi.
I was kind of scared.,J'avais un peu peur.
I was late for class.,J'ai été en retard en cours.
I was looking at her.,Je la regardais.
I was planning on it.,Je m'y attendais.
I was playing tennis.,Je jouais au tennis.
I was pretty relaxed.,J'étais assez détendu.
I was pretty relaxed.,J'étais assez détendue.
I was probably wrong.,J'avais probablement tort.
I was reading a book.,Je lisais un livre.
I was ready to do it.,J'étais prêt à le faire.
I was ready to do it.,J'étais prête à le faire.
I was really anxious.,J'étais vraiment anxieux.
I was really anxious.,J'étais vraiment anxieuse.
I was really curious.,J'étais vraiment curieux.
I was really curious.,J'étais vraiment curieuse.
I was really shocked.,J'ai été très choquée.
I was really shocked.,J'étais très choquée.
I was really shocked.,J'étais très choqué.
I was really unlucky.,J'étais très malchanceux.
I was really unlucky.,J'ai été très malchanceuse.
I was really unlucky.,Je fus très malchanceux.
I was somewhere else.,J'étais ailleurs.
I was stung by a bee.,J'ai été piquée par une abeille.
I was stung by a bee.,Je fus piqué par une abeille.
I was stung by a bee.,Je fus piquée par une abeille.
I was talking to you.,C'est à toi que je parlais.
I was talking to you.,Je vous parlais.
I was talking to you.,Je te parlais.
I was the go-between.,J'étais l'intermédiaire.
I was the only woman.,J'étais la seule femme.
I was there that day.,J'y étais ce jour-là.
I was very confident.,J'étais très confiant.
I was very exhausted.,J'étais très fatigué.
I was very flattered.,J'ai été très flatté.
I was very flattered.,J'ai été très flattée.
I was very flattered.,Je fus très flatté.
I was very flattered.,Je fus très flattée.
I was very reluctant.,J'étais très réticent.
I was very reluctant.,J'étais très réticente.
I was very reluctant.,J'étais fort réticent.
I washed the windows.,J'ai lavé les fenêtres.
I wasn't fast enough.,Je n'ai pas été assez rapide.
I wasn't fast enough.,Je n'étais pas assez rapide.
I wasn't good enough.,Je n'étais pas assez bon.
I wasn't good enough.,Je n'étais pas assez bonne.
I wasn't responsible.,Je n'étais pas responsable.
I went into the army.,Je suis rentré dans l'armée.
I went out for lunch.,Je suis sorti déjeuner.
I went rock climbing.,Je suis allé faire de l'escalade.
I went to the market.,Je suis allé au marché.
I went to the market.,Je me suis rendu au marché.
I will accompany you.,Je vais vous accompagner.
I will accompany you.,Je vais y aller avec toi.
I will accompany you.,Je t'accompagnerai.
I will come with you.,Je vais vous accompagner.
I will do as you say.,Je vais le faire comme tu l'as dit.
I will give it a try.,J'essaierai.
I will give it a try.,Je ferai un essai.
I will have him come.,Je le ferai venir.
I will never see him.,Je ne le verrai jamais.
I will show you some.,Je vais vous en montrer quelques-uns.
I will try next week.,J'essaierai la semaine prochaine.
I wish I was kidding.,J'aimerais avoir plaisanté.
I wish I were a bird.,J'aurais aimé être un oiseau.
I wish I were a bird.,Je souhaiterais être un oiseau.
I wish I were clever.,J'aurais aimé être intelligent.
I wish I were famous.,J'aimerais être célèbre.
I wish I were taller.,J'aurais aimé être plus grand.
I wish you good luck.,Je vous souhaite bonne chance.
I wish you good luck.,Je te souhaite bonne chance.
I wish you happiness.,Je te souhaite du bonheur.
I wish you happiness.,Je vous souhaite du bonheur.
I wish you were here.,J'aimerais que tu sois là.
I wish you were here.,J'aimerais que vous soyez là.
I woke up at sunrise.,Je me suis réveillé au lever du soleil.
I woke up at sunrise.,Je me suis réveillée au lever du soleil.
I woke up at sunrise.,Je me réveillai au lever du soleil.
I won't be gone long.,Je ne serai pas parti longtemps.
I won't let you down.,Je ne te laisserai pas tomber.
I won't let you jump.,Je ne vous laisserai pas sauter.
I won't let you jump.,Je ne te laisserai pas sauter.
I won't pay for that.,Je ne vais pas payer pour ça.
I won't pay for that.,Je ne paierai pas pour ça.
I won't pay for that.,Je refuse de payer pour ça.
I won't say anything.,Je ne dirai rien.
I won't say it again.,Je ne vais pas le redire.
I won't say it again.,Je ne vais pas le dire encore une fois.
I won't say it again.,Je ne vais pas le dire à nouveau.
I won't say it again.,Je ne le dirai plus.
I won't tell anybody.,Je ne le dirai à personne.
I wonder who took it.,Je me demande qui l'a pris.
I wonder who took it.,Je me demande qui l'a prise.
I wore a white shirt.,J'ai porté une chemise blanche.
I work in a hospital.,Je travaille dans un hôpital.
I work in a pharmacy.,Je travaille dans une pharmacie.
I work with children.,Je travaille avec des enfants.
"I worried, of course.","Je me suis fait du souci, bien sûr."
I would like to draw.,J'aimerais dessiner.
I wouldn't bet on it.,Je ne parierais pas là-dessus.
I wouldn't mind that.,Cela ne me dérangerait pas.
I'd be happy to help.,Je serais heureux d'aider.
I'd like to be alone.,J'aimerais être seule.
I'd like to be alone.,J'aimerais être seul.
I'd like to help you.,J'aimerais vous aider.
I'd like to help you.,J'aimerais t'aider.
I'd like to join you.,J'aimerais vous rejoindre.
I'd like to join you.,J'aimerais te rejoindre.
I'd like to kiss you.,J'aimerais vous embrasser.
I'd like to kiss you.,J'aimerais t'embrasser.
I'd like to lie down.,J'aimerais m'allonger.
I'd like to see that.,J'aimerais voir ça.
I'd like to try this.,J'aimerais l'essayer.
I'd like to try this.,J'aimerais essayer ceci.
I'd like to watch TV.,J'aimerais regarder la télévision.
I'd love to meet him.,J'adorerais le rencontrer.
I'd rather not do it.,Je préférerais ne pas le faire.
I'd say you did well.,Je dirais que vous vous en êtes bien sorti.
I'd say you did well.,Je dirais que vous vous en êtes bien sorties.
I'd say you did well.,Je dirais que vous vous en êtes bien sortie.
I'd say you did well.,Je dirais que vous vous en êtes bien sortis.
I'd say you did well.,Je dirais que tu t'en es bien sorti.
I'd say you did well.,Je dirais que tu t'en es bien sortie.
I'll admit I'm wrong.,J'admettrai que j'ai tort.
I'll allow you to go.,Je te permettrai d'y aller.
I'll allow you to go.,Je vous permettrai d'y aller.
I'll apologize later.,Je présenterai plus tard mes excuses.
I'll be back tonight.,Je serai de retour ce soir.
I'll be back tonight.,Je rentrerai ce soir.
I'll be glad to come.,Je serai heureux de venir.
I'll be glad to come.,Je viendrai volontiers.
I'll be in my office.,Je serai à mon bureau.
I'll be in my office.,Je me trouverai à mon bureau.
I'll be in the attic.,Je serai dans le grenier.
I'll be in the truck.,Je serai dans le camion.
I'll be in the truck.,Je me trouverai dans le camion.
I'll be there at six.,J'y serai à six heures.
I'll be there at six.,Je serai là-bas à six heures.
I'll be very careful.,Je serai très prudent.
I'll be watching you.,Je vais te surveiller.
I'll be watching you.,Je vais vous surveiller.
I'll be watching you.,Je vous surveillerai.
I'll be watching you.,Je te surveillerai.
I'll be your teacher.,Je serai ton maître.
I'll be your teacher.,Je serai ton professeur.
I'll be your teacher.,Je serai ton instituteur.
I'll be your teacher.,Je vais être votre instituteur.
I'll be your teacher.,Je vais être votre professeur.
I'll be your teacher.,Je vais être votre institutrice.
I'll become stronger.,Je deviendrai plus fort.
I'll buy the tickets.,J'achète les billets.
I'll buy you a drink.,Je vais te payer à boire.
I'll choose this one.,Je choisis ceci.
I'll come back later.,Je reviens après.
I'll come by bicycle.,Je viendrai en vélo.
I'll do that for Tom.,Je ferai cela pour Tom.
I'll do what you ask.,Je ferai ce que vous demandez.
I'll do what you ask.,Je ferai ce que tu demandes.
I'll dream about you.,Je rêverai de toi.
I'll dream about you.,Je rêverai de vous.
I'll eat standing up.,Je mangerai debout.
I'll finish it later.,Je le finirai plus tard.
I'll get back to you.,Je te reviendrai.
I'll get back to you.,Je vous reviendrai.
I'll get rid of them.,Je m'en débarrasserai.
I'll get rid of them.,Je me débarrasserai d'eux.
I'll get rid of them.,Je me débarrasserai d'elles.
I'll get you a towel.,Je vais te chercher une serviette de toilette.
I'll get you a towel.,Je vais vous chercher une serviette de toilette.
I'll get you a towel.,Je vais vous trouver une serviette.
I'll get you a towel.,Je vais te trouver une serviette.
I'll give that a try.,Je vais essayer cela.
I'll give that a try.,Je vais essayer ça.
I'll give you a book.,Je te donnerai un livre.
I'll give you a call.,Je te passerai un coup de fil.
I'll give you a call.,Je vous passerai un coup de fil.
I'll give you a hand.,Je t'assisterai.
I'll give you a hand.,Je te prêterai assistance.
I'll give you a hint.,Je vais te donner un indice.
I'll give you a hint.,Je vous donnerai un indice.
I'll give you a lift.,Je te conduirai.
I'll give you a ride.,Je t'amène.
I'll give you a ride.,Je te dépose.
I'll give you a shot.,Je vais vous faire une injection.
I'll go to the beach.,J'irai à la plage.
I'll handle the rest.,Je me chargerai du reste.
I'll handle this one.,Je vais gérer celui-ci.
I'll handle this one.,Je vais gérer celle-ci.
I'll have my revenge.,J'aurai ma revanche.
I'll keep it in mind.,Je garderai cela à l'esprit.
I'll keep it with me.,Je vais le garder avec moi.
I'll keep it with me.,Je vais la garder avec moi.
I'll keep my promise.,Je tiendrai ma promesse.
I'll keep you posted.,Je vous tiens au courant.
I'll keep you posted.,Je te tiens au courant.
I'll leave Tom alone.,Je laisserai Tom seul.
I'll leave Tom alone.,Je laisserai Tom tranquille.
I'll leave you to it.,Je te laisse t'en occuper.
I'll let you do that.,Je te laisserai faire ça.
I'll let you do that.,Je vous laisserai faire cela.
I'll live on welfare.,Je vivrai de l'aide sociale.
I'll live on welfare.,Je vivrai des aides sociales.
I'll make some calls.,Je donnerai quelques coups de fil.
I'll make some calls.,Je passerai quelques appels.
I'll miss this place.,Cet endroit va me manquer.
I'll never come back.,Je ne reviendrai jamais.
I'll never leave you.,Je ne te quitterai jamais.
I'll never lose hope.,Je ne perdrai jamais espoir.
I'll not forget that.,Je ne l'oublierai pas.
I'll not forget that.,Je n'oublierai pas ça.
I'll paint the house.,Je peindrai la maison.
I'll phone you later.,Je te rappellerai plus tard.
I'll prove it to you.,Je te le prouverai.
I'll prove it to you.,Je vous le prouverai.
I'll see if he is in.,Je vais voir s'il est là.
I'll send you a bill.,Je vous enverrai une facture.
I'll spread the word.,Je passerai le mot.
I'll take a cab home.,Je vais rentrer en taxi.
I'll take care of it.,Je prendrai soin de ça.
I'll take the stairs.,Je vais prendre les escaliers.
I'll take you to Tom.,Je t'amène chez Tom.
I'll try to find one.,J'essayerai d'en trouver un.
I'll try to find one.,J'essayerai d'en trouver une.
I'll try to help you.,Je vais essayer de t'aider.
I'll try to help you.,J'essaierai de vous aider.
I'll wait in the car.,Je vais attendre dans la voiture.
I'll wait in the gym.,J'attendrai dans le gymnase.
I'll wait in the gym.,J'attendrai à la salle de sport.
I'll wait up for you.,Je t'attendrai pour aller me coucher.
I'll wash the dishes.,Je vais laver les plats.
I'm a French teacher.,Je suis enseignant en français.
I'm a French teacher.,Je suis enseignante française.
I'm a Windows person.,Je suis branché Windows.
I'm a little curious.,Je suis un peu curieux.
I'm a little curious.,Je suis un peu curieuse.
I'm a little jealous.,Je suis un peu jaloux.
I'm a little thirsty.,J'ai un peu soif.
I'm a natural blonde.,Je suis d'un blond naturel.
I'm a serious person.,Je suis une personne sérieuse.
I'm a very lucky man.,Je suis un homme très chanceux.
I'm afraid of flying.,J'ai peur de voler.
I'm against the bill.,Je suis contre ce projet de loi.
I'm all out of ideas.,Je suis dépourvu d'idées.
I'm all out of ideas.,Je suis dépourvue d'idées.
I'm allergic to cats.,Je suis allergique aux chats.
I'm allergic to corn.,Je suis allergique au maïs.
I'm allergic to dogs.,Je suis allergique aux chiens.
I'm already a father.,Je suis déjà père.
I'm as tall as he is.,Je suis aussi grand que lui.
I'm at your disposal.,Je suis à ta disposition.
I'm at your disposal.,Je suis à votre disposition.
I'm attracted to him.,Je suis attirée par lui.
I'm back in business.,J'ai repris le business.
I'm calling for help.,J'appelle de l'aide.
I'm calling security.,J'appelle la sécurité.
I'm calling the cops.,J'appelle les flics.
I'm checking options.,Je vérifie les possibilités.
I'm closing the door.,Je suis en train de fermer la porte.
I'm depending on you.,Je dépends de toi.
I'm doing the dishes.,Je suis en train de faire la vaisselle.
I'm dying for a beer!,Ma vie pour une bière !
I'm dying to see you.,Je désespère de te voir !
I'm dying to see you.,Je désespère de vous voir !
I'm expecting a call.,J'attends un appel.
I'm expecting a call.,J'attends un coup de fil.
I'm feeling confused.,Je me sens confus.
I'm feeling confused.,Je me sens confuse.
I'm feeling fine now.,Je vais bien maintenant.
I'm feeling fine now.,Maintenant je me sens bien.
I'm feeling stressed.,Je me sens stressé.
I'm feeling stressed.,Je me sens stressée.
I'm fixing something.,Je répare quelque chose.
I'm folding my dress.,Je plie ma robe.
I'm from out of town.,Je viens de l'extérieur de la ville.
I'm glad I hired you.,Je suis content de t'avoir engagé.
I'm glad I hired you.,Je suis heureux de vous avoir engagés.
I'm glad I hired you.,Je suis content de t'avoir engagée.
I'm glad I'm not Tom.,Je suis content de ne pas être Tom.
I'm glad that's over.,Je suis contente que cela soit terminé.
I'm glad that's over.,Je suis content que ce soit fini.
I'm glad to meet you.,Je suis content de vous voir.
I'm glad we did that.,Je me réjouis que nous l'ayons fait.
I'm glad you met Tom.,Je suis heureuse que tu aies rencontré Tom.
I'm glad you're here.,Je suis content que vous soyez là.
I'm glad you're here.,Je suis content que tu sois là.
I'm glad you're here.,Je suis contente que vous soyez là.
I'm glad you're here.,Je suis contente que tu sois là.
I'm going to be late.,Je serai en retard.
I'm going to be sick.,Je vais être malade.
I'm going to bed now.,Je vais me coucher maintenant.
I'm going to college.,Je vais à l'Université.
I'm going to see Tom.,Je vais voir Tom.
I'm good at Japanese.,Je parle bien japonais.
I'm happy to be back.,Je suis heureux d'être de retour.
I'm happy to be back.,Je suis heureuse d'être revenue.
I'm happy to be back.,Je suis heureux d'être rentré.
I'm happy to be here.,Je suis heureux d'être ici.
I'm happy to see you.,Je suis heureux de vous voir.
I'm hardly ever home.,Je ne suis pratiquement jamais chez moi.
I'm having a bad day.,Je passe une mauvaise journée.
I'm here as a friend.,Je suis ici en ami.
I'm here every night.,Je suis ici tous les soirs.
I'm here to help you.,Je suis là pour vous aider.
I'm here to help you.,Je suis là pour t'aider.
I'm here to help you.,Je suis ici pour t'aider.
I'm here to help you.,Je suis ici pour vous aider.
I'm here to save you.,Je suis ici pour te sauver.
I'm here to save you.,Je suis là pour vous sauver.
I'm highly motivated.,Vous m'avez bien motivé.
I'm hitting the road.,Je me casse.
I'm in a hurry today.,Je suis pressé aujourd'hui.
I'm in love with her.,Je suis amoureux d'elle.
I'm in love with you.,Je suis amoureux de toi.
I'm in love with you.,Je suis amoureux de vous.
I'm in love with you.,Je suis amoureuse de toi.
I'm in my hotel room.,Je suis dans ma chambre d'hôtel.
I'm in the same boat.,Je suis dans la même galère.
I'm incredibly tired.,Je suis incroyablement fatigué.
I'm just another man.,Je suis juste un autre homme.
I'm just helping out.,Je ne fais que donner un coup de main.
I'm just watching TV.,Je suis en train de regarder la télévision.
I'm kind of confused.,Je suis un peu confuse.
I'm learning English.,J'apprends l'anglais.
I'm leaving tomorrow.,Je pars demain.
I'm listening to you.,Je vous écoute.
I'm living in Boston.,J'habite à Boston.
I'm looking for work.,Je cherche du travail.
I'm making a snowman.,Je fais un bonhomme de neige.
I'm near the station.,Je suis près de la station.
I'm never in a hurry.,Je ne suis jamais pressé.
I'm never in a hurry.,Je ne suis jamais pressée.
I'm no longer groggy.,Je ne suis plus dans les vapes.
I'm no longer groggy.,Je ne suis plus sonné.
I'm no longer hungry.,Je n’ai plus faim.
I'm no longer sleepy.,Je n'ai plus sommeil.
I'm no match for Tom.,Je ne fais pas le poids face à Tom.
I'm no match for you.,Je ne suis pas de taille à rivaliser avec vous.
I'm no match for you.,Je ne suis pas de taille à rivaliser avec toi.
I'm no use to anyone.,Je ne suis d'aucune utilité à qui que ce soit.
I'm not a cat person.,Les chats ne sont pas mon truc.
I'm not a good actor.,Je ne suis pas un bon acteur.
I'm not a specialist.,Je ne suis pas un spécialiste.
I'm not a vegetarian.,Je ne suis pas végétarien.
I'm not a vegetarian.,Je ne suis pas végétarienne.
I'm not an alcoholic.,Je ne suis pas alcoolique.
I'm not as happy now.,Je suis moins heureux maintenant.
I'm not at all tired.,Je ne suis pas fatiguée du tout.
I'm not at all tired.,Je ne suis pas fatigué du tout.
I'm not at all tired.,Je ne suis pas du tout fatigué.
I'm not avoiding you.,Je ne suis pas en train de t'éviter.
I'm not busy anymore.,Je ne suis plus occupé.
I'm not busy anymore.,Je ne suis plus occupée.
I'm not denying that.,Je ne démens pas cela.
I'm not disorganized.,Je ne suis pas désorganisé.
I'm not disorganized.,Je ne suis pas désorganisée.
I'm not exactly sure.,Je n'en suis pas tout à fait sûr.
I'm not exactly sure.,Je n'en suis pas tout à fait sûre.
I'm not feeling well.,Je ne me sens pas bien.
I'm not finished yet.,Je n'en ai pas encore fini.
I'm not finished yet.,Je n'en ai pas encore terminé.
I'm not going to die.,Je ne vais pas mourir.
I'm not going to lie.,Je ne vais pas mentir.
I'm not good at math.,Je ne suis pas bon en mathématiques.
I'm not good at this.,Je ne suis pas bon à ça.
I'm not good at this.,Je ne suis pas bon là-dedans.
I'm not good-looking.,Je ne suis pas beau.
I'm not good-looking.,Je ne suis pas belle.
I'm not here for you.,Je ne suis pas là pour toi.
I'm not here for you.,Je ne suis pas là pour vous.
I'm not ignoring you.,Je ne suis pas en train de t'ignorer.
I'm not ignoring you.,Je ne suis pas en train de vous ignorer.
I'm not making it up.,Je ne l'invente pas.
I'm not marrying you.,Je ne vais pas t'épouser.
I'm not marrying you.,Je ne vais pas vous épouser.
I'm not quitting now.,Je ne vais pas abandonner maintenant.
I'm not ready to die.,Je ne suis pas prêt à mourir.
I'm not ready to die.,Je ne suis pas prête à mourir.
I'm not really angry.,Je ne suis pas vraiment en colère.
I'm not running away.,Je ne m'enfuis pas.
I'm not safe in here.,"Je ne suis pas en sécurité, là-dedans."
I'm not sitting here.,Je ne vais pas m'asseoir ici.
I'm not so confident.,Je ne suis pas si confiant.
I'm not so confident.,Je ne suis pas si confiante.
I'm not so convinced.,Je n'en suis pas si convaincu.
I'm not so convinced.,Je n'en suis pas si convaincue.
I'm not staying here.,Je ne vais pas rester ici.
I'm not stopping you.,Je ne t'en empêche pas.
I'm not stopping you.,Je ne vous en empêche pas.
I'm not sure I agree.,Je ne suis pas sûr d'être d'accord.
I'm not sure I agree.,Je ne suis pas sûre d'être d'accord.
I'm not sure anymore.,Je n'en suis plus sûr.
I'm not sure anymore.,Je n'en suis plus sûre.
I'm not taking sides.,Je ne vais pas prendre parti.
I'm not that cynical.,Je ne suis pas cynique à ce point-là.
I'm not that worried.,Je ne suis pas si préoccupé.
I'm not that worried.,Je ne suis pas si préoccupée.
I'm not tired at all.,Je ne suis pas fatigué du tout.
I'm not tired at all.,Je ne suis pas du tout fatigué.
I'm not turning back.,Je ne vais pas faire demi-tour.
I'm not very patient.,Je ne suis pas très patient.
I'm not very patient.,Je ne suis pas très patiente.
I'm not wearing this.,Je ne vais pas porter ça.
I'm not your brother.,Je ne suis pas ton frère.
I'm not your brother.,Je ne suis pas votre frère.
I'm not your servant.,Je ne suis pas ton serviteur.
I'm not your servant.,Je ne suis pas ta servante.
I'm not your teacher.,Je ne suis pas ton professeur.
I'm nothing like you.,Je ne suis en rien comme vous.
I'm often in trouble.,Je suis souvent en difficulté.
I'm on the wrong bus.,Je suis dans le mauvais bus.
I'm pressing charges.,J'engage des poursuites.
I'm pressing charges.,Je suis en train d'engager des poursuites.
I'm pretty busy here.,Je suis plutôt occupé ici.
I'm pretty busy here.,Je suis plutôt occupée ici.
I'm proud of my work.,Je suis fier de mon travail.
I'm proud of my work.,Je suis fière de mon travail.
I'm proud of you all.,Je suis fière de vous tous.
I'm proud of you all.,Je suis fière de vous toutes.
I'm proud of you all.,Je suis fier de vous tous.
I'm proud of you all.,Je suis fier de vous toutes.
I'm putting boots on.,Je mets des bottes.
I'm reading a letter.,Je suis en train de lire une lettre.
I'm ready if you are.,Je suis prêt si tu l'es.
I'm ready if you are.,Je suis prête si tu l'es.
I'm ready if you are.,Je suis prêt si vous l'êtes.
I'm ready if you are.,Je suis prête si vous l'êtes.
"I'm really busy, Tom.","Je suis très occupée, Tom."
"I'm really busy, Tom.","Je suis très occupé, Tom."
I'm right behind Tom.,Je suis juste derrière Tom.
I'm right behind you.,Je suis juste derrière toi.
I'm right behind you.,Je suis juste derrière vous.
I'm right behind you.,Je me trouve juste derrière toi.
I'm right behind you.,Je me trouve juste derrière vous.
I'm right beside you.,Je suis juste à ton côté.
I'm scared of snakes.,J'ai peur des serpents.
I'm shorter than you.,Je suis plus petit que toi.
I'm shorter than you.,Je suis plus petite que vous.
I'm shorter than you.,Je suis plus petit que vous.
I'm sick of fighting.,Je n'en peux plus de me battre.
I'm sick of fighting.,Je n'en peux plus de combattre.
I'm sick of meetings.,J'en ai ras-le-bol des réunions.
I'm sick of this war.,J'en ai marre de cette guerre.
I'm smarter than you.,Je suis plus intelligent que toi.
I'm smarter than you.,Je suis plus intelligente que toi.
I'm smarter than you.,Je suis plus intelligent que vous.
I'm smarter than you.,Je suis plus intelligente que vous.
I'm smarter than you.,Je suis plus élégant que toi.
I'm smarter than you.,Je suis plus élégante que toi.
I'm smarter than you.,Je suis plus élégant que vous.
I'm smarter than you.,Je suis plus élégante que vous.
I'm smarter than you.,Je suis plus dégourdi que toi.
I'm smarter than you.,Je suis plus dégourdie que toi.
I'm smarter than you.,Je suis plus dégourdi que vous.
I'm smarter than you.,Je suis plus dégourdie que vous.
I'm smarter than you.,Je suis plus vif que toi.
I'm smarter than you.,Je suis plus vif que vous.
I'm smarter than you.,Je suis plus vive que toi.
I'm smarter than you.,Je suis plus vive que vous.
I'm smarter than you.,Je suis plus astucieux que vous.
I'm smarter than you.,Je suis plus astucieuse que vous.
I'm smarter than you.,Je suis plus astucieux que toi.
I'm smarter than you.,Je suis plus astucieuse que toi.
I'm sorry I did that.,Je suis désolé d'avoir fait ça.
I'm sorry I did that.,Je suis désolée d'avoir fait ça.
I'm sorry I hurt Tom.,Je suis désolé d'avoir blessé Tom.
I'm sorry I hurt you.,Je suis désolé de t'avoir blessé.
I'm sorry I hurt you.,Je suis désolée de t'avoir blessé.
I'm sorry I hurt you.,Je suis désolée de t'avoir blessée.
I'm sorry I hurt you.,Je suis désolé de t'avoir blessée.
I'm sorry I hurt you.,Je suis désolé de vous avoir blessée.
I'm sorry I hurt you.,Je suis désolé de vous avoir blessé.
I'm sorry I hurt you.,Je suis désolée de vous avoir blessé.
I'm sorry I hurt you.,Je suis désolée de vous avoir blessée.
I'm sorry I hurt you.,Je suis désolé de vous avoir blessés.
I'm sorry I hurt you.,Je suis désolée de vous avoir blessés.
I'm sorry I hurt you.,Je suis désolée de vous avoir blessées.
I'm sorry I hurt you.,Je suis désolé de vous avoir blessées.
I'm sorry I shot you.,Je suis désolé de t'avoir tiré dessus.
I'm sorry I shot you.,Je suis désolée de vous avoir tiré dessus.
I'm sorry I told you.,Je suis désolé de te l'avoir dit.
I'm sorry I told you.,Je suis désolée de vous l'avoir dit.
I'm sorry about this.,J'en suis désolé.
I'm sorry about this.,J'en suis désolée.
I'm sorry to hear it.,Je suis désolé d'entendre ça.
I'm staying with you.,Je reste avec toi.
I'm still an amateur.,Je suis encore un amateur.
I'm still not scared.,Je n'ai toujours pas peur.
I'm studying English.,J'étudie l'anglais.
I'm sure Tom can win.,Je suis sûr que Tom peut gagner.
I'm sure Tom can win.,Je suis sûre que Tom peut gagner.
I'm sure they'll win.,Je suis sûr qu'ils vont gagner.
I'm sure they'll win.,Je suis sûre qu'ils vont gagner.
I'm sure they'll win.,Je suis sûre qu'elles vont gagner.
I'm sure they'll win.,Je suis sûr qu'elles vont gagner.
I'm sure you're busy.,Je suis sûr que tu es occupé.
I'm sure you're busy.,Je suis sûr que vous êtes occupées.
I'm sure you're busy.,Je suis sure que vous êtes occupés.
I'm sure you're busy.,Je suis certain que tu es occupée.
I'm sure you're busy.,Je suis sure que vous êtes occupée.
I'm sure you're busy.,Je suis certaine que vous êtes occupé.
I'm sure you're busy.,Je suis certain que vous êtes occupé.
I'm sure you're busy.,Je suis certain que vous êtes occupée.
I'm sure you're busy.,Je suis sûr que vous êtes occupé.
I'm sure you're busy.,Je suis sûr que vous êtes occupée.
I'm sure you're busy.,Je suis certaine que vous êtes occupée.
I'm terrible at math.,Je suis épouvantable en math.
I'm tired of arguing.,J'en ai assez de me disputer.
I'm tired of dancing.,Je suis fatigué de danser.
I'm tired of dancing.,Je suis fatiguée de danser.
I'm tired of waiting.,J'en ai assez d'attendre.
I'm tired of writing.,Je suis fatiguée d'écrire.
I'm too old for this.,Je suis trop vieux pour ça.
I'm too old for this.,Je suis trop vieille pour ça.
I'm too sick to work.,Je suis trop malade pour travailler.
I'm totally confused.,Je suis complètement embrouillé.
I'm totally confused.,Je suis complètement embrouillée.
I'm totally confused.,Je suis complètement perdue.
I'm unnecessary here.,Je ne suis pas utile ici.
I'm used to the heat.,J'ai l'habitude de la chaleur.
I'm very comfortable.,Je suis très à l'aise.
I'm very lonely here.,Je suis très seul ici.
I'm very tired today.,Je suis très fatigué aujourd'hui.
I'm very tired today.,Je suis très fatiguée aujourd'hui.
I'm watching a movie.,Je regarde un film.
I'm working too much.,Je travaille trop.
I'm worried about it.,Cela m'inquiète.
I'm writing a letter.,J'écris une lettre.
I'm your best friend.,Je suis ton meilleur ami.
I'm your best friend.,Je suis votre meilleur ami.
I'm your biggest fan.,Je suis votre plus grand fan.
I'm your biggest fan.,Je suis ton plus grand fan.
I've already made it.,Je l'ai déjà fait.
I've already made it.,Je l'ai déjà faite.
I've already read it.,Je l'ai déjà lu.
I've already read it.,Je l'ai déjà lue.
I've already said no.,J'ai déjà dit non.
I've been subpoenaed.,J'ai été assigné à comparaître.
I've been there once.,J'y ai été une fois.
I've been threatened.,J'ai été menacé.
I've been very lucky.,J'ai eu beaucoup de chance.
I've brought it back.,Je l'ai ramené.
I've called a doctor.,J'ai appelé un médecin.
I've changed clothes.,J'ai changé de vêtements.
I've come a long way.,Je me suis beaucoup amélioré.
I've come a long way.,Je me suis beaucoup améliorée.
I've come to see Tom.,Je suis venu voir Tom.
I've come to see Tom.,Je suis venue voir Tom.
I've done everything.,J'ai tout fait.
I've enjoyed my stay.,J'ai apprécié mon séjour.
I've finished eating.,J'ai fini de manger.
I've found a new job.,J'ai trouvé un nouveau travail.
I've got a good idea.,J'ai une bonne idée.
I've got a pacemaker.,J'ai un stimulateur cardiaque.
I've got a toothache.,J'ai mal aux dents.
I've got lots to say.,J'ai beaucoup à dire.
I've got one for you.,J'en ai un pour toi.
I've got one for you.,J'en ai un pour vous.
I've got one for you.,J'en ai une pour toi.
I've got one for you.,J'en ai une pour vous.
I've got to get home.,Il me faut aller à la maison.
I've got to get home.,Je dois me rendre chez moi.
I've got to get home.,Il me faut aller chez moi.
I've got what I need.,J'ai ce dont j'ai besoin.
I've had a busy week.,J'ai eu une semaine chargée.
I've had a tough day.,J'ai eu une journée difficile.
I've heard about you.,J'ai entendu parler de vous.
I've heard it before.,Je l'ai entendu auparavant.
I've heard the rumor.,J'ai entendu la rumeur.
I've learned to cook.,J'ai appris à cuisiner.
I've lost my car key.,J'ai perdu ma clé de voiture.
I've lost my dignity.,J'ai perdu ma dignité.
I've lost my filling.,J'ai perdu mon plombage.
I've lost my friends.,J'ai perdu mes amis.
I've lost my glasses.,J'ai perdu mes lunettes.
I've made a decision.,Je me suis décidé.
I've made up my mind.,Je me suis décidé.
I've never seen this.,Je n'ai jamais vu ça.
I've nothing to give.,Je n'ai rien à donner.
I've received it too.,Je l'ai également reçu.
I've received it too.,Je l'ai également reçue.
I've swept the floor.,J'ai balayé le sol.
I've swept the floor.,J'ai passé le balai par terre.
I've told the police.,Je l'ai dit à la police.
I've won first prize!,J'ai gagné le premier prix !
I've worked with Tom.,J'ai travaillé avec Tom.
If only he had known!,Si seulement il avait su !
Ignore Tom's request.,Ignore la demande de Tom.
Ignore Tom's request.,Ignorez la requête de Tom.
"Irritating, isn't it?","C'est chiant, hein ?"
"Irritating, isn't it?","C'est agaçant, n'est-ce pas ?"
Is Tom a good kisser?,Est-ce que Tom embrasse bien ?
Is Tom about to sing?,Tom est-il sur le point de chanter ?
Is Tom still playing?,Tom joue encore ?
Is anybody listening?,Quiconque écoute-t-il ?
Is anyone else going?,Quelqu'un d'autre vient-il ?
Is anyone else going?,Qui que ce soit d'autre s'y rend-il ?
Is flight 23 on time?,Est-ce que le vol 23 est à l'heure ?
Is his pulse regular?,Son pouls est-il régulier ?
Is it OK if we begin?,Pouvons-nous commencer ?
Is it difficult work?,Est-ce un travail difficile ?
Is it hot over there?,Est-ce qu'il fait chaud là-bas ?
Is it money you need?,Est-ce d'argent dont tu as besoin ?
Is it money you need?,Est-ce d'argent dont vous avez besoin ?
Is my answer correct?,Ma réponse est-elle correcte ?
Is my answer correct?,Ma réponse est-elle juste ?
Is my answer correct?,Ma réponse est-elle bonne ?
Is she making a doll?,Confectionne-t-elle une poupée ?
Is that a new jacket?,Est-ce une nouvelle veste ?
Is that all you want?,C'est tout ce que tu veux ?
Is that all you want?,Est-ce tout ce que vous voulez ?
Is that another joke?,C'est une blague de plus ?
Is that music I hear?,Est-ce de la musique ce que j'entends ?
Is that possible now?,Est-ce possible maintenant ?
Is that the same guy?,C'est le même gars ?
Is that unreasonable?,Est-ce déraisonnable ?
Is that your bicycle?,Est-ce que c'est ta bicyclette ?
Is that your bicycle?,Est-ce là votre vélo ?
Is that your teacher?,Est-ce ton professeur ?
Is the cat all right?,Le chat se porte-t-il bien ?
Is the cat all right?,Le chat va-t-il bien ?
Is there a timetable?,Y a-t-il un horaire ?
Is there a timetable?,Y a-t-il un programme ?
Is there a treatment?,Y a-t-il un traitement ?
Is there anyone else?,Quelqu'un d'autre est-il là ?
Is there anyone else?,Y a-t-il quelqu'un d'autre ?
Is there anyone here?,Quiconque est-il ici ?
Is there anyone here?,Quiconque se trouve-t-il ici ?
Is this a compliment?,Est-ce un compliment ?
Is this a compliment?,S'agit-il d'un compliment ?
Is this all for real?,Tout cela est-il réel ?
Is this all for real?,Tout ceci est-il réel ?
Is this all there is?,Est-ce tout ce qu'il y a ?
Is this beef or pork?,Est-ce du bœuf ou du porc ?
Is this enough money?,Est-ce là suffisamment d'argent ?
Is this good English?,Est-ce là du bon anglais ?
Is this pencil yours?,Ce crayon est-il le tien ?
Is this pencil yours?,Ce crayon est-il le vôtre ?
Is this place secure?,Est-ce que cet endroit est sûr ?
Is this your bicycle?,Est-ce que c'est votre vélo ?
Is this your bicycle?,Est-ce votre vélo ?
Is this your bicycle?,Est-ce votre bicyclette ?
Is this your bicycle?,Est-ce ton vélo ?
Is this your bicycle?,Est-ce ta bicyclette ?
Is this your bicycle?,Est-ce que c'est ta bicyclette ?
Is this your opinion?,Est-ce ton opinion ?
Is your trunk locked?,Est-ce que ton coffre est fermé à clé ?
Isn't he a bit young?,N'est-il pas un peu jeune ?
Isn't it a bit small?,N'est-ce pas un peu petit ?
Isn't it infuriating?,N'est-ce pas horripilant ?
Isn't it infuriating?,N'est-ce pas exaspérant ?
Isn't that Tom's hat?,N'est-ce pas le chapeau de Tom ?
Isn't that dishonest?,N'est-ce pas malhonnête ?
Isn't that excessive?,N'est-ce pas excessif ?
Isn't that wonderful?,N'est-ce pas merveilleux ?
Isn't this wonderful?,N'est-ce pas merveilleux ?
Isn't this wonderful?,Ceci n'est-il pas merveilleux ?
It affects all of us.,Ça nous affecte tous.
It affects all of us.,Ça affecte l'ensemble d'entre nous.
It belongs to me now.,Il m'appartient désormais.
It feels really good.,C'est une sensation vraiment bonne.
It felt like a dream.,C'était comme un rêve.
It glows in the dark.,Ça luit dans l'obscurité.
It has to be removed.,Ça devait être enlevé.
It is a payday today.,Aujourd'hui c'est jour de paie.
It is already eleven.,Il est déjà onze heures.
It is free of charge.,C'est gratuit.
It is hardly raining.,Il pleut à peine.
It is in the kitchen.,Il est dans la cuisine.
It is in the kitchen.,Elle est dans la cuisine.
It is kind of pretty.,C'est en quelque sorte joli.
It is no good to you.,Ça ne te fait pas du bien.
It is no good to you.,Ça ne vous fait pas du bien.
It is no good to you.,Ça ne te fait pas de bien.
It is no good to you.,Ça ne vous fait pas de bien.
It is not impossible.,Ce n'est pas impossible.
It is of great value.,C'est de grande valeur.
It is out of fashion.,C'est démodé.
It is to be expected.,On doit s'y attendre.
It is very hot today.,"Aujourd'hui, il fait très chaud."
It is very hot today.,Il fait vraiment chaud aujourd'hui.
It is wrong to steal.,Voler est mal.
It isn't complicated.,Ce n'est pas compliqué.
It isn't on the menu.,Ça ne figure pas sur le menu.
It looked like a gun.,Cela ressemblait à une arme à feu.
It looks fascinating.,Cela a l'air fascinant.
It looks good on you.,Ça te va bien.
It looks like a duck.,Cela ressemble à un canard.
It looks like an egg.,Ça ressemble à un œuf.
It looks really good.,Ça a l'air vraiment bien.
It looks really good.,Ça a l'air vraiment bon.
It looks really good.,Ça paraît vraiment bien.
It looks really good.,Ça paraît vraiment bon.
It makes me so happy.,Cela me rend si heureux.
It makes me so happy.,Cela me rend si heureuse.
It may rain tomorrow.,Il pourrait pleuvoir demain.
It means a lot to me.,Ça veut dire beaucoup de choses pour moi.
It no longer matters.,Ça n'a plus d'importance.
It only costs $10.00!,C'est seulement 10 dollars !
It pays to be polite.,Ça paie d'être poli.
It rained for a week.,Il a plu pendant une semaine.
It really did happen.,Cela s'est vraiment passé.
It really is amazing.,C'est vraiment génial.
It seems interesting.,Ça semble intéressant.
It seems interesting.,Ça a l'air intéressant.
It seems safe enough.,Ça semble assez sécurisant.
It sounds good to me.,Ça me convient.
It sounds good to me.,Ça me semble bon.
It tastes just right.,C'est parfait.
It tastes just right.,Le goût est parfait.
It took half an hour.,Ça a pris une demi-heure.
It took them a while.,Ça leur a pris un moment.
It was a coincidence.,Ce fut une coïncidence.
It was a coincidence.,C'était une coïncidence.
It was a false alarm.,C'était une fausse alarme.
It was a good answer.,C'était une bonne réponse.
It was a good choice.,C'était un bon choix.
It was a huge relief.,Ce fut un énorme soulagement.
It was a long letter.,C'était une longue lettre.
It was a quiet night.,C'était une nuit calme.
It was a stupid idea.,Ce fut une idée stupide.
It was a stupid idea.,Ça a été une idée stupide.
It was a team effort.,C'était un effort d'équipe.
It was a tedious job.,C'était un travail fastidieux.
It was all a big lie.,Tout ça était un gros mensonge.
It was an awful week.,Ce fut une semaine atroce.
It was an awful week.,Ça a été une semaine atroce.
It was awfully funny.,C'était terriblement amusant.
It was disappointing.,C'était décevant.
It was heart-warming.,C'était réconfortant.
It was his best time.,Ce fut son meilleur temps.
It was his best time.,Ça a été son meilleur temps.
It was kind of weird.,C'était plutôt bizarre.
It was lots of money.,C'était beaucoup d'argent.
It was time to leave.,Il était temps de partir.
It was too expensive.,C'était trop cher.
It was very romantic.,C'était très romantique.
It wasn't a big deal.,Ce n'était pas un gros problème.
It wasn't a surprise.,Ce n'était pas une surprise.
It went off smoothly.,Ça s'est passé comme prévu.
It went off smoothly.,Ça s'est déroulé sans problème.
It will be dark soon.,Il fera bientôt sombre.
It would be too easy.,Ça serait trop facile.
It'll cost me my job.,Ça va me coûter mon poste.
It's 99.9% effective.,C'est efficace à quatre-vingt-dix-neuf virgule neuf pour cent.
It's 99.9% effective.,C'est efficace à nonante-neuf virgule neuf pour cent.
It's October already.,C'est enfin octobre.
It's October already.,C'est déjà octobre.
It's a beautiful day!,C'est une belle journée !
It's a beautiful day.,C'est une belle journée.
It's a beautiful job.,C'est un beau travail.
It's a complete sham.,C'est une totale imposture.
It's a complex issue.,C'est un problème complexe.
It's a dead giveaway.,C'est un indice très révélateur.
It's a family secret.,C'est un secret familial.
It's a family secret.,C'est un secret de famille.
It's a full time job.,C'est un travail à temps plein.
It's a good question.,Bonne question.
It's a huge contract.,C'est un contrat énorme.
It's a kitchen knife.,C'est un couteau de cuisine.
It's a monster storm.,Il s'agit d'une tempête géante.
It's a piece of cake.,C'est de la tarte.
It's a piece of cake.,C'est du gâteau.
It's a piece of cake.,Comme dans du beurre.
It's a scalp disease.,C'est une maladie du cuir chevelu.
It's a small problem.,C'est un petit problème.
It's a waste of time.,C'est une perte de temps.
It's against the law.,C'est contraire à la loi.
It's all Greek to me.,C'est du chinois.
It's all about money.,Tout est question d'argent.
It's all custom made.,C'est tout fait sur mesure.
It's all in the room.,Tout est dans la pièce.
It's all over for us.,C'est plié pour nous.
It's all over for us.,C'est terminé pour nous.
It's all over for us.,"Pour nous, tout est fini."
It's all so hopeless.,Tout est si désespéré.
It's all very simple.,Tout est très simple.
It's already October.,C'est déjà octobre.
It's an easy victory.,C'est une victoire facile.
It's an extreme case.,C'est un cas extrême.
It's an extreme case.,C'est une affaire extrême.
It's an unusual name.,C'est un nom inhabituel.
It's an unusual name.,C'est un nom peu commun.
It's as easy as that.,C'est aussi simple que ça.
It's been a good day.,Ça a été une bonne journée.
It's best not to ask.,Le mieux est de ne pas demander.
It's common courtesy.,C'est de la simple politesse.
It's completely dark.,Il fait tout noir.
It's easier this way.,C'est plus facile ainsi.
It's easier this way.,C'est plus facile de cette manière.
It's easy if you try.,"C'est facile, si vous essayez."
It's easy if you try.,"C'est facile, si tu essayes."
It's easy to do that.,C'est facile de faire ça.
It's easy to explain.,C'est facile à expliquer.
It's easy to see why.,C'est facile de voir pourquoi.
It's easy to see why.,Il est facile de voir pourquoi.
It's finally my turn.,C'est enfin mon tour.
It's finally my turn.,C'est finalement mon tour.
It's good to be home.,C'est bon d'être chez soi.
It's good to be home.,C'est bon d'être à la maison.
It's hard to believe.,C'est difficile à croire.
It's hard to do that.,C'est difficile à faire.
It's made of leather.,C'est en cuir.
It's made of leather.,C'est fait de cuir.
It's nice to see you.,C'est bon de te voir.
It's noisy next door.,C'est bruyant à la porte d'à côté.
It's not a bad thing.,Ce n'est pas une mauvaise chose.
It's not a classroom.,Ce n'est pas une salle de classe.
It's not about money.,Il ne s'agit pas d'argent.
It's not always easy.,Ce n'est pas toujours facile.
It's not easy for me.,Ce n'est pas facile pour moi.
It's not evening yet.,Ce n'est pas encore le soir.
It's not fair at all.,Ce n'est pas juste du tout.
It's not fair to you.,Ce n'est pas juste envers vous.
It's not fair to you.,Ce n'est pas juste envers toi.
It's not good enough.,Ce n'est pas assez bien.
It's not just a game.,Ce n'est pas qu'un jeu.
It's not my birthday.,Ce n'est pas mon anniversaire.
It's not my business.,Ce n'est pas mon affaire.
It's not on the menu.,Ça ne figure pas sur le menu.
It's not predictable.,Ce n'est pas prévisible.
It's not raining yet.,Il ne pleut pas encore.
It's not their fault.,Ce n’est pas leur faute.
It's not time to die.,Ce n'est pas l'heure de mourir.
It's nothing special.,Ça n'a rien de spécial.
It's older than that.,C'est plus vieux que ça.
It's only a painting.,Ce n'est qu'un tableau.
It's over between us.,C'est fini entre nous.
"It's over now, right?","C'est désormais fini, non ?"
It's perfectly legal.,C'est parfaitement légal.
It's really horrible.,C'est vraiment horrible.
It's right above you.,C'est juste au-dessus de vous.
It's right above you.,C'est juste au-dessus de toi.
It's right next door.,C’est juste à côté.
It's sort of strange.,C'est en quelque sorte étrange.
It's still a mystery.,Ça reste un mystère.
It's still not ready.,Ça n'est toujours pas prêt.
It's still not ready.,Ce n'est toujours pas prêt.
It's still not right.,C'est encore erroné.
It's still not right.,Ça n'est toujours pas correct.
It's still too early.,Il est encore trop tôt.
It's stopped snowing.,Il s'est arrêté de neiger.
It's stopped snowing.,Il a cessé de neiger.
It's time for dinner.,C'est l'heure du dîner.
It's time for school.,C'est l'heure de l'école.
It's time to go home.,Il est temps d'aller à la maison.
It's time to wake up.,Il est temps de vous réveiller.
It's too far to walk.,C'est trop loin pour y marcher.
It's too hard for me.,C'est trop difficile pour moi.
It's too late anyway.,"C'est trop tard, de toutes les façons."
It's too late for me.,C'est trop tard pour moi.
It's very cold today.,Il fait très froid aujourd'hui.
It's very surprising.,C'est très surprenant.
It's what I would do.,C'est ce que je ferais.
Italy is a peninsula.,L'Italie est une péninsule.
Just close your eyes.,Fermez simplement les yeux.
Just close your eyes.,Ferme simplement les yeux.
Just get out of here.,Dégage simplement d'ici !
Just get out of here.,Dégagez simplement d'ici !
Just give me the gun.,Donne-moi juste le pistolet.
Just give me the gun.,Donnez-moi juste le pistolet.
Justice will prevail.,La justice prévaudra.
Keep the door closed.,Garde la porte fermée.
Keep the door closed.,Laissez la porte fermée !
Keep the door closed.,Laisse la porte fermée !
Keep the door locked.,Gardez la porte verrouillée.
Keep the kids inside.,Garde les enfants à l'intérieur !
Keep the kids inside.,Gardez les enfants à l'intérieur !
Keep your nose clean.,Te fourre pas dans les ennuis !
Keep your nose clean.,Ne vous fourrez pas dans les ennuis !
Keep your room clean.,Garde ta chambre propre !
Keep your room clean.,Gardez votre chambre propre !
Kindness is a virtue.,La gentillesse est une vertu.
Leave my stuff alone.,Laisse mes trucs tranquilles.
Lesson Three is hard.,La leçon trois est difficile.
Let go of the bottle.,Lâchez la bouteille !
Let go of the bottle.,Lâche la bouteille !
Let go of the handle.,Lâche la poignée !
Let go of the handle.,Lâchez la poignée !
Let me call you back.,Permets-moi de te rappeler !
Let me call you back.,Permettez-moi de vous rappeler !
Let me get my wallet.,Laisse-moi attraper mon portefeuille !
Let me get my wallet.,Laisse-moi aller chercher mon portefeuille !
Let me get my wallet.,Laissez-moi attraper mon portefeuille !
Let me get my wallet.,Laissez-moi aller chercher mon portefeuille !
Let me rest a little.,Laissez-moi me reposer un peu.
Let me rest a little.,Laisse-moi me reposer un peu.
Let me see that list.,Laisse-moi voir cette liste !
Let me see that list.,Laissez-moi voir cette liste !
Let me take a gander.,Laisse-moi jeter un œil.
Let me take a gander.,Laissez-moi jeter un œil.
Let me take this one.,Laissez-moi prendre celle-ci.
Let me take this one.,Laissez-moi prendre celui-ci.
Let me take this one.,Laisse-moi prendre celui-ci.
Let me try something.,Permettez-moi d'essayer quelque chose.
Let me try something.,Laissez-moi essayer quelque chose.
Let's check it later.,Vérifions-ça plus tard.
Let's clean our room.,Nettoyons notre chambre.
Let's discuss it now.,Discutons-en maintenant.
Let's do it this way.,Faisons-le de cette façon.
Let's do it this way.,Faisons-le de cette manière.
Let's do it your way.,Faisons-le à ta façon.
Let's face the facts!,Regardons la réalité !
Let's finish the job.,Finissons le boulot !
Let's get on the bus.,Montons dans le bus.
Let's get some sleep.,Prenons un peu de sommeil !
Let's get the others.,Allons chercher les autres.
Let's go back inside.,Retournons à l'intérieur.
"Let's go by taxi, OK?","Allons-y en taxi, d'accord ?"
Let's go out tonight?,On sort ce soir ?
Let's go to my house.,Allons chez moi.
Let's go to the park.,Allons au parc.
Let's have breakfast.,Prenons le petit-déjeuner !
Let's hope she comes.,Pourvu qu'elle vienne.
Let's meet on Sunday.,Rencontrons-nous dimanche.
Let's not be enemies.,Ne soyons pas ennemis.
Let's not be enemies.,Ne soyons pas ennemies.
Let's not exaggerate.,N'exagérons pas.
Let's not waste time.,Ne perdons pas notre temps.
Let's split the bill.,Partageons la note.
Let's study together.,Étudions ensemble.
Let's take a picture.,Prenons une photo.
Let's take our seats.,Asseyons-nous.
Let's talk seriously.,Parlons sérieusement.
Let's try once again.,Essayons encore une fois.
Lies beget more lies.,Le mensonge entraîne le mensonge.
Life begins at forty.,La vie commence à quarante ans.
Life seems so unfair.,La vie semble si injuste.
Lincoln died in 1865.,Lincoln est mort en 1865.
"Listen to me, please.","Écoutez-moi, s'il vous plaît."
Look at it carefully.,Regarde-le attentivement.
Look at it carefully.,Regardez-la attentivement.
Look at that big dog.,Regarde ce gros chien.
Look at that big dog.,Regardez ce gros chien.
Look at that picture.,Regardez cette image.
Look at that picture.,Regarde ce tableau.
Look at that picture.,Regardez cette photo.
Look at that picture.,Regarde cette photo.
Look at that picture.,Regarde cette image.
Look at the dog jump.,Regarde le chien sauter !
Look at the dog jump.,Regardez le chien sauter !
Look at the evidence.,Regarde les preuves.
Look at the evidence.,Regardez les preuves.
Look at these prices.,Regarde ces prix.
Look at these prices.,Regardez ces prix.
Look at this picture.,Regarde ce tableau.
Look at this picture.,Regardez cette photo.
Look at those clouds.,Regarde ces nuages.
Look at those clouds.,Regardez ces nuages.
Look at what we made.,Regarde ce qu'on a fait.
Look at what you did.,Regarde ce que tu as fait.
Look at what you did.,Regardez ce que vous avez fait.
Look before you leap.,Regarde avant de sauter.
Look before you leap.,Regardez avant de sauter.
"Look forward, please.","Regardez devant vous, je vous prie."
Look in front of you.,Regarde devant toi !
Look in front of you.,Regardez devant vous !