English words/sentences,French words/sentences
I exchanged a camera for a guitar.,J'ai échangé mon appareil-photo contre une guitare.
I expect to sing better next time.,J'espère chanter mieux la prochaine fois.
I expect you to tell me the truth.,Je m'attends à ce que tu me dises la vérité.
I explained the procedures to him.,Je lui ai expliqué les procédures.
I fail to understand his true aim.,Je n'arrive pas à comprendre son véritable objectif.
I feel inclined to agree with her.,Je suis tenté d'être en accord avec elle.
I feel like I could sleep all day.,Je sens que je pourrais dormir toute la journée.
I feel like I'm always in a hurry.,J'ai l'impression d'être tout le temps pressé.
I feel like I'm always in a hurry.,J'ai l'impression d'être tout le temps pressée.
I feel like life is passing me by.,J'ai l'impression de passer à côté de ma vie.
I feel so happy when I'm with you.,Je me sens tellement heureux lorsque je suis avec toi.
I feel so happy when I'm with you.,Je me sens tellement heureux lorsque je suis avec vous.
I feel so happy when I'm with you.,Je me sens tellement heureuse lorsque je suis avec toi.
I feel so happy when I'm with you.,Je me sens tellement heureuse lorsque je suis avec vous.
I felt my heart beating violently.,J’ai senti mon cœur battre violemment.
I felt my heart beating violently.,Je sentis mon cœur battre violemment.
I figured I could be of some help.,J'ai pensé que je pourrais être utile.
I figured I might be able to help.,Je me suis imaginée que je pourrais être en mesure de donner un coup de main.
I figured I might be able to help.,Je me suis imaginé que je pourrais être en mesure de donner un coup de main.
I figured Tom would never find it.,J'ai supposé que Tom n'allait jamais le trouver.
I figured out what the problem is.,J'ai trouvé ce qu'est le problème.
I figured that you weren't coming.,Je me suis figuré que vous ne veniez pas.
I figured that you weren't coming.,Je me suis figurée que vous ne veniez pas.
I figured that you weren't coming.,Je me suis figuré que tu ne venais pas.
I figured that you weren't coming.,Je me suis figurée que tu ne venais pas.
I figured that you'd be impressed.,Je pensais que vous seriez impressionnée.
I figured that you'd be impressed.,Je pensais que vous seriez impressionnées.
I figured that you'd be impressed.,Je pensais que vous seriez impressionnés.
I figured that you'd be impressed.,Je pensais que vous seriez impressionné.
I figured that you'd be impressed.,Je pensais que tu serais impressionnée.
I figured that you'd be impressed.,Je pensais que tu serais impressionné.
I figured that you'd want to know.,J'ai songé que tu voudrais savoir.
I figured you could use some help.,J'ai pensé que tu ne refuserais pas un coup de main.
I figured you could use some help.,J'ai pensé que vous ne refuseriez pas d'aide.
I finally found out what happened.,J'ai enfin découvert ce qui s'est passé.
I finished my work at six o'clock.,J'ai fini mon travail à six heures.
I forgot my shopping list at home.,J’ai oublié ma liste de courses à la maison.
I forgot to buy a present for Tom.,J'ai oublié d'acheter un cadeau pour Tom.
I forgot to tell Tom when to come.,J'ai oublié de dire à Tom quand venir.
I forgot to tell you when to come.,J'ai oublié de vous indiquer quand venir.
I forgot to tell you when to come.,J'ai oublié de t'indiquer quand venir.
I found a good Mexican restaurant.,J'ai trouvé un bon restaurant de cuisine mexicaine.
I found a good Mexican restaurant.,J'ai trouvé un bon restaurant mexicain.
I found the earring that you lost.,J'ai trouvé la boucle d'oreille que tu avais perdue.
I found the earring that you lost.,J'ai trouvé la boucle d'oreille que vous aviez perdue.
I found the key I was looking for.,J'ai trouvé la clef que j'avais cherchée.
I found the work very interesting.,J'ai trouvé le travail très intéressant.
I found this watch at the station.,J’ai trouvé cette montre à la gare.
I get drunk at least once a month.,Je me saoule au moins une fois par mois.
I go to any party I am invited to.,Je vais à n'importe quelle fête où je suis invité.
I go to any party I am invited to.,Je vais à n'importe quelle fête à laquelle je suis invité.
I go to any party I am invited to.,Je me rends à n'importe quelle fête où je suis invité.
I go to any party I am invited to.,Je me rends à n'importe quelle fête à laquelle je suis invité.
I go to any party I am invited to.,Je vais à n'importe quelle fête à laquelle je suis invitée.
I go to any party I am invited to.,Je me rends à n'importe quelle fête où je suis invitée.
I go to any party I am invited to.,Je vais à n'importe quelle fête où je suis invitée.
I go to the barber's once a month.,Je vais chez le coiffeur une fois par mois.
I got a famous singer's autograph.,J'ai eu l'autographe d'un chanteur célèbre.
I got a long letter from my folks.,J'ai reçu une longue lettre de mes parents.
I got a telescope for my birthday.,J'ai reçu un téléscope pour mon anniversaire.
I got a temporary job at the firm.,J'ai un job temporaire dans l'entreprise.
I got five hours sleep last night.,"J'ai dormi cinq heures, cette nuit."
I got five hours sleep last night.,"J'ai dormi cinq heures, la nuit dernière."
I got my leg hurt in the accident.,Je me suis fait mal à la jambe dans l'accident.
I got rid of all my old textbooks.,Je me suis débarrassé de tous mes vieux manuels scolaires.
I got there in time for the train.,Je suis arrivé à temps pour le train.
I graduated from Kyoto University.,J'ai été diplômé de l'université de Kyôto.
I guess I'm really in trouble now.,Je suppose que je suis vraiment en difficulté actuellement.
I guess it depends on the weather.,J'imagine que ça dépend du temps.
I guess it doesn't matter anymore.,Je suppose que ça n'a plus d'importance.
I guess that's all I need to know.,Je suppose que c'est tout ce que j'ai besoin de savoir.
I guess this still belongs to you.,Je suppose que ceci t'appartient toujours ?
I had a dreadful dream last night.,J'ai fait un rêve épouvantable cette nuit.
I had a feeling you would be late.,J'ai eu le sentiment que vous seriez en retard.
I had a feeling you would be late.,J'ai eu le sentiment que tu serais en retard.
I had a good time during the trip.,Je me suis bien amusé pendant ce voyage.
I had a good time during the trip.,Je me suis éclaté pendant ce voyage.
I had a good time during the trip.,Je me suis bien amusée pendant ce voyage.
I had a good time during the trip.,Je me suis éclatée pendant ce voyage.
I had a horrible dream last night.,"J'ai fait un horrible rêve, la nuit dernière."
I had a little fever this morning.,J'avais un peu de fièvre ce matin.
I had a little help from a friend.,J'ai reçu un peu d'aide d'un ami.
I had a little help from a friend.,J'ai reçu un peu d'aide d'une amie.
I had a pleasant dream last night.,J'ai fait un rêve agréable la nuit dernière.
I had a really great time tonight.,J'ai passé un très bon moment ce soir.
I had a situation to take care of.,Il m'a fallu prendre soin de la situation.
I had a stabbing pain in my chest.,J'ai eu une douleur lancinante dans la poitrine.
I had a terrible dream last night.,J'ai fait un rêve terrible la nuit dernière.
I had expected him at the meeting.,J'avais espéré qu'il assisterait à la réunion.
I had expected him at the meeting.,J'avais compté sur lui à la réunion.
I had expected him at the meeting.,Je m'attendais à ce qu'il soit présent à la réunion.
I had him write the letter for me.,Je lui ai fait écrire la lettre pour moi.
I had my wallet stolen on the bus.,Je me suis fait voler mon portefeuille dans le bus.
I had no idea what I should write.,Je n'avais aucune idée de ce que je devais écrire.
I had problems I had to deal with.,J'ai eu des problèmes qu'il m'a fallu traiter.
I had some things to take care of.,J'ai eu des choses dont j'ai dû prendre soin.
I had the same problem as you did.,J'ai eu le même problème que toi.
I had to get everyone's attention.,Il me fallait recueillir l'attention de tout le monde.
I had to get everyone's attention.,Il me fallait capter l'attention de tout le monde.
I hardly got any sleep last night.,J'ai mal dormi la nuit dernière.
I hate being told what I can't do.,Je déteste qu'on me dise ce que je ne peux pas faire.
I hate it when Tom and Mary fight.,Je déteste quand Tom et Mary se battent.
I hate it when Tom and Mary fight.,Je déteste quand Tom et Mary se disputent.
I have a big announcement to make.,J'ai une grande annonce à faire.
I have a great deal to do tonight.,J'ai beaucoup de choses à faire ce soir.
I have a little something for you.,J'ai un petit quelque chose pour toi.
I have a little something for you.,J'ai un petit quelque chose pour vous.
I have a lot of problems to solve.,J'ai un tas de problèmes à résoudre.
I have a right to be on this ship.,J'ai le droit de me trouver sur ce navire.
I have a right to my private life.,J'ai droit à ma vie privée.
I have a score to settle with him.,J'ai un compte à régler avec lui.
I have a very busy schedule today.,J'ai un emploi du temps très chargé aujourd'hui.
I have already changed my clothes.,Je me suis déjà changé.
I have already finished this book.,J’ai déjà fini de lire ce livre.
I have already finished this book.,J'ai déjà fini de lire ce livre.
I have already read today's paper.,J'ai déjà lu le journal d'aujourd'hui.
I have an urgent message from Tom.,J'ai un message urgent de Tom.
I have complete confidence in you.,J'ai une totale confiance en toi.
I have complete confidence in you.,J'ai une totale confiance en vous.
I have eight brothers and sisters.,J'ai huit frères et sœurs.
I have good news in store for you.,J'ai de bonnes nouvelles en réserve pour toi.
I have good news in store for you.,J'ai de bonnes nouvelles en réserve pour vous.
I have just come back from school.,Je viens de rentrer de l'école.
I have just finished eating lunch.,J'ai juste fini de déjeuner.
I have just washed all the dishes.,Je viens juste de laver tous les plats.
I have known that for a long time.,Il y a belle lurette que je le savais.
I have little interest in history.,Je porte peu d'intérêt à l'Histoire.
I have little interest in history.,J'ai peu d'intérêt pour l'Histoire.
I have lived here for a long time.,J'ai vécu ici pendant longtemps.
I have lived here for a long time.,J'habite ici depuis longtemps.
I have lived in Boston since 1995.,Je vis à Boston depuis 1995.
I have many friends I can talk to.,J'ai de nombreux amis auxquels je peux parler.
I have many friends I can talk to.,J'ai de nombreuses amies auxquelles je peux parler.
I have never seen anyone like him.,Je n'ai jamais vu quelqu'un comme lui.
I have no idea what that could be.,Je n'ai aucune idée de ce que cela pourrait être.
I have no idea what the reason is.,Je n'ai aucune idée de ce qu'en est la raison.
I have no idea who that is either.,Je n'ai aucune idée non plus de qui il s'agit.
I have no more money in my wallet.,Je n'ai plus d'argent dans mon portefeuille.
I have no one to blame but myself.,Je n'ai personne d'autre à blâmer que moi-même.
I have no one to go to for advice.,Je n'ai personne auprès de qui trouver conseil.
I have not been busy for two days.,Je n'ai pas été occupé pendant deux jours.
I have not finished breakfast yet.,Je n'ai pas encore fini mon petit-déjeuner.
I have nothing in common with her.,Je n'ai rien de commun avec elle.
I have nothing in common with him.,Je n'ai rien en commun avec lui.
I have nothing more to say to you.,Je n'ai rien de plus à te dire.
I have nothing more to say to you.,Je n'ai rien de plus à vous dire.
"I have problems with my wife, too.",Moi aussi j'ai des problèmes avec ma femme.
I have seen him once on the train.,Je l'ai vu une fois dans le train.
I have so many things to tell you.,J'ai tellement de choses à te dire.
I have so many things to tell you.,J'ai tellement de choses à vous raconter.
"I have socks, but I have no shoes.","J'ai des bas, mais je n'ai pas de souliers."
I have some idea of what happened.,J'ai une idée de ce qui est arrivé.
I have someone I want you to meet.,Il y a quelqu'un que je veux que tu rencontres.
I have someone I want you to meet.,Il y a quelqu'un que je veux que vous rencontriez.
I have the minutes of the meeting.,Je dispose du compte-rendu de la réunion.
I have the same problem as you do.,J'ai le même problème que vous.
I have the same problem as you do.,J'ai le même problème que toi.
I have three chickens in my house.,J'ai trois poulets à la maison.
I have to admit that you're right.,Je dois admettre que tu as raison.
I have to admit that you're right.,Je dois admettre que vous avez raison.
I have to do something else first.,J'ai d'abord quelque chose d'autre à faire.
I have to find someone to help me.,Il me faut trouver quelqu'un pour m'aider.
I have to fix the washing machine.,Je dois réparer la machine à laver.
I have to pay this bill by Monday.,Je dois payer cette facture avant lundi.
I have to repair the refrigerator.,Il faut que je répare le réfrigérateur.
I have two daughters and two sons.,J'ai deux filles et deux fils.
I have two sons and two daughters.,J'ai deux fils et deux filles.
I have visited Boston three times.,J'ai visité Boston trois fois.
I haven't done that since October.,Je n'ai pas fait ça depuis octobre.
I haven't downloaded the file yet.,Je n'ai pas encore téléchargé le fichier.
I haven't had a vacation in years.,Je n'ai pas eu de vacances depuis des années.
I haven't heard from him for ages.,Je n'ai pas entendu parler de lui depuis des lustres.
I haven't read all of these books.,Je n'ai pas lu tous ces livres.
I haven't read any of his letters.,Je n'ai lu aucune de ses lettres.
I haven't read both of his novels.,Je n'ai pas lu ses deux romans.
I haven't renewed my subscription.,Je n'ai pas renouvelé mon abonnement.
I haven't seen you in a long time.,Je ne vous ai pas vu depuis longtemps.
I haven't seen you in a long time.,Je ne vous ai pas vue depuis longtemps.
I haven't seen you in a long time.,Je ne vous ai pas vus depuis longtemps.
I haven't seen you in a long time.,Je ne vous ai pas vues depuis longtemps.
I haven't seen you in a long time.,Je ne t'ai pas vu depuis longtemps.
I haven't seen you in a long time.,Je ne t'ai pas vue depuis longtemps.
I haven't talked to anyone lately.,Je n'ai parlé à personne ces derniers temps.
I haven't told Tom about that yet.,Je n'en ai pas encore parlé à Tom.
I haven't tried doing it that way.,Je n'ai pas tenté de le faire ainsi.
I haven't tried doing it that way.,Je n'ai pas essayé de le faire de cette manière.
I haven't written for a long time.,Je n'ai pas écrit depuis longtemps.
I haven't written for a long time.,Cela fait longtemps que je n'ai pas écrit.
I haven't yet told Tom about that.,Je n'en ai pas encore parlé à Tom.
I hear a dog barking in the woods.,J'entends un chien aboyer dans les bois.
I hear from my mother every month.,J'ai des nouvelles de ma mère tous les mois.
I heard Tom is filing for divorce.,J'ai entendu dire que Tom demande le divorce.
I heard him humming in the shower.,Je l'ai entendu chantonner sous la douche.
I heard him humming in the shower.,Je l'ai entendu fredonner sous la douche.
I heard it from a reliable source.,Je l'ai entendu d'une source fiable.
I heard someone knock on the door.,J'entendis quelqu'un frapper à la porte.
I heard that Tom was in Australia.,J'ai appris que Tom était en Australie.
I helped you when you needed help.,Je t'ai aidé quand tu avais besoin d'aide.
I helped you when you needed help.,Je vous ai aidé quand vous aviez besoin d'aide.
I hope Tom and Mary are at school.,J'espère que Tom et Mary sont à l'école.
I hope we didn't keep you waiting.,"Vous n'avez pas trop attendu, j'espère ?"
I hope your wishes will come true.,J'espère que vos souhaits se réaliseront.
I hope your wishes will come true.,J'espère que tes souhaits se réaliseront.
I hung my coat in the hall closet.,Je suspendis mon manteau dans le placard de l'entrée.
I hung my coat in the hall closet.,Je suspendis mon manteau dans la penderie de l'entrée.
I hung my coat in the hall closet.,J'ai suspendu mon manteau dans le placard de l'entrée.
I hung my coat in the hall closet.,J'ai suspendu mon manteau dans la penderie de l'entrée.
I insist on being paid in advance.,Je tiens à être payé à l'avance.
I intend on fighting till the end.,J'ai l'intention de lutter jusqu'à la fin.
I intend to stay there for a week.,J'ai l'intention de rester là-bas pendant une semaine.
I introduced her to you last week.,Je te l'ai présentée la semaine dernière.
I introduced her to you last week.,Je vous l'ai présentée la semaine dernière.
"I invited Tom, but he didn't come.",J'ai invité Tom mais il n'est pas venu.
I just assumed that you'd be here.,J'ai simplement supposé que vous seriez ici.
I just assumed that you'd be here.,J'ai simplement supposé que tu serais ici.
I just bought a new pair of shoes.,Je viens d'acheter une nouvelle paire de chaussures.
I just can't wait to go to school.,Je suis impatient d'aller à l'école.
I just can't wait to go to school.,Je suis impatiente d'aller à l'école.
I just couldn't keep my eyes open.,Je ne pouvais simplement pas garder les yeux ouverts.
I just couldn't resist doing that.,Je n'ai simplement pas pu résister à le faire.
I just did what you told me to do.,J'ai simplement fait ce que vous m'avez dit de faire.
I just did what you told me to do.,J'ai simplement fait ce que tu m'as dit de faire.
I just don't get modern sculpture.,Je ne comprends vraiment pas la sculpture moderne.
I just don't want to let you down.,Je ne veux tout simplement pas te laisser tomber.
I just don't want to let you down.,Je ne veux tout simplement pas vous laisser tomber.
I just don't want you to get hurt.,Je ne veux tout simplement pas que vous soyez blessé.
I just don't want you to get hurt.,Je ne veux tout simplement pas que vous soyez blessées.
I just don't want you to get hurt.,Je ne veux tout simplement pas que vous soyez blessée.
I just don't want you to get hurt.,Je ne veux tout simplement pas que vous soyez blessés.
I just don't want you to get hurt.,Je ne veux tout simplement pas que tu sois blessé.
I just don't want you to get hurt.,Je ne veux tout simplement pas que tu sois blessée.
I just don't want you to get hurt.,"Je ne veux pas que tu sois blessé, un point c'est tout."
I just don't want you to get hurt.,"Je ne veux pas que tu sois blessée, un point c'est tout."
I just don't want you to get hurt.,"Je ne veux pas que vous soyez blessé, un point c'est tout."
I just don't want you to get hurt.,"Je ne veux pas que vous soyez blessés, un point c'est tout."
I just don't want you to get hurt.,"Je ne veux pas que vous soyez blessées, un point c'est tout."
I just don't want you to get hurt.,"Je ne veux pas que vous soyez blessée, un point c'est tout."
I just finished reading this book.,Je viens de finir de lire ce livre.
I just followed your instructions.,Je n'ai fait que suivre vos instructions.
I just followed your instructions.,Je n'ai fait que suivre tes instructions.
I just got a call from the police.,Je viens d'avoir un appel de la police.
I just graduated from high school.,Je viens d'avoir mon bac.
I just had to see this for myself.,Il fallait que je vois ça de mes propres yeux.
I just have a couple of questions.,Je n'ai que quelques questions.
I just have one other thing to do.,J'ai juste une autre chose à faire.
I just need to know what happened.,Il me faut juste savoir ce qui s'est passé.
I just started to learn Esperanto.,J'ai commencé à apprendre l'espéranto.
I just want Tom to leave me alone.,Je veux juste que Tom me laisse tranquille.
I just want a little more of that.,Je veux juste un peu plus de ça.
I just want a little more of that.,J'en veux juste un peu plus.
I just want them both to be happy.,Je veux simplement qu'ils soient tous les deux heureux.
I just want them both to be happy.,Je veux simplement qu'elles soient toutes les deux heureuses.
I just want to ask you a question.,Je veux juste te poser une question.
I just want to ask you a question.,Je souhaite simplement vous poser une question.
I just want to be a good neighbor.,"Je veux être un bon voisin, un point c'est tout."
I just want to be a good neighbor.,Je veux tout simplement être un bon voisin.
I just want to be a good neighbor.,Je veux tout simplement être une bonne voisine.
I just want to be a good neighbor.,"Je veux être une bonne voisine, un point c'est tout."
I just want to check on something.,Je veux seulement vérifier quelque chose.
I just want to live a normal life.,Je veux simplement mener une vie normale.
I just want to tell Tom something.,Je veux juste dire quelque chose à Tom.
I just want tonight to be special.,Je veux simplement que la soirée d'aujourd'hui soit spéciale.
I just want you to know I'm sorry.,Je veux juste que tu saches que je suis désolé.
I just want you to know I'm sorry.,Je veux juste que tu saches que je suis désolée.
I just want you to know I'm sorry.,Je veux juste que vous sachiez que je suis désolé.
I just want you to know I'm sorry.,Je veux juste que vous sachiez que je suis désolée.
I just want you to leave me alone.,Je veux juste que tu me laisses tranquille.
I just want you to think about it.,Je veux simplement que vous y réfléchissiez.
I just want you to think about it.,Je veux simplement que tu y réfléchisses.
I just wanted somebody to help me.,Je voulais seulement quelqu'un pour m'aider.
I just wanted to have fun tonight.,Je voulais simplement m'amuser ce soir.
I killed two birds with one stone.,J'ai fait d'une pierre deux coups.
I knew I should've stayed at home.,Je savais que j'aurais dû rester chez moi.
I knew I was going to be punished.,Je savais que j'allais être puni.
I knew I was going to be punished.,Je savais que j'allais être punie.
I knew Tom used to live in Boston.,Je savais que Tom a vécu à Boston.
I knew this day was going to come.,Je savais que ce jour allait advenir.
I knew this would be hard for you.,Je savais que ce serait dur pour toi.
I knew this would be hard for you.,Je savais que ce serait dur pour vous.
I knew you were going to ask that.,Je savais que tu allais demander ça.
I knew you were going to ask that.,Je savais que vous alliez demander cela.
I know I disappoint you sometimes.,Je sais que je vous déçois parfois.
I know I disappoint you sometimes.,Je sais que je te déçois parfois.
I know I shouldn't have done that.,Je sais que j'aurais pas dû le faire.
I know I've been acting strangely.,Je sais que j'ai agit de manière étrange.
I know Tom better than I know you.,Je connais Tom mieux que je te connais.
I know Tom better than I know you.,Je connais Tom mieux que je vous connais.
I know Tom talks about Mary a lot.,Je sais que Tom parle beaucoup de Mary.
I know exactly when that happened.,Je sais exactement quand cela s'est produit.
I know exactly where I want to go.,Je sais exactement où je veux me rendre.
I know exactly where I want to go.,Je sais exactement où je veux aller.
I know my keys are here somewhere.,Je sais que mes clés sont quelque part par là.
I know several good places to eat.,Je connais plusieurs bons endroits où manger.
I know that Tom can do that today.,Je sais que Tom peut le faire aujourd'hui.
I know that that's real important.,Je sais que c'est très important.
I know that's not why you're here.,Je sais que ce n'est pas la raison de votre présence ici.
I know that's not why you're here.,Je sais que c'est pas pour ça que tu es ici.
I know the cure for what ails you.,Je connais le remède à ce qui te fait souffrir.
I know the cure for what ails you.,Je connais le remède à ce qui vous fait souffrir.
I know the potential consequences.,Je connais les conséquences potentielles.
I know what it's like to be alone.,Je sais ce qu'est être seul.
I know what it's like to be alone.,Je sais ce que c'est d'être seul.
I know what it's like to be alone.,Je sais ce qu'est être seule.
I know what it's like to be alone.,Je sais ce que c'est d'être seule.
I know what the three of you want.,Je sais ce que vous voulez tous les trois.
I know what the three of you want.,Je sais ce que vous voulez toutes les trois.
I know what they'll want me to do.,Je sais ce qu'ils voudront que je fasse.
I know what they'll want me to do.,Je sais ce qu'elles voudront que je fasse.
I know you have an essay to write.,Je sais que tu as un essai à écrire.
I know you'll do what's necessary.,Je sais que vous ferez ce qui est nécessaire.
I know you'll do what's necessary.,Je sais que tu feras ce qui est nécessaire.
I know you've been trying to help.,Je sais que vous avez essayé de nous aider.
I know you've been trying to help.,Je sais que vous avez essayé de l'aider.
I know you've been trying to help.,Je sais que vous avez essayé de les aider.
I know you've been trying to help.,Je sais que vous avez essayé de m'aider.
I know you've been trying to help.,Je sais que tu as essayé de nous aider.
I know you've been trying to help.,Je sais que tu as essayé de m'aider.
I know you've been trying to help.,Je sais que tu as essayé de l'aider.
I know you've been trying to help.,Je sais que tu as essayé de les aider.
I learned a lot from what I heard.,J'ai beaucoup appris de ce que j'ai entendu.
I learned a valuable lesson today.,"J'ai pris une précieuse leçon, aujourd'hui."
I left Tom a message this morning.,J'ai laissé un message à Tom ce matin.
I left my address book in my room.,J'ai oublié mon carnet d'adresse dans ma chambre.
I left my jacket in the classroom.,J'ai laissé ma veste dans la classe.
I left my jacket in the classroom.,J'ai laissé ma veste dans la salle de classe.
I left my umbrella here last week.,J'ai laissé mon parapluie ici la semaine dernière.
I like all of the songs Tom sings.,J'aime toutes les chansons que Tom chante.
I like learning ancient languages.,J’aime apprendre des langues anciennes.
I like red wine better than white.,J'aime le vin rouge plus que le vin blanc.
I like red wine better than white.,Je préfère le vin rouge au vin blanc.
I like the color of your lipstick.,J'aime la couleur de ton rouge à lèvres.
I like the way this flower smells.,J'aime le parfum de cette fleur.
I like this coat. May I try it on?,J'aime bien ce manteau. Je peux l'essayer ?
I like to relax with a good novel.,J'aime me détendre avec un bon roman.
I like to study foreign languages.,J'aime étudier les langues étrangères.
I listen to the radio every night.,Tous les soirs j’écoute la radio.
I listened to some CDs last night.,J'ai écouté quelques CDs la nuit dernière.
I live in a small fishing village.,Je vis dans un petit village de pêcheurs.
I live in a small fishing village.,J'habite dans un petit village de pêcheurs.
I love listening to you guys sing.,J'adore vous écouter chanter.
I love my grandfather's anecdotes.,J'adore les anecdotes de mon grand-père.
I love old prewar gangster movies.,J'aime les vieux films de gangsters d'avant-guerre.
I love you more and more each day.,Je vous aime de plus en plus chaque jour.
I love you more and more each day.,Je t'aime de plus en plus chaque jour.
I managed to catch the last train.,J'ai réussi à prendre le dernier train.
I may not be completely objective.,Il se peut que je ne sois pas complètement objectif.
I met Tom at his office in Boston.,J'ai rencontré Tom à son bureau à Boston.
I met an old man near the station.,J'ai rencontré un vieil homme près de la gare.
I met her on a certain winter day.,Je la rencontrai un certain jour d'hiver.
I met him on the street by chance.,Je l'ai rencontré par chance dans la rue.
I met him then for the first time.,Je le rencontrai alors pour la première fois.
I met some hikers on the mountain.,J'ai rencontré des randonneurs dans la montagne.
I might not be at tonight's party.,Il se pourrait que je ne sois pas à la fête de ce soir.
I missed the bus by three minutes.,J'ai manqué le bus de trois minutes.
I missed the train by two minutes.,J'ai manqué le train de deux minutes.
I must admit that it was my fault.,Je dois admettre que c'était de ma faute.
I must remind you of your promise.,Il faut que je te rappelle ta promesse.
I must say I'm a bit disappointed.,Je dois dire que je suis un peu déçu.
I must say I'm a bit disappointed.,Je dois dire que je suis un peu déçue.
I myself will repair that machine.,Je réparerai cette machine tout seul.
I nearly got hit by a truck today.,J'ai failli être renversé par un camion aujourd'hui.
I need three pairs of black socks.,J'ai besoin de trois paires de chaussettes noires.
I need to do something else first.,Je dois d'abord faire quelque chose d'autre.
I need to get to this meeting now.,Je dois aller à cette réunion maintenant.
I need to put the children to bed.,Il faut que j'aille mettre les enfants au lit.
I never imagined meeting you here.,Je n'aurais jamais imaginé te rencontrer ici.
I never really knew what happened.,Je n’ai jamais vraiment su ce qu’il s’était passé.
I never should've gotten divorced.,Jamais je n’aurais dû divorcer.
I never should've listened to you.,Jamais je n’aurais dû t’écouter.
I never sleep more than six hours.,Je ne dors jamais plus de six heures.
I never thought I'd see Tom again.,Je n’aurais jamais pensé que je reverrais Tom.
I never thought I'd see Tom again.,Je n’aurais jamais pensé revoir Tom.
I never thought I'd see her there.,Je n'aurais jamais pensé que je la verrais là.
I never thought I'd see her there.,Je n’aurais jamais pensé la voir là.
I never thought about it that way.,Je n'y ai jamais pensé de cette manière.
I never thought about it that way.,Je n'y ai jamais songé de cette manière.
I never thought that would happen.,Je n'ai jamais pensé que ça arriverait.
I never thought that would happen.,Je n'ai jamais pensé que ça surviendrait.
I never thought that would happen.,Je n'ai jamais pensé que ça aurait lieu.
I never want to get married again.,Je ne veux jamais plus me marier.
I never want to talk to you again.,Je ne veux plus jamais te parler.
I never wanted all this to happen.,Je n'ai jamais voulu que tout ça arrive.
I noticed him sneak into the room.,Je l'ai vu se faufiler dans la pièce.
I object to her going there alone.,Je ne suis pas d'accord pour qu'elle y aille seule.
I object to her going there alone.,Je m'oppose à ce qu'elle y aille seule.
I object to her going there alone.,Je m'oppose à ce qu'elle s'y rende seule.
I objected to his paying the bill.,Je m'opposai à ce qu'il paie la note.
I often catch colds in the winter.,Je contracte souvent des rhumes en hiver.
I often catch colds in the winter.,J'attrape souvent des rhumes en hiver.
I only found out about that today.,Je ne l'ai découvert qu'aujourd'hui.
I only found out about that today.,Je l'ai seulement découvert aujourd'hui.
I owe what I am today to my uncle.,Je dois à mon oncle ce que je suis aujourd'hui.
I owe what I am today to my uncle.,Je dois à mon oncle d'être ce que je suis aujourd'hui.
I persuaded him that he was wrong.,Je le persuadai qu'il avait tort.
I planned to introduce him to her.,J'ai prévu de le lui présenter.
I planted a peach tree in my yard.,J'ai planté un pêcher dans mon jardin.
I planted some potatoes this week.,Cette semaine j'ai planté des pommes de terre.
I played with the baby on my knee.,J'ai joué avec le bébé sur mon genou.
I prefer being poor to being rich.,Je préfère être pauvre que riche.
I prefer working to doing nothing.,Je préfère travailler que de ne rien faire.
I presented him with a gold watch.,Je lui ai offert une montre en or.
I presented my ticket at the door.,J'ai présenté mon billet à la porte.
I probably won't watch TV tonight.,Je ne vais probablement pas regarder la télévision ce soir.
I promise you I won't do it again.,Je vous promets que je ne le ferai plus.
I promise you I won't do it again.,Je te promets que je ne le ferai plus.
I promise you I'll look after you.,Je te promets de m'occuper de toi.
I promise you I'll look after you.,Je te promets que je m'occuperai de toi.
I promise you I'll look after you.,Je vous promets de m'occuper de vous.
I promise you I'll look after you.,Je vous promets que je m'occuperai de vous.
I promised I'd tell you the truth.,J'ai promis que je te dirais la vérité.
I promised I'd tell you the truth.,J'ai promis que je vous dirais la vérité.
I put your suitcases in your room.,Je mets vos valises dans votre chambre.
I ran away from the training camp.,Je me suis enfui du camp d'entraînement.
I reached the village before dark.,Je suis arrivé au village avant qu'il ne fasse nuit.
I read a lot of books last summer.,J'ai lu beaucoup de livres l'été dernier.
I read about him in the newspaper.,J'ai lu à son sujet dans le journal.
I read the letter again and again.,J'ai relu la lettre encore et encore.
I really appreciate all your help.,J'apprécie vraiment toute votre aide.
I really appreciate all your help.,J'apprécie vraiment toute ton aide.
I really do miss my parents a lot.,Mes parents me manquent vraiment beaucoup.
I really don't have time for this.,Je n'ai vraiment pas de temps pour ça.
I really have nothing else to say.,Je n'ai vraiment rien d'autre à dire.
I really should be getting to bed.,Je devrais vraiment me mettre au lit.
I really want you to be my friend.,Je veux vraiment que tu deviennes mon ami.
I really wish I could believe you.,Je souhaiterais vraiment pouvoir vous croire.
I really wish I could believe you.,Je souhaiterais vraiment pouvoir te croire.
I received your message yesterday.,J'ai reçu votre message hier.
I received your message yesterday.,J'ai reçu ton message hier.
I refuse to be ignored any longer.,Je refuse d'être ignoré plus longtemps.
I regret having done such a thing.,Je regrette d'avoir fait une telle chose.
I remember everything you tell me.,Je me rappelle tout ce que vous me dites.
I remember everything you tell me.,Je me rappelle tout ce que tu me dis.
I remember everything you tell me.,Je me souviens de tout ce que vous me dites.
I remember everything you tell me.,Je me souviens de tout ce que tu me dis.
I remember hearing the story once.,Je me rappelle avoir entendu cette histoire déjà une fois.
I remember one poem in particular.,Je me souviens d'un poème en particulier.
I remember that I closed the door.,Je me rappelle avoir fermé la porte.
I remember the warmth of his arms.,Je me rappelle la chaleur de ses bras.
I repaid him the money I owed him.,Je lui ai remboursé l'argent que je lui devais.
I said it wasn't a very good idea.,J'ai dit que ce n'était pas une très bonne idée.
I sat down and opened my notebook.,Je m'assis et ouvris mon carnet.
I sat down and opened my notebook.,Je m'assis et ouvris mon ordinateur portable.
I saw Tom and Mary leave together.,J'ai vu Tom et Mary partir ensemble.
I saw Tom go into that restaurant.,J'ai vu Tom entrer dans ce restaurant.
I saw Tom kill the neighbor's cat.,J'ai vu Tom tuer le chat du voisin.
I saw Tom kill the neighbor's cat.,J'ai vu Tom tuer le chat de la voisine.
I saw a cat running after the dog.,J'ai vu un chat courir après le chien.
I saw a dog swim across the river.,Je vis un chien traverser la rivière en nageant.
I saw a dog swim across the river.,J'ai vu un chien traverser la rivière en nageant.
I saw a drunk lying in the street.,J'ai vu un ivrogne gisant dans la rue.
I saw a horse galloping toward me.,Je vis un cheval galoper dans ma direction.
I saw a lot of people in the park.,J'ai vu beaucoup de gens dans le parc.
I saw a stranger enter that house.,Je vis un étranger entrer dans cette maison.
I saw a stranger enter that house.,Je vis un étranger pénétrer dans cette maison.
I saw a stranger enter that house.,J'ai vu un étranger entrer dans cette maison.
I saw a stranger enter that house.,J'ai vu un étranger pénétrer dans cette maison.
I saw a white bird on my way home.,"En rentrant à la maison, j'ai vu un oiseau blanc."
I saw him coming out of the hotel.,Je l'ai vu sortir de l'hôtel.
I saw my reflection in the window.,Je vis mon reflet dans la vitre.
I saw my reflection in the window.,J'ai vu mon reflet dans la vitre.
I saw something white in the park.,J'ai vu quelque chose de blanc dans le parc.
I say this from my own experience.,Je dis ça à partir de mon expérience personnelle.
I screamed at the top of my lungs.,J'ai crié à gorge déployée.
I screamed at the top of my lungs.,Je criai à gorge déployée.
I should have done this weeks ago.,J'aurais dû le faire il y a des semaines.
I should have done this years ago.,J'aurais dû faire ça il y a des années.
I should've gotten that promotion.,J'aurais dû recevoir cette promotion.
I should've gotten that promotion.,J'aurais dû obtenir cette promotion.
I should've guessed you'd be busy.,J'aurais dû deviner que tu serais occupé.
I should've guessed you'd be busy.,J'aurais dû deviner que tu serais occupée.
I should've guessed you'd be busy.,J'aurais dû deviner que vous seriez occupé.
I should've guessed you'd be busy.,J'aurais dû deviner que vous seriez occupés.
I should've guessed you'd be busy.,J'aurais dû deviner que vous seriez occupée.
I should've guessed you'd be busy.,J'aurais dû deviner que vous seriez occupées.
I should've put on some sunscreen.,J'aurais dû mettre de la crème solaire.
I should've read the instructions.,J'aurais dû lire les instructions.
I shouldn't have to do that again.,Je ne devrais pas avoir à le refaire.
I sometimes hear rumors about her.,J'entends parfois des rumeurs à son sujet.
I spend my free time with my kids.,Je passe mon temps libre avec mes enfants.
I spent all afternoon in the park.,J'ai passé tout mon après-midi dans le parc.
I spent all morning chopping wood.,J'ai passé toute la matinée à fendre du bois.
I spent the entire morning in bed.,J'ai passé toute la matinée au lit.
I spent the whole day in the park.,J'ai passé toute la journée au parc.
I spent twelve hours on the train.,J’ai passé douze heures dans le train.
I spilled my coffee on the carpet.,J'ai renversé mon café sur le tapis.
I stayed at Tom's house in Boston.,J'ai séjourné chez Tom à Boston.
I stayed at Tom's house in Boston.,Je suis resté chez Tom à Boston.
I stayed home because of the rain.,Je suis resté à la maison à cause de la pluie.
I still do that from time to time.,Je fais encore ça de temps en temps.
I still have a suitcase to unpack.,J'ai encore une valise à déballer.
I still have trouble believing it.,J'ai encore du mal à y croire.
I still need to renew my passport.,Il me reste à renouveler mon passeport.
I strongly advise you to use this.,Je vous conseille vivement d'employer ceci.
I strongly advise you to use this.,Je te conseille vivement d'employer ceci.
I succeeded because of his advice.,"Grâce à son conseil, j'ai réussi."
I suggest we change clothes first.,Je suggère que nous changions d'abord de vêtements.
I support you one hundred percent.,Je te soutiens à cent pour cent.
I support you one hundred percent.,Je vous soutiens à cent pour cent.
I suppose I felt a little jealous.,Je pense que je suis un peu jaloux.
I suppose we have nothing to lose.,Je suppose que nous n'avons rien à perdre.
I swim three or four times a week.,Je nage trois ou quatre fois par semaine.
I think I forgot to lock the door.,Je crois que j'ai oublié de fermer la porte à clé.
I think I know why Tom isn't here.,Je pense savoir pourquoi Tom n'est pas ici.
I think I know why Tom isn't here.,Je pense que je sais pourquoi Tom n'est pas ici.
I think I look fat in these jeans.,"Je pense avoir l'air grosse, dans ce jean."
I think I look fat in these jeans.,"Je pense avoir l'air gros, dans ce jean."
I think I look fat in these jeans.,"Je pense que j'ai l'air grosse, dans ce jean."
I think I look fat in these jeans.,"Je pense que j'ai l'air gros, dans ce jean."
I think I need a little more time.,Je pense que j'ai besoin d'un peu plus de temps.
I think I'll lie down for a while.,Je pense que je vais m'allonger un peu.
I think I've got a touch of fever.,Je pense que j'ai attrapé un peu de fièvre.
I think I've seen that guy before.,Je crois avoir vu cet homme auparavant.
I think Tom did a really nice job.,Je pense que Tom a fait du très bon travail.
I think Tom did the best he could.,Je pense que Tom a fait de son mieux.
I think Tom didn't understand you.,Je pense que Tom ne t'a pas compris.
I think Tom didn't understand you.,Je pense que Tom ne vous a pas compris.
I think Tom is going to come back.,Je pense que Tom va revenir.
I think Tom knows what he's doing.,Je pense que Tom sait ce qu'il fait.
I think Tom wants to come with us.,Je pense que Tom veut venir avec nous.
I think Tom wants to kill himself.,Je pense que Tom veut se tuer.
I think Tom will be well prepared.,Je pense que Tom sera bien préparé.
I think Tom will want to sit down.,Je pense que Tom voudra s'asseoir.
I think he is something of a poet.,Je crois qu'il a quelque chose d'un poète.
I think he will come to our party.,Je pense qu'il viendra à notre fête.
I think it'll be raining tomorrow.,Je pense qu'il va pleuvoir demain.
I think it's better not to try it.,Je pense qu'il vaut mieux ne pas essayer.
I think it's time for me to leave.,Je pense qu'il est temps pour moi de partir.
I think it's time for me to split.,Je pense qu'il est temps pour moi de rompre.
I think it's time for me to study.,Je pense qu'il est temps pour moi d'étudier.
I think it's time for us to leave.,"Je pense qu'il est temps, pour nous, de partir."
I think it's time to take a break.,Je pense qu'il est temps de faire une pause.
I think my German isn't very good.,Je pense que mon allemand n'est pas très bon.
I think my German isn't very good.,Je pense que mon Allemand n'est pas très bon.
I think perhaps Tom can help Mary.,Je pense que Tom peut peut-être donner un coup de main à Mary.
I think that I'm going to do that.,Je pense que je ferai ça.
I think that Tom is an honest man.,Je pense que Tom est honnête homme.
I think that might be a good idea.,Je pense que ce serait une bonne idée.
I think that that's up to you now.,Je pense que ça dépend désormais de vous.
I think that there is a man there.,Je pense qu'il y a un homme là-bas.
I think that you have my umbrella.,Je pense que tu as mon parapluie.
I think that you have my umbrella.,Je pense que vous avez mon parapluie.
I think that's an important point.,Je pense que c'est un point important.
I think there's been some mistake.,Je pense qu'il y a eu une erreur.
I think we both know why I'm here.,Je pense que nous savons tous deux pourquoi je suis ici.
I think we both know why I'm here.,Je pense que nous savons toutes deux pourquoi je suis ici.
I think we both know why I'm here.,Je pense que nous savons tous les deux pourquoi je suis ici.
I think we both know why I'm here.,Je pense que nous savons toutes les deux pourquoi je suis ici.
I think we can work something out.,Je pense que nous pouvons arranger quelque chose.
I think we could be great friends.,Je pense que nous pourrions être de grands amis.
I think we should all go together.,Je pense que nous devrions y aller tous ensemble.
I think we should all go together.,Je pense que nous devrions y aller toutes ensemble.
I think we should be getting back.,Je pense que nous devrions commencer à rentrer.
I think we should call the police.,Je pense que nous devrions appeler la police.
I think we should just be friends.,Je pense que nous devrions être simplement amis.
I think we should stop doing that.,Je pense que nous devrions arrêter de faire ça.
I think we shouldn't get involved.,Je pense que nous ne devrions pas être impliqués.
I think we'll make it if we hurry.,Je pense que nous pouvons y arriver si nous nous dépêchons.
I think you and he wanna be alone.,Je pense que toi et lui voulez être seuls.
I think you made the right choice.,Je pense que vous avez fait le bon choix.
I think you made the right choice.,Je pense que tu as fait le bon choix.
I think you might be overreacting.,Je pense qu'il se pourrait que tu dramatises.
I think you might be overreacting.,Je pense qu'il se pourrait que vous dramatisiez.
I think you might be overreacting.,Je pense qu'il se pourrait que tu réagisses de manière excessive.
I think you might be overreacting.,Je pense qu'il se pourrait que vous réagissiez de manière excessive.
I think you must be getting tired.,Je pense que tu dois être fatigué.
I think you must be getting tired.,Je pense que tu dois être fatiguée.
I think you must be getting tired.,Je pense que vous devez être fatigué.
I think you must be getting tired.,Je pense que vous devez être fatiguée.
I think you must be getting tired.,Je pense que vous devez être fatiguées.
I think you must be getting tired.,Je pense que vous devez être fatigués.
I think you ought to rest a while.,Je pense que vous devriez vous reposer un moment.
I think you ought to rest a while.,Je pense que tu devrais te reposer un moment.
I think you owe me an explanation.,Je pense que tu me dois une explication.
I think you owe me an explanation.,Je pense que vous me devez une explication.
I think you should do it yourself.,Je pense que tu devrais le faire toi-même.
I think you'd better go on a diet.,Je pense que vous feriez mieux de faire un régime.
I think you'd better go on a diet.,Je pense que ce serait mieux que tu fasses un régime.
I think you're on the right track.,Je pense que tu es sur la bonne voie.
I think you're sitting in my seat.,Je pense que vous êtes assis à ma place.
I think you've been very immature.,Je pense que tu as été très immature.
I think you've been very immature.,Je pense que vous avez été très immature.
I thought I knew all your secrets.,Je pensais connaître tous tes secrets.
I thought I knew all your secrets.,Je pensais connaître tous vos secrets.
I thought I might be able to help.,J'ai pensé que je pourrais peut-être être utile.
I thought I'd never see you again.,Je pensais ne jamais te revoir.
I thought I'd never see you again.,Je pensais ne jamais vous revoir.
I thought I'd never see you again.,Je pensais que je ne te reverrais jamais.
I thought I'd never see you again.,Je pensais que je ne vous reverrais jamais.
I thought Tom would be at the bar.,Je pensais que Tom serait au bar.
I thought Tom would be here today.,Je pensais que Tom serait là aujourd'hui.
I thought Tom would want the work.,Je pensais que Tom voudrait le travail.
I thought about you the other day.,J'ai pensé à toi l'autre jour.
I thought about you the other day.,J'ai pensé à vous l'autre jour.
I thought it might be of some use.,Je pensais que ça pourrait être utile.
I thought it would be a good idea.,J'ai pensé que ce serait une bonne idée.
I thought it would make you laugh.,Je pensais que ça te ferait rire.
I thought that would interest you.,Je pensais que ça t'intéresserait.
I thought that would interest you.,Je pensais que ça vous intéresserait.
I thought that you were in charge.,Je pensais que tu étais la responsable.
I thought the food was too greasy.,J'ai pensé que la nourriture était trop grasse.
I thought the questions were easy.,Je pensais que les questions étaient faciles.
I thought we had an understanding.,Je pensais que nous nous étions entendus.
I thought we had an understanding.,Je pensais que nous nous étions entendues.
I thought you had all the answers.,Je pensais que tu avais toutes les réponses.
I thought you had all the answers.,Je pensais que tu disposais de toutes les réponses.
I thought you had all the answers.,Je pensais que vous aviez toutes les réponses.
I thought you had all the answers.,Je pensais que vous disposiez de toutes les réponses.
I thought your house was downtown.,Je pensais que ta maison se trouvait au centre-ville.
I thought your house was downtown.,Je pensais que votre maison se situait au centre-ville.
I told the news to everyone I met.,J'ai raconté les nouvelles à tous ceux que j'ai rencontrés.
I told you I need a few more days.,Je t'ai dit que j'avais besoin de quelques jours de plus.
I told you I need a few more days.,Je vous ai dit qu'il me fallait quelques jours supplémentaires.
I told you it was a waste of time.,Je t'ai dit que c'était une perte de temps.
I told you it was a waste of time.,Je vous ai dit que c'était une perte de temps.
I told you not to call me at work.,Je vous ai dit de ne pas m'appeler au travail.
I told you not to call me at work.,Je t'ai dit de ne pas m'appeler au travail.
I told you to leave it in the car.,Je t'ai dit de le laisser dans la voiture.
I told you to leave it in the car.,Je t'ai dit de la laisser dans la voiture.
I told you to leave it in the car.,Je vous ai dit de le laisser dans la voiture.
I told you to leave it in the car.,Je vous ai dit de la laisser dans la voiture.
I took on the job of proofreading.,J'ai pris un emploi de correcteur.
I took part in the sporting event.,Je pris part à la manifestation sportive.
I took the liberty of calling her.,J'ai pris la liberté de l'appeler.
I took the liberty of calling her.,Je me suis permis de l'appeler.
I totally agree with what you say.,Je suis entièrement d'accord avec ce que tu dis.
I totally agree with what you say.,Je suis entièrement d'accord avec ce que vous dites.
I tried doing that a few days ago.,J'ai essayé de faire ça il y a quelques jours.
I tried not to look into her eyes.,J'ai essayé de ne pas la regarder dans les yeux.
"I tried to call you, but couldn't.",J'ai essayé de t'appeler mais je n'ai pas pu.
"I tried to call you, but couldn't.",J'ai essayé de vous appeler mais je n'ai pas pu.
"I tried to eat it, but I couldn't.","J'ai essayé de le manger, mais je n'ai pas pu."
I tried writing with my left hand.,J'ai tenté d'écrire de la main gauche.
I try to never eat after 8:00 p.m.,J'essaie de ne jamais manger après huit heures.
I usually get up at eight o'clock.,Je me lève généralement à huit heures.
I usually get up at eight o'clock.,J'ai l'habitude de me lever à huit heures.
I usually got to bed about eleven.,Je vais d'habitude au lit vers onze heures environ.
I value your friendship very much.,J'apprécie énormément ton amitié.
I value your friendship very much.,J'accorde une très haute valeur à ton amitié.
I want Tom to take a look at that.,Je veux que Tom jette un coup d'œil là-dessus.
I want a large tube of toothpaste.,Je veux un gros tube de dentifrice.
I want a massage. I need to relax.,J’ai envie d’un massage. J'ai besoin de me détendre.
I want a tie to go with this suit.,Je veux une cravate qui aille avec ce costume.
I want for you and me to be happy.,Je veux que vous et moi soyons heureux.
I want for you and me to be happy.,Je veux que vous et moi soyons heureuses.
I want for you and me to be happy.,Je veux que toi et moi soyons heureux.
I want for you and me to be happy.,Je veux que toi et moi soyons heureuses.
I want my father to see the movie.,Je veux que mon père voie le film.
I want to be the first to do that.,Je veux être le premier à faire ça.
I want to be treated with respect.,Je veux qu'on me traite avec respect.
I want to buy a new pair of shoes.,Je souhaite acheter une nouvelle paire de chaussures.
I want to buy a new pair of shoes.,Je veux acheter une nouvelle paire de chaussures.
I want to buy a pair of ski boots.,Je veux acheter une paire de chaussures de ski.
I want to eat meat and vegetables.,Je veux manger de la viande et des légumes.
I want to hear you play the piano.,Je veux t'entendre jouer du piano.
I want to hear you play the piano.,Je veux vous entendre jouer du piano.
I want to hear you play the piano.,Je veux t'entendre jouer au piano.
I want to hear you play the piano.,Je veux vous entendre jouer au piano.
I want to keep on living with him.,Je veux continuer à vivre avec lui.
I want to know what's in this box.,Je veux savoir ce qu'il y a dans cette boîte.
I want to know what's in this box.,Je souhaite savoir ce qui se trouve dans cette boîte.
I want to know where it came from.,Je veux savoir d'où c'est venu.
I want to move to the countryside.,Je veux déménager à la campagne.
I want to name the baby after you.,Je veux donner ton nom au bébé.
I want to name the baby after you.,Je veux donner votre nom au bébé.
I want to see what I'm up against.,Je veux voir à quoi je fais face.
I want to see what I'm up against.,Je veux voir à quoi je me confronte.
I want to see what I'm up against.,Je veux voir à quoi je suis confronté.
I want to see what I'm up against.,Je veux voir à quoi je suis confrontée.
I want to set the record straight.,Je veux remettre les pendules à l'heure.
I want to talk to you after class.,Je veux vous parler après le cours.
I want to talk to you after class.,Je veux te parler après le cours.
I want to thank you for your time.,Je veux vous remercier pour votre temps.
I want to thank you for your time.,Je veux te remercier pour ton temps.
I want to travel around the world.,Je voudrais voyager autour du monde.
I want to visit Australia one day.,Je veux visiter un jour l'Australie.
I want what's best for both of us.,Je veux ce qui est mieux pour nous deux.
I want you all to be very careful.,Je veux que vous soyez toutes très prudentes.
I want you all to be very careful.,Je veux que vous soyez tous très prudents.
I want you to find out about that.,Je veux que tu te renseignes à ce sujet.
I want you to find out about that.,Je veux que vous vous renseigniez à ce sujet.
I want you to have a copy of this.,Je veux que vous ayez une copie de ceci.
I want you to have a copy of this.,Je veux que tu aies une copie de ceci.
I want you to help me clean it up.,Je veux que tu m'aides à le nettoyer.
I want you to help me clean it up.,Je veux que tu m'aides à la nettoyer.
I want you to help me clean it up.,Je veux que vous m'aidiez à le nettoyer.
I want you to help me clean it up.,Je veux que vous m'aidiez à la nettoyer.
I want you to keep your eyes open.,Je veux que tu gardes les yeux ouverts.
I want you to keep your eyes open.,Je veux que vous gardiez les yeux ouverts.
I want you to know how sorry I am.,Je veux que vous sachiez combien je suis désolé.
I want you to know how sorry I am.,Je veux que vous sachiez combien je suis désolée.
I want you to know how sorry I am.,Je veux que tu saches combien je suis désolé.
I want you to know how sorry I am.,Je veux que tu saches combien je suis désolée.
I want you to listen to this song.,Je veux que vous écoutiez cette chanson.
I want you to listen to this song.,Je veux que tu écoutes cette chanson.
I want you to look out the window.,Je veux que vous regardiez par la fenêtre.
I want you to look out the window.,Je veux que tu regardes par la fenêtre.
I want you to return to your seat.,Je veux que tu retournes à ta place.
I want you to return to your seat.,Je veux que tu retournes sur ta chaise.
I want you to return to your seat.,Je veux que vous retourniez à votre place.
I want you to return to your seat.,Je veux que vous retourniez sur votre chaise.
I want you to take a look at this.,Je veux que tu jettes un œil à ceci.
I want you to take a look at this.,Je veux que vous jetiez un œil à ceci.
I want your name and badge number.,Je veux votre nom et votre numéro de plaque d'identification.
I want your name and badge number.,Je veux votre nom et votre numéro de carte d'identification.
I want your name and badge number.,Je veux votre nom et votre numéro de passe.
I wanted to make you feel at home.,Je voulais vous faire sentir comme chez vous.
I wanted to make you feel at home.,Je voulais te faire sentir comme chez toi.
I wanted to see what would happen.,Je voulais voir ce qui arriverait.
I wanted to see what would happen.,Je voulais voir ce qui surviendrait.
I wanted you to have a little fun.,Je voulais que vous ayez un peu de distraction.
I wanted you to have a little fun.,Je voulais que tu aies un peu de distraction.
I was a teacher for fifteen years.,J'ai été enseignant pendant quinze ans.
I was a teacher for fifteen years.,J'ai été enseignante pendant quinze ans.
I was able to answer the question.,J'ai été capable de répondre à la question.
I was already married at your age.,"À votre âge, j'étais déjà mariée."
I was astonished by his ignorance.,J'étais étonné de son ignorance.
I was beginning to have my doubts.,Je commençais à avoir des doutes.
I was born the same day as my dog.,Je suis né le même jour que mon chien.
I was born the same day as my dog.,Je suis née le même jour que mon chien.
I was born the year the war ended.,Je suis né l'année où la guerre s'est terminée.
I was born the year the war ended.,Je suis née l'année où la guerre s'est terminée.
I was born the year the war ended.,Je suis né l'année où la guerre s'est achevée.
I was born the year the war ended.,Je suis née l'année où la guerre s'est achevée.
I was chained to the desk all day.,J'étais enchaîné au bureau toute la journée.
I was going to ask Tom to do that.,J'allais demander à Tom de faire cela.
I was in the garden all afternoon.,J'étais dans le jardin tout l'après-midi.
I was just talking to your mother.,Je parlais juste à ta mère.
I was looking for the right words.,Je cherchais les bons mots.
I was moved to tears by the story.,Je fus ému aux larmes par l'histoire.
I was moved to tears by the story.,J'ai été ému aux larmes par l'histoire.
I was moved to tears by the story.,Je fus émue aux larmes par l'histoire.
I was moved to tears by the story.,J'ai été émue aux larmes par l'histoire.
I was obliged to go out yesterday.,"J'ai été obligé de sortir, hier."
I was present at school yesterday.,"J'étais présent à l'école, hier."
I was present at school yesterday.,"C'est moi qui étais présent à l'école, hier."
I was really young when I met you.,J'étais vraiment jeune lorsque je t'ai rencontré.
I was really young when I met you.,J'étais vraiment jeune lorsque je t'ai rencontrée.
I was really young when I met you.,J'étais vraiment jeune lorsque je vous ai rencontré.
I was really young when I met you.,J'étais vraiment jeune lorsque je vous ai rencontrés.
I was stupid enough to believe it.,Je fus assez stupide pour le croire.
I was supposed to leave yesterday.,J'étais censé partir hier.
I was surprised by Tom's strength.,J'ai été surpris par la force de Tom.
I was surprised by what I learned.,Je fus surpris par ce que j'appris.
I was surprised by what I learned.,J'ai été surpris par ce que j'ai appris.
I was surprised by what I learned.,Je fus surprise par ce que j'appris.
I was surprised by what I learned.,J'ai été surprise par ce que j'ai appris.
I was taken aback by his rudeness.,J'ai été affligé par sa grossièreté.
I was ten minutes late for school.,Je suis arrivé 10 minutes en retard à l'école.
I was the first to begin speaking.,Je fus le premier à prendre la parole.
I was the first to begin speaking.,Je fus le premier à commencer à m'exprimer.
"I was tired, but I couldn't sleep.","J'étais fatigué, mais je ne pouvais pas dormir."
"I was tired, but I couldn't sleep.","J'étais fatiguée, mais je ne pouvais pas dormir."
I was totally unprepared for this.,Je n'étais absolument pas préparé à ceci.
I was trapped in a vicious circle.,Je me suis retrouvé piégé dans un cercle vicieux.
I was trapped in a vicious circle.,Je me suis retrouvée piégée dans un cercle vicieux.
I was very shy when I was a child.,J'étais très timide quand j'étais enfant.
I was walking to the station then.,"Je marchai vers la gare, à ce moment-là."
I wasn't able to take care of Tom.,Je n'étais pas capable de prendre soin de Tom.
I wasn't able to take care of Tom.,Je n'étais pas capable de m'occuper de Tom.
I wasn't expecting you to do that.,Je ne m'attendais pas à ce que vous fassiez cela.
I wasn't expecting you to do that.,Je ne m'attendais pas à ce que tu fasses ça.
I wasn't told where we were going.,On ne m'a pas dit où nous allions.
I wasn't told where we were going.,Je n'ai pas été informé d'où nous allions.
I watch television before I study.,Je regarde la télévision avant d'étudier.
I went for a drive in the country.,J'allai faire un tour en voiture dans la campagne.
I went for a drive in the country.,Je suis allé faire un tour en voiture dans la campagne.
I went to sleep during the lesson.,Je me suis endormi pendant le cours.
I went to the park to play tennis.,Je suis allé au parc pour jouer au tennis.
I will be free tomorrow afternoon.,Je serai libre demain après-midi.
I will come tomorrow without fail.,Je viendrai demain sans faute.
I will finish my homework by nine.,J'aurai fini mes devoirs à 9 heures.
I will follow you wherever you go.,Je te suivrai où que tu ailles.
I will follow you wherever you go.,Je te suivrai partout où tu iras.
I will give him the book tomorrow.,Demain je lui donnerai le livre.
I will give him the book tomorrow.,Je lui donnerai le livre demain.
I will give you anything you want.,Je te donnerai tout ce que tu veux.
I will give you whatever you want.,Je te donnerai tout ce que tu veux.
I will have him repair this watch.,Je lui ferai réparer cette montre.
I will leave it to your judgement.,Je laisse cela à votre jugement.
I will pick him up at the station.,J'irai le chercher à la gare.
I will play tennis this afternoon.,Je vais jouer au tennis cet après-midi.
I will repair that machine myself.,Je réparerai cette machine tout seul.
I wish I had a reason not to stay.,Si seulement j'avais une raison de ne pas rester !
I wish I had asked you for advice.,J'aurais dû te demander conseil.
I wish I had asked you for advice.,J'aurais dû vous demander conseil.
I wish I had eaten something else.,J'aurais aimé avoir mangé quelque chose d'autre.
I wish I were as smart as you are.,J'aimerais être aussi malin que vous ne l'êtes.
I wish I were as smart as you are.,J'aimerais être aussi intelligent que vous.
"I wish it weren't true, but it is.","J'aimerais que ce ne soit pas vrai, mais ça l'est."
I wish it would happen more often.,J'aimerais que ça se produise plus souvent.
I wish my father had lived longer.,J'aurais aimé que mon père vive plus longtemps.
I wish we had something like that.,J'aimerais que nous ayons quelque chose comme ça.
I wish you had told me what to do.,J'aurais aimé que tu m'aies dit quoi faire.
I wish you had told me what to do.,J'aurais aimé que vous m'ayez dit quoi faire.
I won't be able to help you today.,Je ne vais pas pouvoir t'aider aujourd'hui.
I won't be able to help you today.,Je ne pourrai pas vous aider aujourd'hui.
I won't bore you with the details.,Je ne t'ennuierai pas avec les détails.
I won't bore you with the details.,Je ne vais pas t'ennuyer avec les détails.
I won't come if it rains tomorrow.,Je ne viendrai pas s'il pleut demain.
I won't go to Australia this year.,Je n'irai pas en Australie cette année.
"I won't go, unless the rain stops.","Je n'irai pas, à moins que la pluie ne s'arrête."
I wonder how all of this happened.,Je me demande comment tout ceci s'est produit.
I wonder if Tom has a rope ladder.,Je me demande si Tom a une échelle de corde.
I wonder if Tom is really serious.,Je me demande si Tom est vraiment sérieux.
I wonder if it will rain tomorrow.,Je me demande s'il pleuvra demain.
I wonder if the weather will hold.,Je me demande si le temps se maintiendra.
I wonder what Tom actually thinks.,Je me demande ce que Tom pense vraiment.
I wonder what could be in the box.,Je me demande ce qu'il pourrait y avoir dans la boîte.
I wonder whether I could help Tom.,Je me demande si je pourrais aider Tom.
I wonder who this package is from.,Je me demande de qui provient ce paquet.
I wonder whose scissors these are.,Je me demande à qui appartiennent ces ciseaux.
I wonder why Tom always does that.,Je me demande pourquoi Tom fait toujours ça.
I wonder why the dogs are barking.,Je me demande pourquoi les chiens aboient.
"I would like some hot tea, please.","J'aimerais du thé chaud, s'il vous plaît."
I would like to ask two questions.,J'aimerais poser deux questions.
I would like to make a phone call.,J'aimerais passer un appel.
I would like to see Tom once more.,J’aimerais voir Tom une fois de plus.
I would like to try this dress on.,J'aimerais essayer cette robe.
I would like to visit South Korea.,J'aimerais visiter la Corée du Sud.
I would rather die than marry him.,Je préférerais plutôt mourir que de l'épouser.
I would rather not go there alone.,Je ne voudrais pas aller là-bas tout seul.
"I would walk, except it's too hot.",Je marcherais volontiers mais il fait trop chaud.
I wouldn't have made that mistake.,Je n'aurais pas fait cette erreur.
I wouldn't sell that at any price.,Je ne vendrais ça à aucun prix.
I wouldn't want to miss the party.,Je ne voudrais pas rater la fête.
I wouldn't want to take that risk.,Je ne voudrais pas prendre ce risque.
I'd hate to see that happen again.,Je détesterais voir cela se reproduire.
I'd like a word with you if I may.,J'aimerais vous toucher un mot si je peux me permettre.
"I'd like bread and butter, please.","Je voudrais du pain et du beurre, s'il vous plaît."
I'd like to buy a good dictionary.,J'aimerais acheter un bon dictionnaire.
I'd like to buy a good dictionary.,J'aimerais faire l'acquisition d'un bon dictionnaire.
I'd like to buy a washing machine.,J'aimerais acheter une machine à laver.
I'd like to buy a washing machine.,J'aimerais acquérir une machine à laver.
I'd like to buy a washing machine.,J'aimerais faire l'acquisition d'une machine à laver.
I'd like to cancel my reservation.,J'aimerais annuler ma réservation.
I'd like to find out what this is.,J'aimerais découvrir ce que c'est.
I'd like to find out what this is.,J'aimerais découvrir ce qu'est ceci.
I'd like to get a little shut eye.,J'aimerais faire un petit somme.
I'd like to get medical insurance.,Je voudrais souscrire une assurance maladie.
I'd like to go back to the office.,J'aimerais retourner au bureau.
I'd like to go somewhere else now.,J'aimerais désormais aller quelque part ailleurs.
I'd like to go somewhere else now.,J'aimerais désormais me rendre quelque part ailleurs.
I'd like to go to France sometime.,"J'aimerais aller en France, un jour."
I'd like to have a glass of water.,Je prendrais bien un verre d'eau.
I'd like to join a night bus tour.,"J'aimerais me joindre à une visite guidée en bus, de nuit."
I'd like to know if she's arrived.,Je voudrais savoir si elle est arrivée.
I'd like to reserve a single room.,J'aimerais réserver une chambre simple.
I'd like to sail around the world.,J'aimerais voguer autour du monde.
I'd like to sail around the world.,J'aimerais naviguer autour du monde.
I'd like to sail around the world.,J'aimerais naviguer autour du monde à la voile.
"I'd like to see that ring, please.","J'aimerais voir cette bague, je vous prie."
"I'd like to see that ring, please.","J'aimerais voir cette bague, je te prie."
I'd like to sit here for a moment.,J'aimerais m'assoir ici pendant un instant.
I'd like to speak to your manager.,J'aimerais parler à votre gérant.
I'd like to speak to your manager.,J'aimerais parler à votre directeur.
I'd like to speak to your manager.,J'aimerais parler à votre supérieur.
I'd like to stay for three nights.,Je désirerais rester trois nuits.
I'd like you to have a blood test.,J'aimerais que vous fassiez un test sanguin.
I'd like you to leave immediately.,J'aimerais que tu partes immédiatement.
I'd like you to leave immediately.,J'aimerais que vous partiez immédiatement.
I'd like you to look after my dog.,J'aimerais que tu t'occupes de mon chien.
I'd like you to look after my dog.,J'aimerais que vous vous occupiez de mon chien.
I'd like you to look at something.,J'aimerais que tu regardes quelque chose.
I'd like you to look at something.,J'aimerais que vous regardiez quelque chose.
I'd love to go to Boston with you.,J'aimerais aller à Boston avec toi.
I'd never played that game before.,Je n'ai jamais joué à ce jeu avant.
I'd never played that game before.,Je n'ai jamais joué à ce jeu auparavant.
I'd never testify against my wife.,Je ne témoignerai jamais contre ma femme.
I'd rather be here than in Boston.,Je préfère être ici plutôt qu'à Boston.
I'd rather die than give you this.,Je préférerais crever plutôt que de te donner ça.
I'd rather die than give you this.,J'aimerais mieux mourir plutôt que vous le donner.
I'd rather go today than tomorrow.,Je préférerais y aller aujourd'hui plutôt que demain.
I'd rather not talk about it here.,Je préfèrerais ne pas en parler ici.
I'd rather ride my bike than walk.,Je préférerais y aller à vélo plutôt qu'à pied.
I'll be able to see you next year.,Je pourrai te voir l'année prochaine.
I'll be with you in a few minutes.,Je serai à toi dans quelques minutes.
I'll be with you in a few minutes.,Je serai à vous dans quelques minutes.
I'll be with you in just a second.,J'arrive dans deux secondes.
I'll bring my sister to the party.,J'emmènerai ma sœur à la fête.
I'll call you in a couple of days.,Je t'appellerai dans quelques jours.
I'll call you in a couple of days.,Je vous appellerai dans deux jours.
I'll call you up tomorrow morning.,Je te téléphonerai demain matin.
I'll call you up tomorrow morning.,Je vous téléphonerai demain matin.
I'll come again when you are free.,Je reviendrai quand tu seras libre.
I'll deal with this problem later.,Je m'occuperai de ce problème plus tard.
I'll do that tomorrow if possible.,Je ferai ça demain si possible.
I'll do that tomorrow if possible.,Je ferai cela demain si possible.
I'll do that tomorrow if possible.,Je le ferai demain si possible.
I'll find someone else to help me.,Je trouverai quelqu'un d'autre pour m'aider.
I'll find someone else to help us.,Je trouverai quelqu'un d'autre pour nous aider.
I'll find the person who did this.,Je trouverai la personne qui a fait ça.
I'll give them an answer tomorrow.,Je leur donnerai une réponse demain.
I'll give you as many as you like.,Je vous en donnerai autant que vous en voulez.
I'll give you each thirty dollars.,Je vais vous donner trente dollars chacun.
I'll go out there and look around.,Je vais aller jeter un coup d'œil là-bas.
I'll have to find a part-time job.,Je devrai trouver un emploi à temps partiel.
I'll have to talk to Tom about it.,Je vais devoir parler à Tom à ce propos.
I'll help you as much as possible.,Je t'aiderai autant que possible.
I'll introduce you to a nice girl.,Je te présenterai une gentille fille.
I'll invite whoever wants to come.,J'invite qui veut bien venir.
I'll let you know when I need you.,Je te ferai savoir lorsque j'aurai besoin de toi.
I'll let you know when I need you.,Je vous ferai savoir lorsque j'aurai besoin de vous.
I'll let you know when I need you.,Je te préviendrai lorsque j'aurai besoin de toi.
I'll miss this place once I leave.,"Cet endroit me manquera, quand je serai parti."
I'll miss this place once I leave.,"Cet endroit me manquera, quand je serai partie."
I'll miss you very much if you go.,Vous me manquerez beaucoup si vous partez.
I'll need to make some more tests.,J'aurai besoin de faire quelques examens supplémentaires.
I'll never forget this experience.,Je n'oublierai jamais cette expérience.
I'll see you again this afternoon.,Je te reverrai cette après-midi.
I'll see you again this afternoon.,Je te reverrai cet après-midi.
I'll see you again this afternoon.,Je vous reverrai cette après-midi.
I'll see you again this afternoon.,Je vous reverrai cet après-midi.
I'll stand by you in time of need.,Je serai à ton côté en cas de besoin.
I'll take that into consideration.,J'y réfléchirai.
I'll take the more expensive ones.,Je prendrai les plus chers.
I'll take the more expensive ones.,Je vais prendre les plus chères.
I'll take the most expensive ones.,Je prendrai les plus chers.
I'll take the most expensive ones.,Je vais prendre les plus chères.
I'll teach you how to drive a car.,Je t'apprendrai comment conduire une voiture.
I'll tell you all I know about it.,Je vais vous dire tout ce que je sais à ce propos.
I'll tell you exactly what to say.,Je te dirai exactement quoi dire.
I'll tell you exactly what to say.,Je vous dirai exactement quoi dire.
I'll tell you what the problem is.,Je vais te dire ce qu'est le problème.
I'll turn around while you change.,Je vais me tourner pendant que tu te changes.
I'll wait here till he comes back.,J'attendrai ici jusqu'à ce qu'il revienne.
I'm a bit exhausted from the hike.,Je suis un peu épuisé par la randonnée.
I'm about the same age as you are.,J'ai environ le même âge que vous.
I'm about the same age as you are.,J'ai à peu près le même âge que toi.
I'm afraid I don't agree with you.,Je crains de ne pas être d'accord avec vous.
I'm afraid I don't agree with you.,J'ai peur de ne pas être d'accord avec toi.
I'm afraid I took the wrong train.,J'ai peur d'avoir pris le mauvais train.
I'm afraid I'm a bit out of shape.,Je crains d'être un peu défait.
I'm afraid I'm a bit out of shape.,Je crains d'être un peu défaite.
I'm afraid I'm on the wrong train.,J'ai peur d'être dans le mauvais train.
I'm afraid she may have the mumps.,J'ai peur qu'elle ait les oreillons.
I'm afraid we don't have any left.,J'ai peur que nous n'en ayons plus.
I'm always learning something new.,J'apprends toujours quelque chose de nouveau.
I'm ashamed to say that it's true.,J'ai honte de dire que c'est vrai.
I'm careful not to spend too much.,Je fais attention à ne pas trop dépenser.
I'm confident that you'll succeed.,Je suis sûr que vous allez réussir.
I'm confident that you'll succeed.,Je suis sûr que tu vas réussir.
I'm confident that you'll succeed.,Je suis certain que tu réussiras.
I'm determined to give up smoking.,Je suis résolu à arrêter de fumer.
I'm glad to see that you're happy.,Je suis contente de voir que tu es heureux.
I'm glad to see that you're happy.,Je suis content de voir que vous êtes heureuses.
I'm glad to see that you're happy.,Je suis contente de voir que tu es heureuse.
I'm glad to see that you're happy.,Je suis contente de voir que vous êtes heureux.
I'm glad to see that you're happy.,Je suis contente de voir que vous êtes heureuses.
I'm glad to see that you're happy.,Je suis contente de voir que vous êtes heureuse.
I'm glad to see that you're happy.,Je suis content de voir que vous êtes heureuse.
I'm glad to see that you're happy.,Je suis content de voir que vous êtes heureux.
I'm glad to see that you're happy.,Je suis content de voir que tu es heureuse.
I'm glad to see that you're happy.,Je suis content de voir que tu es heureux.
I'm going to ask Mary to marry me.,Je vais demander à Mary de m'épouser.
I'm going to ask you to leave now.,Je vais vous demander de partir maintenant.
I'm going to ask you to leave now.,Je vais te demander de partir maintenant.
I'm going to do that next weekend.,Je vais faire ça le week-end prochain.
I'm going to join a demonstration.,Je vais rejoindre une manifestation.
I'm going to my uncle's this week.,Je vais chez mon oncle cette semaine.
I'm going to need some more money.,Je vais avoir besoin de plus d'argent.
I'm going to take the 10:30 train.,Je vais prendre le train de 10h30.
I'm going to the library to study.,Je vais à la bibliothèque pour étudier.
I'm happy to see you in one piece.,Heureux de vous voir en un seul morceau !
I'm happy to see you in one piece.,Heureuse de vous voir en un seul morceau !
I'm happy to see you in one piece.,Heureux de te voir en un seul morceau !
I'm happy to see you in one piece.,Heureuse de te voir en un seul morceau !
I'm impressed you've done so well.,Je suis impressionné que tu aies si bien réussi.
I'm impressed you've done so well.,Je suis impressionnée que vous ayez si bien réussi.
I'm in love with a wonderful girl.,Je suis amoureux d'une fille géniale.
I'm interested in taking pictures.,Prendre des photos m'intéresse.
I'm intrigued by what's happening.,Je suis intrigué par ce qu'il se passe.
I'm just telling you what I heard.,Je te dit simplement ce que j'ai entendu.
I'm just telling you what I heard.,Je vous dit seulement ce que j'ai entendu.
I'm leaving tonight for Australia.,Je pars ce soir pour l'Australie.
I'm looking for a bag for my wife.,Je cherche un sac pour ma femme.
I'm looking for a bag for my wife.,Je cherche un sac pour mon épouse.
I'm looking forward to doing that.,J'ai hâte de faire ça.
I'm looking forward to doing that.,Je suis impatiente de faire cela.
I'm looking forward to seeing him.,Je me réjouis de le voir.
I'm looking forward to seeing you.,J'ai hâte de vous voir.
I'm lucky to have you as a friend.,Je suis chanceux de t'avoir comme ami.
I'm lucky to have you as a friend.,Je suis chanceux de vous avoir comme ami.
I'm lucky to have you as a friend.,Je suis chanceux de t'avoir comme amie.
I'm lucky to have you as a friend.,Je suis chanceuse de t'avoir comme ami.
I'm lucky to have you as a friend.,Je suis chanceuse de vous avoir comme ami.
I'm lucky to have you as a friend.,Je suis chanceuse de t'avoir comme amie.
I'm lucky to have you as a friend.,Je suis chanceuse de vous avoir comme amie.
I'm lucky to have you as a friend.,Je suis chanceuse de t'avoir pour ami.
I'm lucky to have you as a friend.,Je suis chanceuse de t'avoir pour amie.
I'm lucky to have you as a friend.,Je suis chanceux de t'avoir pour ami.
I'm lucky to have you as a friend.,Je suis chanceux de t'avoir pour amie.
I'm lucky to have you as a friend.,Je suis chanceux de vous avoir pour ami.
I'm lucky to have you as a friend.,Je suis chanceux de vous avoir pour amie.
I'm lucky to have you as a friend.,Je suis chanceuse de vous avoir pour amie.
I'm lucky to have you as a friend.,Je suis chanceux de vous avoir comme amie.
I'm lucky to have you as a friend.,Je suis chanceuse de vous avoir pour ami.
I'm married and I have a daughter.,Je suis marié et j'ai une fille.
I'm not able to do that by myself.,Je ne peux pas le faire moi-même.
I'm not allowed to do that either.,Je n'ai pas le droit de faire ça non plus.
I'm not always at home on Sundays.,Je ne suis pas toujours à la maison le dimanche.
I'm not always at home on Sundays.,Je ne suis pas toujours chez moi le dimanche.
I'm not as rich as I'd like to be.,Je ne suis pas aussi riche que je le voudrais.
I'm not as rich as I'd like to be.,Je ne suis pas aussi riche que je le souhaiterais.
I'm not free to go this afternoon.,Je ne suis pas libre de mes mouvements cet après-midi.
I'm not free to go this afternoon.,Je ne suis pas libre cette après-midi.
I'm not giving you any more money.,Je ne te donnerai pas davantage d'argent.
I'm not giving you any more money.,Je ne vous donnerai pas davantage d'argent.
I'm not going out in this weather.,Je ne sors pas avec ce temps.
I'm not going to do that tomorrow.,Je ne vais pas faire ça demain.
I'm not going to tell you my name.,Je ne vais pas te dire mon nom.
I'm not going to tell you my name.,Je ne vais pas vous dire mon nom.
I'm not happy about the situation.,Je ne suis pas heureux de la situation.
I'm not happy about the situation.,Je ne suis pas heureuse de la situation.
I'm not happy with this situation.,Je ne suis pas content de cette situation.
I'm not happy with this situation.,Je ne me satisfais pas de cette situation.
I'm not in the least afraid of it.,Ça ne me fait pas du tout peur.
I'm not quite sure how to do that.,Je ne suis pas vraiment sûr de comment faire ça.
I'm not really worried about that.,Je ne suis pas vraiment inquiet à ce sujet.
I'm not really worried about that.,Je ne suis pas vraiment inquiète à ce sujet.
"I'm not rich, nor do I wish to be.","Je ne suis pas riche, et ne souhaite pas l'être."
I'm not saying this is your fault.,Je ne dis pas que c'est de ta faute.
I'm not sure I have time for that.,Je ne suis pas sûre d'avoir le temps pour ça.
I'm not sure I'm ready to do this.,Je ne suis pas sûr d'être prêt à le faire.
I'm not sure I'm ready to do this.,Je ne suis pas sûre d'être prête à le faire.
I'm not sure if I'm stupid or not.,Je ne suis pas sûr d'être idiot ou pas.
I'm not sure if I'm stupid or not.,Je ne suis pas sûre d'être idiote ou pas.
I'm not sure that that's all true.,Je ne suis pas sûr que tout cela soit vrai.
I'm not sure that that's all true.,Je ne suis pas sûre que tout cela soit vrai.
I'm not sure that that's possible.,Je ne suis pas sûr que ça soit possible.
I'm not sure that that's possible.,Je ne suis pas sûre que ça soit possible.
I'm not sure that that's the case.,Je ne suis pas sûr que ça soit le cas.
I'm not sure that that's the case.,Je ne suis pas sûre que ça soit le cas.
I'm not the kind to kiss and tell.,Je ne suis pas du genre à étaler mes histoires de fesses.
I'm not the only one with a child.,Je ne suis pas la seule avec un enfant.
I'm not the only one with a child.,Je ne suis pas le seul avec un enfant.
I'm not totally convinced of that.,Je ne suis pas totalement convaincu de cela.
I'm not totally convinced of that.,Je n'en suis pas totalement convaincue.
I'm not used to this kind of work.,Je ne suis pas habitué à ce genre de travail.
I'm not used to this kind of work.,Je ne suis pas habituée à ce genre de travail.
I'm now able to do that by myself.,Je suis maintenant capable de faire ça par moi-même.
I'm often compared to my brothers.,Je suis souvent comparé à mes frères.
I'm often mistaken for my brother.,On me confond souvent avec mon frère.
I'm often mistaken for my brother.,On me prend souvent pour mon frère.
I'm pretty sure I didn't say that.,Je suis plutôt sûr que je n'ai pas dit ça.
I'm pretty sure I didn't say that.,Je suis plutôt sûre que je n'ai pas dit ça.
I'm pretty sure Tom could do that.,Je suis certain que Tom pourrait le faire.
I'm pretty sure that's Tom's goal.,Je suis presque sûr que c'est le but de Tom.
I'm pretty sure that's Tom's goal.,Je suis presque sûre que c'est le but de Tom.
I'm ready to accept my punishment.,Je suis prêt à accepter ma punition.
I'm ready to accept my punishment.,Je suis prête à accepter ma sanction.
I'm really enjoying the challenge.,J'apprécie vraiment le défi.
I'm really flattered to hear that.,Je suis très flatté d'entendre cela.
I'm really sorry about last night.,Je suis vraiment désolé pour la nuit dernière.
I'm saving this seat for a friend.,Je garde cette place pour un ami.
I'm sorry I dragged you into this.,Je suis désolé de t'avoir entraîné là-dedans.
I'm sorry I dragged you into this.,Je suis désolée de t'avoir entraîné là-dedans.
I'm sorry I dragged you into this.,Je suis désolé de t'avoir entraînée là-dedans.
I'm sorry I dragged you into this.,Je suis désolé de vous avoir entraîné là-dedans.
I'm sorry I dragged you into this.,Je suis désolée de vous avoir entraîné là-dedans.
I'm sorry I dragged you into this.,Je suis désolé de vous avoir entraînées là-dedans.
I'm sorry I dragged you into this.,Je suis désolé de vous avoir entraînés là-dedans.
I'm sorry I dragged you into this.,Je suis désolée de vous avoir entraînés là-dedans.
I'm sorry I dragged you into this.,Je suis désolée de vous avoir entraînée là-dedans.
I'm sorry I forced you to do that.,Je suis désolé de t'avoir forcé à faire ça.
I'm sorry I forced you to do that.,Je suis désolée de vous avoir forcé à faire ça.
I'm sorry I made you wait so long.,Je suis désolé de t'avoir fait attendre si longtemps.
I'm sorry I made you wait so long.,Je suis désolée de vous avoir fait attendre si longtemps.
I'm sorry I'm calling you at work.,Je suis désolé de t'appeler au travail.
I'm sorry I'm calling you at work.,Je suis désolé de vous appeler au travail.
I'm sorry I'm calling you at work.,Je suis désolée de t'appeler au travail.
I'm sorry I'm calling you at work.,Je suis désolée de vous appeler au travail.
I'm sorry that I broke my promise.,Je suis désolée d'avoir rompu ma promesse.
I'm sorry that I broke my promise.,Je suis désolé d'avoir rompu ma promesse.
"I'm sorry, I didn't recognize you.","Je suis désolé, je ne vous ai pas reconnu."
"I'm sorry, I didn't recognize you.","Je suis désolé, je ne vous ai pas reconnue."
"I'm sorry, I didn't recognize you.","Je suis désolé, je ne vous ai pas reconnus."
"I'm sorry, I didn't recognize you.","Je suis désolé, je ne vous ai pas reconnues."
"I'm sorry, I didn't recognize you.","Je suis désolé, je ne t'ai pas reconnu."
"I'm sorry, I didn't recognize you.","Je suis désolé, je ne t'ai pas reconnue."
"I'm sorry, I didn't recognize you.","Je suis désolée, je ne t'ai pas reconnu."
"I'm sorry, I didn't recognize you.","Je suis désolée, je ne t'ai pas reconnue."
"I'm sorry, I didn't recognize you.","Je suis désolée, je ne vous ai pas reconnues."
"I'm sorry, I didn't recognize you.","Je suis désolée, je ne vous ai pas reconnus."
"I'm sorry, I didn't recognize you.","Je suis désolée, je ne vous ai pas reconnue."
"I'm sorry, I didn't recognize you.","Je suis désolée, je ne vous ai pas reconnu."
"I'm sorry, but I don't understand.",Je suis désolé mais je ne comprends pas.
"I'm sorry, but I don't understand.",Je suis désolée mais je ne comprends pas.
"I'm sorry, but I'm busy right now.",Je suis désolé mais pour l'instant je suis occupé.
"I'm sorry, we don't accept checks.","Je suis désolé, nous n'acceptons pas les chèques."
I'm sorry. I got the wrong number.,"Excusez-moi, je me suis trompé de numéro."
I'm still waiting for your answer.,J'attends toujours ta réponse.
I'm still waiting for your answer.,J'attends toujours votre réponse.
I'm supposed to do that by myself.,Je suis censé le faire moi-même.
I'm supposed to do that by myself.,Je suis censée le faire moi-même.
I'm supposed to do that on Monday.,Je suis censé faire ça lundi.
I'm sure Tom will know what to do.,Je suis sûr que Tom saura quoi faire.
I'm sure we'll do better tomorrow.,Je suis sûr qu'on fera mieux demain.
I'm sure we'll do better tomorrow.,Je suis certaine que nous ferons mieux demain.
I'm sure you'll like your new job.,Je suis sur que tu aimeras ton nouveau travail.
I'm sure you'll like your new job.,Je suis sûre que vous aimerez votre nouveau travail.
I'm sure you're going to enjoy it.,Je suis sûre que ça va te plaire.
I'm sure you're going to enjoy it.,Je suis sûr que ça va te plaire.
I'm surprised you weren't invited.,Je suis étonné qu'on ne vous ait pas invité.
I'm surprised you weren't invited.,Je suis étonné qu'on ne vous ait pas invitée.
I'm surprised you weren't invited.,Je suis étonné qu'on ne vous ait pas invitées.
I'm taking care of my grandfather.,Je m'occupe de mon grand-père.
I'm taking care of my grandfather.,Je prends soin de mon grand-père.
I'm taking tomorrow afternoon off.,"Je prends mon après-midi, demain."
I'm the guy who gave Tom that hat.,Je suis le gars qui a donné à Tom ce chapeau.
I'm the happiest man in the world.,Je suis l'homme le plus heureux du monde.
I'm the happiest man in the world.,Je suis l'homme le plus heureux au monde.
I'm the luckiest guy in the world.,Je suis le type le plus chanceux du monde.
I'm thinking about something else.,Je suis en train de penser à autre chose.
I'm to blame for my son's failure.,Je suis responsable de l'échec de mon fils.
I'm too tired to go out for a run.,Je suis trop fatigué pour sortir courir.
I'm too tired to walk any further.,Je suis trop fatigué pour continuer de marcher.
I'm very glad to finally meet you.,Je suis ravie de te rencontrer enfin.
I'm very much aware of the danger.,Je suis très conscient du danger.
I'm very much aware of the danger.,Je suis extrêmement consciente du danger.
I'm very pleased to hear the news.,Je suis très heureux d'entendre la nouvelle.
I'm waiting for a letter from Tom.,J'attends une lettre de Tom.
I'm willing to attend the meeting.,Je suis prêt à assister à la réunion.
I'm willing to go anywhere you go.,Je suis partant pour aller où que tu ailles.
I'm willing to go anywhere you go.,Je suis disposé à me rendre où que vous alliez.
I've always lived with my parents.,J'ai toujours vécu avec mes parents.
I've always wanted to be a father.,J'ai toujours voulu être père.
I've always wanted to be a mother.,J'ai toujours voulu être mère.
I've been looking forward to this.,J'attendais ceci avec impatience.
I've been meaning to get in touch.,J'ai l'intention d'entrer en contact.
"I've been thinking about you, too.",J'ai moi aussi pensé à toi.
"I've been thinking about you, too.",J'ai moi aussi pensé à vous.
"I've been thinking about you, too.","J'ai pensé à toi, moi aussi."
"I've been thinking about you, too.","J'ai pensé à vous, moi aussi."
I've been unhappy for a long time.,J'ai été malheureux pendant longtemps.
I've been unhappy for a long time.,J'ai été malheureuse pendant longtemps.
I've been working on this all day.,J'ai travaillé sur ça toute la journée.
I've climbed Mt. Fuji three times.,J'ai escaladé le Mont Fuji trois fois.
I've decided that I won't do that.,J'ai décidé que je ne le ferai pas.
I've decided to do that by myself.,J'ai décidé de le faire moi-même.
I've decided to go back to school.,J'ai décidé de retourner à l'école.
I've done everything you've asked.,J'ai fait tout ce que tu as demandé.
I've done everything you've asked.,J'ai fait tout ce que vous avez demandé.
I've done things I'm not proud of.,J'ai fait des choses dont je ne suis pas fier.
I've done things I'm not proud of.,J'ai fait des choses dont je ne suis pas fière.
I've got a class in a few minutes.,J'ai un cours dans quelques minutes.
I've got some rather serious news.,J'ai quelques nouvelles sérieuses.
I've got something better in mind.,J'ai quelque chose de meilleur en tête.
I've got things under control now.,J'ai la situation en main maintenant.
I've just eaten so I'm not hungry.,"Je viens de manger, donc je n'ai pas faim."
I've just eaten so I'm not hungry.,"Je n'ai pas faim, je viens juste de manger."
I've kept a diary for three years.,Je tiens un journal intime depuis trois ans.
I've known her since I was little.,Je la connais depuis mon enfance.
I've managed to stop the bleeding.,Je suis parvenu à arrêter le saignement.
I've missed so many opportunities.,J'ai raté tant d'opportunités.
I've never asked you for anything.,Je ne t'ai jamais rien demandé.
I've never asked you for anything.,Je ne vous ai jamais rien demandé.
I've never been this happy before.,Je n'ai jamais été aussi heureux.
I've never felt better in my life.,Jamais je ne me suis mieux senti dans la vie.
I've never had a traffic accident.,Je n'ai jamais eu d'accident de la circulation.
I've never heard this song before.,Je n'ai jamais entendu cette chanson auparavant.
I've never read a novel in French.,Je n'ai jamais lu de roman en français.
I've never regretted marrying you.,Je n'ai jamais regretté de t'avoir épousé.
I've never seen him wearing jeans.,Je ne l'ai jamais vu porter des jeans.
I've never seen him wearing jeans.,Je ne l'ai jamais vu porter de jeans.
I've never studied French grammar.,Je n'ai jamais étudié la grammaire française.
I've never taught anyone anything.,Je n’ai jamais rien appris à personne.
I've read every book on the shelf.,J'ai lu tous les livres sur l'étagère.
I've warned you before about this.,Je t'ai prévenu auparavant.
I've warned you before about this.,Je vous ai prévenu auparavant.
I've warned you before about this.,Je t'ai prévenue auparavant.
I've warned you before about this.,Je vous ai prévenue auparavant.
I've warned you before about this.,Je vous ai prévenus auparavant.
I've warned you before about this.,Je vous ai prévenues auparavant.
Iceland used to belong to Denmark.,L'Islande a appartenu au Danemark.
Iceland used to belong to Denmark.,L'Islande appartenait autrefois au Danemark.
"If I were rich, I would go abroad.","Si j'étais riche, je me rendrais à l'étranger."
"If it gets boring, I will go home.","Si ça devient ennuyeux, j'irai chez moi."
"If it rains, bring the washing in.","S'il pleut, rentre le linge."
If only I'd hadn't stayed so long!,Si seulement je n'étais pas resté si longtemps !
If only I'd hadn't stayed so long!,Si seulement je n'étais pas restée si longtemps !
"If you can't beat them, join them.","Si tu ne peux pas les battre, allie-toi avec eux."
"If you can't beat them, join them.","Si vous n'arrivez pas à les vaincre, joignez-vous à eux."
"If you can't beat them, join them.","Si vous n'arrivez pas à les vaincre, joignez-vous à elles."
"If you don't want it, I'll eat it.","Si tu n'en veux pas, je le mangerai."
"If you don't want it, I'll eat it.","Si vous n'en voulez pas, je le mangerai."
"If you help me, I'll try it again.","Si tu m'aides, alors je réessayerai."
"If you need anything, let me know.","Si tu as besoin de quoi que ce soit, fais-le-moi savoir."
"If you need anything, let me know.","Si vous avez besoin de quoi que ce soit, faites-le-moi savoir."
"If you want that, you can have it.","Si tu veux ça, tu peux l'avoir."
"If you want that, you can have it.","Si vous voulez ça, vous pouvez l'avoir."
"If you want to stay, you can stay.","Si vous voulez rester, vous pouvez rester."
"If you want, you can easily do it.","Si tu veux, tu peux le faire aisément."
"If you'd listen, you'd understand.","Si tu écoutais, tu comprendrais."
"In France, voting isn't mandatory.","En France, le vote n'est pas obligatoire."
"In any case, it's always my fault.","De toutes façons, c'est toujours de ma faute."
"In case of a fire, use the stairs.","En cas d'incendie, veuillez utiliser les escaliers."
"In case of a fire, use the stairs.","En cas d'incendie, utilisez les escaliers."
"In case of an emergency, dial 110.","En cas d'urgence, composez le cent dix."
Is French pronunciation difficult?,La prononciation française est-elle difficile ?
Is anyone else excited about this?,Quelqu'un d'autre est-il enthousiasmé par cela ?
Is it really necessary to do that?,Est-il vraiment nécessaire de faire ça ?
Is that all you have to say to me?,Est-ce tout ce que tu as à me dire ?
Is that all you have to say to me?,Est-ce tout ce que vous avez à me dire ?
Is that all you wanted to tell us?,Est-ce là tout ce que tu voulais nous dire ?
Is that all you wanted to tell us?,Est-ce là tout ce que vous vouliez nous dire ?
Is that supposed to be a question?,Est-ce supposé être une question ?
Is that what the government wants?,Est-ce cela que veut le gouvernement?
Is that your professional opinion?,Est-ce ton opinion professionnelle ?
Is the Orient too foreign for you?,L'Orient vous est-il trop étranger ?
Is the Orient too foreign for you?,L'Orient t'est-il trop étranger ?
Is there a youth hostel near here?,Est-ce qu'il y a une auberge de jeunesse près d'ici ?
Is there another way to get there?,Y a-t-il un autre moyen de s'y rendre ?
Is there another word for synonym?,Y a t-il un autre mot pour « synonyme » ?
Is there anything else you'd like?,Y a-t-il quoi que ce soit d'autre que tu aimerais ?
Is there anything else you'd like?,Y a-t-il quoi que ce soit d'autre que vous aimeriez ?
Is there anything you want to add?,Voulez-vous ajouter quelque chose ?
Is there anything you want to say?,Y a-t-il quoi que ce soit que tu veuilles dire ?
Is there anything you want to say?,Y a-t-il quoi que ce soit que vous vouliez dire ?
Is there enough food for everyone?,Y a-t-il assez à manger pour tout le monde ?
Is there enough food for everyone?,Y a-t-il assez de nourriture pour tous ?
Is there somebody you want to see?,Y a-t-il quelqu'un que tu veuilles voir ?
Is there somebody you want to see?,Y a-t-il quelqu'un que vous vouliez voir ?
Is this really all that important?,Est-ce vraiment si important ?
Is this what you were looking for?,Est-ce ce que tu cherchais ?
Is this what you were looking for?,Est-ce ce que vous cherchiez ?
Is your new computer working well?,Ton nouvel ordinateur marche bien ?
Is your new computer working well?,Votre nouvel ordinateur fonctionne-t-il bien ?
Is your school far from your home?,Ton école est-elle loin de ta maison ?
Isn't that an amazing coincidence?,N'est-ce pas une coïncidence incroyable ?
Isn't that what you always wanted?,N'est-ce pas ce que vous avez toujours voulu ?
Isn't that what you always wanted?,N'est-ce pas ce que tu as toujours voulu ?
Isn't there going to be a wedding?,Un marriage ne va-t-il pas avoir lieu ?
It appears that he was in a hurry.,Il semble qu'il était pressé.
It cost $300 to get the car fixed.,Ça coûte trois-cents dollars de faire réparer la voiture.
It cost less than fifteen dollars.,Ça coûtait moins de quinze dollars.
It could just be your imagination.,Ce pourrait n'être que votre imagination.
It could just be your imagination.,Ce pourrait n'être que ton imagination.
It could just be your imagination.,Ce pourrait simplement être votre imagination.
It could just be your imagination.,Ce pourrait simplement être ton imagination.
It doesn't matter how old you are.,Ton âge n'a pas d'importance.
It doesn't matter how old you are.,Votre âge n'a pas d'importance.
It doesn't matter how small it is.,Sa petitesse n'a pas d'importance.
"It doesn't seem possible, does it?","Ça ne semble pas possible, si ?"
It feels very similar to this one.,On a la même sensation qu'avec celui-là.
It happend completely by accident.,Ça s'est produit complètement accidentellement.
It happend completely by accident.,C'est arrivé par pur accident.
It has been raining since Tuesday.,Il pleut depuis mardi.
It has no bearing on this problem.,Cela n'a aucune incidence sur le problème.
It is a great pleasure to be here.,C'est un grand plaisir pour moi de me trouver ici.
It is a lot of fun to drive a car.,C'est très amusant de conduire une voiture.
It is a very difficult job for us.,C'est pour nous un travail très difficile.
It is easy to answer the question.,Il est facile de répondre à la question.
It is hard for me to believe this.,Je trouve cela difficile à croire.
It is illegal to park a car there.,Il est illégal d'y garer une voiture.
It is illegal to park a car there.,Il est interdit de se garer là-bas.
It is impossible for him to do it.,Il lui est impossible de le faire.
It is impossible for you to do so.,Il est impossible pour toi de faire ça.
It is not far away from the hotel.,Ce n'est pas loin de l'hôtel.
It is not good to laugh at others.,Ce n'est pas bien de rire des autres.
It is premature to discuss it now.,Il est prématuré d'en débattre maintenant.
It is probable that she will come.,Il se peut qu'elle vienne.
It is probable that she will come.,Il est probable qu'elle vienne.
It is time you told her the truth.,Il est temps que tu lui dises la vérité.
It is time you told her the truth.,Il est temps que vous lui disiez la vérité.
It is too cold for a picnic today.,Il fait trop froid aujourd'hui pour un pique-nique.
It is too expensive for me to buy.,C'est trop cher pour que je l'achète.
It is useless to go on strike now.,Il est inutile de faire une grève maintenant.
It is very hard to date this vase.,Il est très dur de dater ce vase.
It is warmer today than yesterday.,Il fait plus chaud aujourd'hui qu'hier.
It looks as if it's going to rain.,On dirait qu'il va pleuvoir.
It looks fun. Why don't we try it?,Ça a l'air marrant. Pourquoi n'essayons-nous pas ?
It looks like we fell into a trap.,Il semble que nous soyons tombé dans un piège.
It looks like you had a tough day.,On dirait que tu as eu une journée difficile.
It looks like your dog is thirsty.,Ton chien semble avoir soif.
It makes no difference who I meet.,Peu importe qui je rencontre.
It must've been extremely painful.,Ça a dû être extrêmement douloureux.
It must've been extremely painful.,Cela a dû être extrêmement douloureux.
It seems that he knows everything.,Il semble tout savoir.
It takes a thief to catch a thief.,Il faut un voleur pour attraper un autre voleur.
It was almost noon when I woke up.,Il était presque midi quand je me suis réveillé.
It was crowded here all last week.,Il y avait foule ici toute la semaine dernière.
It was hot and crowded on the bus.,Il faisait chaud dans le bus et il était bondé.
It was just a passing infatuation.,Ce n'était qu'une toquade.
It was just a passing infatuation.,Ce n'était qu'une lubie.
It was like that when I bought it.,C'était comme ça quand je l'ai acheté.
It was obvious that they had lied.,Il était évident qu'ils avaient menti.
It was proved that he was a thief.,Il fut prouvé qu'il était un voleur.
It was quite dark when I got home.,Il faisait assez sombre lorsque j'atteignis mon domicile.
It was quite dark when I got home.,Il faisait assez sombre lorsque j'ai atteint mon domicile.
It was supposed to be kept secret.,C'était supposé être gardé secret.
It was very nice seeing you again.,C'était un plaisir de vous revoir.
It was very nice seeing you again.,C'était vraiment sympathique de te revoir.
It was where Tom said it would be.,Il était là où Tom avait dit qu'il serait.
It wasn't Tom's idea. It was mine.,"Ce n'était pas l'idée de Tom, c'était la mienne."
It wasn't exactly a piece of cake.,Ça n'a pas exactement été une partie de plaisir.
It wasn't me who slammed the door.,Ce n'est pas moi qui ai claqué la porte.
It wasn't supposed to be this way.,Ce n'était pas censé être comme ça.
It would be a good idea if I went.,Ce serait une bonne idée que j'y aille.
It would be a good idea if I went.,Ce serait une bonne idée que je m'y rende.
It would be ridiculous to do that.,Faire cela serait ridicule.
It would be sad if that were true.,"Ça serait triste, si c'était vrai."
It would've been risky to do that.,Cela aurait été risqué de faire cela.
It's Tom's 30th birthday tomorrow.,C'est le trentième anniversaire de Tom demain.
"It's a beautiful sunset, isn't it?","C'est un beau coucher de soleil, n'est-ce pas ?"
It's a bit too complicated for me.,C'est un peu trop compliqué pour moi.
"It's a bit warm in here, isn't it?","Il fait un peu chaud ici, non ?"
It's a cloak-and-dagger operation.,C'est une opération clandestine.
It's a fairly complicated problem.,C'est un problème très compliqué.
"It's a magnificent view, isn't it?","C'est une vue magnifique, n'est-ce pas ?"
It's a matter of vital importance.,C'est une question d'importance vitale.
It's a very challenging racetrack.,C'est un circuit très difficile.
It's a wonder they're still awake.,C'est un miracle qu'ils soient toujours éveillés.
It's about time you got a haircut.,Il serait temps que tu te coupes les cheveux.
It's already ten o'clock at night.,Il est déjà 10 heures du soir.
It's always a pleasure to see you.,C'est toujours un plaisir de te voir.
It's always a pleasure to see you.,C'est toujours un plaisir de vous voir.
It's been ten years since he died.,Ça fait dix ans qu'il est mort.
It's been ten years since he died.,Cela fait dix ans qu'il est décédé.
It's easy to fall into bad habits.,C'est facile de prendre de mauvaises habitudes.
It's eight o'clock in the morning.,Il est huit heures du matin.
It's going to be harder this time.,Ça va être plus difficile cette fois.
It's going to be harder this time.,Ça va être plus dur cette fois.
It's going to get quite hot today.,Il va faire chaud aujourd'hui.
It's hard to forget what happened.,C'est difficile d'oublier ce qui s'est passé.
It's hard to get people to change.,Il est difficile de faire changer les gens.
It's hard to understand his ideas.,Il est difficile de comprendre ses idées.
It's important that you hear this.,Il est important que tu entendes cela.
It's important that you hear this.,Il est important que vous entendiez cela.
It's kind of you to drive me home.,C'est gentil de votre part de me conduire à la maison.
It's me that went there yesterday.,C'est moi qui me suis rendu là-bas hier.
It's me that went there yesterday.,C'est moi qui suis allé là-bas hier.
It's mean of you to talk that way.,C'est mesquin de ta part de parler ainsi.
It's more comfortable here inside.,"C'est plus confortable ici, à l'intérieur."
It's more trouble than it's worth.,C'est davantage de problèmes que ça ne vaut.
It's morning here in my time zone.,"C'est le matin ici, dans mon fuseau horaire."
It's my turn to tell you a secret.,C'est mon tour de te raconter un secret.
It's probably just my imagination.,Ce n'est probablement que mon imagination.
It's really difficult to describe.,C'est vraiment difficile à décrire.
It's really none of your business.,Ce n'est vraiment pas tes oignons.
It's really none of your business.,Ce ne sont vraiment pas vos affaires.
It's strange that nobody knows us.,C'est bizarre que personne ne nous connaisse.
"It's sunny, but the water is cold.","Il y a du soleil, mais l'eau est froide."
It's the best-kept secret in town.,C'est le secret le mieux gardé du moment.
It's the only logical explanation.,C'est la seule explication logique.
It's time to get down to business.,Il est temps de se concentrer sur les affaires.
It's time to tell the whole truth.,Il est temps de dire toute la vérité.
It's very likely Tom will do that.,Il est très probable que Tom le fasse.
It's very likely to rain tomorrow.,Il est fort probable qu'il pleuve demain.
It's what we've always dreamed of.,C'est ce dont nous avons toujours rêvé.
It's your turn to wash the dishes.,C'est ton tour de faire la vaisselle.
Italy is a very beautiful country.,L'Italie est un très beau pays.
I’ll introduce you to my mother.,Je vais te présenter ma maman.
Job security became a major worry.,La sécurité de l'emploi est devenue un souci majeur.
John is two years older than I am.,John a deux ans de plus que moi.
Julius Caesar was a Roman emperor.,Jules César était un empereur romain.
Karima hasn't read the letter yet.,Karima n'a pas encore lu la lettre.
Keep it in mind for the next time.,Garde-le en tête pour la prochaine fois !
Keep it in mind for the next time.,Gardez-le en tête pour la prochaine fois !
Keep the child away from the pond.,Tiens le gosse à l'écart de l'étang !
Keep the child away from the pond.,Tenez le gosse à l'écart de l'étang !
Keep your room as neat as you can.,Garde ta chambre aussi propre que tu peux.
Keep your room as neat as you can.,Tiens ta chambre aussi propre que tu peux.
Keep your room as neat as you can.,Garde ta chambre aussi nette que tu peux.
Keep your room as neat as you can.,Tiens ta chambre aussi nette que tu peux.
Keep your room as neat as you can.,Tenez votre chambre aussi propre que vous pouvez.
Keep your room as neat as you can.,Gardez votre chambre aussi propre que vous pouvez.
Keep your room as neat as you can.,Tenez votre chambre aussi nette que vous pouvez.
Keep your room as neat as you can.,Gardez votre chambre aussi nette que vous pouvez.
Keep your room as neat as you can.,Maintenez votre chambre aussi propre que vous pouvez.
Keep your room as neat as you can.,Maintenez votre chambre aussi nette que vous pouvez.
Keep your room as neat as you can.,Maintiens ta chambre aussi nette que tu peux.
Keep your room as neat as you can.,Maintiens ta chambre aussi propre que tu peux.
Kobe is the city where I was born.,Kobe est la ville où je suis né.
Kobe is the city where I was born.,Kobé est ma ville natale.
Kobe is the city where I was born.,Kobe est la ville où je suis née.
Kyoto is visited by many tourists.,Beaucoup de touristes visitent Kyoto.
Language can be used in many ways.,Le langage peut-être employé de diverses manières.
Last night was exceptionally cold.,La nuit dernière était exceptionnellement froide.
Last night we worked until 10 p.m.,Hier soir nous avons travaillé jusqu'à dix heures.
Learn from the mistakes of others.,Apprends des erreurs des autres.
Leave your message after the beep.,Laissez votre message après le bip.
Let me get my lawyer on the phone.,Laissez-moi téléphoner à mon avocat.
Let me get you something to drink.,Laissez-moi aller vous chercher quelque chose à boire.
Let me help you with your baggage.,Laissez-moi vous aider avec vos bagages.
Let me introduce my mother to you.,Laisse-moi te présenter ma mère.
Let me introduce you to my family.,Laisse-moi te présenter à ma famille.
Let me introduce you to my family.,Laissez-moi vous présenter à ma famille.
Let me show you where to put that.,Laissez-moi vous montrer où mettre cela.
Let me show you where to put that.,Laisse-moi te montrer où mettre ça.
Let me tell you about our special.,Permettez-moi de vous expliquer le plat du jour.
Let me tell you everything I know.,Laisse-moi te dire tout ce que je sais.
Let me tell you everything I know.,Laissez-moi vous conter tout ce que je sais.
Let me tell you how I really feel.,Laissez-moi vous dire comment je me sens vraiment.
Let me tell you how I really feel.,Laisse-moi te dire comment je me sens vraiment !
Let's decorate the Christmas tree.,Décorons l'arbre de Noël !
Let's establish some ground rules.,Posons quelques règles de base.
Let's establish some ground rules.,Établissons quelques règles de base.
Let's go to a Japanese restaurant.,Allons dans un restaurant japonais.
Let's hear the rest of your story.,Écoutons le reste de votre histoire.
Let's hope we did the right thing.,Espérons qu'on a fait le bon choix.
Let's meet at the station at 2:30.,Rendez-vous à la gare à 14 h 30.
Let's meet the day after tomorrow.,Rencontrons-nous après-demain.
Let's not count on that happening.,Ne comptons pas là-dessus.
Let's pretend this never happened.,Faisons comme si ça n'était jamais arrivé.
Let's pretend this never happened.,Faisons comme si ça ne s'était jamais produit.
Let's pretend we didn't hear that.,Faisons comme si nous n'avions pas entendu cela !
Let's see if Tom is in his office.,Voyons si Tom est dans son bureau.
Let's see what we're dealing with.,Voyons voir à quoi nous avons affaire.
Let's sit here until the sun sets.,Asseyons-nous ici jusqu'à ce que le soleil se couche.
Let's take a walk along the river.,Allons nous promener le long de la rivière.
Let's take your temperature first.,Commençons par prendre votre température.
Let's visit some temples tomorrow.,Allons visiter des temples demain.
Life is boring in a small village.,La vie est monotone dans un petit village.
Life isn't all roses and sunshine.,La vie n'est pas un long fleuve tranquille.
Listening to music is lots of fun.,Écouter de la musique est très divertissant.
London is small compared to Tokyo.,Londres est petite comparée à Tokyo.
"Look, I don't want to lose my job.","Écoute, je ne veux pas perdre mon boulot."
"Look, I don't want to lose my job.","Écoutez, je ne veux pas perdre mon boulot."
"Look, I don't want to lose my job.","Écoute, je ne veux pas perdre mon travail."
"Look, I don't want to lose my job.","Écoutez, je ne veux pas perdre mon travail."
"Look, I don't want to lose my job.","Écoute, je ne veux pas perdre mon emploi."
"Look, I don't want to lose my job.","Écoutez, je ne veux pas perdre mon emploi."
"Look, I don't want to lose my job.","Écoute, je ne veux pas perdre mon poste."
"Look, I don't want to lose my job.","Écoutez, je ne veux pas perdre mon poste."
"Look, I want you to do me a favor.","Écoute, je veux que tu me fasses une faveur."
"Look, I want you to do me a favor.","Écoutez, je veux que vous me fassiez une faveur."
"Lost in thought, I missed my stop.","Perdu dans mes pensées, j'ai raté mon arrêt."
Make good use of this opportunity.,Fais bon usage de cette occasion.
Man is the only animal that talks.,L'homme est le seul animal doué de parole.
Mary and Alice are sisters-in-law.,Marie et Alice sont belles-sœurs.
Mary brought her daughter to work.,Marie a amené sa fille au travail.
Mary can't have any more children.,Mary ne peut plus avoir d'enfants.
Mary doesn't usually wear jewelry.,Marie ne porte généralement pas de bijoux.
Mary finished applying her makeup.,Mary a terminé de se maquiller.
Mary is beautiful and intelligent.,Mary est belle et intelligente.
Mary is going to help us tomorrow.,Marie va nous aider demain.
Mary prided herself on her beauty.,Mary était fière de sa propre beauté.
Mary wants to marry a millionaire.,Mary veut épouser un millionnaire.
Mary was desperate to get married.,Mary était désespérée de se marier.
May I ask you a personal question?,Puis-je vous poser une question personnelle ?
May I ask you a personal question?,Puis-je te poser une question personnelle ?
May I ask you some more questions?,Pourrais-je te poser d'autres questions ?
May I ask you some more questions?,Pourrais-je vous poser d'autres questions ?
May I ask you to close the window?,Puis-je vous demander de fermer la fenêtre ?
May I have something hot to drink?,Pourrais-je avoir quelque chose de chaud à boire ?
"May I have your attention, please?","Puis-je avoir votre attention, s'il vous plaît ?"
May we accompany you on your walk?,Peut-être que nous pourrions t'accompagner sur le chemin ?
Maybe I shouldn't have kissed you.,Je n'aurais peut-être pas dû t'embrasser.
Maybe I shouldn't have kissed you.,Je n'aurais peut-être pas dû vous embrasser.
Maybe Tom's got something to hide.,Peut-être Tom a-t-il quelque chose à cacher.
Maybe that's not such a good idea.,Peut-être que ce n'est pas une si bonne idée.
Maybe you should do this together.,Peut-être devriez-vous faire ceci ensemble.
Meat won't keep long in this heat.,La viande ne se gardera pas longtemps avec cette chaleur.
Men are better at this than women.,Les hommes y sont meilleurs que les femmes.
"Men make houses, women make homes.","Les hommes font les maisons, les femmes fondent les foyers."
Men talk about women all the time.,Les hommes parlent des femmes tout le temps.
Might I ask your name and address?,Puis-je vous demander votre nom et votre adresse ?
Mom! Stop! You're embarrassing me.,Maman ! Arrête ! Tu me mets mal à l'aise !
Mom! Stop! You're embarrassing me.,Maman ! Arrêtez ! Vous me mettez mal à l'aise !
Monkeys can learn a lot of tricks.,Les singes peuvent apprendre de nombreux tours.
More and more Americans go abroad.,De plus en plus d'Étatsuniens se rendent à l'étranger.
Most people consider murder wrong.,La plupart des gens pensent que le meurtre est mauvais.
Most signs are written in English.,La plupart des panneaux sont écrits en anglais.
Most were unable to read or write.,La plupart étaient incapables de lire ou d'écrire.
Mother is getting breakfast ready.,Ma mère est en train de préparer le petit déjeuner.
My French is actually not so good.,Mon français n'est en réalité pas si bon.
My aunt inherited the huge estate.,Ma tante a hérité de l'immense propriété.
My belief is that he will succeed.,Je crois qu'il connaîtra le succès.
My best friend dances really well.,Mon meilleur ami danse vraiment bien.
My best friend stole my boyfriend.,Ma meilleure amie m'a piqué mon petit copain.
My boss is keeping me pretty busy.,Mon patron ne me laisse pas chômer.
My brother is good at mathematics.,Mon frère est fort en mathématiques.
My camera is different from yours.,Mon appareil photo est différent du tien.
My camera is different from yours.,Mon appareil-photo est différent du tien.
My camera is different from yours.,Mon appareil photo est différent du vôtre.
My camera is much better than his.,Mon appareil photo est bien meilleur que le sien.
My cat is suffering from the heat.,Mon chat souffre de la chaleur.
My doctor told me to quit smoking.,Mon médecin m'a dit d'arrêter de fumer.
My explanation was not sufficient.,Mon explication n'était pas suffisante.
My family isn't such a big family.,Ma famille n'est pas si grande que ça.
My family isn't such a big family.,Nous ne sommes pas si nombreux que ça dans ma famille.
My family will be away for a week.,Ma famille sera au loin pour une semaine.
My family will be away for a week.,Ma famille sera en déplacement pour une semaine.
My father does not eat much fruit.,Mon père ne mange pas beaucoup de fruits.
My father gave a nice watch to me.,Mon père m'a donné une belle montre.
My father had once been in Greece.,Mon père avait déjà été en Grèce.
My father has a blue and gray tie.,Mon père a une cravate bleue et grise.
My father is always getting angry.,Mon père se met toujours en colère.
My father is coming home tomorrow.,"Mon père vient à la maison, demain."
My father is going to retire soon.,Mon père va bientôt partir en retraite.
My father is retiring next spring.,Mon père part à la retraite au printemps prochain.
My father often washes the dishes.,Mon père fait souvent la vaisselle.
My father painted the mailbox red.,Mon père a peint la boîte aux lettres en rouge.
My father slept through the movie.,Mon père a dormi tout le long du film.
My favorite kind of music is jazz.,Mon style de musique préféré est le jazz.
My friends celebrated my birthday.,Mes amis ont célébré mon anniversaire.
My grandfather is in his nineties.,Mon grand-père est nonagénaire.
My hens laid fewer eggs last year.,Mes poules ont pondu moins d'œufs l'année passée.
My house is only a mile from here.,Ma maison est seulement à un mille d'ici.
My house is only a mile from here.,Ma maison ne se situe qu'à un mile d'ici.
My ideas are different from yours.,Mes idées sont différentes des vôtres.
My ideas are different from yours.,Mes idées sont différentes des tiennes.
My job is giving me a stomachache.,Mon travail me cause des maux d'estomac.
My mother allowed me to go abroad.,Ma mère m'autorisa à aller à l'étranger.
My mother allowed me to go abroad.,Ma mère m'a autorisé à aller à l'étranger.
My mother bought me a new bicycle.,Ma mère m'a acheté un nouveau vélo.
My mother died when I was a child.,Ma mère est morte quand j'étais petit.
My mother knows how to make cakes.,Ma mère sait comment faire les gâteaux.
My mother looks young for her age.,Ma mère paraît jeune pour son âge.
My mother looks young for her age.,Ma mère a l'air jeune pour son âge.
My mother looks young for her age.,Ma mère fait jeune pour son âge.
My mother told me to mow the lawn.,Ma mère m'a dit de tondre la pelouse.
My name was omitted from the list.,Mon nom a été omis de la liste.
My neighbors are very nice people.,Mes voisins sont des gens très gentils.
My neighbors are very nice people.,Mes voisines sont des personnes très charmantes.
My older sister is good at typing.,Ma sœur aînée est bonne en dactylo.
My parents are constantly arguing.,Mes parents se disputent constamment.
My parents are very old fashioned.,Mes parents sont très vieux-jeu.
My primary concern is your safety.,Mon premier souci est votre sécurité.
My primary concern is your safety.,Ma première préoccupation est ta sécurité.
My shoes are the same size as his.,Mes chaussures ont la même taille que les siennes.
My sister usually walks to school.,D'habitude ma sœur va à l'école à pied.
My son is ashamed of his behavior.,Mon fils a honte de son comportement.
My uncle lives next to the school.,Mon oncle vit près de l'école.
My uncle lives next to the school.,Mon oncle habite à côté de l'école.
My upper right wisdom tooth hurts.,Ma dent de sagesse en haut à droite me fait mal.
My watch gains five seconds a day.,Ma montre avance de cinq secondes par jour.
My watch loses five minutes a day.,Ma montre retarde de 5 minutes tous les jours.
My wife is obsessed with cleaning.,Ma femme est obsédée par le nettoyage.
My wife isn't beautiful. Yours is.,Ma femme n'est pas belle. La tienne oui.
My younger brother is watching TV.,Mon petit frère regarde la télé.
My younger brother is watching TV.,Mon petit frère est en train de regarder la télé.
"Never mind, I can do it by myself.","Cela ne fait rien, je peux le faire moi-même."
Never underestimate your audience.,Ne sous-estimez jamais votre public.
Never underestimate your audience.,Ne sous-estime jamais ton auditoire.
Next Monday is a national holiday.,Lundi prochain est une fête nationale.
No meal is complete without bread.,Aucun repas n'est complet sans pain.
No mechanical problems were found.,Aucun problème mécanique ne fut trouvé.
No medicine can cure this disease.,Aucun médicament ne peut guérir cette maladie.
No one I know wears a tie anymore.,Personne que je connaisse ne porte plus de cravate.
No one admires him more than I do.,Personne ne l'admire plus que moi.
No one informed me of his failure.,Personne ne m'a informé de son échec.
No one is too old to learn French.,Nul n'est trop vieux pour apprendre le français.
No one is too old to learn French.,Personne n'est trop vieux pour apprendre le français.
No one told me that he had failed.,Personne ne m'a dit qu'il avait échoué.
No one wanted to insult these men.,Personne ne voulait offenser ces messieurs.
No stars could be seen in the sky.,Aucune étoile ne pouvait être vue dans le ciel.
Nobody can foresee what'll happen.,Nul ne peut prévoir ce qui va arriver.
Nobody is paying attention to Tom.,Personne ne fait attention à Tom.
Nobody knows how the fire started.,Personne ne sait comment l'incendie a commencé.
Nobody knows that better than you.,Personne ne connaît cela mieux que vous.
Nobody knows that better than you.,Personne ne connaît ça mieux que toi.
Nobody knows why he left the town.,Personne ne sait pourquoi il a quitté la ville.
Noh is a traditional Japanese art.,Le nô est un art traditionnel japonais.
Not a sound was heard in the room.,Pas un bruit ne se fit entendre dans la pièce.
Not all of those books are useful.,Tous ces livres ne sont pas forcément intéressants.
Not all teachers behave like that.,Tous les enseignants ne se comportent pas ainsi.
Not all the students were present.,Tous les élèves n'étaient pas présents.
Not everybody knows about my plan.,Tout le monde n'est pas au courant de mon projet.
Not everything is black and white.,Tout n'est pas noir et blanc.
Nothing could sway his conviction.,Rien ne pouvait changer ses convictions.
Nothing's going to happen tonight.,Il ne va rien se passer ce soir.
Nowadays jobs are hard to come by.,De nos jours il est difficile de trouver du travail.
"Once you begin, you must continue.","Une fois que tu commences, tu dois continuer."
"Once you begin, you must continue.","Une fois que vous commencez, vous devez poursuivre."
One is red and the other is white.,"L'un est rouge, l'autre est blanc."
One of Tom's sons became a doctor.,Un des fils de Tom est devenu médecin.
One of the boys suddenly ran away.,Un des garçons s'est soudainement enfui.
One of us will attend the meeting.,L'un d'entre nous assistera à la réunion.
One of us will attend the meeting.,L'une d'entre nous assistera à la réunion.
One word is enough for a wise man.,Un mot est assez pour un homme sage.
One-fifth of my wages go to taxes.,Un cinquième de mon salaire part en impôt.
Onions can be eaten raw or cooked.,On peut manger les oignons crus ou cuits.
Online banking is very convenient.,Les services bancaires en ligne sont très pratiques.
Opposition to the bill was strong.,L'opposition au texte de loi était forte.
Our cat's fur has lost its luster.,La fourrure de notre chat a perdu de sa splendeur.
Our class has forty-five students.,Notre classe compte quarante-cinq étudiants.
Our first lesson today is English.,Notre premier cours aujourd'hui est de l'anglais.
Our main problem remains unsolved.,Notre principal problème reste sans solution.
Our school library has many books.,La bibliothèque de notre école dispose de nombreux livres.
Our school library has many books.,La bibliothèque de notre école possède de nombreux livres.
Our teachers are highly qualified.,Nos professeurs sont hautement qualifiés.
Our troops engaged with the enemy.,Nos troupes attaquèrent l'ennemi.
Our uncle bought us movie tickets.,Notre oncle nous a acheté des places de cinéma.
Over one hundred people came here.,Plus de cent personnes sont venues ici.
Over one hundred people came here.,Plus d'une centaine de personnes est venue ici.
Paper was first invented in China.,Le papier fut en premier lieu inventé en Chine.
Peel the potatoes and the carrots.,Épluche les pommes de terre et les carottes.
People are playing near the beach.,Des gens sont en train de jouer à proximité de la plage.
People came to like her paintings.,Les gens se mirent à apprécier ses tableaux.
People grow more cynical with age.,Les gens deviennent plus cyniques avec l'âge.
People notice every move he makes.,Les gens remarquent chacun de ses mouvements.
People of all ages like this song.,Cette chanson plaît aux personnes de tous âges.
Perhaps he'll never become famous.,Peut-être qu'il ne deviendra jamais célèbre.
Perhaps you won't have to do that.,Peut-être que tu n'auras pas à le faire.
Perhaps you won't have to do that.,Peut-être que vous n'aurez pas à le faire.
Phoenix is the capital of Arizona.,Phoenix est la capitale de l'Arizona.
Photography is an expensive hobby.,La photographie est un passe-temps coûteux.
Photography is an expensive hobby.,La photographie est un passe-temps onéreux.
Place the ladder against the wall.,Mettez l'échelle contre le mur.
Playing go is my favorite pastime.,Mon passe-temps favori est le jeu de go.
Please choose a stronger password.,Veuillez choisir un mot de passe plus robuste.
Please come to my room to help me.,Venez dans ma chambre pour m'aider s'il vous plait.
Please do what we asked you to do.,Veuillez faire ce que nous vous avons demandé.
Please don't cut me off like that.,"Ne me coupe pas la parole comme ça, s'il te plaît."
Please don't think of it that way.,Je te prie de ne pas y songer de cette manière.
Please don't think of it that way.,Je vous prie de ne pas y songer de cette manière.
Please drop me off at the station.,Dépose-moi à la gare s'il te plaît.
Please feel free to ask questions.,"N'hésitez pas à poser des questions, je vous prie."
Please feel free to ask questions.,Je te prie de ne pas hésiter à poser des questions.
Please help yourself to the fruit.,"Je vous en prie, servez-vous de fruits."
Please help yourself to the salad.,"S'il vous plaît, prenez de la salade."
Please keep my place in this line.,"S'il vous plait, gardez ma place dans cette rangée."
Please make yourself at home here.,"S'il vous plaît, faites comme chez vous."
Please put on your safety glasses.,"Mettez vos lunettes de protection, je vous prie !"
Please say the alphabet backwards.,"Prononce l'alphabet à l'envers, s'il te plaît."
Please sit on this chair and wait.,Veuillez prendre place sur cette chaise-ci et attendre.
Please stop playing with your hat.,"Arrête de jouer avec ton chapeau, s'il te plaît."
Please stop playing with your hat.,"Arrêtez de jouer avec votre chapeau, s'il vous plaît."
Please take good care of yourself.,Prends bien soin de toi.
Please take good care of yourself.,"S'il te plaît, prends bien soin de toi."
Please take me to the Grand Hotel.,Veuillez me conduire au Grand Hôtel.
Please translate this into French.,Veuillez traduire ceci en français.
Please translate this into French.,"Traduis ça en français, s'il te plait."
Please wake me up at six tomorrow.,"S'il te plaît, réveille-moi à six heures demain."
Please write with a ballpoint pen.,Veuillez écrire avec un stylo à bille.
Put on your pajamas and go to bed.,Mets-toi en pyjama et va au lit.
Put on your pajamas and go to bed.,Mettez-vous en pyjama et allez au lit.
Put on your pajamas and go to bed.,Enfile ton pyjama et va te coucher.
Put on your pajamas and go to bed.,Enfilez vos pyjamas et mettez-vous au lit.
Put your pajamas on and go to bed.,Mets ton pyjama et va au lit.
Put your pajamas on and go to bed.,Mettez votre pyjama et allez au lit.
Put your pajamas on and go to bed.,Mettez vos pyjamas et allez au lit.
Rain is forecast for this evening.,De la pluie est prévue dans la soirée.
Raise your hand before you answer.,Lève la main avant de répondre.
Read Lesson 10 from the beginning.,Lisez la leçon dix depuis le début.
Read Lesson 10 from the beginning.,Lisez la leçon dix à partir du début.
Read Lesson 10 from the beginning.,Lis la leçon dix à partir du début.
Reading books is very interesting.,Lire des livres est très intéressant.
Reading books is very interesting.,Lire des livres est fort intéressant.
Renting a car was the best option.,Louer une voiture était l'alternative la plus avantageuse.
Rumors of defeat were circulating.,Des rumeurs circulaient à propos d'une défaite.
Rumors of defeat were circulating.,Des rumeurs couraient au sujet d'un échec.
Scott was a contemporary of Byron.,Scott était contemporain de Byron.
See that this never happens again.,Faites en sorte que ça ne se produise plus.
See that this never happens again.,Fais en sorte que ça ne se produise plus.
She advised him to go there alone.,Elle lui conseilla d'y aller seul.
She advised him to go there alone.,Elle lui conseilla de s'y rendre seul.
She advised him to go there alone.,Elle lui a conseillé d'y aller seul.
She advised him to go there alone.,Elle lui a conseillé de s'y rendre seul.
She advised him to take the money.,Elle lui conseilla de prendre l'argent.
She advised him to take the money.,Elle lui a conseillé de prendre l'argent.
She always buys expensive clothes.,Elle achète toujours des vêtements coûteux.
She always buys expensive clothes.,Elle achète toujours de coûteux vêtements.
She always expects me to help her.,Elle attend toujours de moi que je l'aide.
She answered my letter right away.,Elle répondit sans attendre à ma lettre.
She answered my letter right away.,Elle répondit sans délai à ma lettre.
She answered my letter right away.,Elle répondit immédiatement à ma lettre.
She asked him to not quit his job.,Elle le pria de ne pas quitter son emploi.
She asked him to not quit his job.,Elle l'a prié de ne pas quitter son emploi.
She asked me if I knew how to sew.,Elle m'a demandé si je savais coudre.
She asked me to pass her the salt.,Elle m'a demandé de lui passer le sel.
She avoided him whenever possible.,Elle l'évita chaque fois que possible.
She avoided him whenever possible.,Elle l'a évité chaque fois que possible.
She backed out at the last moment.,Elle recula au dernier moment.
She backed out at the last moment.,Elle fit machine arrière au dernier moment.
She begged for something to drink.,Elle quémanda quelque chose à boire.
She bought this pen at that store.,Elle a acheté ce stylo dans ce magasin.
She cannot have done such a thing.,Elle n'a pas pu faire une chose pareille.
She carried that table by herself.,Elle a transporté cette table toute seule.
She clutched her baby in her arms.,Elle serra son bébé dans ses bras.
She decided to have the operation.,Elle se décida à subir l'opération.
She declined to say more about it.,Elle refusa d'en dire davantage.
She decorated her room with roses.,Elle a décoré sa chambre avec des roses.
She described the scene in detail.,Elle décrivit la scène en détail.
She devoted her life to education.,Elle a voué sa vie à l'éducation.
She didn't appear to recognize me.,Elle ne sembla pas me reconnaître.
She didn't appear to recognize me.,Elle n'a pas semblé me reconnaître.
She didn't feel like eating lunch.,Elle n'eut pas envie de déjeuner.
She didn't feel like eating lunch.,Elle n'a pas eu envie de déjeuner.
She didn't feel like eating lunch.,Elle n'était pas d'humeur à déjeuner.
She didn't let him touch her baby.,Elle ne l'a pas laissé toucher son bébé.
She didn't try to evade the truth.,Elle n'essaya pas de se dérober à la vérité.
She didn't try to evade the truth.,Elle n'a pas essayé de se dérober à la vérité.
She didn't want him to play poker.,Elle ne voulait pas qu'il joue au poker.
She didn't want him to play poker.,Elle ne voulut pas qu'il joue au poker.
She didn't want him to play poker.,Elle n'a pas voulu qu'il joue au poker.
She didn't want him to play poker.,Elle n'a pas voulu qu'il jouât au poker.
She didn't want him to play poker.,Elle ne voulait pas qu'il jouât au poker.
"She doesn't understand me, either.",Elle ne me comprend pas non plus.
She doesn't want to talk about it.,Elle ne veut pas en parler.
She drinks a little wine at times.,Elle boit un peu de vin de temps en temps.
She entered this school last year.,Elle est entrée dans cette école l'année dernière.
She fell unconscious to the floor.,"Elle tomba au sol, inconsciente."
She felt something touch her neck.,Elle sentit quelque chose toucher son cou.
She fled for fear of being caught.,Elle a fui par peur d'être capturée.
She gave him everything she owned.,Elle lui donna tout ce qu'elle possédait.
She gave me a bag made of leather.,Elle me donna un sac de cuir.
She gave me a bag made of leather.,Elle m'a donné un sac de cuir.
She gave me access to her records.,Elle m'a autorisé l'accès à ses enregistrements.
She gave me some practical advice.,Elle m'a donné des conseils pratiques.
She gets hives when she eats eggs.,Elle fait de l'urticaire lorsqu'elle consomme des œufs.
She gets hives when she eats eggs.,Elle fait de l'urticaire lorsqu'elle mange des œufs.
She goes to a school for the deaf.,Elle va à une école pour les sourds.
She got a new CD player yesterday.,Elle a pris un nouveau lecteur CD hier.
She got him to eat his vegetables.,Elle lui a fait manger ses légumes.
She grew up to be a famous doctor.,Elle devint un docteur célèbre.
She had a narrow escape yesterday.,Elle l'a échappé belle hier.
She had only a small sum of money.,Elle avait seulement une petite somme d'argent.
She has a distinct English accent.,Elle a un accent anglais différent.
She has a very strong personality.,Elle a une très forte personnalité.
She has been busy since yesterday.,Elle est occupée depuis hier.
She has been sick since last week.,Elle a été malade depuis la semaine dernière.
She has been sick since last week.,Elle est malade depuis la semaine dernière.
She has her own way in everything.,Elle a sa façon de faire pour toute chose.
She has known him for a long time.,Elle le connaît depuis longtemps.
She has no opinion about religion.,Elle est dépourvue d'opinion en matière de religion.
She has put her house up for sale.,Elle a mis sa maison en vente.
She hates fish and never eats any.,Elle déteste le poisson et n'en a jamais mangé aucun.
She hates fish and never eats any.,Elle a horreur du poisson et n'en mange jamais.
She helped me out countless times.,Elle m'a aidé un nombre incalculable de fois.
She helped me out countless times.,Elle m'a aidée un nombre incalculable de fois.
She hung the calendar on the wall.,Elle accrocha le calendrier au mur.
She insisted that it was my fault.,Elle insistait sur le fait que c'était ma faute.
She intended to become an actress.,Elle eut l'intention de devenir actrice.
She intended to become an actress.,Elle a eu l'intention de devenir actrice.
She is apparently an honest woman.,Elle est apparemment une honnête femme.
She is around twenty years of age.,Elle a aux alentours de vingt ans.
She is as beautiful as Snow White.,Elle est belle comme Blanche-Neige.
She is as beautiful as her mother.,Elle est belle comme sa mère.
She is ashamed of her old clothes.,Elle a honte de ses vieux vêtements.
She is ashamed of what she's done.,Elle a honte de ce qu'elle a fait.
She is constantly writing letters.,Elle écrit constamment des lettres.
She is constantly writing letters.,Elle est constamment en train d'écrire des lettres.
She is five years younger than me.,Elle a cinq ans de moins que moi.
She is more pretty than beautiful.,Elle est davantage mignonne que belle.
She is not a fan of winter sports.,Elle n'est pas fan de sports d'hiver.
She is on friendly terms with him.,Elle est en bons termes avec lui.
She is particular about her dress.,Elle est difficile en matière d'habillement.
She is pleased with her new dress.,Sa nouvelle robe lui plaît.
She is related to him by marriage.,Elle lui est apparentée par alliance.
She is traveling around the world.,Elle voyage autour du monde.
She is unable to cope with stress.,Elle est incapable de faire face à la tension.
She is used to speaking in public.,Elle a l'habitude de parler en public.
She is usually at home on Sundays.,Elle est généralement à la maison le dimanche.
She is very proud of her daughter.,Elle est très fière de sa fille.
She is working hard this semester.,"Elle travaille dur, ce semestre."
"She isn't paid monthly, but daily.",Elle n'est pas payée mensuellement mais de manière journalière.
She kept silent about the problem.,Elle a gardé le silence au sujet de ce problème.
She learned her part very quickly.,Elle a très rapidement appris son rôle.
She left her son alone in the car.,Elle a laissé son fils seul dans la voiture.
She left the hospital an hour ago.,Elle a quitté l'hôpital il y a une heure.
She likes being looked at by boys.,Elle aime quand un garçon la regarde.
She looks beautiful in that dress.,Elle a l'air belle dans cette robe.
She made an excuse for being late.,Elle trouva une excuse pour être en retard.
She made cookies for the children.,Elle a fait des cookies pour les enfants.
She made her husband an apple pie.,Elle a fait une tarte aux pommes à son mari.
She made him a cake for his party.,Elle lui confectionna un gâteau pour sa fête.
She made up her mind to go abroad.,Elle s'est décidée à partir à l'étranger.
She may be a nurse. I am not sure.,Elle est peut-être infirmière. Je n'en suis pas sûr.
She must have been very beautiful.,Elle doit avoir été très belle.
She must have taken the wrong bus.,Elle doit avoir pris le mauvais autobus.
She must still be in her twenties.,Elle doit encore être dans la vingtaine.
She ordered the book from England.,Elle a commandé le livre en Angleterre.
She played the guitar and he sang.,Elle jouait de la guitare et il chantait.
She pleaded with him to not leave.,Elle l'implora de ne pas partir.
She practices the piano every day.,Elle pratique quotidiennement le piano.
She presented him with the trophy.,Elle lui a remis le trophée.
She pressured him to quit his job.,Elle le pressa de quitter son emploi.
She pressured him to quit his job.,Elle l'a pressé de quitter son emploi.
She put up the new curtains today.,Aujourd'hui elle a accroché de nouveaux rideaux.
She should be charged with murder.,Elle devrait être inculpée pour meurtre.
She should have been more careful.,Elle aurait dû être plus prudente.
She should have bought a used car.,Elle aurait dû s'acheter une voiture d'occasion.
She should know better at her age.,Elle devrait être plus avisée à son âge.
She showed me which dress to wear.,Elle me montra quelle robe porter.
She spoke to him about the matter.,Elle lui parla de l'affaire.
She spoke to him about the matter.,Elle lui a parlé de l'affaire.
She stared at him in astonishment.,Elle le fixa avec stupéfaction.
She stole a lot of money from him.,Elle lui a volé beaucoup d'argent.
She taught music for thirty years.,Elle a enseigné la musique pendant trente ans.
She thinks about him all the time.,Elle pense tout le temps à lui.
She thought that I was the doctor.,Elle pensa que j'étais le médecin.
She told him that she was leaving.,Elle lui dit qu'elle partait.
She told him that she was leaving.,Elle lui a dit qu'elle partait.
She told me not to go there alone.,Elle m'a dit de ne pas y aller seul.
She translated that word for word.,Elle l'a traduit mot à mot.
She translated that word for word.,Elle le traduisit mot à mot.
She turned against her old friend.,Elle détesta son ancien ami.
She turned down our offer of help.,Elle rejeta notre proposition de l'aider.
She visited her husband in prison.,Elle rendait visite à son mari en prison.
She walked around looking for him.,Elle se promenait autour à sa recherche.
She wanted him to help her father.,Elle voulait qu'il aide son père.
She wanted him to sing her a song.,Elle voulait qu'il lui chante une chanson.
She wants him to be just a friend.,Elle veut qu'il soit seulement un ami.
She was accompanied by her mother.,Elle était accompagnée de sa mère.
She was afraid of waking the baby.,Elle craignait de réveiller le bébé.
She was engaged as an interpreter.,Elle a été engagée en tant qu'interprète.
She was fined 10 dollars for that.,Elle a eu une amende de 10 dollars pour ça.
She was laughed at by her friends.,Ses amis rirent d'elle.
She was laughed at by her friends.,Elle fut moquée par ses amis.
She was laughed at by her friends.,Elle fut moquée par ses amies.
She was never disrespectful to me.,Elle ne m'a jamais manqué de respect.
She was not in the mood for lunch.,Elle n'était pas d'humeur à déjeuner.
She was on the point of going out.,Elle était sur le point de sortir.
She was satisfied with the result.,Elle a été satisfaite du résultat.
She was sore at me for being late.,Elle était agacée en raison de mon retard.
She was successful in the attempt.,Elle a réussi sa tentative.
She was the first one to help him.,Elle fut la première à l'aider.
She was the first one to help him.,Elle a été la première à l'aider.
She wasn't friendly with him then.,"Elle n'était pas sympa avec lui, alors."
She wasn't friendly with him then.,"Elle n'était pas gentille avec lui, alors."
She watched him drawing a picture.,Elle le regarda tracer un dessin.
She watched him drawing a picture.,Elle l'a regardé tracer un dessin.
She went to a movie the other day.,Elle est allée voir un film l'autre jour.
She went to see him the other day.,Elle est allée le voir l'autre jour.
She went to see him the other day.,"Elle est allée le voir, l'autre jour."
She went to the movies by herself.,Elle est allé au cinéma toute seule.
She works as hard as anybody does.,Elle travaille aussi dur que n'importe qui.
She works for French intelligence.,Elle travaille pour le compte du Renseignement Français.
She works for French intelligence.,Elle travaille pour les services secrets français.
She would not disclose the secret.,Elle refusait de dévoiler le secret.
She would not disclose the secret.,Elle ne dévoilerait pas le secret.
She would often play tricks on me.,Elle me fait souvent des blagues.
She would often play tricks on me.,Elle me joue souvent des tours.
She's a professional photographer.,Elle est photographe professionnelle.
She's anxious to know the results.,Elle a hâte de connaître les résultats.
She's putting the children to bed.,Elle est en train de coucher les enfants.
She's putting the children to bed.,Elle est en train de mettre les enfants au lit.
She's wearing a great-looking hat.,Elle porte un chapeau qui a l'air superbe.
Shoes are stiff when they are new.,Les chaussures sont raides quand elles sont neuves.
"Since it was cold, we made a fire.","Puisqu'il faisait froid, nous avons fait un feu."
Six months is a long time to wait.,"Six mois, c'est long à attendre."
Smoke was rising from the chimney.,De la fumée sortait de la cheminée.
Smoking is harmful to your health.,Fumer est dangereux pour la santé.
Smoking is harmful to your health.,Fumer est mauvais pour votre santé.
Smoking will do you a lot of harm.,Fumer vous fera beaucoup de mal.
Smoking will do you a lot of harm.,Fumer te fera beaucoup de mal.
Snakes are cold-blooded creatures.,Les serpents sont des créatures à sang froid.
"So, do you really want to do this?","Alors, voulez-vous vraiment faire cela ?"
"So, do you really want to do this?","Alors, veux-tu vraiment faire cela ?"
"So, what is it you want me to say?","Alors, que veux-tu que je dise ?"
"So, what is it you want me to say?","Alors, que voulez-vous que je dise ?"
Some friends invited me to dinner.,Des amis m'ont invité à diner.
Some kids are playing in the park.,Des enfants jouent dans le parc.
Some kids are playing in the park.,Quelques enfants sont en train de jouer dans le parc.
Some of them did very little work.,Certains d'entre eux effectuèrent très peu de travail.
Some of us might be willing to go.,Il se pourrait que certains d'entre nous veuillent y aller.
Some people are afraid of spiders.,Certaines personnes ont peur des araignées.
Some people are nicer than others.,Certaines personnes sont plus gentilles que d'autres.
Some people think it's a bad idea.,Certaines personnes pensent que c'est une mauvaise idée.
Someday your dream will come true.,Un jour ton rêve deviendra réalité.
Someone must've stolen your watch.,Quelqu'un a dû voler votre montre.
Someone put something in my drink.,Quelqu'un a mis quelque chose dans ma boisson.
Something bad was about to happen.,Quelque chose de mauvais était sur le point de se produire.
Something has gone terribly wrong.,Quelque chose a vraiment foiré.
Something unexpected has happened.,Il s'est passé un imprévu.
"Sometimes I go, sometimes I don't.","Parfois je vais, parfois non."
"Sorry, I didn't mean to interrupt.","Désolé, je n'avais pas l'intention de vous interrompre."
"Sorry, I didn't mean to interrupt.","Désolée, je n'avais pas l'intention de vous interrompre."
"Sorry, I didn't mean to interrupt.","Désolé, je n'avais pas l'intention de t'interrompre."
"Sorry, I didn't mean to interrupt.","Désolée, je n'avais pas l'intention de t'interrompre."
"Sorry, I didn't mean to scare you.","Désolé, je n'avais pas l'intention de te faire peur."
"Sorry, I didn't mean to scare you.","Désolée, je n'avais pas l'intention de te faire peur."
"Sorry, I didn't mean to scare you.","Désolé, je n'avais pas l'intention de vous faire peur."
"Sorry, I didn't mean to scare you.","Désolée, je n'avais pas l'intention de vous faire peur."
"Sorry, I've got my hands full now.","Désolé, j'ai les mains pleines à l'instant."
"Sorry, I've got my hands full now.","Désolée, j'ai les mains pleines à l'instant."
"Sorry, but I have to work tonight.","Désolé, mais je dois travailler ce soir."
Space travel is no longer a dream.,Voyager dans l'espace n'est plus un rêve.
Spare the rod and spoil the child.,Qui aime bien châtie bien.
"Speech is silver, silence is gold.",La parole est d'argent mais le silence est d'or.
Stay where you are. I'm on my way.,Bouge pas. J'arrive.
Steam is coming out of the engine.,De la vapeur s'échappe du moteur.
Steam is coming out of the engine.,De la vapeur sort du moteur.
Stop being so politically correct.,Arrête d'être aussi politiquement correct.
Stop hiding your head in the sand.,Arrête de te cacher la tête dans le sable.
Stop pretending you don't know me.,Arrête de faire comme si tu ne me connaissais pas !
Strong winds accompanied the rain.,Des vents forts ont accompagné la pluie.
Such a case is not uncommon today.,Un tel cas n'est pas rare aujourd'hui.
Such painters as Picasso are rare.,Les peintres tels que Picasso sont rares.
"Suddenly, all the lights went out.","Tout à coup, toutes les lampes s'éteignirent."
"Suddenly, the dog started barking.","Soudainement, le chien a commencé à aboyer."
"Summer days can be very, very hot.",Les jours d'été peuvent être extrêmement chauds.
Take a deep breath and then relax.,Respire à fond et ensuite relâche-toi.
Take a deep breath and then relax.,Inspire profondément et puis relâche-toi.
Take your hand out of your pocket.,Sors la main de ta poche !
Take your hand out of your pocket.,Sortez la main de votre poche !
Take your time when you eat meals.,Prends ton temps lorsque tu prends tes repas.
Take your time when you eat meals.,Prenez votre temps lorsque vous prenez vos repas.
Taking care of the baby is my job.,Prendre soin du bébé est mon travail.
Taking off is easier than landing.,Le décollage est plus facile que l'atterrissage.
Television is ruining family life.,La télé ruine la vie de famille.
Tell him to mind his own business.,Dis-lui de s'occuper de ses affaires.
Tell me how the robbery went down.,Dis-moi comment le vol s'est déroulé.
Tell me how the robbery went down.,Dites-moi comment le vol s'est déroulé.
Tell me your story. I am all ears.,Raconte-moi ton histoire. Je suis tout ouïe.
Tell me your story. I am all ears.,Conte-moi ton histoire. Je suis tout ouïe.
Tell us a little about yourselves.,Parlez-nous un peu de vous.
Tell us what you did last weekend.,Raconte-nous ce que tu as fait le week-end dernier.
Ten is ten percent of one hundred.,"Dix, c'est dix pour cent de cent."
Ten is ten percent of one hundred.,C'est dix qui est dix pour cent de cent.
Thank you for decorating my house.,Merci d'avoir décoré ma maison !
Thank you for your recommendation.,Merci pour votre recommandation.
Thank you very much for attending.,Merci beaucoup d’avoir participé.
Thank you very much for your help.,Merci beaucoup pour votre aide.
"Thank you, sir, for your kindness.","Merci, monsieur, de votre gentillesse."
Thanks for all you've done for me.,Merci pour tout ce que vous avez fait pour moi.
Thanks for photocopying it for me.,Merci de me le télécopier.
That bicycle is too small for you.,Ce vélo est trop petit pour toi.
That bicycle is too small for you.,Ce vélo est trop petit pour vous.
That country's economy is growing.,L'économie de ce pays est en croissance.
That doesn't look very appetizing.,Cela ne semble pas très appétissant.
That doesn't make any sense to me.,Ça n'a pour moi aucun sens.
That ended better than I expected.,Ça s'est terminé mieux que je le prévoyais.
That ended better than I expected.,Cela se termina mieux que je ne m'y attendais.
That girl over there is my sister.,"La fille là-bas, est ma sœur."
That hotel has a homey atmosphere.,Cet hôtel a une atmosphère accueillante.
That hotel was very near the lake.,Cet hôtel était très proche du lac.
That is how the accident occurred.,C'est ainsi que l'accident survint.
That is not how we do things here.,"Ce n'est pas la manière que nous avons de faire les choses, ici."
That is not how we do things here.,"Ce n'est pas la manière avec laquelle nous faisons les choses, ici."
That is the office where he works.,C'est le bureau dans lequel il travaille.
That isn't something I want to do.,Ce n'est pas quelque chose que je souhaite faire.
That isn't what I'm talking about.,Ce n'est pas ce dont je parle.
That man sometimes talks nonsense.,Cet homme dit parfois n'importe quoi.
That one over there's really cute.,"Celle-là, là-bas, est vraiment mignonne."
That one over there's really cute.,"Celui-là, là-bas, est vraiment mignon."
That only makes the problem worse.,Ça ne fait qu'aggraver le problème.
That only makes the problem worse.,Ça ne fait qu'empirer la situation.
That only makes the problem worse.,Ça ne sert qu'à rendre le problème plus grave.
That pair of pliers came in handy.,La pince se révéla utile.
That pair of pliers came in handy.,Les tenailles se révélèrent bien utiles.
That pair of pliers came in handy.,Cette pince s'avéra utile.
That question is under discussion.,Cette question est en délibération.
That reporter has a nose for news.,Ce journaliste a du flair pour les nouvelles.
That shouldn't be too hard to get.,Cela ne devrait pas être trop difficile à obtenir.
That speech lost Tom the election.,Ce discours a fait perdre à Tom l'élection.
That student's studying sociology.,Cet étudiant étudie la sociologie.
That town has many tall buildings.,Il y a de nombreux bâtiments de grande taille dans cette ville.
That town has many tall buildings.,Cette ville comporte de nombreux bâtiments de grande taille.
"That was a big mistake, wasn't it?","C'était une grave erreur, non ?"
"That was a big mistake, wasn't it?","Ce fut une grave erreur, n'est-ce pas ?"
That will cost you a lot of money.,Cela vous coûtera beaucoup d'argent.
That will cost you a lot of money.,Ça va te coûter beaucoup d'argent.
That woman has wrongly accused me.,Cette femme m'a accusé à tort.
"That would be ironic, wouldn't it?","Ce serait ironique, n'est-ce pas ?"
That's a pretty dress you have on.,C'est une jolie robe que tu portes.
That's a pretty dress you have on.,C'est une jolie robe que vous portez.
That's a secret. I can't tell you.,C'est un secret. Je ne peux pas te le dire.
That's a secret. I can't tell you.,C'est un secret. Je ne peux pas vous le dire.
That's a tough question to answer.,C'est une question difficile à répondre.
That's all I can tell you for now.,C'est tout ce que je peux te dire pour l'instant.
That's all I can tell you for now.,C'est tout ce que je peux vous dire pour le moment.
That's an order that I can't give.,C'est un ordre que je ne peux pas donner.
That's it. I've done all I can do.,Ça y est. J'ai fait tout ce que je peux.
That's just what I need right now.,C'est précisément ce qu'il me faut à l'instant.
That's just what I need right now.,C'est précisément ce dont j'ai besoin à l'instant.
That's just what I wanted to hear.,C'est précisément ce que je voulais entendre.
That's not exactly a top priority.,Ce n'est pas exactement une des priorités.
That's not something I want to do.,Ce n'est pas quelque chose que je veux faire.
That's not something I want to do.,Ce n'est pas quelque chose que je veuille faire.
That's not what I'm trying to say.,Ce n'est pas ce que j'essaie de dire.
That's not where I was last night.,Ce n'est pas là que j'étais hier soir.
That's something I can't tell you.,C'est quelque chose que je ne peux pas te dire.
That's something we'll improve on.,C'est quelque chose que nous améliorerons.
That's the only answer I can give.,C'est la seule réponse que je puisse donner.
That's the reason he became angry.,C'est la raison pour laquelle il s'est mis en colère.
That's the reason we got divorced.,C'est la raison pour laquelle nous avons divorcé.
That's the worst thing you can do!,C'est la pire chose que tu puisses faire !
That's the worst thing you can do!,C'est la pire chose que vous puissiez faire !
"That's what I love about you, Tom.","C'est ce que j'aime chez toi, Tom."
That's what I want most right now.,"C'est ce que je veux le plus, à l'instant."
That's what makes it so difficult.,C'est ce qui le rend si difficile.
That's what we have to figure out.,C'est ce que nous devons découvrir.
That's what you told me last week.,C'est ce que vous m'avez dit la semaine dernière.
That's what you told me last week.,C'est ce que tu m'as dit la semaine dernière.
The 1990s began with the Gulf War.,Les années 90 ont commencé avec la guerre du golfe.
The American flag has fifty stars.,Le drapeau des USA a cinquante étoiles.
The Greens are against everything.,Les verts sont contre tout.
The actress is learning her lines.,L'actrice apprend son texte.
The answer is anything but simple.,La réponse est tout sauf simple.
The answer to your question is no.,La réponse à ta question est non.
The answer was pretty astonishing.,La réponse était assez étonnante.
The apartment building is on fire.,L'immeuble est en feu.
The arrow indicates the way to go.,La flèche indique la voie à suivre.
The arrow indicates the way to go.,La flèche indique le chemin à suivre.
The arrow indicates the way to go.,Cette flèche indique la direction à prendre.
The article was written in French.,L'article était écrit en français.
The article was written in French.,L'article a été écrit en français.
The auto industry is hiring again.,Le secteur automobile embauche à nouveau.
The baby can stand but can't walk.,Le bébé peut se tenir debout mais il ne peut marcher.
The baby seemed to be fast asleep.,Le bébé semblait dormir à poings fermés.
The bags were piled up behind him.,Les sacs étaient empilés derrière lui.
The battery needs to be recharged.,La batterie a besoin d'être rechargée.
The beach is swarming with people.,La plage grouille de monde.
The blue roses are very beautiful.,Les roses bleues sont très jolies.
The boy didn't change his opinion.,Le garçon n'a pas changé son opinion.
The boy didn't change his opinion.,Le garçon ne changea pas d'avis.
The boy has never been to the zoo.,Le garçon n'est jamais allé au zoo.
The boy narrowly escaped drowning.,Le garçon a échappé de justesse à la noyade.
The boy talks as if he were a man.,L'enfant parle comme s'il était un homme.
The boy told me why he was crying.,L'enfant me dit pourquoi il pleurait.
The boy told me why he was crying.,Le garçon me conta pourquoi il pleurait.
The bus stop is across the street.,L'arrêt de bus est de l'autre côté de la rue.
The capital of Brazil is Brasilia.,La capitale du Brésil est Brasilia.
The car has been acting strangely.,La voiture s'est comportée bizarrement.
The carpet in my bedroom is green.,Le tapis de ma chambre est vert.
The cat is hiding under the couch.,Le chat est caché sous le canapé.
The cat played with the toy mouse.,Le chat jouait avec la souris en mousse.
The chickens were killed by a fox.,Les poulets ont été tués par un renard.
The child came near being drowned.,L'enfant a failli se noyer.
The child picked up a small stone.,L'enfant a ramassé un caillou.
The children made a giant snowman.,Les enfants érigèrent un bonhomme de neige colossal.
The children were asleep upstairs.,Les enfants étaient endormis à l'étage.
The children were asleep upstairs.,Les enfants dormaient en haut.
The city hall isn't far from here.,La mairie n'est pas loin d'ici.
The city hall isn't far from here.,L'hôtel de ville n'est pas loin d'ici.
The city wants to extend the road.,La ville veut prolonger la route.
The coat doesn't have any pockets.,Le manteau n'a aucune poche.
The committee meets twice a month.,Le comité se réunit deux fois par mois.
The company will soon go bankrupt.,L'entreprise va bientôt faire faillite.
The competition has become fierce.,La concurrence est devenue féroce.
The crowd cried out for an encore.,La foule criait pour un rappel.
The data hasn't been compiled yet.,Les données n'ont pas encore été compilées.
The date will be determined later.,La date sera fixée plus tard.
The days are longer in the summer.,Les jours sont plus longs durant l'été.
The decision hasn't yet been made.,La décision n'a pas encore été prise.
The desk seems small in this room.,"Le bureau semble petit, dans cette pièce."
The doctor started to examine her.,Le docteur a commencé à l'examiner.
The door will be painted tomorrow.,La porte sera peinte demain.
The driver of the bus was injured.,Le chauffeur du bus a été blessé.
The drowning man shouted for help.,L'homme qui se noyait a crié à l'aide.
The drug problem is international.,Le problème de la drogue est international.
The economic situation grew worse.,La situation économique empira.
The enemy's attack ceased at dawn.,L'attaque de l'ennemi a cessé à l'aube.
The engine's starting to overheat.,Le moteur commence à surchauffer.
The environment must be protected.,L'environnement doit être protégé.
The evidence is fairly conclusive.,La preuve est assez concluante.
The export of arms was prohibited.,L'exportation d'armes était interdite.
The family had its dinner at noon.,La famille prit son déjeuner à midi.
The family had its dinner at noon.,La famille a pris son déjeuner à midi.
The file cabinet drawers are open.,Les tiroirs du classeur sont ouverts.
The fire was extinguished at once.,Le feu fut rapidement éteint.
The fire was extinguished at once.,Le feu a immédiatement été éteint.
The fire was quickly extinguished.,Le feu a rapidement été éteint.
The girl treated her horse kindly.,La fille traitait son cheval gentiment.
The girl walking with Tom is Mary.,La fille qui marche avec Tom est Mary.
The guests are in the living room.,Les invités sont dans le salon.
The gunman was found to be insane.,Le tireur se révéla être fou.
The heater is warming up the room.,Le radiateur réchauffe la pièce.
The helicopter landed on the roof.,L'hélicoptère s'est posé sur le toit.
The hunters aimed at the elephant.,Les chasseurs mirent l'éléphant en joue.
The hunters aimed at the elephant.,Les chasseurs ont mis l'éléphant en joue.
The ice gave way under his weight.,La glace a cédé sous son poids.
The interview began at 10 o'clock.,L'entrevue commença à 10 heures.
The issue is quite familiar to us.,Ce problème ne nous est pas inconnu.
The issue is quite familiar to us.,Ce problème nous est connu.
The job must be finished by 3 p.m.,Ce travail doit être terminé à 15 heures.
The kids jumped on the trampoline.,Les enfants sautèrent sur le trampoline.
The kids jumped on the trampoline.,Les enfants ont sauté sur le trampoline.
The kids will be happy to see you.,Les enfants seront ravis de te voir.
The lake is deepest at this point.,C'est le point le plus profond du lac.
The landscape is unfamiliar to me.,Ce paysage ne m'est pas familier.
The little girl hid in the closet.,La petite fille s'est cachée dans l'armoire.
The mailman left a letter for her.,Le facteur a laissé une lettre pour elle.
The man was given a life sentence.,L'homme a été condamné à perpétuité.
The mechanic assembled the engine.,Le mécanicien assembla le moteur.
The meeting is held twice a month.,La réunion se tient deux fois par mois.
The money on the desk is not mine.,L'argent sur le comptoir n'est pas à moi.
"The more laws, the more offenders.","Plus il y a de lois, plus il y a de délinquants."
The mountain is covered with snow.,Cette montagne est recouverte de neige.
The mountain is covered with snow.,La montagne est recouverte de neige.
The new boy had a nervous stammer.,Le nouveau bégayait lorsqu'il était énervé.
The noise kept me awake all night.,Le bruit m'a gardé éveillé toute la nuit.
The noise kept me awake all night.,Le bruit m'a gardée éveillée toute la nuit.
The noise kept me awake all night.,Le bruit me garda éveillé toute la nuit.
The noise kept me awake all night.,Le bruit me garda éveillée toute la nuit.
The old man gave her a small doll.,Le vieil homme lui donna une petite poupée.
The old woman was nearly run over.,La vieille femme s'est presque fait rouler dessus.
The origin of the fire is unknown.,L'origine de l'incendie est inconnue.
The paint was coming off the wall.,La peinture se décollait du mur.
The paraglider landed in the tree.,Le parapentiste atterrit dans l'arbre.
The parking lot is free of charge.,Le parking est gratuit.
The party is just getting started.,La fête ne fait que commencer.
The peace talks failed once again.,Les pourparlers de paix ont de nouveau échoué.
The plan calls for a lot of money.,Le projet demande beaucoup d'argent.
The plane is approaching New York.,L'avion s'approche de New York.
The plane took off exactly at six.,L'avion a décollé à six heures exactement.
The price of everything increased.,Le prix de tout augmenta.
The prince became a king that day.,Le prince devint un roi ce jour-là.
The problem is as good as settled.,Le problème est pour ainsi dire réglé.
The problem is difficult to solve.,Il est difficile de résoudre ce problème.
The puppy licked her on the cheek.,Le chiot la lécha à la joue.
The radio was invented by Marconi.,La radio a été inventée par Marconi.
The rain lasted through the night.,La pluie a duré toute la nuit.
The rain prevented me from coming.,La pluie m'a empêché de venir.
The rebels sabotaged the railroad.,Les rebelles ont saboté la voie de chemin de fer.
The rebels sabotaged the railroad.,Les rebelles sabotèrent la voie de chemin de fer.
The report turned out to be false.,Le rapport s'est révélé faux.
The report turned out to be false.,Le rapport se révéla faux.
The river's water level has risen.,Le niveau de la rivière s'est élevé.
The road is in a deplorable state.,La route se trouve dans un état déplorable.
The roof was damaged by the storm.,Le toit a été endommagé par la tempête.
The room became filled with smoke.,La pièce s'emplit de fumée.
The room is crawling with spiders.,La pièce grouille d'araignées.
The room will be painted tomorrow.,La pièce sera peinte demain.
The sale will be over in two days.,La vente sera terminée dans deux jours.
The same thing happens every year.,La même chose se produit chaque année.
The sand on the beach is very hot.,Le sable sur la plage est très chaud.
The sculptures are of great value.,Les sculptures sont de grande valeur.
The ship ran aground on a sandbar.,La bateau s'est échoué sur un banc de sable.
The situation is very complicated.,La situation est très compliquée.
The soldiers are ready for battle.,Les soldats sont prêts au combat.
The soldiers began returning home.,Les soldats commencèrent à rentrer chez eux.
The source of the fire is unknown.,La cause de l'incendie est inconnue.
The store might be closed already.,Il se pourrait que le magasin soit déjà fermé.
The storm didn't cause any damage.,La tempête n'a causé aucun dommage.
The storm didn't cause any damage.,La tempête n'a occasionné aucun dommage.
The streets are covered with snow.,Les rues sont couvertes de neige.
The students are in the classroom.,Les étudiants sont dans la salle de classe.
The students are in the classroom.,Les étudiantes sont dans la salle de classe.
The sun is brighter than the moon.,Le soleil est plus brillant que la lune.
The suspect is a caucasian female.,La suspecte est une femme de type européen.
The taxi picked up two passengers.,Le taxi prit deux passagers.
The taxi picked up two passengers.,Le taxi a pris deux passagers.
The teachers greeted the children.,Les enseignants saluèrent les enfants.
The teachers greeted the children.,Les instituteurs saluèrent les enfants.
The teachers greeted the children.,Les institutrices saluèrent les enfants.
The theory is too abstract for me.,La théorie est trop abstraite pour moi.
The thief got away with the money.,Le voleur s'est tiré avec l'argent.
The thief got away with the money.,Le voleur s'est échappé avec l'argent.
The thief got away with the money.,Le voleur a fui avec l'argent.
The thief was bound hand and foot.,Le voleur était pieds et poings liés.
The toilet doesn't flush properly.,La chasse d'eau ne marche pas correctement.
The toilet doesn't flush properly.,La chasse d'eau ne fonctionne pas correctement.
The train lurched to a standstill.,Le train s'arrêta après une embardée.
The train was delayed for an hour.,Le train a été retardé d'une heure.
The train was delayed for an hour.,Le train fut retardé d'une heure.
The train was thirty minutes late.,Le train était en retard de trente minutes.
The tree fell over in the typhoon.,L'arbre est tombé lors du typhon.
The two sides negotiated for days.,Les deux parties négocièrent durant des jours.
The typhoon destroyed many houses.,Le typhon a détruit beaucoup de maisons.
The vegetation was thick and lush.,La végétation était épaisse et luxuriante.
The very idea of it is disgusting.,"L'idée même, derrière ça, est dégoûtante."
The village is beyond those trees.,Le village se situe au-delà de ces arbres.
The village was dead after sunset.,Le village était désert après le coucher du soleil.
The violence lasted for two weeks.,La violence dura deux semaines.
The violence lasted for two weeks.,La violence persista durant deux semaines.
The wall is covered with graffiti.,Le mur est couvert de graffitis.
The weather is cold all year here.,"Ici, il fait très froid tout au long de l'année."
The weather was perfect yesterday.,"Le temps était, hier, parfait."
The whole world hungers for peace.,Le monde entier aspire à la paix.
The wind is blowing from the east.,Le vent souffle de l'est.
The wind is blowing from the west.,Le vent souffle de l'ouest.
Their marriage broke up last year.,Leur mariage s'est rompu l'année dernière.
Their marriage broke up last year.,Leur mariage s'est rompu l'année passée.
There are a few boats on the lake.,Quelques bateaux sont sur le lac.
There are many people in the park.,Il y a beaucoup de gens dans le parc.
There are no atheists in foxholes.,Il n'y a pas d'athéistes dans les tranchées.
There are no oranges on the table.,Il n'y a pas d'orange sur la table.
There are no roses without thorns.,Il n’y a pas de roses sans épines.
There are only three cookies left.,Il ne reste que trois cookies.
There are some apples in that box.,Il y a des pommes dans cette boite.
There are students in the library.,Il y a des étudiants dans la bibliothèque.
There are ten people in this room.,Il y a dix personnes dans cette chambre.
There are too many ads on YouTube.,Il y a trop de publicités sur YouTube.
There are various kinds of coffee.,Il y a différentes sortes de café.
There can be only one explanation.,Il ne peut y avoir qu'une seule explication.
There didn't seem to be a problem.,Il ne semblait pas y avoir de problème.
There has probably been a mistake.,Il y a probablement eu une erreur.
There is a cookie under the table.,Il y a un biscuit sous la table.
There is a fence around the house.,Il y a une clôture autour de la maison.
There is a television in the room.,Il y a une télévision dans cette pièce.
There is a television in the room.,Il y a un poste de télévision dans la pièce.
There is an urgent need for money.,Il y a un besoin urgent d'argent.
There is an urgent need for water.,Il y a un besoin urgent d'eau.
There is honor even among thieves.,L'honneur existe même parmi les voleurs.
There is milk in the refrigerator.,Il y a du lait dans le frigo.
There is no accounting for tastes.,Les goûts ça ne s'explique pas.
There is no cure for lovesickness.,Il n'y a aucun remède à la maladie de l'amour.
There is no limit to the universe.,Il n'y a pas de limites à l'univers.
There is no need to talk about it.,Il n'est point besoin d'en parler.
There is often fog in the morning.,Il y a souvent du brouillard le matin.
There isn't any milk in the glass.,Il n'y a pas de lait dans le verre.
There was a heavy rain last night.,Il y a eu une grosse pluie la nuit dernière.
There was a lot of snow last year.,Il y a eu beaucoup de neige l'année dernière.
There was an explosion in the lab.,Il y a eu une explosion dans le labo.
There was fighting in the streets.,Il y avait des combats dans les rues.
There was just barely enough time.,Il y avait juste à peine assez de temps.
There was no one else on the road.,Il n'y avait personne d'autre sur la route.
There was no one there besides me.,Il n'y avait personne ici à part moi.
There was nothing I could've done.,Il n'y avait rien que j'eusse pu faire.
There wasn't anybody in that room.,Il n'y avait personne dans cette salle.
There were some boats on the lake.,Il y avait quelques bateaux sur le lac.
There were two murders this month.,Il y a eu deux meurtres ce mois-ci.
There's a dictionary on the shelf.,Il y a un dictionnaire sur l'étagère.
There's a hotel across the street.,Il y a un hôtel de l'autre côté de la rue.
There's a problem with the engine.,Il y a un problème avec le moteur.
There's a stain on the tablecloth.,Il y a une tache sur la nappe.
There's definitely something else.,Il y a vraiment quelque chose d'autre.
There's not much I can do for you.,Il n'y a pas grand-chose que je puisse faire pour toi.
There's not much I can do for you.,Il n'y a pas grand-chose que je puisse faire pour vous.
There's nothing I can do about it.,Je ne peux rien y faire.
There's nothing else I want to do.,Il n'y a rien d'autre que je veuille faire.
There's nothing new under the sun.,Rien de nouveau sous le ciel.
There's nothing unusual to report.,Il n'y a rien d'inhabituel à signaler.
There's nowhere else I want to go.,Il n'y a pas d'autre endroit où je veuille aller.
There's one thing I must tell you.,Il y a une chose que je dois te dire.
There's one thing I must tell you.,Il y a une chose que je dois vous dire.
There's something not quite right.,Il y a quelque chose qui ne tourne pas rond ici.
There's very little we can do now.,Il y a très peu que nous puissions faire actuellement.
These facts support my hypothesis.,Ces faits soutiennent mon hypothèse.
These flowers are from our garden.,Ces fleurs viennent de notre jardin.
These flowers have a unique smell.,Ces fleurs ont un parfum unique.
These machines aren't working now.,Ces machines ne fonctionnent pas en ce moment.
These toys are suitable for girls.,Ces jouets conviennent aux filles.
They absolutely detest each other.,Ils se détestent absolument.
They absolutely detest each other.,Ils se détestent suprêmement.
They accused him of telling a lie.,Ils l'accusèrent de dire un mensonge.
They accused him of telling a lie.,Elles l'accusèrent de dire un mensonge.
They accused him of telling a lie.,Ils l'ont accusé de dire un mensonge.
They accused him of telling a lie.,Elles l'ont accusé de dire un mensonge.
They admitted her to the hospital.,Ils l'admirent à l'hôpital.
They all objected to his proposal.,Ils firent tous objection à sa proposition.
They all objected to his proposal.,Elles firent toutes objection à sa proposition.
They all objected to his proposal.,Ils ont tous fait objection à sa proposition.
They all objected to his proposal.,Elles ont toutes fait objection à sa proposition.
"They are not enemies, but friends.","Ce ne sont pas des ennemis, mais des amis."
"They are not enemies, but friends.","Ce ne sont pas des ennemies, mais des amies."
They are reading their newspapers.,Ils sont en train de lire leurs journaux.
They are spraying the fruit trees.,Ils épandent les arbres fruitiers.
They armed themselves with rifles.,Ils s'armèrent de fusils.
They came at an inconvenient time.,Ils vinrent à un moment malencontreux.
They de-iced the bridge with salt.,Ils ont dé-verglacé le pont avec du sel.
They did away with the old system.,Ils se débarrassèrent de l'ancien système.
They did it in front of the staff.,Ils le firent devant le personnel.
They did it in front of the staff.,Elles le firent devant le personnel.
They did it in front of the staff.,Ils l'ont fait devant le personnel.
They did it in front of the staff.,Elles l'ont fait devant le personnel.
They did it in front of the staff.,Ils l'ont fait au vu et au su du personnel.
They did it in front of the staff.,Elles l'ont fait au vu et au su du personnel.
They didn't so much as hint at it.,Ils l'ont à peine mentionné.
They didn't want me to examine it.,Ils ne voulurent pas que je l'examine.
They didn't want me to examine it.,Elles ne voulurent pas que je l'examine.
They didn't want me to examine it.,Ils n'ont pas voulu que je l'examine.
They didn't want me to examine it.,Elles n'ont pas voulu que je l'examine.
They don't know that I'm Japanese.,Ils ne savent pas que je suis japonais.
They drive on the left in England.,Ils roulent à gauche en Angleterre.
They drive on the left in England.,On roule à gauche en Angleterre.
They forced him to tell the truth.,Ils le contraignirent à dire la vérité.
They got married three months ago.,Ils se sont mariés il y a trois mois.
They have three double rooms left.,Il leur reste trois chambres doubles.
They ironed out their differences.,Ils ont aplani les différences.
They just want to get to know you.,Ils veulent simplement faire ta connaissance.
They just want to get to know you.,Elles veulent simplement faire ta connaissance.
They just want to get to know you.,Ils veulent simplement faire votre connaissance.
They just want to get to know you.,Elles veulent simplement faire votre connaissance.
They laugh at him behind his back.,Ils rient dans son dos.
They lifted her above their heads.,Ils la soulevèrent au-dessus de leurs têtes.
They look like they're having fun.,On dirait qu'ils s'amusent bien.
They look like they're having fun.,Ils ont l'air de bien s'amuser.
They made me wait for a long time.,Ils m'ont fait attendre longtemps.
They made me wait for a long time.,Vous m'avez fait attendre longtemps.
They make good use of their rooms.,Ils font un bon usage de leurs chambres.
They make good use of their rooms.,Ils utilisent leurs chambres à bon escient.
They married when they were young.,Ils se sont mariés lorsqu'ils étaient jeunes.
They married when they were young.,Ils se sont mariés jeunes.
They married when they were young.,Elles se sont mariées lorsqu'elles étaient jeunes.
They married when they were young.,Elles se sont mariées jeunes.
They must have known it all along.,Ils doivent l'avoir su tout le temps.
They must have known it all along.,Elles doivent l'avoir su tout le temps.
They need to change their mindset.,Il faut qu'ils changent leur état d'esprit.
They need to change their mindset.,Il faut qu'elles changent leur état d'esprit.
They only sell women's shoes here.,On ne vend ici que des chaussures pour dames.
They parted with a firm handshake.,Ils se séparèrent sur une poignée de main ferme.
They plan to get married tomorrow.,Ils prévoient de se marier demain.
They planned their first vacation.,Ils ont planifié leurs premières vacances.
They relaxed in front of the fire.,Ils se détendirent face au feu.
They relaxed in front of the fire.,Elles se détendirent devant le feu.
They say that he is seriously ill.,On dit qu'il serait gravement malade.
They say that he knows the secret.,On dit qu'il connaît le secret.
They say that he knows the secret.,Ils disent qu'il connaît le secret.
They say that he knows the secret.,Elles disent qu'il connaît le secret.
They sell eggs at the supermarket.,Ils vendent des œufs au supermarché.
They spent the night on the beach.,Ils passèrent la nuit sur la plage.
They spent the night on the beach.,Ils ont passé la nuit sur la plage.
They stood on the top of the hill.,Ils se tenaient au haut de la colline.
They stood on the top of the hill.,Elles se tenaient au haut de la colline.
They teach Chinese at that school.,On enseigne le chinois dans cette école.
They thought they were invincible.,Ils se croyaient invincibles.
They thought they were invincible.,Elles se croyaient invincibles.
They wake up at six every morning.,Ils se lèvent à six heures tous les matins.
They want to know what's going on.,Ils veulent savoir ce qui se passe.
They want to know what's going on.,Elles veulent savoir ce qui se passe.
They want to talk to you a moment.,"Ils veulent vous parler, un moment."
They want to talk to you a moment.,"Elles veulent vous parler, un moment."
They want to tell you their story.,Ils veulent te raconter leur histoire.
They want to tell you their story.,Elles veulent vous raconter leur histoire.
They wanted to know what happened.,Ils voulaient savoir ce qui s'était passé.
They wanted to know what happened.,Ils voulaient savoir ce qui était arrivé.
They wanted to know what happened.,Elles voulaient savoir ce qui s'était passé.
They wanted to know what happened.,Elles voulaient savoir ce qui était arrivé.
They were all dressed in uniforms.,Ils arboraient tous des uniformes.
They were all dressed in uniforms.,Ils étaient tous en uniforme.
They were drinking dry white wine.,Ils étaient en train de boire du vin blanc sec.
They were high school sweethearts.,Ils étaient amoureux au lycée.
They were shoveling the snow away.,Ils pelletaient la neige.
They were sunbathing on the beach.,Ils étaient en train de se faire dorer sur la plage.
They were sunbathing on the beach.,Ils étaient en train de se faire bronzer sur la plage.
They wouldn't have recognized Tom.,Ils n'auraient pas reconnu Tom.
They're living in a fantasy world.,Elles vivent dans un monde de fantaisie.
They're two very different things.,Ce sont deux choses absolument différentes.
Things are getting out of control.,Les choses dégénèrent.
Things are starting to take shape.,Les choses commencent à prendre forme.
"Things happen for a reason, right?","Les choses arrivent pour une raison, n'est-ce pas ?"
This TV show is aimed at children.,Cette émission télé est destinée aux enfants.
This a very significant discovery.,C'est une découverte très importante.
This applies to your case as well.,Cela vous concerne aussi.
This applies to your case as well.,Cela s'applique aussi à vous.
This beef is very nice and tender.,Cette viande est très bonne et tendre.
This book is better than that one.,Ce livre est meilleur que celui-ci.
This book is better than that one.,Ce livre est meilleur que celui-là.
This book is mine. Where is yours?,Ce livre est le mien. Où est le tien ?
This book is mine. Where is yours?,Ce livre est à moi. Où est le tien ?
This book is mine. Where is yours?,Ce livre est le mien. Où est le vôtre ?
This book is mine. Where is yours?,Ce livre est à moi. Où est le vôtre ?
This book is too difficult for me.,Ce livre est trop difficile pour moi.
This bracelet is very inexpensive.,Ce bracelet est très bon marché.
This chair isn't very comfortable.,Cette chaise n'est pas très confortable.
This company sold unsafe products.,Cette société a vendu des produits dangereux.
This criminal is morally depraved.,Ce criminel est moralement dépravé.
This desk is better than that one.,Ce bureau est mieux que celui-là.
This desk is better than that one.,Ce bureau-ci est mieux que celui-là.
This doesn't make any sense to me.,Ça n'a pour moi aucun sens.
This dress would look good on you.,Cette robe t'irait bien.
This dress would look good on you.,Cette robe vous irait bien.
This fact shows that he is honest.,Ce fait indique qu'il est honnête.
This house and this land are mine.,Cette maison et ce terrain sont les miens.
This house has a solid foundation.,Cette maison a de solides fondations.
This idea is actually pretty good.,Cette idée est vraiment assez bonne.
This is a beautiful piece of meat.,C'est une belle pièce de viande.
This is a game for young children.,Ce jeu convient aux petits enfants.
This is a hard question to answer.,C'est une question à laquelle il est difficile de répondre.
This is a night I'll never forget.,C'est une nuit que je n'oublierai jamais.
This is a very entertaining story.,C'est une histoire très divertissante.
This is all that I know about him.,C'est tout ce que je sais de lui.
This is almost as good as fishing.,C'est presque aussi bien que la pêche.
This is exactly where it happened.,C'est exactement là que cela s'est produit.
This is how the accident happened.,C'est ainsi que s'est déroulé l'accident.
This is how the accident happened.,C'est ainsi que s'est passé l'accident.
This is how the accident happened.,C'est ainsi que l'accident est survenu.
This is my favorite pair of shoes.,C'est ma paire de chaussures préférée.
This is one of my favorite places.,C'est un de mes endroits préférés.
This is strictly a private matter.,Ceci est mon affaire purement privée.
This is the book I told you about.,C'est le livre dont je t'ai parlé.
This is the calm before the storm.,C’est le calme avant la tempête.
This is the place where Tom works.,C'est l'endroit où Tom travaille.
This is too good a chance to miss.,C'est une occasion trop belle pour la manquer.
This is too important to overlook.,C'est trop important pour le négliger.
This is why he got angry with you.,C'est la raison pour laquelle il s'est mis en colère contre vous.
This is why he got angry with you.,C'est la raison pour laquelle il s'est mis en colère contre toi.
This kind of work makes me hungry.,Ce genre de travail me donne faim.
This kind of work makes me hungry.,Ce genre de travail m'ouvre l'appétit.
This laptop computer is very thin.,Cet ordinateur portable est très fin.
This medicine has no side effects.,Ce médicament n'a pas d'effets secondaires.
This offer is valid for five days.,Cette offre est valable pendant cinq jours.
"This old book is worth 50,000 yen.",Ce vieux livre vaut cinquante mille yens.
This painting is really very nice.,Ce tableau est vraiment très beau.
This pair of shoes doesn't fit me.,Ces chaussures ne me vont pas.
This park is famous for its roses.,Le parc est réputé pour ses roses.
This proverb is worth remembering.,Ce proverbe vaut la peine qu'on s'en souvienne.
This sentence needs to be checked.,Cette phrase doit être vérifiée.
This shot will help numb the pain.,Cette injection aidera à atténuer la douleur.
This shouldn't take too much time.,Ça ne devrait pas prendre trop de temps.
This store is in a prime location.,Ce magasin est bien situé.
This story is worth reading again.,Cette histoire vaut la peine d'être relue.
This text isn't easy to translate.,Ce texte n'est pas si facile à traduire.
This train stops at every station.,Ce train s'arrête à toutes les stations.
This was built some 500 years ago.,Ce fut construit il y a environs 500 ans.
This watch was your grandfather's.,Cette montre était celle de ton grand-père.
This week is Fire Prevention Week.,Cette semaine est la semaine de prévention des incendies.
This work is not necessarily easy.,Ce travail n'est pas forcément facile.
Those pajamas are too big for you.,Ce pyjama est trop grand pour toi.
Those shoes won't do for climbing.,Ces chaussures ne feront pas l'affaire pour l'escalade.
Three other soldiers were wounded.,Trois autres soldats ont été blessés.
"To be honest, I really don't know.","Pour être honnête, je ne sais vraiment pas."
To live without air is impossible.,Vivre sans air est impossible.
To make money one must want money.,"Pour faire de l'argent, il faut en vouloir."
"To put it briefly, I do not agree.","Pour le dire brièvement, je ne suis pas d'accord."
Today's meeting has been canceled.,La réunion d'aujourd'hui a été annulée.
Tom Jackson is my favorite writer.,Tom Jackson est mon écrivain préféré.
Tom Jackson is my favorite writer.,Tom Jackson est mon auteur favori.
Tom accidentally swallowed a coin.,Tom a accidentellement avalé une pièce.
Tom acted as if he didn't know us.,Tom fait comme s'il ne nous connaissait pas.
Tom adopted Mary's three children.,Tom a adopté les trois enfants de Mary.
Tom always treats me like a child.,Tom me traite toujours comme un enfant.
Tom always treats me like a child.,Tom me traite toujours comme une enfant.
Tom and I never lie to each other.,Tom et moi ne nous mentons jamais.
Tom and I went to the same school.,Tom et moi sommes allés dans la même école.
Tom and I'll meet again next week.,Tom et moi allons nous revoir la semaine prochaine.
Tom and Mary are both very hungry.,Tom et Mary ont tous les deux très faim.
Tom and Mary are devout Catholics.,Tom et Marie sont de fervents catholiques.
Tom and Mary are looking for John.,Tom et Mary cherchent John.
Tom and Mary don't agree with you.,Tom et Mary ne sont pas d'accord avec toi.
Tom and Mary don't agree with you.,Tom et Mary ne sont pas d'accord avec vous.
Tom and Mary enjoy being together.,Tom et Mary apprécient d'être ensemble.
Tom and Mary got into an argument.,Tom et Marie se sont disputés.
Tom and Mary got married secretly.,Tom et Marie se sont mariés en secret.
Tom and Mary got married secretly.,Tom et Mary se sont mariés en secret.
Tom and Mary have a lot in common.,Tom et Mary ont beaucoup en commun.
Tom and Mary have three daughters.,Tom et Marie ont trois filles.
Tom and Mary know each other well.,Tom et Mary se connaissent bien.
Tom and Mary want to learn French.,Tom et Mary veulent apprendre le français.
Tom and Mary were always fighting.,Tom et Mary étaient constamment en train de se battre.
Tom and Mary were both alcoholics.,Tom et Marie étaient tout deux alcooliques.
Tom and Mary were both alcoholics.,Tom et Marie étaient tous les deux alcooliques.
Tom and Mary were great neighbors.,Tom et Mary étaient des voisins supers.
Tom and his friends took a selfie.,Tom et ses amis ont pris un selfie.
Tom announced his decision Monday.,Tom a annoncé sa décision lundi.
Tom asked Mary not to do anything.,Tom demanda à Mary de ne pas intervenir.
Tom asked Mary to call the police.,Tom a demandé à Marie d'appeler la police.
Tom asked Mary to call the police.,Tom demanda à Marie d'appeler la police.
Tom asked Mary to read the letter.,Tom a demandé à Marie de lire la lettre.
Tom asked Mary to read the letter.,Tom demanda à Marie de lire la lettre.
Tom asked Mary to sweep the floor.,Tom a demandé à Mary de balayer par terre.
Tom asked Mary why she was crying.,Tom a demandé à Mary pourquoi elle pleurait.
Tom asked me what I wanted to eat.,Tom m'a demandé ce que je voulais manger.
Tom asked me where he should park.,Tom m'a demandé où il devait se garer.
Tom asked me whether I was hungry.,Tom me demanda si j'avais faim.
Tom asked the stranger who he was.,Tom a demandé à l'étranger qui il était.
Tom asked the stranger who he was.,Tom demanda à l'étranger qui il était.
Tom backed out at the last moment.,Tom y a renoncé au dernier moment.
Tom began to feel a little guilty.,Tom commença à se sentir coupable.
Tom believes everything Mary says.,Tom croit tout ce que Marie lui dit.
Tom bought a nice house in Boston.,Tom a acheté une jolie maison à Boston.
Tom bought me everything I wanted.,Tom m'a acheté tout ce que je voulais.
Tom built a trap to catch rabbits.,Tom a construit un piège pour attraper des lapins.
Tom came back to Boston last week.,Tom a retourné à Boston la semaine dernière.
Tom can't have done it by himself.,Tom n'a pas pu le faire lui-même.
Tom can't remember Mary's address.,Tom ne peut pas se rappeler de l'adresse de Mary.
Tom can't see without his glasses.,Tom ne voit pas sans ses lunettes.
Tom can't stop me from doing that.,Tom ne peut pas m'empêcher de faire ça.
Tom carried Mary on his shoulders.,Tom porta Mary sur ses épaules.
Tom carried Mary on his shoulders.,Tom porta Marie sur ses épaules.
Tom caught a whole string of fish.,Tom a attrapé toute une série de poissons.
Tom caught the ball with one hand.,Tom a attrapé la balle d'une main.
Tom caused quite a lot of trouble.,Tom a causé pas mal d'ennuis.
Tom caused quite a lot of trouble.,Tom a causé tout un tas d'ennuis.
Tom certainly didn't vote for her.,Tom n'a certainement pas voté pour elle.
Tom claims to have psychic powers.,Tom prétend avoir des pouvoirs psychiques.
Tom cleaned his room this morning.,Tom a nettoyé sa chambre ce matin.
Tom closed the shop early tonight.,Tom ferma la boutique tôt ce soir.
Tom commutes to school by bicycle.,Tom fait la navette à l'école en vélo.
Tom concealed his anger from Mary.,Tom dissimulait sa colère à Mary.
Tom concealed his anger from Mary.,Tom dissimulait sa colère à Marie.
Tom continued talking for a while.,Tom a encore parlé un bon moment.
Tom couldn't stop talking to Mary.,Tom ne pouvait pas s'arrêter de parler à Marie.
Tom crawled under the barbed wire.,Tom rampa sous les barbelés.
Tom definitely would've liked you.,Tom t'aurait vraiment aimé.
Tom definitely would've liked you.,Tom t'aurait apprécié.
Tom did his best to persuade Mary.,Tom a fait de son mieux pour persuader Marie.
Tom did it to annoy his neighbors.,Tom l'a fait pour agacer ses voisins.
Tom didn't attend class last week.,Tom n'a pas été en cours la semaine dernière.
Tom didn't attend today's meeting.,Tom n'a pas assisté à la réunion d'aujourd'hui.
Tom didn't even know who that was.,Tom ne savait même pas qui c'était.
Tom didn't feel like playing golf.,Tom n'avait pas envie de jouer au golf.
Tom didn't get home till midnight.,Tom n'est pas rentré chez moi avant minuit.
Tom didn't have dinner last night.,Tom n'a pas diné hier soir.
Tom didn't keep his promise to me.,Tom n'a pas tenu sa promesse envers moi.
Tom didn't know Mary was so funny.,Tom ne savait pas que Mary était si marrante.
Tom didn't know he'd hurt anybody.,Tom ignorait qu'il ferait du mal à quelqu'un.
Tom didn't know he'd hurt anybody.,Tom ne savait pas qu'il ferait du mal à quelqu'un.
Tom didn't know where his pen was.,Tom ne savait pas où était son stylo.
Tom didn't look like he was tired.,Tom ne paraissait pas fatigué.
Tom didn't seem at all interested.,Tom n'avait pas l'air du tout intéressé.
Tom didn't seem interested at all.,Tom n'avait pas l'air intéressé du tout.
Tom didn't seem to be very hungry.,Tom ne semblait pas avoir très faim.
Tom didn't take a bath last night.,Tom n'a pas pris de bain la nuit dernière.
Tom didn't understand Mary's joke.,Tom n'a pas compris la plaisanterie de Marie.
Tom didn't want to do that either.,Tom ne voulait pas faire ça non plus.
Tom didn't want to go any further.,Tom ne voulait pas avancer plus.
Tom didn't want to sit next to me.,Tom ne voulait pas s'asseoir à coté de moi.
Tom didn't want to talk to anyone.,Tom ne voulait parler à personne.
Tom didn't want to talk to anyone.,Tom n'a voulu parler à personne.
Tom died with a knife in his back.,Tom est mort avec un couteau dans le dos.
Tom disguised himself as a priest.,Tom se déguisa en prêtre.
Tom does only what he wants to do.,Tom ne fait que ce qu'il veut.
Tom doesn't have any money on him.,Tom n'a pas d'argent sur lui.
Tom doesn't have to come tomorrow.,Tom n'a pas à venir demain.
Tom doesn't like being criticized.,Tom n'aime pas être critiqué.
Tom doesn't like the rainy season.,Tom n'aime pas la saison des pluies.
Tom doesn't often see his brother.,Tom ne voit pas souvent son frère.
Tom doesn't remember his password.,Tom ne se souvient pas de son mot de passe.
Tom doesn't see his brother often.,Tom ne voit pas souvent son frère.
"Tom doesn't speak French, does he?","Tom ne parle pas français, n'est-ce pas ?"
Tom doesn't want any part of this.,Tom ne va pas du tout y être mêlé.
Tom doesn't want to eat lunch now.,Tom ne veut pas déjeuner maintenant.
Tom doesn't want to talk about it.,Tom ne veut pas en parler.
Tom doesn't want to work tomorrow.,Tom ne veut pas travailler demain.
Tom enjoys playing computer games.,Tom adore jouer aux jeux sur ordinateur.
Tom explained the project to Mary.,Tom expliqua le projet à Mary.
Tom explained the project to Mary.,Tom a expliqué le projet à Mary.
Tom fell asleep with the light on.,Tom s'est endormi avec la lumière allumée.
Tom forgot to lock the front door.,Tom a oublié de verrouiller la porte d'entrée.
Tom found his new job interesting.,Tom trouvait son nouveau travail intéressant.
Tom found his new job interesting.,Tom a trouvé son nouvel emploi intéressant.
Tom gave Mary a French dictionary.,Tom a donné un dictionnaire français à Mary.
Tom gave Mary a box of chocolates.,Tom a donné une boîte de chocolats à Mary.
Tom gave away everything he owned.,Tom donna tout ce qu'il possédait.
Tom goes there three times a week.,Tom y va trois fois par semaine.
Tom got a job at a local pizzeria.,Tom a obtenu un emploi dans une pizzeria locale.
Tom got up and walked to the door.,Tom se leva et marcha vers la porte.
Tom got up and walked to the door.,Tom s'est levé et a marché vers la porte.
Tom got up and walked to the door.,Tom se leva et se dirigea vers la porte.
Tom had no idea how rich Mary was.,Tom n'avait pas idée de combien Marie était riche.
Tom had one of his legs amputated.,Tom s'est fait amputer d'une jambe.
Tom handed Mary a bottle of water.,Tom tendit une bouteille d'eau à Mary.
Tom handed Mary a bottle of water.,Tom a tendu une bouteille d'eau à Mary.
Tom handed me the letter and left.,Tom me remit la lettre et partit.
Tom has a lot of pictures of Mary.,Tom possède beaucoup de photos de Mary.
Tom has a lot of responsibilities.,Tom a beaucoup de responsabilités.
Tom has already finished the work.,Tom a déjà fini le travail.
Tom has apparently studied French.,Tom a visiblement étudié le français.
Tom has been expelled from school.,Tom a été renvoyé de l'école.
Tom has committed a serious crime.,Tom a commis un crime grave.
Tom has decided to become a pilot.,Tom a décidé de devenir pilote.
Tom has decided to major in music.,Tom a décidé de se spécialiser dans la musique.
Tom has lots of friends in Boston.,Tom a beaucoup d'amis à Boston.
Tom has never been to Mary's home.,Tom n'est jamais allé chez Marie.
Tom has started looking for a job.,Tom a commencé à chercher un travail.
Tom has traveled around Australia.,Tom a voyagé en Australie.
Tom has traveled around the world.,Tom a fait le tour du monde.
Tom hasn't regained consciousness.,Tom n'a pas repris connaissance.
Tom hasn't written the letter yet.,Tom n'a pas encore écrit la lettre.
Tom hates driving when it's foggy.,Tom déteste conduire quand il y a du brouillard.
Tom helped us extinguish the fire.,Tom nous a aidés à éteindre le feu.
Tom helped us extinguish the fire.,Tom nous a aidées à éteindre le feu.
Tom helped us extinguish the fire.,Tom nous aida à éteindre le feu.
Tom helped us save a lot of money.,Tom nous a aidés à économiser beaucoup d'argent.
Tom hid behind the shower curtain.,Tom se cacha derrière le rideau de douche.
Tom introduced Mary to his family.,Tom a présenté Marie à sa famille.
Tom introduced Mary to his family.,Tom présenta Marie à sa famille.
Tom introduced Mary to his mother.,Tom a présenté Marie à sa mère.
Tom introduced Mary to his mother.,Tom présenta Marie à sa mère.
"Tom is a little strange, isn't he?","Tom est un peu étrange, n'est-ce pas ?"
Tom is accustomed to long flights.,Tom est habitué aux longs vols.
Tom is always playing video games.,Tom joue tout le temps aux jeux vidéo.
Tom is always watching television.,Tom regarde la télévision en permanence.
Tom is always watching television.,Tom regarde toujours la télévision.
Tom is both a doctor and a writer.,Tom est à la fois médecin et écrivain.
Tom is complaining to the manager.,Tom est en train de se plaindre au gérant.
Tom is currently living in Boston.,Tom vit actuellement à Boston.
Tom is eating breakfast right now.,Tom est en train de manger son petit déjeuner en ce moment.
"Tom is fairly ambitious, isn't he?","Tom est assez ambitieux, n'est-ce pas ?"
Tom is getting married next month.,Tom va se marier le mois prochain.
Tom is kind of worked up about it.,Tom est plutôt énervé à ce sujet.
Tom is likely to be enjoying that.,Ça va probablement plaire à Tom.
Tom is likely to be enjoying that.,Cela devrait plaire à Tom.
Tom is more intelligent than Mary.,Tom est plus intelligent que Mary.
Tom is not interested in politics.,Tom ne s'intéresse pas à la politique.
Tom is now taller than his father.,Tom est maintenant plus grand que son père.
Tom is on the swim team at school.,Tom est dans l'équipe de natation à l'école.
Tom is playing catch with his son.,Tom joue au catch avec son fils.
Tom is the best drummer in Boston.,Tom est le meilleur batteur de Boston.
Tom is the person I saw yesterday.,Tom est la personne que j'ai vue hier.
Tom is the person who helped Mary.,Tom est la personne qui a aidé Mary.
Tom is three years older than you.,Tom est trois ans plus vieux que toi.
Tom is three years older than you.,Tom est trois ans plus vieux que vous.
Tom is three years older than you.,Tom a trois ans de plus que toi.
Tom is three years older than you.,Tom a trois ans de plus que vous.
Tom is too young to peel an apple.,Tom est trop jeune pour peler une pomme.
Tom is trying to sell his old car.,Tom essaie de vendre sa vieille voiture.
Tom is unable to cope with stress.,Tom n'est pas capable de gérer le stress.
Tom is usually at home on Sundays.,Tom est en général chez lui le dimanche.
Tom is worried about his children.,Tom s'inquiète pour ses enfants.
"Tom is your best friend, isn't he?","Tom est ton meilleur ami, n'est-ce pas ?"
Tom isn't a professional musician.,Tom n'est pas un musicien professionnel.
Tom isn't available at the moment.,Tom n'est pas disponible pour le moment.
Tom isn't good at keeping secrets.,Tom n'est pas bon pour garder des secrets.
"Tom isn't very spontaneous, is he?","Tom n'est pas très spontané, n'est-ce pas ?"
Tom just got back to Boston today.,Tom vient de rentrer à Boston aujourd'hui.
Tom kept Mary waiting for an hour.,Tom a fait attendre Marie pendant une heure.
Tom knew Mary wouldn't want to go.,Tom savait que Mary ne voudrait pas y aller.
Tom knew who Mary's boyfriend was.,Tom savait qui était le petit ami de Mary.
Tom knew who Mary's boyfriend was.,Tom savait qui était le copain de Mary.
Tom knows how to have a good time.,Tom sait comment passer du bon temps.
Tom knows how to have a good time.,Tom sait comment passer un bon moment.
Tom knows how to repair computers.,Tom sait comment réparer les ordinateurs.
Tom knows what he's talking about.,Tom sait de quoi il parle.
Tom likes to make paper airplanes.,Tom aime faire des avions en papier.
Tom lived half his life in Boston.,Tom a vécu la moitié de sa vie à Boston.
"Tom lived in Boston before, right?","Tom vivait à Boston avant, n'est-ce pas ?"
Tom lives in a cabin in the woods.,Tom vit dans une cabane dans les bois.
Tom looked through the binoculars.,Tom regarda à travers les jumelles.
Tom looks older than he really is.,Tom fait plus vieux qu'il ne l'est vraiment.
Tom looks older than he really is.,Tom semble plus âgé qu'il ne l'est réellement.
Tom loved Mary and Mary loved him.,Tom aimait Marie et Marie l'aimait.
"Tom loves his children, of course.","Tom aime ses enfants, bien sûr."
Tom made a list of what he needed.,Tom a fait une liste de ce dont il avait besoin.
Tom made himself something to eat.,Tom s'est fait quelque chose à manger.
Tom makes things very easy for me.,Tom me rend les choses très faciles.
Tom met Mary on his way to school.,Tom a rencontré Mary en allant à l'école.
Tom met Mary on his way to school.,Tom rencontra Mary sur son chemin en allant à l'école.
Tom met Mary on the way to school.,Tom a rencontré Mary en allant à l'école.
Tom must've been imagining things.,Tom doit avoir imaginé des choses.
Tom must've taken the wrong train.,Tom a dû prendre le mauvais train.
Tom never gets invited to parties.,Tom n'est jamais invité à des fêtes.
Tom never lets anyone do anything.,Tom ne laisse jamais personne faire quoi que ce soit.
Tom never should've told you that.,Tom n'aurait jamais dû te dire ça.
Tom never was a very good student.,Tom n'a jamais été très bon élève.
Tom often makes the same mistakes.,Tom fait souvent les mêmes erreurs.
Tom often wears tie-dyed T-shirts.,Tom porte souvent des T-shirts tie-dye.
Tom only wears brand-name clothes.,Tom ne porte que des vêtements de marque.
Tom opened the car door to get in.,Tom a ouvert la porte de la voiture pour monter.
Tom ordered a bottle of champagne.,Tom a commandé une bouteille de champagne.
Tom plays bass guitar in our band.,Tom joue de la basse dans notre groupe.
Tom pressed the button and waited.,Tom appuya sur le bouton puis attendit.
Tom promised not to smoke anymore.,Tom a promis de ne plus fumer.
Tom put on a pair of latex gloves.,Tom a mis une paire de gants en latex.
Tom put on a pair of latex gloves.,Tom mit une paire de gants en latex.
Tom put some milk into his coffee.,Tom a mis du lait dans son café.
Tom put the envelope on the table.,Tom posa l'enveloppe sur la table.
Tom ran as fast as he was able to.,Tom a couru aussi vite qu'il a pu.
Tom really did admit he was wrong.,Tom a dû admettre qu'il s'était trompé.
Tom said I didn't sound convinced.,"Tom a dit qu'à m'entendre, je n'étais pas convaincu."
Tom said I didn't sound convinced.,"Tom a dit qu'à m'entendre, je n'étais pas convaincue."
Tom said he likes studying French.,Tom disait qu'il aimait apprendre le français.
Tom said he likes studying French.,Tom disait aimer apprendre le français.
Tom said he wanted to go swimming.,Tom a dit qu'il voulait aller nager.
Tom said he would leave on Monday.,Tom a dit qu'il partirait lundi.
Tom said he'd play tennis with us.,Tom a dit qu'il jouerait au tennis avec nous.
Tom said you wanted to talk to me.,Tom a dit que tu voulais me parler.
Tom said you wanted to talk to me.,Tom a dit que vous vouliez me parler.
Tom saw Mary walking up the steps.,Tom vit Marine monter les marches.
Tom saw a play in the new theater.,Tom a vu une pièce dans le nouveau théâtre.
Tom says he likes teaching French.,Tom dit qu'il aime enseigner le français.
Tom says he'll only speak to Mary.,Tom dit qu'il ne parlera qu'à Mary uniquement.
Tom says that he'll never do that.,Tom dit qu'il ne fera jamais ça.
Tom says we can start without him.,Tom dit que nous pouvons commencer sans lui.
Tom seems more annoyed than angry.,Tom semble être plus ennuyé qu'en colère.
Tom seems really happy to be here.,Tom semble vraiment heureux d'être ici.
Tom seems to have trouble walking.,Tom semble avoir du mal à marcher.
Tom seldom speaks to Mary anymore.,Tom ne parle plus que rarement à Mary.
Tom should've been home on Monday.,Tom aurait dû être chez lui lundi.
Tom showed Mary his baby pictures.,Tom montra à Mary les photos de son bébé.
Tom speaks French as well as I do.,Tom parle français aussi bien que moi.
Tom spent three years behind bars.,Tom a passé trois ans derrière les barreaux.
Tom started screaming and yelling.,Tom se mit à crier et à hurler.
Tom still has the book I lent him.,Tom a toujours le livre que je lui ai prêté.
Tom struggled to climb to the top.,Tom eut du mal à grimper tout en haut.
Tom taught Mary how to bake bread.,Tom a appris à Marie comment faire du pain.
Tom teaches French to my children.,Tom enseigne le français à mes enfants.
Tom tells me you're his assistant.,Tom m'a dit que vous étiez son assistant.
Tom tells me you're his assistant.,Tom m'a dit que tu étais son assistant.
Tom thinks he's going to die soon.,Tom pense qu'il va bientôt mourir.
Tom thinks that's not a good idea.,Tom pense que ce n'est pas une bonne idée.
Tom told Mary what John was doing.,Tom dit à Mary ce que faisait John.
Tom told me you needed some money.,Tom m'a dit que tu avais besoin d'argent.
Tom told me you needed some money.,Tom m'a dit que vous aviez besoin d'argent.
Tom took a picture of the flowers.,Tom a pris les fleurs en photo.
Tom took notes during the meeting.,Tom prit des notes pendant la réunion.
Tom tried to control his emotions.,Tom essaya de contrôler ses émotions.
Tom tried to control his emotions.,Tom a essayé de contrôler ses émotions.
Tom tried to cover up his mistake.,Tom a essayé de dissimuler son erreur.
Tom tried to talk to us in French.,Tom a essayé de nous parler en français.
Tom tried to talk to us in French.,Tom essaya de nous parler en français.
Tom usually goes to school by bus.,Tom va généralement à l'école en bus.
Tom usually goes to school by bus.,Tom va habituellement à l'école en bus.
Tom wanted to be a better teacher.,Tom voulait être un meilleur professeur.
Tom wanted to say goodbye to Mary.,Tom voulait dire au revoir à Mary.
Tom wants Mary to meet his mother.,Tom veut que Mary rencontre sa mère.
Tom was annoyed by Mary's silence.,Tom était ennuyé par le silence de Mary.
Tom was annoyed by Mary's silence.,Tom était agacé par le silence de Mary.
Tom was beginning to feel ignored.,Tom commençait à se sentir ignoré.
Tom was early for his appointment.,Tom était en avance à son rendez-vous.
Tom was going to do that for Mary.,Tom s'apprêtait à faire cela pour Mary.
Tom was one of the invited guests.,Tom était l'un des invités.
Tom was playing golf that morning.,Tom jouait au golf ce matin là.
Tom was sitting alone in his room.,Tom était assis seul dans sa chambre.
Tom was sitting alone in his room.,Tom était assis seul dans son bureau.
Tom was sitting at a nearby table.,Tom était assis à une table voisine.
Tom was stabbed twice in the back.,Tom a été poignardé deux fois dans le dos.
Tom was the first boy to hug Mary.,Le premier garçon qui a embrassé Marie fut Tom.
Tom was the only one in the house.,Tom était le seul dans la maison.
Tom was the only one who was hurt.,Tom fut le seul à être blessé.
Tom was the only one who was hurt.,Tom fut le seul à avoir été blessé.
Tom was wearing an expensive suit.,Tom portait un costume coûteux.
Tom wasn't too sure what to think.,Tom ne savait pas trop quoi en penser.
Tom went to sleep three hours ago.,Tom s'est endormi il y a trois heures.
Tom will drive you to the airport.,Tom va vous conduire à l'aéroport.
Tom will likely accept your offer.,Tom acceptera probablement votre offre.
Tom will likely accept your offer.,Tom acceptera probablement ton offre.
Tom wiped his feet on the doormat.,Tom essuya ses pieds sur le paillasson.
Tom won't let anyone in the house.,Tom ne laissera entrer personne dans la maison.
Tom works at a hospital near here.,Tom travaille dans un hôpital près d'ici.
Tom wouldn't allow me to help him.,Tom ne voulais pas m'autoriser à l'aider.
Tom wouldn't let anybody help him.,Tom ne laisserait personne lui venir en aide.
Tom's best pitch is his curveball.,Le meilleur lancer de Tom est sa balle à effet.
Tom's house isn't far from Mary's.,La maison de Tom n'est pas loin de celle de Mary.
Tom's job was outsourced to China.,L'emploi de Tom a été délocalisé en Chine.
Tom's shoes are too small for him.,Les chaussures de Tom sont trop petites pour lui.
Tom's younger daughter is married.,La fille cadette de Tom est mariée.
"Tom, I have something to tell you.","Tom, j'ai quelque chose à te dire."
Too bad you have to leave already.,Quel dommage que tu doives déjà partir.
Training for a marathon is taxing.,S'entraîner pour un marathon est exigeant.
Trains come more often than buses.,Les trains passent plus fréquemment que les bus.
Traveling by boat is a lot of fun.,Voyager par bateau est très amusant.
Try not to be late again tomorrow.,Essaye de ne pas être encore en retard demain.
Try not to be late again tomorrow.,Essaie de ne pas être encore en retard demain.
Try not to be late again tomorrow.,Essayez de ne pas être encore en retard demain.
Try not to be late again tomorrow.,Essaie de ne pas être en retard à nouveau demain.
Try not to be late again tomorrow.,Essaye de ne pas être en retard à nouveau demain.
Try not to be late again tomorrow.,Essayez de ne pas être en retard à nouveau demain.
Try to make the most of your time.,Essaie d'utiliser au mieux ton temps.
Twelve years old is old for a dog.,"Douze ans, c'est vieux pour un chien."
"Unfortunately, I lost my passport.",J'ai malheureusement perdu mon passeport !
"Unfortunately, it's raining today.","Malheureusement, il pleut aujourd'hui."
"Unfortunately, that rumor is true.","Malheureusement, cette rumeur est avérée."
"Unfortunately, the report is true.","Malheureusement, le compte-rendu est vrai."
Use a strainer to drain the pasta.,Utilise une passoire pour égoutter les pâtes.
Vigorous exercise makes you sweat.,Un exercice intense suffit pour suer.
Violence increased soon afterward.,La violence augmenta peu après.
Visitors may not feed the animals.,Les visiteurs ne sont pas autorisés à nourrir les animaux.
Volunteers are desperately needed.,On a désespérément besoin de bénévoles.
Was there anybody else in the bar?,Y avait-il qui que ce soit d'autre dans le bar ?
Was there anybody else in the bar?,Il y avait quelqu'un d'autre au bar ?
Watch out for thieves around here.,Fais attention aux voleurs autour d'ici.
Watch out for thieves around here.,Fais gaffe aux voleurs dans le coin.
Watch out! This monkey is vicious.,Attention ! Ce singe est violent.
Watch your mouth or you'll get it.,"Retiens ta langue, ou tu seras tué."
Watching TV is a passive activity.,Regarder la télé est une activité passive.
We all live in the same dormitory.,Nous vivons tous dans la même résidence étudiante.
We all live in the same dormitory.,Nous vivons tous dans le même bâtiment de la cité universitaire.
We always take it easy on Sundays.,"Nous nous mettons toujours à l'aise, le dimanche."
We always want what we don't have.,On veut toujours ce qu'on n'a pas.
We always want what we don't have.,Nous désirons toujours ce que nous n'avons pas.
We are all eager to see the movie.,On est tous impatients de voir le film.
We are concerned about our planet.,Nous nous occupons de notre planète.
We are in part responsible for it.,Nous en sommes en partie responsables.
We are not here for fun and games.,Nous ne sommes pas ici pour jouer et nous amuser.
We are sorry for the interruption.,Nous sommes désolés pour l'interruption.
We are sorry for the interruption.,Nous sommes désolées pour l'interruption.
We are supposed to know the rules.,Nous sommes supposés connaître les règles.
We ate a nice meal and drank wine.,Nous avons mangé un bon repas et avons bu du vin.
We both forgot to do our homework.,Nous avions oublié tous les deux de faire nos devoirs.
We bought the goods at $3 a dozen.,Nous avons acheté les produits à 3$ la douzaine.
We can meet next week if you want.,"Nous pouvons nous rencontrer la semaine prochaine, si vous voulez."
We can't afford any more mistakes.,Nous ne pouvons nous permettre d'autres erreurs.
We can't just ignore this problem.,Nous ne pouvons nous contenter d'ignorer ce problème.
We can't keep this secret forever.,Nous ne pouvons pas garder ce secret pour toujours.
We can't protect Tom indefinitely.,Nous ne pouvons pas protéger Tom indéfiniment.
We can't work without electricity.,Nous ne pouvons pas travailler sans électricité.
We can't work without electricity.,On ne peut pas travailler sans électricité.
We chose a hotel near the museums.,Nous avons choisi un hôtel près des musées.
We couldn't ask for anything more.,Nous ne pouvions demander davantage.
We didn't need to call the doctor.,Nous n'eûmes pas besoin d'appeler le médecin.
We didn't see any children at all.,Nous n'avons pas du tout vu d'enfant.
We didn't see any children at all.,Nous n'avons pas vu le moindre enfant.
We didn't want anybody to find us.,Nous ne voulions pas que quiconque nous trouve.
We didn't want to get in your way.,Nous ne voulions pas être dans vos pattes.
We didn't want to get in your way.,Nous ne voulions pas être dans tes pattes.
We don't go to school on Saturday.,On ne va pas à l'école le samedi.
We don't have a whole lot of time.,Nous n'avons pas beaucoup de temps.
We don't have time to do that now.,Nous n'avons pas le temps de faire ça maintenant.
We don't know why he had to leave.,Nous ignorons pourquoi il a dû partir.
We don't meet very often recently.,Nous ne nous rencontrons pas très souvent ces temps-ci.
We don't want anybody to find out.,Nous ne voulons pas que quiconque le découvre.
We don't want anyone getting hurt.,Nous ne voulons pas que quiconque soit blessé.
We don't want to take any chances.,Nous ne voulons prendre aucun risque.
We enjoyed ourselves at the party.,On s'est bien amusé à la fête.
"We estimated the damage at $1,000.",Nous avons estimé les dommages à 1 000 $.
We feed our dog three times a day.,Nous donnons à manger à notre chien trois fois par jour.
We found a nail stuck in the tire.,Nous avons trouvé un clou enfoncé dans le pneu.
We found that everyone was asleep.,Nous constatâmes que tous étaient endormis.
We found that everyone was asleep.,Nous avons constaté que tous étaient endormis.
We found that we had lost our way.,Nous découvrîmes que nous avions perdu notre chemin.
We found that we had lost our way.,Nous avons constaté que nous nous étions égarés.
We got all the materials together.,Nous assemblâmes tout l'équipement.
We had a heavy frost this morning.,Ce matin nous avons eu une épaisse couche de givre.
We had a heavy frost this morning.,Ce matin nous avons eu un froid rigoureux.
We had to learn the poem by heart.,On a dû apprendre le poème par cœur.
We had to learn the poem by heart.,Nous avons dû apprendre le poème par cœur.
We hang out together all the time.,Nous traînons tout le temps ensemble.
We have a freezer in the basement.,Nous avons un congélateur au sous-sol.
We have a lot of things in common.,Nous avons beaucoup de choses en commun.
We have a lot of work ahead of us.,Nous avons beaucoup de travail devant nous.
We have enough seats for everyone.,Il y a assez de places pour tout le monde.
We have five fingers on each hand.,Nous avons cinq doigts à chaque main.
We have just a tiny bit of garden.,Nous disposons juste d'un minuscule bout de jardin.
We have no choice but to carry on.,Nous n'avons d'autre choix que de poursuivre.
We have no choice but to carry on.,Nous n'avons d'autre choix que de continuer.
We have nothing to complain about.,Nous n'avons aucun motif de nous plaindre.
We have people who do that for us.,Nous avons des gens qui font cela pour nous.
We have plenty of time to do that.,Nous avons plein de temps pour faire cela.
We have the same group of friends.,Nous avons le même groupe d'amis.
We have to do the work in one day.,Il nous faut faire le travail en un jour.
We have to follow the regulations.,Nous devons suivre la réglementation.
We have to postpone our departure.,Nous devons reporter notre départ.
We have to return to the ship now.,Nous devons retourner au bateau maintenant.
We have to take care of ourselves.,Nous devons prendre soin de nous.
We have two daughters and one son.,Nous avons deux filles et un garçon.
We haven't come to a decision yet.,"Nous ne sommes, jusqu'à présent, pas parvenus à une décision."
We haven't come to a decision yet.,"Nous ne sommes, jusqu'à présent, pas parvenues à une décision."
We haven't heard the last of this.,Nous en entendrons encore parler.
We knew the dogs would bark at us.,On savait que les chiens nous aboieraient dessus.
We left home early in the morning.,Nous quittâmes la maison de bon matin.
We left the final decision to him.,Nous lui laissâmes la décision finale.
We left the final decision to him.,Nous lui avons laissé la décision finale.
We must ask the bank for the loan.,Nous devons solliciter le prêt à la banque.
We must finish our homework first.,Nous devons d'abord finir nos devoirs.
We must try to break the deadlock.,Nous devons essayer de sortir de l'impasse.
We need a completely new strategy.,Nous avons besoin d'une stratégie totalement nouvelle.
We need to find somewhere to hide.,Nous devons trouver un endroit pour nous cacher.
We need to finish what we started.,Nous devons finir ce que nous avons commencé.
We need to finish what we started.,On doit finir ce qu'on a commencé.
We need to focus on our strengths.,Il nous faut nous concentrer sur nos points forts.
We need to keep this confidential.,Nous avons besoin de garder cela confidentiel.
We need to put a stop to this now.,Nous devons mettre un terme à ceci maintenant.
We need to take care of the earth.,Il nous faut prendre soin de la Terre.
We need to take care of the earth.,Il nous faut prendre soin de la terre.
We need to take this into account.,Il nous faut prendre ça en compte.
We never get enough vacation time.,On n'a jamais assez de vacances.
We noticed the man enter her room.,"Nous avons remarqué l'homme, qui entrait dans sa chambre à elle."
We noticed the man enter her room.,Nous avons remarqué que l'homme entrait dans sa chambre à elle.
We noticed the man enter her room.,Nous avons remarqué que l'homme entrait dans sa chambre.
We only sell top quality products.,Nous ne vendons que des produits de haute qualité.
We owe three years worth of taxes.,Nous devons trois années d'impôts.
We saw a stranger enter the house.,Nous avons vu un inconnu entrer dans la maison.
We saw a stranger walking outside.,Nous vîmes un étranger marcher à l'extérieur.
We saw a stranger walking outside.,Nous vîmes un étranger marcher dehors.
We saw a stranger walking outside.,Nous avons vu un étranger marcher dehors.
We saw a stranger walking outside.,Nous avons vu un étranger marcher à l'extérieur.
We saw cows grazing in the meadow.,Nous vîmes des vaches paissant dans le pré.
We saw her when leaving the house.,Nous la vîmes en quittant la maison.
We saw her when leaving the house.,Nous l'avons vue en quittant la maison.
We shared the profit among us all.,Nous partageâmes les profits entre nous tous.
We should do everything ourselves.,Nous devrions faire tout nous-mêmes.
We should do everything ourselves.,Nous devrions tout faire nous-mêmes.
We should do something about that.,Nous devrions faire quelque chose pour ça.
We should observe the speed limit.,Nous devons respecter les limitations de vitesse.
We should've brought a flashlight.,Nous aurions dû apporter une lampe torche.
We shouldn't have bought this car.,Nous n'aurions pas dû acheter cette voiture.
We spent the weekend with friends.,Nous avons passé le weekend avec des amis.
We still have plenty of time left.,Il nous reste encore beaucoup de temps.
We suggest you come early tonight.,"Nous vous conseillons de venir tôt, ce soir."
We suggest you come early tonight.,"Nous te conseillons de venir tôt, ce soir."
We talked about it just yesterday.,Nous en avons parlé pas plus tard qu'hier.
We talked about it just yesterday.,On en a parlé pas plus tard qu'hier.
We thank you for your cooperation.,Nous vous remercions pour votre coopération.
We thank you for your cooperation.,Nous te remercions pour ta coopération.
We think his last name is Jackson.,Nous pensons que son nom de famille est Jackson.
We walked more quickly than usual.,Nous avons marché plus vite qu'à l'habitude.
We walked more quickly than usual.,Nous avons marché plus vite que d'habitude.
We want to get to know you better.,Nous voulons mieux vous connaître.
We want to reach a wider audience.,Nous voulons atteindre un public plus large.
We want to reach a wider audience.,Nous voulons atteindre un public plus étendu.
We want to talk to you about that.,Nous voulons t'en parler.
We want to talk to you about that.,Nous voulons vous en parler.
We watch television every evening.,Nous regardons la télévision tous les soirs.
We went back down into the cellar.,Nous sommes redescendus dans le cellier.
We went back down into the cellar.,Nous sommes redescendues dans le cellier.
We were deeply moved by her story.,Nous fûmes profondément émus par son histoire.
We were late because of the storm.,L'orage nous a retardés.
We were startled by the explosion.,L'explosion nous fit sursauter.
We were startled by the explosion.,L'explosion nous a fait sursauter.
We will have to postpone the game.,Il nous faudra reporter le match.
We will take care of this for you.,Nous prendrons soin de cela pour vous.
We will take care of this for you.,Nous prendrons soin de cela pour toi.
We'd like a double room with bath.,Nous aimerions une chambre double avec bain.
We'll be there tomorrow afternoon.,Nous y serons demain après-midi.
We'll deal with it in the morning.,Nous nous en occuperons dans la matinée.
We'll have to find another option.,Nous devrons trouver une autre option.
We'll have to pull an all-nighter.,Nous devrons faire une nuit blanche.
We're afraid we'll miss our train.,Nous craignons de manquer notre train.
We're all trying to get somewhere.,Nous essayons tous de nous rendre quelque part.
We're going to stay until the end.,Nous allons rester jusqu'à la fin.
We're looking for more volunteers.,Nous cherchons plus de volontaires.
We're not all as tired as you are.,Nous ne sommes pas tous aussi fatigués que toi.
We're not all as tired as you are.,Nous ne sommes pas toutes aussi fatiguées que vous.
We're not allowed to do that here.,On n'a pas le droit de faire ça ici.
We're not ready to have a kid now.,"Nous ne sommes pas prêts à avoir un enfant, actuellement."
We're not really asking for money.,Nous ne demandons pas vraiment d'argent.
"We're not so different, you and I.","Nous ne sommes pas si différents, toi et moi."
We're staying in different hotels.,Nous logeons dans des hôtels différents.
We're still the best in the world.,On reste les meilleurs du monde.
We're up a creek without a paddle.,Nous sommes dans le pétrin.
We've been through a lot together.,On a traversé beaucoup de choses ensemble.
We've got to fight fire with fire!,Il nous faut combattre le feu avec le feu.
We've had a lot of rain this year.,Nous avons eu beaucoup de pluie cette année.
We've had this discussion already.,Nous avons déjà eu cette discussion.
We've heard those promises before.,Nous avons déjà entendu ces promesses.
We've made too many bad decisions.,Nous avons pris trop de mauvaises décisions.
"Well, Tom, shouldn't we tell Mary?","Eh bien, Tom, ne devrions-nous pas le dire à Mary ?"
"Well, that's a difficult question.","Eh bien, c'est une question difficile."
Were you awake at 2:30 last night?,Étais-tu réveillé à 2 h 30 la nuit dernière ?
Were you awake at 2:30 last night?,Étiez-vous réveillées à 2 h 30 la nuit dernière ?
Were you awake at 2:30 last night?,Étiez-vous réveillée à 2 h 30 hier soir ?
Were you awake at 2:30 last night?,Étiez-vous réveillés à 2 h 30 la nuit dernière ?
Were you awake at 2:30 last night?,Étiez-vous réveillé à 2 h 30 hier soir ?
Were you awake at 2:30 last night?,Étais-tu réveillée à 2 h 30 hier soir ?
What I need is a little more time.,"Ce dont j'ai besoin, c'est d'un peu plus de temps."
What I really want to do is sleep.,"Ce que je veux vraiment faire, c'est dormir."
"What I want isn't tea, but coffee.","Ce que je veux, ce n'est pas du thé mais du café."
What I want to know are the facts.,"Ce que je veux connaître, ce sont les faits."
What Tom said made a lot of sense.,Ce que Tom a dit avait beaucoup de sens.
What are you doing buying a house?,Pourquoi te piques-tu d'acheter une maison ?
What are you doing this afternoon?,Que fais-tu cet après-midi ?
What are you doing this afternoon?,Que faites-vous cet après-midi ?
What are you going to do tomorrow?,Qu'allez-vous faire demain?
What are you going to do tomorrow?,Que vas-tu faire demain ?
What are you going to tell me now?,Qu'allez-vous me dire là ?
What are you two conspiring about?,Qu'êtes-vous en train de manigancer ?
What are you two conspiring about?,Qu'est-ce que vous complotez tous les deux ?
What are your plans for Christmas?,Quels sont tes projets pour Noël ?
What are your plans for Christmas?,Quels sont vos projets pour Noël ?
What are your plans for the night?,Quels sont vos projets pour la soirée ?
What are your plans for the night?,Quels sont tes projets pour la soirée ?
What can you see from your window?,Que peux-tu voir de ta fenêtre ?
What condition is the building in?,En quel état se trouve le bâtiment ?
What did Tom sing at your wedding?,Qu'a chanté Tom à votre mariage ?
What did happen to all that money?,Qu'est-il advenu de tout cet argent ?
What did he want to know about me?,Que voulait-il savoir à mon sujet ?
What did you have for lunch today?,Qu’as-tu mangé au déjeuner aujourd'hui ?
What did you think of the wedding?,Qu'as-tu pensé du mariage ?
What did you think of the wedding?,Qu'avez-vous pensé du mariage ?
What did you want to see me about?,Au sujet de quoi voulais-tu me voir ?
What did you want to see me about?,Au sujet de quoi vouliez-vous me voir ?
What do you associate with summer?,Qu'associes-tu à l'été ?
What do you call that contraption?,Comment appelles-tu ce machin ?
What do you call that contraption?,Comment appelles-tu ce bazar ?
What do you know about this place?,Que savez-vous de cet endroit ?
What do you know about this place?,Que sais-tu de ce lieu ?
What do you like to cook the most?,Que préférez-vous cuisiner ?
What do you like to cook the most?,Que préfères-tu cuisiner ?
What do you like to eat for lunch?,Qu'aime-t-on manger au déjeuner ?
What do you like to eat for lunch?,Qu'aimes-tu manger au déjeuner ?
What do you like to eat for lunch?,Qu'aimez-vous manger au déjeuner ?
What do you plan on doing tonight?,Que prévois-tu de faire ce soir ?
What do you plan on doing tonight?,Que prévoyez-vous de faire ce soir ?
What do you say we go to my house?,Que dis-tu que nous allions chez moi ?
What do you say we go to my house?,Que dites-vous que nous allions chez moi ?
What do you think I've been doing?,Qu'est-ce que tu crois que j'étais en train de faire ?
What do you think about this plan?,Que penses-tu de ce plan ?
What do you think about this plan?,Que pensez-vous de ce plan ?
What do you think happened to Tom?,Que crois-tu qu'il soit arrivé à Tom ?
What do you think happened to Tom?,"Selon toi, que s'est-il passé avec Tom ?"
What do you think happened to Tom?,Que pensez-vous qu'il soit arrivé à Tom ?
What do you think of this red hat?,Comment trouves-tu ce chapeau rouge ?
What do you think of this sweater?,Comment trouves-tu ce pull ?
What do you think this is made of?,De quoi penses-tu que ceci soit fait ?
What do you think this is made of?,En quoi pensez-vous que ceci soit fait ?
What do you usually do on Mondays?,Que fais-tu en général le lundi ?
What do you usually do on Mondays?,Que faites-vous habituellement le lundi ?
What do you usually do on Sundays?,Que fais-tu d'habitude le dimanche ?
What do you usually do on Sundays?,Que faites-vous habituellement le dimanche ?
What do you usually eat for lunch?,Qu'est-ce que tu manges habituellement au déjeuner ?
What do you want to eat for lunch?,Que veux-tu manger pour le déjeuner?
"What does ""There is a tide"" imply?",Que faut-il entendre par « There is a tide » ?
What does that have to do with me?,Qu'est-ce que ça a à voir avec moi ?
What does that have to do with me?,En quoi cela me concerne-t-il ?
What does this have to do with me?,Qu'est-ce que ça à voir avec moi ?
What does this have to do with us?,Qu'est-ce que ceci a à voir avec nous ?
What does this painting represent?,Que représente ce tableau ?
What exactly do you want me to do?,"Que veux-tu que je fasse, exactement ?"
What exactly do you want me to do?,"Que voulez-vous que je fasse, exactement ?"
What exactly do you want us to do?,"Que veux-tu que nous fassions, exactement ?"
What exactly do you want us to do?,"Que voulez-vous que nous fassions, exactement ?"
What exactly have you got in mind?,Qu'as-tu en tête exactement ?
What game do you want to play now?,"À quel jeu veux-tu jouer, maintenant ?"
What game do you want to play now?,"À quel jeu voulez-vous jouer, maintenant ?"
What happened to all those people?,Qu'est-il arrivé à tous ces gens ?
What happened? Why are you crying?,Que s'est-il passé ? Pourquoi pleures-tu ?
What happened? Why are you crying?,Que s'est-il passé ? Pourquoi pleurez-vous ?
What has become of him since then?,"Qu'est-il advenu de lui, depuis lors ?"
What has become of him since then?,"Que lui est-il advenu, depuis lors ?"
What have you done with the books?,Qu'as-tu fait des livres ?
What have you done with the books?,Qu'avez-vous fait des livres ?
What he's doing is driving me mad.,Ce qu'il fait me rend fou !
What he's saying is actually true.,Ce qu'il dit est en fait vrai.
What he's saying is actually true.,Ce qu’il dit est factuel.
What he's saying is actually true.,Ce qu’il dit est avéré.
What hotel will you be staying at?,Dans quel hotel séjourneras-tu ?
What hotel will you be staying at?,Dans quel hotel séjournerez-vous ?
What is it that you want me to do?,Que veux-tu que je fasse ?
What is it that you want me to do?,Que voulez-vous que je fasse ?
What is it you want to sell to us?,Que voulez-vous nous vendre ?
What is it you want to sell to us?,Que veux-tu nous vendre ?
What is it you want to talk about?,De quoi voulez-vous parler ?
What is it you want to talk about?,De quoi veux-tu parler ?
What is it you want to talk about?,De quoi voulez-vous parler ?
What kind of game are you playing?,À quelle sorte de jeu jouez-vous ?
What kind of game are you playing?,À quelle sorte de jeu joues-tu ?
What makes you think that'll work?,Qu'est-ce qui te fait penser que ça va marcher ?
What makes you think that'll work?,Qu'est-ce qui vous fait penser que ça va marcher ?
What nonsense are you talking now?,De quelles sottises parles-tu là ?
What period is this painting from?,De quelle période est ce tableau ?
What seems to be the problem here?,Quel est le problème?
What should I eat for lunch today?,"Que devrais-je manger au déjeuner, aujourd'hui ?"
What time and where could we meet?,À quelle heure et où pourrions-nous nous rencontrer ?
What time did you close the store?,À quelle heure as-tu fermé le magasin ?
What time did your friend go home?,À quelle heure votre ami est-il rentré chez lui ?
What time did your friend go home?,À quelle heure ton ami est-il rentré chez lui ?
What time did your friend go home?,À quelle heure votre amie est-elle rentrée chez elle ?
What time did your friend go home?,À quelle heure ton amie est-elle rentrée chez elle ?
What time do you get up every day?,À quelle heure te lèves-tu chaque jour ?
What time do you get up every day?,À quelle heure vous levez-vous chaque jour ?
What time do you leave for school?,À quelle heure pars-tu à l'école ?
What time do you leave for school?,À quelle heure partez-vous à l'école ?
What time is it now by your watch?,"Quelle heure est-il à votre montre, maintenant ?"
What time should we eat breakfast?,À quelle heure prendrons-nous notre petit-déjeuner ?
What time will you have breakfast?,À quelle heure prendrez-vous votre petit-déjeuner ?
What time will you have breakfast?,À quelle heure prendras-tu ton petit déjeuner ?
What were you studying last night?,Qu'est-ce que tu étudiais hier soir ?
What were your impressions of Tom?,Qu'as-tu pensé de Tom ?
What will you do when you grow up?,Que ferez-vous lorsque vous deviendrez grands ?
What will you do when you grow up?,Que feras-tu lorsque tu deviendras grand ?
What will you do with this camera?,Qu'est-ce que tu vas faire avec cette caméra ?
What would you like for breakfast?,Qu'aimerais-tu pour ton petit-déjeuner ?
What would you like for breakfast?,Qu'aimeriez-vous pour votre petit-déjeuner ?
"What would you like to drink, sir?","Que désireriez-vous boire, Monsieur?"
What would you like to talk about?,De quoi aimerais-tu parler ?
What would you like to talk about?,De quoi aimeriez-vous parler ?
What you're doing is unforgivable.,Ce que tu es en train de faire est impardonnable.
What you're doing is unforgivable.,Ce que vous faites est impardonnable.
What you're suggesting won't work.,Ce que tu suggères ne marchera pas.
What's the accusation against him?,Quelle est l'accusation portée contre lui ?
What's the best sleeping position?,Quelle est la meilleure position pour dormir ?
What's the longest word in French?,Quel est le plus long mot en français ?
What's the meaning of this phrase?,Que veut dire cette phrase ?
What's the meaning of this phrase?,Que signifie cette phrase ?
What's the point of your question?,Quel est l'objet de ta question ?
What's the point of your question?,Quel est l'objet de votre question ?
What's the sign over the door say?,Que dit le panneau sur la porte ?
What's the weather like in Boston?,Comment est le temps à Boston ?
What's wrong with the way I dress?,Qu'est-ce qui ne va pas avec ma façon de m'habiller ?
What's your favorite energy drink?,Quelle est votre boisson énergisante préférée ?
What's your favorite kind of fish?,Quel est ton poisson préféré ?
What's your favorite kind of fish?,Quel genre de poisson est votre préféré ?
When are you going to finish this?,Quand allez-vous terminer ça ?
When are you going to finish this?,Quand vas-tu terminer ça ?
When are you going to get married?,Quand te marieras-tu ?
When are you going to get married?,Quand vous marierez-vous ?
When are you going to get married?,Quand allez-vous vous marier ?
When did you get back from Boston?,Quand es-tu revenu de Boston ?
When did you get back from Boston?,Quand êtes-vous rentré de Boston ?
When did you get back from Boston?,Quand êtes-vous rentrés de Boston ?
When did you get back from Boston?,Quand es-tu rentrée de Boston ?
When did you get back from Boston?,Quand êtes-vous revenues de Boston ?
When did you go to bed last night?,Tu t'es couché à quelle heure hier soir ?
When did you start having vertigo?,Quand avez-vous commencé à avoir des vertiges ?
When did you start studying Latin?,Quand as-tu commencé à étudier le latin ?
When did you start studying Latin?,Quand avez-vous commencé à étudier le latin ?
"When in Rome, do as the Romans do.","À Rome, fais comme les Romains."
When water freezes it becomes ice.,"Lorsque l'eau gèle, elle se transforme en glace."
When will your new novel come out?,Quand votre nouveau roman sera-t-il publié ?
When will your new novel come out?,Quand ton nouveau roman sera-t-il publié ?
Where are the bags from Flight 57?,Où sont les bagages du vol 57 ?
Where are we going to eat tonight?,Où va-t-on manger ce soir ?
Where did the accident take place?,Où est-ce que l'accident a eu lieu ?
Where did the accident take place?,Où l'accident s'est-il produit ?
Where did you find this awful dog?,Où as-tu dégoté cet affreux clébard ?
Where did you go for spring break?,Où es-tu allé pour les congés de printemps ?
Where did you go for spring break?,Où es-tu allée pour les congés de printemps ?
Where did you go for spring break?,Où êtes-vous allé pour les congés de printemps ?
Where did you go for spring break?,Où êtes-vous allée pour les congés de printemps ?
Where did you go for spring break?,Où êtes-vous allées pour les congés de printemps ?
Where did you go for spring break?,Où êtes-vous allés pour les congés de printemps ?
Where did you go for spring break?,Où vous êtes-vous rendu pour les congés de printemps ?
Where did you go for spring break?,Où vous êtes-vous rendue pour les congés de printemps ?
Where did you go for spring break?,Où vous êtes-vous rendus pour les congés de printemps ?
Where did you go for spring break?,Où vous êtes-vous rendues pour les congés de printemps ?
Where did you go for spring break?,Où t'es-tu rendu pour les congés de printemps ?
Where did you go for spring break?,Où t'es-tu rendue pour les congés de printemps ?
Where did you have your suit made?,Où as-tu fait faire ton costume ?
Where did you have your suit made?,Où avez-vous fait faire votre costume ?
Where did you learn to make pizza?,Où as-tu appris à faire des pizzas ?
Where did you learn to make pizza?,Où avez-vous appris à faire des pizzas ?
Where did you meet your boyfriend?,Où as-tu rencontré ton petit-ami ?
Where did you meet your boyfriend?,Où avez-vous rencontré votre petit-ami ?
Where did you meet your boyfriend?,Où as-tu rencontré ton copain ?
Where did you meet your boyfriend?,Où as-tu rencontré ton mec ?
Where did you put the screwdriver?,Où as-tu mis le tournevis ?
Where did you put the screwdriver?,Où avez-vous mis le tournevis ?
Where did you spend your holidays?,Où as-tu passé tes vacances ?
Where did you spend your holidays?,Où est-ce que vous avez passé vos vacances ?
Where did you spend your vacation?,Où est-ce que vous avez passé vos vacances ?
Where did you take these pictures?,Où avez-vous pris ces photos ?
Where did you take these pictures?,Où est-ce que tu as pris ces photos ?
Where do you know each other from?,D'où vous connaissez-vous ?
Where do you want these suitcases?,Où veux-tu que ces valises soient mises ?
Where do you want these suitcases?,Où voulez-vous que ces valises soient mises ?
Where have you been all afternoon?,Où avez-vous été toute l'après-midi ?
Where have you been all afternoon?,Où as-tu été toute l'après-midi ?
Where have you been all this time?,Où as-tu été tout ce temps ?
Where have you been all this time?,Où avez-vous été tout ce temps ?
Where have you put all the spoons?,Où est-ce que tu as mis toutes les cuillères ?
Where have you put all the spoons?,Où avez-vous mis toutes les cuillères ?
Where is the captain of this ship?,Où est le capitaine de ce bateau ?
Where will we eat breakfast today?,Où prendrons-nous notre petit-déjeuner aujourd'hui ?
Where will we eat breakfast today?,Où petit-déjeunerons-nous aujourd'hui ?
Where's the closest train station?,Où est la gare la plus proche ?
Where's the nearest shopping mall?,Où se trouve le centre commercial le plus proche?
Where's the nearest train station?,Où est la gare la plus proche ?
Which CD do you want to listen to?,Quel CD veux-tu écouter ?
Which dictionary did you refer to?,À quel dictionnaire t'es-tu reporté ?
"Which is larger, Japan or England?","Entre le Japon et l'Angleterre, lequel est le plus grand ?"
Which season do you like the best?,Quelle est votre saison préférée ?
Which students will take the test?,Quels étudiants vont passer l'examen ?
Which students will take the test?,Quels sont les étudiants qui vont passer l'examen ?
Which students will take the test?,Quels sont les élèves qui vont passer l'examen ?
Which students will take the test?,Quels élèves vont passer l'examen ?
"While in Europe, she visited Rome.","Lorsqu'elle était en Europe, elle a visité Rome."
Who are you going to send that to?,À qui vas-tu envoyer ça ?
Who are you going to send that to?,À qui allez-vous envoyer cela ?
Who are you to tell me what to do?,Qui es-tu pour me dire quoi faire ?
Who are you to tell me what to do?,Qui êtes-vous pour me dire quoi faire ?
Who asked for your opinion anyway?,On t'a demandé ton avis ?
Who can run fastest in your class?,Qui court le plus vite dans ta classe ?
Who else do you want on your team?,Qui d'autre veux-tu dans ton équipe ?
Who else do you want on your team?,Qui d'autre voulez-vous dans votre équipe ?
Who is it that you're working for?,Pour qui travailles-tu ?
Who is it that you're working for?,Pour qui travaillez-vous ?
Who is that boy running toward us?,Qui est le garçon qui vient en courant vers nous ?
Who is the girl in the pink dress?,Qui est la fille à la robe rose ?
Who should look after the elderly?,Qui devrait s'occuper des personnes âgées ?
Who taught you how to drive a car?,Qui vous a appris à conduire une voiture ?
Who taught you how to drive a car?,Qui t'as appris à conduire une voiture ?
Who was that woman I saw you with?,Qui était cette femme avec qui je t'ai vu ?
Who would buy something like that?,Qui achèterait quelque chose comme ça ?
Who'll take care of your cat then?,Qui va s'occuper de ton chat dans ce cas-là ?
Who's the boy swimming over there?,Qui est le garçon qui nage là-bas ?
Who's the woman in the brown coat?,Qui est cette femme qui porte un manteau brun ?
Who's your favorite movie villain?,Qui est ton personnage de méchant préféré au cinéma ?
Why are these photos so important?,Pourquoi ces photos sont-elles si importantes ?
Why are these photos so important?,Pourquoi ces photos sont-elles tellement importantes ?
Why are these two always fighting?,Pourquoi ces deux-là se disputent-ils toujours ?
Why are these two always fighting?,Pourquoi ces deux-là se disputent-elles toujours ?
Why are we wasting time like this?,Pourquoi perd-on du temps comme ça?
Why are we wasting time with this?,Pourquoi perd-on du temps avec ça?
Why are you acting like my mother?,Pourquoi tu te comportes comme ma mère ?
Why are you acting like my mother?,Pourquoi agissez-vous comme ma mère ?
Why are you always so pessimistic?,Pourquoi êtes-vous toujours si pessimiste ?
Why are you always so pessimistic?,Pourquoi es-tu toujours si pessimiste ?
Why are you not telling the truth?,Pourquoi est-ce que tu ne dis pas la vérité ?
Why are you not telling the truth?,Pourquoi ne dites-vous pas la vérité ?
Why are you so obsessed with cars?,Pourquoi es-tu autant obsédé par les voitures?
Why couldn't you sleep last night?,Pourquoi n'es-tu pas arrivé à dormir la nuit dernière ?
Why did you paint this wall black?,Pourquoi as-tu peint le mur en noir ?
Why did you want to speak with us?,Pourquoi voulais-tu nous parler ?
Why did you want to speak with us?,Pourquoi vouliez-vous nous parler ?
Why didn't Tom tell us what to do?,Pourquoi Tom ne nous a-t-il pas dit quoi faire ?
Why didn't you call me last night?,Pourquoi ne m'as-tu pas appelé hier soir ?
Why didn't you call me last night?,Pourquoi ne m'as-tu pas appelé la nuit dernière ?
Why didn't you call me last night?,Pourquoi ne m'avez-vous pas appelé la nuit dernière ?
Why didn't you call me last night?,Pourquoi ne m'avez-vous pas appelé hier soir ?
Why didn't you call me last night?,Pourquoi ne m'avez-vous pas appelée la nuit dernière ?
Why didn't you call me last night?,Pourquoi ne m'avez-vous pas appelée hier soir ?
Why didn't you call me last night?,Pourquoi ne m'as-tu pas appelée la nuit dernière ?
Why didn't you call me last night?,Pourquoi ne m'as-tu pas appelée hier soir ?
Why didn't you tell me about this?,Pourquoi ne m'en avez-vous pas parlé ?
Why didn't you tell me about this?,Pourquoi ne m'en as-tu pas parlé ?
Why do I have to give this to you?,Pourquoi dois-je vous donner ceci ?
Why do I have to give this to you?,Pourquoi est-ce que je dois te donner ça ?
Why do I tell you people anything?,"Pourquoi est-ce que je vous cause, d'abord ?"
Why do Tom and Mary fight so much?,Pourquoi Tom et Mary se battent-ils si souvent ?
Why do Tom and Mary fight so much?,Pourquoi Tom et Mary se disputent-ils si souvent ?
Why do girls I don't like like me?,Pourquoi est-ce que les filles que je n'aime pas m'aiment ?
Why do you hate Canadians so much?,Pourquoi est-ce que tu détestes autant les canadiens ?
Why do you hate Canadians so much?,Pourquoi haïssez-vous tant les canadiens ?
Why do you like squirrels so much?,Pourquoi aimes-tu autant les écureuils ?
Why do you like squirrels so much?,Pourquoi aimez-vous tant les écureuils ?
Why do you want to become a nurse?,Pourquoi veux-tu devenir infirmière ?
Why do you want to become a nurse?,Pourquoi voulez-vous devenir infirmière ?
Why do you want to commit suicide?,Pourquoi veux-tu te suicider ?
Why do you want to commit suicide?,Pourquoi voulez-vous vous suicider ?
Why do you want to do that anyway?,"Pourquoi veux-tu faire ça, de toutes façons ?"
Why do you want to do that anyway?,"Pourquoi voulez-vous faire ça, de toutes façons ?"
Why do you want to go out with me?,Pourquoi veux-tu sortir avec moi ?
Why do you want to go out with me?,Pourquoi voulez-vous sortir avec moi ?
Why does Tom always look so tired?,Pourquoi Tom a-t-il l'air toujours aussi fatigué ?
Why does that name sound familiar?,Pourquoi est-ce que ce nom semble familier ?
Why don't we go out and get drunk?,Pourquoi ne sortons-nous pas nous saouler ?
Why don't we go out and get drunk?,Pourquoi ne sortons-nous pas nous bourrer la gueule ?
Why don't you do that by yourself?,Pourquoi ne le fais-tu pas toi-même ?
Why don't you do that by yourself?,Pourquoi ne le faites-vous pas vous-même ?
Why don't you do that by yourself?,Pourquoi ne le faites-vous pas vous-mêmes ?
Why don't you give me what I want?,Pourquoi ne me donnes-tu pas ce que je veux ?
Why don't you give me what I want?,Pourquoi ne me donnez-vous pas ce que je souhaite ?
Why don't you have any clothes on?,Pourquoi ne portez-vous pas de vêtements ?
Why don't you have any clothes on?,Pourquoi est-ce que tu ne portes pas de vêtements ?
Why don't you put on some clothes?,Et si tu mettais des vêtements ?
Why don't you put on some clothes?,Et si vous mettiez des vêtements ?
Why don't you put on some clothes?,Pourquoi ne mettez-vous pas des vêtements ?
Why don't you put on some clothes?,Pourquoi ne mets-tu pas des vêtements ?
Why don't you put some clothes on?,Et si tu mettais des vêtements ?
Why don't you put some clothes on?,Et si vous mettiez des vêtements ?
Why don't you put some clothes on?,Pourquoi ne mettez-vous pas des vêtements ?
Why don't you put some clothes on?,Pourquoi ne mets-tu pas des vêtements ?
Why don't you want me to help you?,Pourquoi est-ce que tu ne veux pas que je t'aide ?
Why don't you wear summer clothes?,Pourquoi ne portes-tu pas de vêtements d'été ?
Why is he asking me that question?,Pourquoi il me pose cette question ?
Why is no one visiting my website?,Pourquoi personne ne visite mon site web ?
Why was I turned down for the job?,Pourquoi m'a-t-on refusé pour le poste ?
Why weren't you at home yesterday?,Pourquoi n'étais-tu pas à la maison hier ?
Why won't anybody talk about this?,Pourquoi personne ne veut-il en parler ?
Why won't anybody talk about this?,Pourquoi quiconque refuse-t-il d'en parler ?
Why would anybody want to do that?,Pourquoi quiconque voudrait-il faire cela ?
Why would anybody want to hurt me?,Pourquoi quiconque voudrait-il me faire du mal ?
Will the weather be good tomorrow?,Est-ce qu'il ferra beau demain ?
Will you excuse us for one moment?,Voudriez-vous nous excuser un moment ?
Will you go to the movies with me?,Viendras-tu au cinéma avec moi ?
Will you help me with my homework?,M'aideras-tu pour mes devoirs ?
"Will you pass me the salt, please?","Tu veux bien me passer le sel, s'il te plaît?"
Will you show me your photo album?,Vous me montrerez votre album photo ?
Will you tell me why you like her?,Pourrais-tu me dire pourquoi tu l'aimes ?
Winter is right around the corner.,L'hiver est au coin du bois.
Winter is right around the corner.,L'hiver commence à poindre.
"Without water, nothing could live.","Sans eau, rien ne pourrait vivre."
"Without water, you could not live.",Sans eau tu ne pourrais pas vivre.
Women are better at this than men.,Les femmes y sont meilleures que les hommes.
Would you care for some more cake?,Voudriez-vous davantage de gâteau ?
Would you care for some more cake?,Voudrais-tu davantage de gâteau ?
Would you get me a glass of water?,Tu veux bien me donner un verre d'eau?
Would you like another cup of tea?,Voulez-vous une autre tasse de thé ?
Would you like another cup of tea?,Voudriez-vous une autre tasse de thé ?
Would you like another cup of tea?,Voudrais-tu une autre tasse de thé ?
Would you like some more iced tea?,Voudrais-tu davantage de thé glacé ?
Would you like something to drink?,Veux-tu quelque chose à boire ?
Would you like to go have a drink?,Voudriez-vous aller prendre un verre ?
Would you like to go have a drink?,Voudrais-tu aller prendre un verre ?
Would you like to leave a message?,Voudriez-vous laisser un message ?
Would you like to leave a message?,Voudrais-tu laisser un message ?
Would you like to stay for dinner?,Aimeriez-vous rester pour dîner ?
Would you mind if I borrowed this?,Verriez-vous un inconvénient à ce que j'emprunte ceci ?
Would you mind if I borrowed this?,Verrais-tu un inconvénient à ce que j'emprunte ceci ?
Would you mind opening the window?,Cela vous dérangerait-il d'ouvrir la fenêtre ?
Would you mind sharing your table?,Cela ne vous dérangerait-il pas de partager votre table ?
"Would you open the window, please?","Ouvririez-vous la fenêtre, s'il vous plait ?"
Would you please close the window?,"Voudriez-vous fermer la fenêtre, je vous prie ?"
"Would you stop doing that, please?","Voudriez-vous arrêter de faire cela, s'il vous plaît ?"
"Would you stop doing that, please?","Voudrais-tu arrêter de faire ça, s'il te plaît ?"
Would you tell me when to get off?,Pourriez-vous me dire quand descendre ?
Yesterday we painted the town red.,"Hier, on a fait la bringue."
Yokohama is a beautiful port town.,Yokohama est une jolie ville portuaire.
You almost gave me a heart attack.,Vous m'avez presque causé une crise cardiaque.
You almost gave me a heart attack.,Tu m'as presque causé une crise cardiaque.
You always ask too many questions.,Tu poses toujours trop de questions.
You always ask too many questions.,Vous posez toujours trop de questions.
You and I should do that together.,Toi et moi devrions faire ça ensemble.
You and I should do that together.,Vous et moi devrions faire ça ensemble.
You are expecting too much of her.,Tu attends trop d'elle.
You are too young to travel alone.,Tu es trop jeune pour voyager seul.
You are too young to travel alone.,Vous êtes trop jeune pour voyager seul.
You are too young to travel alone.,Vous êtes trop jeune pour voyager seule.
You are too young to travel alone.,Vous êtes trop jeunes pour voyager seuls.
You are too young to travel alone.,Vous êtes trop jeunes pour voyager seules.
You are too young to travel alone.,Tu es trop jeune pour voyager seule.
You asked all the right questions.,Tu as posé toutes les bonnes questions.
You asked all the right questions.,Vous avez posé toutes les bonnes questions.
You can draw your own conclusions.,Vous pouvez tirer vos propres conclusions.
You can draw your own conclusions.,Tu peux tirer tes propres conclusions.
You can give me the details later.,Tu peux me donner les détails plus tard.
You can give me the details later.,Vous pouvez me donner les détails plus tard.
You can see it with the naked eye.,Vous pouvez le voir à l'œil nu.
You can smell the ocean from here.,Vous pouvez sentir l'océan d'ici.
You can smell the ocean from here.,Tu peux sentir l'océan d'ici.
You can stay only if you're quiet.,Vous pouvez rester seulement si vous êtes calmes.
You can't get anything done today.,Vous ne pouvez rien faire aujourd'hui.
You can't help now. It's too late.,Maintenant tu ne peux plus aider. C'est trop tard.
You could at least give me a hint.,Tu pourrais au moins me donner un indice.
You could at least give me a hint.,Vous pourriez au moins me donner un indice.
You didn't sign all the documents.,Vous n'avez pas signé tous les documents.
You didn't sign all the documents.,Tu n'as pas signé tous les documents.
You don't have to be so sarcastic.,Tu n'es pas obligé d'être sarcastique.
You don't have to be so sarcastic.,Tu n'es pas obligée d'être sarcastique.
You don't have to be so sarcastic.,Vous n'êtes pas obligé d'être sarcastique.
You don't have to be so sarcastic.,Vous n'êtes pas obligée d'être sarcastique.
You don't have to be so sarcastic.,Vous n'êtes pas obligés d'être sarcastiques.
You don't have to be so sarcastic.,Vous n'êtes pas obligées d'être sarcastiques.
You don't have to get up so early.,Tu n'es pas obligé de te lever si tôt.
You don't have to get up so early.,Tu n'es pas obligée de te lever si tôt.
You don't have to get up so early.,Vous n'êtes pas obligé de vous lever si tôt.
You don't have to get up so early.,Vous n'êtes pas obligée de vous lever si tôt.
You don't have to get up so early.,Vous n'êtes pas obligés de vous lever si tôt.
You don't have to get up so early.,Vous n'êtes pas obligées de vous lever si tôt.
You don't have to obey such a law.,Tu n'es pas obligé d'obéir à une loi comme ça.
You don't have to stay to the end.,Tu n'es pas obligé de rester jusqu'à la fin.
You don't have to work on Sundays.,Tu n'as pas à travailler le dimanche.
"You don't know what it is, do you?","Tu ignores ce que c'est, non ?"
You don't look like a millionaire.,Vous n'avez pas l'air d'un millionnaire.
You don't look like a millionaire.,Tu n'as pas l'air d'un millionnaire.
You don't look like a millionaire.,Tu n'as pas l'air d'une millionnaire.
You don't look like a millionaire.,Vous n'avez pas l'air d'une millionnaire.
You don't need to do that anymore.,Tu n'as plus besoin de le faire.
You don't need to do that anymore.,Vous n'avez plus besoin de le faire.
You don't seem to love me anymore.,Tu sembles ne plus m'aimer.
You don't seem to love me anymore.,Vous semblez ne plus m'aimer.
You expect too much of your child.,Tu en demandes trop à ton enfant.
You guys don't seem too satisfied.,Vous ne semblez pas très satisfaits.
You have a strange sense of humor.,Vous avez un sens de l'humour étrange.
You have a very impressive resume.,Vous avez un C.V. impressionnant.
You have no obligation to help us.,Tu n'es pas obligé de nous aider.
You have only to ask for his help.,Il te suffit de demander son aide.
You have only to ask for his help.,Il vous suffit de demander son aide.
You have only to push this button.,Vous devez juste pousser sur ce bouton.
You have only to push this button.,Tu dois juste pousser sur ce bouton.
You have only to touch the button.,Tu dois seulement toucher le bouton.
You have only to touch the button.,Vous devez juste toucher le bouton.
You have reached your destination.,Tu as atteint ta destination.
You have reached your destination.,Vous avez atteint votre destination.
"You haven't hurt anyone, have you?","Tu n'as blessé personne, n'est-ce pas ?"
"You haven't hurt anyone, have you?","Vous n'avez blessé personne, n'est-ce pas ?"
You haven't told me your name yet.,Vous ne m'avez pas encore dit votre nom.
You haven't told me your name yet.,Tu ne m'as pas encore dit ton nom.
"You just made that up, didn't you?","Tu viens d'inventer ça, n'est-ce pas ?"
"You just made that up, didn't you?","Vous venez d'inventer cela, n'est-ce pas ?"
You just need a change of scenery.,Tu as juste besoin de changer de décor.
You just need a change of scenery.,Tu as juste besoin de changer d'air.
"You knew that already, didn't you?","Tu le savais déjà, non ?"
"You knew that already, didn't you?","Vous étiez déjà au courant, n'est-ce pas ?"
"You knew that already, didn't you?","Vous le saviez déjà, n'est-ce pas ?"
You know very well what Tom wants.,Tu sais très bien ce que Tom désire.
You know we don't need to do that.,Tu sais que nous n'en n'avons pas besoin.
You know what song I want to sing.,Tu sais quelle chanson je veux chanter.
You know what song I want to sing.,Vous savez quelle chanson je veux chanter.
You learn something new every day.,On apprend quelque chose de nouveau tous les jours.
You may as well follow his advice.,Tu peux aussi suivre son conseil.
You may as well follow his advice.,Tu pourrais aussi suivre son conseil.
You may as well tell me the truth.,Tu pourrais aussi bien me dire la vérité.
You may choose whichever you want.,Tu peux choisir celui que tu veux.
You may not be as lucky next time.,"Tu n'auras peut-être pas autant de chance, la prochaine fois."
You may not be as lucky next time.,"Vous n'aurez peut-être pas autant de chance, la prochaine fois."
You might as well just enjoy life.,Tu ferais mieux de simplement profiter de la vie.
You might want to grab some sleep.,Peut-être voudrais-tu prendre un peu de sommeil.
You might want to reconsider that.,Peut-être voudrais-tu y réfléchir à nouveau.
You might want to try it sometime.,Peut-être voudrais-tu l'essayer un jour.
You must do exactly as I tell you.,Tu dois faire exactement comme je te dis.
You must do exactly as I tell you.,Vous devez faire exactement comme je vous dis.
You must learn from your mistakes.,Vous devez apprendre de vos erreurs.
You must learn from your mistakes.,Tu dois apprendre de tes erreurs.
You must steer clear of that gang.,Tu dois te tenir à l'écart de cette bande.
You must think I'm really strange.,Vous devez penser que je suis vraiment étrange.
You must think I'm really strange.,Tu dois penser que je suis vraiment étrange.
You need a license to drive a car.,On a besoin d'un permis pour conduire une voiture.
You need a license to drive a car.,Tu as besoin d'un permis pour conduire une voiture.
You need a license to drive a car.,Vous avez besoin d'un permis pour conduire une voiture.
"You need help doing that, I think.","Tu as besoin d'aide pour faire ça, je pense."
"You need help doing that, I think.","Tu as besoin d'aide pour faire cela, je pense."
"You need help doing that, I think.","Tu as besoin d'aide pour le faire, je pense."
"You need help doing that, I think.","Vous avez besoin d'aide pour faire ça, je pense."
"You need help doing that, I think.","Vous avez besoin d'aide pour faire cela, je pense."
"You need help doing that, I think.","Vous avez besoin d'aide pour le faire, je pense."
You need to stop saying no to Tom.,"Vous devez arrêter de dire constamment ""non"" à Tom."
"You never have any doubts, do you?","Vous n'êtes jamais en proie au doute, n'est-ce pas ?"
"You never have any doubts, do you?","Tu n'es jamais en proie au doute, n'est-ce pas ?"
"You never have any doubts, do you?","Vous n'êtes jamais sujet au doute, n'est-ce pas ?"
"You never have any doubts, do you?","Tu n'es jamais sujet au doute, n'est-ce pas ?"
You ought not to make fun of them.,Tu ne devrais pas te moquer d'eux.
You ought not to make fun of them.,Vous ne devriez pas vous moquer d'eux.
You really lucked out on this one.,Vous avez vraiment eu de la chance sur ce coup.
You really lucked out on this one.,Tu as vraiment eu de la chance sur ce coup.
You said the same thing about Tom.,Tu as dit la même chose à propos de Tom.
You said you wouldn't talk to Tom.,Tu as dit que tu ne parlerais pas à Tom.
You said you'd do anything for me.,Tu as dit que tu ferais n'importe quoi pour moi.
You said you'd do anything for me.,Vous avez dit que vous feriez n'importe quoi pour moi.
You said your boss was a nice guy.,Tu as dit que ton patron était un chic type.
You said your boss was a nice guy.,Vous avez dit que votre patron était un chic type.
You seem a little depressed today.,Tu sembles un peu déprimée aujourd'hui.
You seem a little depressed today.,Vous semblez un peu déprimé aujourd'hui.
You seem like a very smart person.,Vous avez l'air d'une personne très intelligente.
You seem like a very smart person.,Tu sembles être quelqu'un de très intelligent.
You seem really busy this morning.,Tu as l'air très occupé ce matin.
You seem really busy this morning.,Tu as l'air très occupée ce matin.
You seem really busy this morning.,Vous avez l'air très occupé ce matin.
You seem really busy this morning.,Vous avez l'air très occupée ce matin.
You seem to have the wrong number.,Vous avez dû vous tromper de numéro.
You seem to have the wrong number.,Tu sembles disposer du mauvais numéro.
You seem to have the wrong number.,Vous semblez détenir le mauvais numéro.
You shall have my answer tomorrow.,Vous aurez ma réponse demain.
You shall have my answer tomorrow.,Tu auras ma réponse demain.
You should be proud of yourselves.,Vous devriez être fiers de vous.
You should be proud of yourselves.,Vous devriez être fières de vous.
You should be ready for the worst.,Tu devrais t'attendre au pire.
You should be ready for the worst.,Vous devriez vous préparer au pire.
You should be ready for the worst.,Tu devrais être prête pour le pire.
You should be used to this by now.,Tu devrais y être habituée maintenant.
You should be used to this by now.,Tu devrais être habitué à ça maintenant.
You should be used to this by now.,Vous devriez y être habituées maintenant.
You should be used to this by now.,Vous devriez être habitués à ça maintenant.
You should be used to this by now.,Vous devriez être habitué à ceci maintenant.
You should be used to this by now.,Vous devriez être habituée à ceci maintenant.
You should face up to the reality.,Vous devriez affronter la réalité.
You should face up to the reality.,Tu devrais affronter la réalité.
You should get rid of these weeds.,Tu devrais te débarrasser de ces vêtements de deuil.
You should get rid of these weeds.,Tu devrais te débarrasser de ces mauvaises herbes.
You should get rid of these weeds.,Tu devrais te débarrasser de ces parasites.
You should get your eyes examined.,Vous devriez faire contrôler vos yeux.
You should get your eyes examined.,Tu devrais faire examiner tes yeux.
You should get your eyes examined.,Vous devriez faire examiner vos yeux.
You should have been more careful.,Tu aurais dû être plus prudent.
You should have been more careful.,Tu aurais dû être plus prudente.
You should have been more careful.,Vous auriez dû être plus prudent.
You should have been more careful.,Vous auriez dû être plus prudente.
You should have been more careful.,Vous auriez dû être plus prudents.
You should have been more careful.,Vous auriez dû être plus prudentes.
You should have been more prudent.,Tu aurais dû être plus prudent.
You should have been more prudent.,Tu aurais dû être plus prudente.
You should have gotten up earlier.,Vous auriez dû vous lever plus tôt.
You should have gotten up earlier.,Tu aurais dû te lever plus tôt.
You should have refused his offer.,Tu aurais dû décliner sa proposition.
You should have refused his offer.,Vous auriez dû décliner son offre.
You should marry someone you love.,Tu devrais épouser quelqu'un que tu aimes.
You should marry someone you love.,On devrait épouser quelqu'un qu'on aime.
You should marry someone you love.,Vous devriez épouser quelqu'un que vous aimez.
You should mind your own business.,Tu devrais t'occuper de tes affaires.
You should mind your own business.,Vous devriez vous occuper de vos affaires.
You should not break your promise.,Tu ne devrais pas rompre ta promesse.
You should not break your promise.,Vous ne devriez pas rompre votre promesse.
You should prepare for the future.,Tu devrais t'apprêter pour le futur.
You should prepare for the future.,Vous devriez vous apprêter pour le futur.
You should read between the lines.,Il faut lire entre les lignes.
You should return what you borrow.,Il faut rendre ce qu'on a emprunté.
You should've told me this before.,Vous auriez dû me dire ceci avant.
You should've told me this before.,Tu aurais dû me dire ceci avant.
You shouldn't talk back like that.,Tu ne devrais pas répondre de la sorte.
You shouldn't talk back like that.,Vous ne devriez pas répondre de la sorte.
You underestimate your importance.,Tu sous-estimes ton importance.
You underestimate your importance.,Vous sous-estimez votre importance.
"You want to leave here, don't you?","Tu veux partir d'ici, n'est-ce pas ?"
"You want to leave here, don't you?","Vous voulez partir d'ici, n'est-ce pas ?"
You were told to stay on the ship.,On t'avait dit de rester sur le bateau.
You were told to stay on the ship.,On vous avait dit de rester sur le bateau.
You will be able to speak English.,Tu pourras parler anglais.
You'd better not stay up too late.,Tu ferais mieux de ne pas veiller trop tard.
You'd better not stay up too late.,Vous feriez mieux de ne pas veiller trop tard.
You'd better take care of it soon.,Tu ferais mieux de t'en occuper rapidement.
You'd better take care of it soon.,Vous feriez mieux d'en prendre soin bientôt.
You'll catch the bus if you hurry.,Si tu te dépêches tu attraperas le bus.
You'll feel better in a few hours.,Tu te sentiras mieux dans quelques heures.
You're awfully quiet this morning.,Tu es terriblement silencieux ce matin.
You're awfully quiet this morning.,Tu es terriblement calme ce matin.
You're awfully quiet this morning.,Vous êtes terriblement silencieuses ce matin.
You're blushing like a schoolgirl.,Tu rougis comme une écolière.
"You're confused again, aren't you?","Vous vous embrouillez à nouveau, non ?"
"You're confused again, aren't you?","Tu t'embrouilles à nouveau, non ?"
You're free to say what you think.,Vous êtes libre de dire ce que vous pensez.
You're free to say what you think.,Vous êtes libres de dire ce que vous pensez.
"You're hard to please, aren't you?","Vous êtes difficile à satisfaire, n'est-ce pas ?"
"You're hard to please, aren't you?","Tu es difficile à satisfaire, hein ?"
You're just the man I want to see.,Vous êtes précisément l'homme que je veux voir.
You're just the man I want to see.,Tu es précisément l'homme que je veux voir.
You're no longer allowed to speak.,Tu n'es plus autorisé à parler.
You're no longer allowed to speak.,Tu n'es plus autorisée à parler.
You're no longer allowed to speak.,Vous n'êtes plus autorisé à parler.
You're no longer allowed to speak.,Vous n'êtes plus autorisée à parler.
You're no longer allowed to speak.,Vous n'êtes plus autorisés à parler.
You're no longer allowed to speak.,Vous n'êtes plus autorisées à parler.
"You're not going to do it, I hope.","Tu ne vas pas le faire, j'espère."
You're not supposed to be in here.,Vous n'êtes pas censé être là-dedans.
You're not supposed to be in here.,Vous n'êtes pas censée être là-dedans.
You're not supposed to be in here.,Vous n'êtes pas censés être là-dedans.
You're not supposed to be in here.,Vous n'êtes pas censées être là-dedans.
You're not supposed to be in here.,Tu n'es pas censé être là-dedans.
You're not supposed to be in here.,Tu n'es pas censée être là-dedans.
You're not the only Canadian here.,Tu n'es pas le seul canadien ici.
You're not the only Canadian here.,Tu n'es pas la seule canadienne ici.
You're not the only Canadian here.,Vous n'êtes pas la seule canadienne ici.
You're not the only Canadian here.,Vous n'êtes pas les seules canadiennes ici.
You're not the only Canadian here.,Vous n'êtes pas les seuls canadiens ici.
You're not the only Canadian here.,Vous n'êtes pas le seul canadien ici.
You're obviously dying to tell me.,"De toute évidence, vous mourez d'envie de me le dire."
You're overqualified for this job.,Tu es surqualifié pour ce travail.
You're overqualified for this job.,Tu es surqualifiée pour cet emploi.
You're overqualified for this job.,Vous êtes surqualifié pour cet emploi.
You're overqualified for this job.,Vous êtes surqualifiée pour ce travail.
You're so beautiful in that dress.,Tu es si belle dans cette robe !
You're so beautiful in that dress.,Tu es tellement belle dans cette robe !
You're so beautiful in that dress.,Vous êtes si belle dans cette robe !
You're so beautiful in that dress.,Vous êtes tellement belle dans cette robe !
"You're still a lawyer, aren't you?","Tu es toujours avocat, non ?"
"You're still a lawyer, aren't you?","Tu es toujours avocate, non ?"
"You're still a lawyer, aren't you?","Vous êtes toujours avocat, n'est-ce pas ?"
"You're still a lawyer, aren't you?","Vous êtes toujours avocate, n'est-ce pas ?"
You're the last hope for humanity.,Vous êtes le dernier espoir de l'humanité.
You're the last hope for humanity.,Tu es le dernier espoir de l'humanité.
You're the only one I think about.,Je ne pense qu'à toi.
You're the only one who can do it.,Nul autre que toi ne peut le faire.
You're three years older than Tom.,Tu as trois ans de plus que Tom.
You're three years older than Tom.,Tu es trois ans plus vieux que Tom.
"You're very religious, aren't you?","Vous êtes très religieux, n'est-ce pas ?"
"You're very religious, aren't you?","Vous êtes très religieuses, n'est-ce pas ?"
"You're very religious, aren't you?","Vous êtes très religieuse, n'est-ce pas ?"
"You're very religious, aren't you?","Tu es très religieux, n'est-ce pas ?"
"You're very religious, aren't you?","Tu es très religieuse, n'est-ce pas ?"
"You've been drinking, haven't you?","Vous avez bu, n'est-ce pas ?"
"You've been drinking, haven't you?","Tu as bu, pas vrai ?"
You've got to answer the question.,Vous devez répondre à la question.
You've got to learn to be careful.,Tu dois apprendre à faire attention.
You've got to learn to be careful.,Vous devez apprendre à être attentive.
You've just opened a can of worms.,Tu viens d'ouvrir une boîte de Pandore.
"You've put on weight, haven't you?","Tu as pris du poids, n'est-ce pas ?"
"You've put on weight, haven't you?","Vous avez pris du poids, n'est-ce pas ?"
You've run out of things to drink.,Vous avez épuisé vos réserves de boissons.
You've run out of things to drink.,Tu es à court de boissons.
Young people must respect the law.,Les jeunes doivent respecter la loi.
Your being here means a lot to me.,Le fait que tu sois là signifie beaucoup pour moi.
Your being here means a lot to me.,Le fait que vous soyez là signifie beaucoup pour moi.
Your boyfriend is cheating on you.,Ton petit copain te trompe.
Your boyfriend is cheating on you.,Votre petit ami vous trompe.
Your driver's license has expired.,Ton permis de conduire est expiré.
Your driver's license has expired.,Votre permis de conduire est expiré.
Your driver's license has expired.,Ton permis de conduire a expiré.
Your driver's license has expired.,Votre permis de conduire a expiré.
Your efforts will pay off one day.,Vos efforts seront récompensés un jour.
Your friendship means a lot to me.,Ton amitié signifie beaucoup pour moi.
Your ideas are always appreciated.,Vos idées sont toujours appréciées.
Your ideas are always appreciated.,Tes idées sont toujours appréciées.
Your name's further down the list.,Votre nom figure plus bas dans la liste.
Your name's further down the list.,Ton nom figure plus bas dans la liste.
Your problems are similar to mine.,Tes problèmes sont similaires aux miens.
Your problems are similar to mine.,Vos problèmes sont similaires aux miens.
Zoos are like prisons for animals.,"Les zoos sont, pour les animaux, comme des prisons."
"Are you hungry? ""No, not really.""","« T’as faim ? » « Non, pas trop. »"
"I saw her five days ago, he said.","Il a dit : ""Je l'ai vue il y a cinq jours""."
"Leave me alone, she said angrily.","« Laisse-moi », s'emporta-t-elle."
"May I park here? ""No, you can't.""","« Puis-je me garer ici ? » « Non, vous ne pouvez pas. »"
"May I park here? ""No, you can't.""","« Puis-je me garer ici ? » « Non, vous ne le pouvez pas. »"
"What day is today? ""It's Monday.""",« Quel jour sommes-nous aujourd'hui ? » « Nous sommes lundi. »
A big earthquake occurred in Tokyo.,Un violent tremblement de terre a eu lieu à Tokyo.
A bill came along with the package.,Une facture accompagnait le paquet.
A book can be compared to a friend.,Un livre peut être comparé à un ami.
A car drew up in front of my house.,Une voiture s'arrêta devant ma maison.
A car was coming in this direction.,Une voiture s'approchait d'ici.
A cat appeared from under the desk.,Un chat apparut d'en dessous du bureau.
A cat came out from under the desk.,Un chat a surgi de sous le bureau.
A cat can see much better at night.,Un chat peut voir beaucoup mieux la nuit.
A childhood illness left her blind.,Elle a été rendue aveugle par une maladie d'enfance.
A curtain of mist blocked our view.,Un rideau de brume nous obstruait la vue.
A delicate balance must be reached.,Un subtil équilibre doit être trouvé.
A fire broke out during that night.,Un incendie éclata pendant cette nuit.
A great future is reserved for him.,Un grand avenir lui est réservé.
A group of young men were fighting.,Un groupe de jeunes hommes se battait.
A growing child requires more food.,Un enfant qui grandit exige davantage de nourriture.
A heavy tax was imposed on whiskey.,Le whisky fut imposé d'une lourde taxe.
A hug from you would make me happy.,Un câlin de vous me ferait plaisir.
A lot of guys around here hate you.,Beaucoup de gars ici vous détestent.
A lot of guys around here hate you.,Beaucoup de gens du coin te détestent.
A lot of soldiers were killed here.,Beaucoup de soldats ont été tués ici.
A man came to visit you last night.,Un homme est venu te rendre visite la nuit dernière.
A man is responsible for his deeds.,Un homme est responsable de ses actes.
A man's life has its ups and downs.,La vie d'un homme a des hauts et des bas.
A mouse is running around the room.,Une souris court autour de la pièce.
A passing car splashed water on us.,Une voiture qui passait nous a éclaboussés.
A really bad thing happened to him.,Une chose vraiment affreuse lui est arrivée.
A screen divided the room into two.,Un écran séparait la pièce en deux.
A storm confined them to the house.,Une tempête les a contraints à rester à la maison.
A storm confined them to the house.,Une tempête les a contraintes à rester à la maison.
A swarm of mosquitoes followed him.,Une nuée de moustiques le suivait.
A true friend would not betray you.,Un vrai ami ne peut pas vous trahir.
A young man barged in unexpectedly.,Un jeune homme s'est mêlé à l'improviste à la conversation.
Achilles was an ancient Greek hero.,Achille était un ancien héros Grec.
Africa is exporting beef to Europe.,L'Afrique exporte du bœuf en Europe.
"After that, I didn't see him again.","Après cela, je ne l'ai pas revu."
Aim the video camera at that group.,Dirigez la caméra vers ce groupe.
Air is to us what water is to fish.,L'air est à l'homme ce que l'eau est aux poissons.
Algebra is a branch of mathematics.,L'algèbre est une branche des mathématiques.
All I want now is a glass of water.,"Tout ce que je veux maintenant, c'est un verre d'eau."
All I want you to do is talk to us.,Tout ce que je veux que tu fasses est de nous parler.
All I want you to do is talk to us.,Tout ce que je veux que vous fassiez est de nous parler.
All at once there was an explosion.,"Tout à coup, il y eut une explosion."
All my friends and family are dead.,Tous mes amis et ma famille sont morts.
All my friends are getting married.,Tous mes amis se marient.
All my friends are getting married.,Toutes mes amies se marient.
All of Tom's predictions came true.,Toutes les prédictions de Tom se sont réalisées.
"All of a sudden, he proposed to me.","Tout à coup, il m'a demandée en mariage."
All of my brothers died in the war.,Tous mes frères sont morts à la guerre.
All of my brothers died in the war.,Tous mes frères sont morts au combat.
All of them agreed to the proposal.,Tous ont donné leur accord pour cette proposition.
All of us were shocked by the news.,Nous avons tous été choqués par les nouvelles.
All of us will die sooner or later.,Nous mourrons tous tôt ou tard.
All possible means have been tried.,Tous les moyens possibles ont été tentés.
All the money was spent on clothes.,Tout l'argent a été dépensé dans des vêtements.
All the old magazines are sold out.,Tous les vieux magazines sont épuisés.
All you have to do is study harder.,Tout ce que tu as à faire est de travailler plus dur.
All you have to do is study harder.,Tout ce que vous avez à faire est d'étudier avec davantage d'application.
All your problems have been solved.,Tous tes problèmes ont été résolus.
All your problems have been solved.,Tous vos problèmes ont été résolus.
Almost everyone believed the rumor.,Presque tout le monde crut la rumeur.
Almost everyone believed the rumor.,Presque tout le monde a cru la rumeur.
"Although I was sick, I did my best.","Même si j'étais malade, j'ai fait de mon mieux."
America is a country of immigrants.,L'Amérique est un pays d'immigrants.
Amsterdam is famous for its canals.,Amsterdam est célèbre pour ses canaux.
An accident may happen at any time.,Un accident peut se produire à tout moment.
An actor has to memorize his lines.,Un acteur doit mémoriser son texte.
An elephant is a very large animal.,Un éléphant est un très grand animal.
An image is worth a thousand words.,Une illustration vaut mille mots.
Ants have a well-organized society.,Les fourmis vivent au sein d'une société bien organisée.
Any student can solve this problem.,N'importe quel étudiant peut résoudre ce problème.
"Anyone who protested, lost his job.",Tous ceux qui protestaient perdaient leur emploi.
Are there any books under the desk?,Y a-t-il quelque livre sous le bureau ?
Are there two windows in your room?,Y a-t-il deux fenêtres dans ta chambre ?
Are we allowed to use the elevator?,Sommes-nous autorisés à utiliser l’ascenseur ?
Are we allowed to use the elevator?,Sommes-nous autorisées à utiliser l’ascenseur ?
Are we going anywhere this evening?,Est-ce qu'on va quelque part ce soir ?
Are we still on for tomorrow night?,Ça tient toujours pour demain soir ?
Are you finished reading the paper?,As-tu fini de lire le journal ?
Are you finished reading the paper?,Avez-vous fini de lire le journal ?
Are you going to go with me or not?,Vas-tu y aller avec moi ou non ?
Are you going to go with me or not?,Allez-vous y aller avec moi ou non ?
Are you going to open the envelope?,Vas-tu ouvrir cette enveloppe?
Are you going to tell me your name?,Allez-vous me dire votre nom ?
Are you in a bad mood or something?,"Es-tu de mauvaise humeur, ou quoi ?"
Are you in a bad mood or something?,"Êtes-vous de mauvaise humeur, ou quoi ?"
Are you ready for the next problem?,Es-tu prêt pour le problème suivant ?
Are you ready for the next problem?,Es-tu prête pour le prochain problème ?
Are you ready for the next problem?,Êtes-vous prêt pour le prochain problème ?
Are you ready for the next problem?,Êtes-vous prêtes pour le prochain problème ?
Are you ready for the next problem?,Êtes-vous prête pour le problème suivant ?
Are you ready for the next problem?,Êtes-vous prêts pour le problème suivant ?
Are you ready to hear the bad news?,Es-tu prêt à entendre la mauvaise nouvelle ?
Are you still waiting for somebody?,Est-ce que vous attendez toujours quelqu'un ?
Are you sure this is what you want?,Es-tu sûr que c'est ce que tu veux ?
Are you sure this is what you want?,Es-tu sûre que c'est ce que tu veux ?
Are you sure this is what you want?,Êtes-vous sûr que c'est ce que vous voulez ?
Are you sure this is what you want?,Êtes-vous sûre que c'est ce que vous voulez ?
Are you sure this is what you want?,Êtes-vous sûrs que c'est ce que vous voulez ?
Are you sure this is what you want?,Êtes-vous sûres que c'est ce que vous voulez ?
Are you sure you don't want coffee?,Êtes-vous sûr de ne pas vouloir de café ?
Are you sure you don't want coffee?,Êtes-vous sûre de ne pas vouloir de café ?
Are you sure you don't want coffee?,Êtes-vous certain de ne pas vouloir de café ?
Are you sure you don't want coffee?,Êtes-vous certaine de ne pas vouloir de café ?
Are you sure you don't want coffee?,Êtes-vous certaines de ne pas vouloir de café ?
Are you sure you don't want coffee?,Êtes-vous certains de ne pas vouloir de café ?
Are you sure you don't want coffee?,Es-tu certain de ne pas vouloir de café ?
Are you sure you don't want coffee?,Es-tu certaine de ne pas vouloir de café ?
Are you sure you don't want coffee?,Êtes-vous sûrs de ne pas vouloir de café ?
Are you sure you don't want coffee?,Êtes-vous sûres de ne pas vouloir de café ?
Are you sure you don't want coffee?,Es-tu sûr de ne pas vouloir de café ?
Are you sure you don't want coffee?,Es-tu sûre de ne pas vouloir de café ?
Are you sure you want to leave now?,Es-tu sûr de vouloir partir maintenant ?
Are you sure you want to leave now?,Es-tu sûre de vouloir partir maintenant ?
Are you sure you want to leave now?,Êtes-vous sûr de vouloir partir maintenant ?
Are you sure you want to leave now?,Êtes-vous sûre de vouloir partir maintenant ?
Are you sure you want to leave now?,Êtes-vous sûrs de vouloir partir maintenant ?
Are you sure you want to leave now?,Êtes-vous sûres de vouloir partir maintenant ?
Are you telling me that I can't go?,Es-tu en train de me dire que je ne peux pas y aller ?
Are you telling me that I can't go?,Êtes-vous en train de me dire que je ne peux pas y aller ?
Are you telling this story or am I?,Tu racontes cette histoire ou c'est moi ?
Are you through with the newspaper?,En avez-vous terminé avec le journal ?
Are you through with the newspaper?,En as-tu terminé avec le journal ?
Are you through with the newspaper?,En avez-vous fini avec le journal ?
Are you through with the newspaper?,En as-tu fini avec le journal ?
Are you through with your homework?,En as-tu fini avec tes devoirs ?
Aren't you going to give me a kiss?,Ne vas-tu pas m'embrasser ?
"As a matter of fact, I dislike him.","En fait, je ne l'aime pas."
Asia is much larger than Australia.,L'Asie est beaucoup plus grande que l'Australie.
Ask him when the next plane leaves.,Demandez-lui quand part le prochain avion.
Ask him when the next plane leaves.,Demande-lui quand part le prochain vol !
"At first, I didn't know what to do.",Au début je ne savais pas quoi faire.
"At last, we arrived at the village.",Nous sommes enfin arrivés au village.
At what point do we start to worry?,À quel point commençons-nous à nous faire du souci ?
"At your age, I would think so, too.","À ton âge, je le penserais aussi."
Bacteria will not breed in alcohol.,Les bactéries ne se reproduisent pas dans l'alcool.
Bad weather kept us from going out.,Le mauvais temps nous empêcha de sortir.
Bad weather kept us from going out.,Le mauvais temps nous a empêchés de sortir.
Bad weather kept us from going out.,Le mauvais temps nous a empêchées de sortir.
Bangkok is Thailand's capital city.,Bangkok est la capitale de la Thaïlande.
Bangkok is the capital of Thailand.,Bangkok est la capitale de la Thaïlande.
"Be quiet, or the baby will wake up.","Reste calme, sinon le bébé va se réveiller."
Being with you makes me feel happy.,"Lorsque je suis avec toi, je suis heureux."
Bern is the capital of Switzerland.,Berne est la capitale de la Suisse.
"Between us, he is a little foolish.","Entre nous, il est un peu fou."
Bilingual dictionaries are allowed.,Les dictionnaires bilingues sont autorisés.
Both of my parents went to college.,Mes deux parents sont allés à l'université.
Both of my sisters are not married.,Aucune de mes deux sœurs n'est mariée.
Bring it back when you are through.,Ramène-le quand tu as fini.
"Bring me a cup of coffee, will you?",Veux-tu bien m’apporter une tasse de café ?
Brussels is the capital of Belgium.,Bruxelles est la capitale de la Belgique.
Buffalo bones were made into tools.,Les os de bisons étaient façonnés en outils.
But it lets us get into the church.,Mais il permet d'entrer dans l'église.
"By the way, do you play the violin?","Au fait, est-ce que tu joues du violon ?"
"By the way, do you play the violin?","Au fait, jouez-vous du violon ?"
California is famous for its fruit.,La Californie est célèbre pour ses fruits.
Call me up at seven in the morning.,Appelle-moi à sept heures du matin.
Can I come to your office tomorrow?,Puis-je venir à ton bureau demain ?
Can I come to your office tomorrow?,Puis-je venir à votre bureau demain ?
Can I make a couple of suggestions?,Puis-je faire quelques suggestions ?
Can I tell my father what you want?,Puis-je dire à mon père ce que tu veux ?
Can I tell them you'll be visiting?,Puis-je leur dire que vous viendrez rendre visite ?
Can I tell them you'll be visiting?,Puis-je leur dire que tu viendras rendre visite ?
Can anybody tell me how to do this?,Est-ce que quelqu'un peut me dire comment faire ça ?
Can anyone translate this sentence?,Quelqu'un peut-il traduire cette phrase ?
"Can we have a moment alone, please?","Pouvons-nous avoir un moment seuls, s'ils vous plaît ?"
Can you explain why Tom isn't here?,Peux-tu expliquer pourquoi Tom n'est pas ici ?
Can you explain why Tom isn't here?,Pouvez-vous expliquer pourquoi Tom n'est pas ici ?
Can you get away from your parents?,Peux-tu t'émanciper de tes parents ?
Can you give us your point of view?,Peux-tu nous donner ton point de vue ?
Can you give us your point of view?,Pouvez-vous nous donner votre point de vue ?
Can you give us your point of view?,Pouvez-vous nous donner vos points de vue ?
Can you guess where I am right now?,Peux-tu deviner où je me trouve à l'instant ?
Can you guess where I am right now?,Pouvez-vous deviner où je me trouve à l'instant ?
Can you move this desk by yourself?,Peux-tu déplacer ce bureau seul ?
Can you please repeat the question?,"Pouvez-vous répéter la question, s'il vous plaît ?"
Can you please repeat the question?,"Peux-tu répéter la question, s'il te plaît ?"
Can you read that sign ahead of us?,Arrives-tu à lire cette indication au-dessus de nous ?
Can you read that sign ahead of us?,Arrivez-vous à lire cette indication au-dessus de nous ?
Can you show me your boarding pass?,Pouvez-vous me montrer votre carte d'embarquement ?
Can you tell me why Tom isn't here?,Peux-tu me dire pourquoi Tom n'est pas là ?
Can you tell me why Tom isn't here?,Pouvez-vous me dire pourquoi Tom n'est pas là ?
Can you tell me why Tom isn't here?,Peux-tu me dire pourquoi Tom n'est pas ici ?
Can you tell me why Tom isn't here?,Pouvez-vous me dire pourquoi Tom n'est pas ici ?
Can you translate that into French?,Peux-tu traduire ça en français ?
Can you translate that into French?,Pouvez-vous traduire cela en français ?
Can you walk with your eyes closed?,Peux-tu marcher les yeux fermés ?
Can't we have a snack or something?,Ne pouvons-nous pas avoir un petit truc à manger ?
Can't you do anything to stop them?,Ne peux-tu rien faire pour les arrêter ?
Can't you do anything to stop them?,Ne pouvez-vous rien faire pour les arrêter ?
Careful driving prevents accidents.,Une conduite prudente évite les accidents.
Carrots are good for your eyesight.,Les carottes sont bonnes pour la vue.
Cheese is easy to cut with a knife.,Le fromage est facile à couper avec un couteau.
Cherry blossoms are very beautiful.,La floraison des cerisiers est très belle.
Children don't like to take a bath.,Les enfants n'aiment pas prendre leur bain.
Children like playing on the beach.,Les enfants aiment jouer sur la plage.
Children should be taught to share.,On devrait apprendre aux enfants à partager.
Children should obey their parents.,Les enfants devraient obéir à leurs parents.
China is rich in natural resources.,La Chine est riche en ressources naturelles.
Chocolate is toxic to many animals.,Le chocolat est toxique pour de nombreux animaux.
Choose the color you like the best.,Choisis la couleur que tu préfères.
Choose the color you like the best.,Choisissez la couleur que vous préférez.
Climate change is a global problem.,Le changement climatique est un problème mondial.
Coat the chicken breast with flour.,Couvrez les blancs de poulet de farine.
Come and see me when you have time.,Viens me voir quand tu auras du temps.
Come and warm yourself by the fire.,Viens te réchauffer au coin du feu.
Come and warm yourself by the fire.,Venez vous réchauffer au coin du feu.
Compare the copy with the original.,Compare la copie à l'original.
"Compared to Tokyo, London is small.","Par rapport à Tokyo, Londres est petit."
Copy this program on your computer.,Copiez ce programme sur votre ordinateur.
Could I have a minute of your time?,Puis-je vous parler une minute?
Could I have a slice of cheesecake?,Puis-je avoir une tranche de gâteau au fromage ?
Could I have another glass of beer?,Pourrais-je avoir un autre verre de bière ?
Could I see the menu and wine list?,Puis-je voir le menu et la carte des vins ?
Could you answer a question for me?,Pourriez-vous répondre à une question pour moi ?
Could you answer a question for me?,Pourrais-tu répondre à une question pour moi ?
"Could you call again later, please?",Est-ce que tu pourrais retéléphoner plus tard s'il te plaît ?
Could you call me back a bit later?,Pourrais-tu me rappeler un peu plus tard ?
Could you call me back a bit later?,Pourriez-vous me rappeler un peu plus tard ?
"Could you close the window, please?","Pourriez-vous fermer la fenêtre, s'il vous plaît ?"
"Could you close the window, please?","Est-ce que tu pourrais fermer la fenêtre, s'il te plaît ?"
Could you come and see me tomorrow?,Pourriez-vous venir me voir demain ?
Could you come back a little later?,Pourriez-vous revenir un peu plus tard ?
Could you come back a little later?,Pourrais-tu revenir un peu plus tard ?
"Could you give us a minute, please?","Pouvez-vous nous donner une minute, s'il vous plaît ?"
"Could you give us a minute, please?","Peux-tu nous donner une minute, s'il te plaît ?"
"Could you pass me the salt, please?","Pouvez-vous me passer le sel, s’il vous plait ?"
"Could you pass me the salt, please?","Pouvez-vous me passer le sel, s'il vous plaît ?"
Could you please sign the register?,Pourriez-vous signer le registre ?
Could you please take me back home?,"Pourrais-tu me ramener chez moi, s'il te plait ?"
Could you please take me back home?,"Pourriez-vous me ramener chez moi, je vous prie ?"
Could you please tell me the truth?,"Pourrais-tu me dire la vérité, s'il te plaît ?"
Could you please tell me the truth?,"Pourriez-vous me dire la vérité, s'il vous plaît ?"
Could you take some pictures of us?,Pourriez-vous prendre quelques photos de nous ?
Could you take some pictures of us?,Pourrais-tu nous prendre en photo quelques fois ?
Cricket is a game that takes skill.,Le cricket est un jeu qui exige de l'habileté.
Defense lawyers appealed for mercy.,Les avocats de la défense en appelèrent à la pitié.
Defense lawyers appealed for mercy.,Les avocats de la défense ont fait appel à leur clémence.
Delicious refreshments were served.,De délicieux rafraîchissements ont été servis.
Did Tom tell you where he got this?,Tom t'a-t-il dit où il avait eu ça ?
Did anyone call me while I was out?,Quelqu'un m'a-t-il appelé pendant que j'étais sorti ?
Did anyone notice anything unusual?,Quiconque a-t-il remarqué quoi que ce soit d'inhabituel ?
Did you bring an umbrella with you?,As-tu pris un parapluie avec toi ?
Did you bring an umbrella with you?,Avez-vous pris un parapluie avec vous ?
Did you buy it on the black market?,L'as-tu acheté au marché noir ?
Did you buy it on the black market?,L'as-tu achetée au marché noir ?
Did you double-check these figures?,Avez-vous contre-vérifié ces chiffres ?
Did you enjoy your winter holidays?,Avez-vous passé de bonnes vacances d'hiver ?
Did you ever find out who did that?,As-tu fini par découvrir qui l'a fait ?
Did you ever find out who did that?,Avez-vous fini par découvrir qui l'a fait ?
Did you forget to do your homework?,As-tu oublié de faire tes devoirs ?
Did you forget to do your homework?,Avez-vous oublié de faire vos devoirs ?
Did you get the flowers I sent you?,As-tu reçu les fleurs que je t'ai envoyées ?
Did you get the flowers I sent you?,Avez-vous reçu les fleurs que je vous ai envoyées ?
Did you guess the end of the story?,As-tu deviné la fin de l'histoire ?
Did you guess the end of the story?,Avez-vous deviné la fin de l'histoire ?
Did you have a good time yesterday?,Vous êtes-vous bien amusés hier ?
Did you have a good time yesterday?,Vous êtes-vous bien amusé hier ?
Did you have a good time yesterday?,Vous êtes-vous bien amusée hier ?
Did you have a good time yesterday?,Vous êtes-vous bien amusées hier ?
Did you have a good time yesterday?,T'es-tu bien amusé hier ?
Did you have a good time yesterday?,T'es-tu bien amusée hier ?
Did you have a good time yesterday?,Est-ce que vous vous êtes bien amusé hier ?
Did you have a good time yesterday?,Est-ce que tu t'es bien amusé hier ?
Did you have a good time yesterday?,"T'es-tu bien amusée, hier ?"
Did you have a good time yesterday?,"Vous êtes-vous bien amusées, hier ?"
Did you hear about Tom's promotion?,As-tu entendu parler de la promotion de Tom ?
Did you hear the roar of the lions?,As-tu entendu le rugissement des lions ?
Did you hear the roar of the lions?,Avez-vous entendu le rugissement des lions ?
Did you listen to music last night?,As-tu écouté de la musique la nuit dernière ?
Did you listen to music last night?,Avez-vous écouté de la musique la nuit dernière ?
Did you make this doll by yourself?,T'es-tu fait cette poupée toi-même ?
Do I have your permission to do so?,Ai-je votre permission pour procéder ainsi ?
Do I have your permission to do so?,Ai-je ta permission pour procéder ainsi ?
Do I have your permission to do so?,Ai-je votre permission pour le faire ?
Do I have your permission to do so?,Ai-je ta permission pour le faire ?
Do any of your friends play guitar?,Quiconque de tes amis joue-t-il de la guitare ?
Do any of your friends play guitar?,Quiconque de vos amis joue-t-il de la guitare ?
Do circuses still have freak shows?,Les cirques montrent-ils encore des monstres ?
Do penguins live at the North Pole?,Est-ce que les pingouins vivent au pôle Nord ?
Do the new neighbors have any kids?,Les nouveaux voisins ont-ils des enfants ?
Do you approve of what he is doing?,Approuves-tu ce qu'il fait ?
Do you approve of what he is doing?,Approuvez-vous ce qu'il fait ?
Do you drive a manual or automatic?,Est-ce que tu conduis une boîte manuelle ou automatique ?
Do you feel up for a game of chess?,Que dis-tu d'une partie d'échecs ?
Do you get much snow in the winter?,Avez-vous beaucoup de neige en hiver ?
Do you have a lot of time to relax?,Avez-vous beaucoup de temps pour vous détendre?
Do you have any Japanese magazines?,Est-ce que vous avez des magazines japonais ?
Do you have any idea what happened?,Tu as une idée de ce qu'il s'est passé ?
Do you have any idea what happened?,Tu as une idée de ce qu'il est arrivé ?
Do you have any idea what happened?,As-tu une idée de ce qu'il s'est passé ?
Do you have any idea what happened?,As-tu une idée de ce qu'il est arrivé ?
Do you have any idea what happened?,Est-ce que tu as une idée de ce qu'il s'est passé ?
Do you have any idea what happened?,Est-ce que tu as une idée de ce qu'il est arrivé ?
Do you have any idea what happened?,Vous avez une idée de ce qu'il s'est passé ?
Do you have any idea what happened?,Avez-vous une idée de ce qu'il s'est passé ?
Do you have any idea what happened?,Avez-vous une idée de ce qu'il est arrivé ?
Do you have any idea what happened?,Vous avez une idée de ce qu'il est arrivé ?
Do you have any idea what happened?,Est-ce que vous avez une idée de ce qu'il s'est passé ?
Do you have any idea what happened?,Est-ce que vous avez une idée de ce qu'il est arrivé ?
Do you have any plans for tomorrow?,As-tu des projets pour demain ?
Do you have any plans for tomorrow?,Avez-vous prévu quelque chose pour demain ?
Do you have any plans for tomorrow?,"Tu as quelque chose de prévu, demain ?"
Do you have any problems with that?,Voyez-vous un inconvénient à cela?
Do you have anything non-alcoholic?,Avez-vous quelque chose sans alcool ?
Do you have anything to do tonight?,As-tu quelque chose à faire ce soir ?
Do you have anything to do tonight?,Avez-vous quelque chose à faire ce soir ?
Do you have enough time to do that?,Avez-vous assez de temps pour faire cela ?
Do you have enough time to do that?,As-tu assez de temps pour faire ça ?
Do you have plans for this weekend?,Vous avez des projets pour ce week-end ?
Do you have something else in mind?,As-tu autre chose en tête ?
Do you have something else in mind?,Avez-vous autre chose en tête ?
Do you have something to say to me?,As-tu quelque chose à me dire ?
Do you have something to say to me?,Est-ce que tu as quelque chose à me dire ?
Do you have these shoes in my size?,Avez-vous ces chaussures dans ma taille ?
Do you know anyone who needs a job?,Connais-tu quelqu'un qui a besoin d'un travail ?
Do you know anyone who needs a job?,Connaissez-vous quelqu'un ayant besoin d'un emploi ?
Do you know how to swear in French?,Est-ce que tu connais des insultes en français?
Do you know how to use this camera?,Sais-tu utiliser cet appareil photo ?
Do you know something I don't know?,Vous savez quelque chose que je ne sais pas ?
Do you know something I don't know?,Tu sais quelque chose que je ne sais pas ?
Do you know something I don't know?,Sais-tu quelque chose que j'ignore ?
Do you know something I don't know?,Savez-vous quelque chose que j'ignore ?
Do you know that nice-looking girl?,Connais-tu cette jolie fille ?
Do you know the man staring at you?,Connais-tu l'homme qui te regarde ?
Do you know the man staring at you?,Connaissez-vous l'homme qui vous regarde ?
Do you know the man staring at you?,Connais-tu l'homme qui te dévisage ?
Do you know the man staring at you?,Connaissez-vous l'homme qui vous dévisage ?
Do you know what UNESCO stands for?,Savez-vous ce que UNESCO veut dire ?
Do you know what the difference is?,Sais-tu quelle est la différence ?
Do you know what the difference is?,Savez-vous quelle est la différence ?
Do you know what this is all about?,Savez-vous de quoi tout ça retourne ?
Do you know what this is all about?,Sais-tu de quoi tout ça retourne ?
Do you know when Tom will get back?,Sais-tu quand Tom reviendra ?
Do you know when Tom will get back?,Savez-vous quand Tom reviendra ?
Do you know where your father went?,Sais-tu où ton père est allé ?
Do you know why Tom killed himself?,Sais-tu pourquoi Tom s'est suicidé ?
Do you know why Tom killed himself?,Savez-vous pourquoi Tom s'est suicidé ?
Do you like to live in the country?,Aimez-vous vivre à la campagne ?
Do you like to live in the country?,Aimes-tu vivre à la campagne ?
Do you mind if I take my shirt off?,Vois-tu un inconvénient à ce que j'enlève ma chemise ?
Do you mind if I take my shirt off?,Voyez-vous un inconvénient à ce que j'enlève ma chemise ?
Do you mind if I turn on the radio?,Cela vous dérange-t-il si j'allume la radio ?
Do you mind if I turn on the radio?,Cela te dérange-t-il si j'allume la radio ?
Do you mind if I turn on the radio?,Vois-tu un inconvénient à ce que j'allume la radio ?
Do you mind if I turn on the radio?,Voyez-vous un inconvénient à ce que j'allume la radio ?
Do you mind if I use your computer?,Vois-tu un inconvénient à ce que je me serve de ton ordinateur ?
Do you mind if I use your computer?,Voyez-vous un inconvénient à ce que je me serve de votre ordinateur ?
Do you mind if I use your computer?,Vois-tu un inconvénient à ce que j'utilise ton ordinateur ?
Do you mind if I use your computer?,Voyez-vous un inconvénient à ce que j'utilise votre ordinateur ?
Do you plan to go to Boston by bus?,As-tu prévu d'aller à Boston en bus ?
Do you prefer blondes or brunettes?,Préfères-tu les blondes ou les brunes ?
Do you prefer blondes or brunettes?,Préférez-vous les blondes ou les brunes ?
Do you really think it's important?,Pensez-vous vraiment que c'est important ?
Do you really think it's important?,Est-ce que tu penses vraiment que c'est important ?
Do you really think we'll find Tom?,Pensez-vous vraiment que nous trouverons Tom ?
Do you really think we'll find Tom?,Penses-tu vraiment que nous trouverons Tom ?
Do you really want to work with us?,Veux-tu vraiment travailler avec nous ?
Do you really want to work with us?,Voulez-vous vraiment travailler avec nous ?
Do you remember all of their names?,Vous souvenez-vous de tous leurs noms ?
Do you remember all of their names?,Est-ce que tu te souviens de tous leurs noms ?
Do you remember how much this cost?,Est-ce que tu te rappelles combien ça a couté ?
Do you still have feelings for her?,Éprouves-tu toujours des sentiments à son endroit ?
Do you still have feelings for her?,Éprouves-tu toujours des sentiments à son égard ?
Do you still have feelings for her?,Éprouvez-vous toujours des sentiments à son endroit ?
Do you still have feelings for her?,Éprouvez-vous toujours des sentiments à son égard ?
Do you still have feelings for her?,Éprouvez-vous toujours des sentiments pour elle ?
Do you still have feelings for her?,Éprouves-tu toujours des sentiments pour elle ?
Do you still remember how to do it?,Te rappelles-tu comment le faire ?
Do you still remember how to do it?,Vous rappelez-vous comment le faire ?
Do you still want to be an officer?,Veux-tu toujours être officier ?
Do you still want to be an officer?,Voulez-vous toujours être officier ?
Do you still want to give me a hug?,Veux-tu toujours m'enlacer ?
Do you still want to give me a hug?,Voulez-vous toujours m'enlacer ?
Do you think I should go by myself?,Pensez-vous que je devrais m'y rendre par mes propres moyens ?
Do you think I should go by myself?,Penses-tu que je devrais m'y rendre par mes propres moyens ?
Do you think I should go by myself?,Penses-tu que je devrais aller seul ?
Do you think I should write to Tom?,Crois-tu que je devrais écrire à Tom ?
Do you think I should write to Tom?,Croyez-vous que je devrais écrire à Tom ?
Do you think I'm too materialistic?,Penses-tu que je sois trop matérialiste ?
Do you think I'm too materialistic?,Pensez-vous que je sois trop matérialiste ?
Do you think it'll be hot tomorrow?,Pensez-vous qu'il va faire chaud demain ?
Do you think it'll be hot tomorrow?,Penses-tu qu'il va faire chaud demain ?
Do you think that plants feel pain?,Est-ce que tu penses que les plantes ressentent la douleur ?
Do you think that plants feel pain?,Pensez-vous que les plantes ressentent la douleur ?
Do you think your car will make it?,Penses-tu que ta voiture y parvienne ?
Do you think your car will make it?,Pensez-vous que votre voiture y parvienne ?
Do you understand what I am saying?,Comprends-tu ce que je dis ?
Do you understand what I am saying?,Comprenez-vous ce que je dis ?
Do you want me to close the window?,Voulez-vous que je ferme la fenêtre ?
Do you want me to explain it again?,Veux-tu que je le réexplique ?
Do you want me to explain it again?,Voulez-vous que je le réexplique ?
"Do you want this room painted, too?",Veux-tu que cette pièce soit également peinte ?
"Do you want this room painted, too?",Voulez-vous que cette pièce soit également peinte ?
Do you want to give it another try?,Veux-tu essayer encore une fois ?
Do you want to give it another try?,Voulez-vous essayer encore une fois ?
Do you want to go fishing tomorrow?,"Veux-tu aller pêcher, demain ?"
Do you want to go fishing tomorrow?,"Voulez-vous aller pêcher, demain ?"
Do you want to go for a walk later?,"Veux-tu aller faire une promenade, plus tard ?"
Do you want to go for a walk later?,"Voulez-vous aller faire une promenade, plus tard ?"
Do you want to go shopping with me?,Veux-tu venir faire des courses avec moi ?
Do you want to go shopping with me?,Voulez-vous venir faire des achats avec moi ?
Do you want to go to a soccer game?,Veux-tu aller à un match de foot ?
Do you want to go to a soccer game?,Voulez-vous aller à un match de football ?
Do you want to play tennis with us?,Veux-tu jouer au tennis avec nous ?
Do you want to see my translations?,Veux-tu voir mes traductions ?
Do you want to see my translations?,Voulez-vous voir mes traductions ?
Do you want to see something funny?,Vous voulez voir quelque chose d'amusant ?
Do you want to see something gross?,Veux-tu voir un truc cochon ?
Do you want to see something gross?,Veux-tu voir un truc dégoûtant ?
Do you want to stay here all night?,Veux-tu rester ici toute la nuit ?
Do you want to stay here all night?,Voulez-vous rester ici toute la nuit ?
Do you want to talk about anything?,Veux-tu parler de quoi que ce soit ?
Do you want to talk about anything?,Voulez-vous parler de quoi que ce soit ?
Do you want us to take you with us?,Veux-tu que nous t'emmenions avec nous ?
Do you want us to take you with us?,Voulez-vous que nous vous emmenions avec nous ?
Does Mary want me to walk her home?,Mary veut-elle que je la raccompagne chez elle ?
Does Tom still buy you nice things?,Est-ce que Tom t'achète toujours de belles choses ?
Does Tom still buy you nice things?,Est-ce que Tom vous achète toujours de belles choses ?
Does Tom still want to eat with us?,Est-ce que Tom veut toujours manger avec nous ?
Does anybody here have a corkscrew?,Quelqu'un a-t-il un tire-bouchon ?
Does anybody here have a corkscrew?,Quelqu'un dispose-t-il d'un tire-bouchon ?
Does anybody here have a corkscrew?,Quelqu'un ici a-t-il un tire-bouchon ?
Does anyone have a picture of this?,Quelqu'un a-t-il une photo de ça ?
Does that guy look familiar to you?,Ce type vous dit-il quelque chose ?
Does that mean you'll have to stay?,Cela signifie-t-il que vous devrez rester ?
Does that mean you'll have to stay?,Cela signifie-t-il que tu devras rester ?
Does the story have a happy ending?,L'histoire a-t-elle une fin heureuse ?
Does the story have a happy ending?,L'histoire se termine-t-elle bien ?
Doesn't anyone want to speak to me?,Personne ne veut-il me parler ?
Dog food is getting more expensive.,La nourriture pour chien devient plus chère.
Doing homework is extremely boring.,Faire ses devoirs est extrêmement ennuyeux.
Doing that won't take me very long.,Faire ça ne me prendra pas beaucoup de temps.
Doing that wouldn't be a good idea.,Faire cela ne serait pas une bonne idée.
Don't ask me about my private life.,Ne me demandez rien sur ma vie privée.
Don't be afraid of making mistakes.,N'ayez pas peur de vous tromper.
Don't be afraid of making mistakes.,N'aie pas peur de te tromper.