English words/sentences,French words/sentences
Tom couldn't answer Mary's questions.,Tom n'a pas pu répondre aux questions de Mary.
Tom couldn't have done it any better.,Tom n'aurait pas pu le faire mieux.
Tom decided not to go to the meeting.,Tom décida de ne pas aller à la réunion.
Tom decided not to go to the meeting.,Tom a décidé de ne pas aller à la réunion.
Tom described the incident in detail.,Tom a décrit l'incident en détail.
Tom didn't expect Mary to be so busy.,Tom ne s'attendait pas à ce que Mary soit si occupée.
Tom didn't have any presents to open.,Tom n'avait aucun cadeau à ouvrir.
Tom didn't have to say anything else.,Tom n'avait pas à dire autre chose.
Tom didn't know Mary was dating John.,Tom ne savait pas que Mary sortait avec John.
Tom didn't mention any of this to me.,Tom ne m'en avait rien dit.
Tom didn't mention any of this to me.,Tom ne m'en avait pas entretenu.
Tom didn't mention any of this to me.,Tom ne m'en avait dit mot.
Tom didn't say what you said he said.,Tom n'a pas dit ce que tu as dit qu'il a dit.
Tom didn't tell Mary why he was late.,Tom n'a pas dit à Mary pourquoi il était en retard.
Tom does that a lot better than I do.,Tom fait cela bien mieux que moi.
Tom does that every Monday afternoon.,Tom le fait tous les lundis après-midi.
Tom doesn't go out with Mary anymore.,Tom ne sort plus avec Mary.
Tom doesn't know a lot about animals.,Tom ne sait pas grand chose sur les animaux.
Tom doesn't know anything about that.,Tom ne sait rien de cela.
Tom doesn't know when Mary will come.,Tom ne sait pas quand Marie viendra.
Tom doesn't know why Mary was crying.,Tom ne sait pas pourquoi Mary pleurait.
Tom doesn't need to worry about Mary.,Tom n'a pas à s’inquiéter pour Marie.
Tom doesn't really understand French.,Tom ne comprend pas vraiment le français.
Tom doesn't understand French at all.,Tom ne comprend pas du tout le français.
Tom doesn't want Mary to participate.,Tom ne veut pas que Mary participe.
Tom dreams of becoming a millionaire.,Tom rêve de devenir millionnaire.
Tom escaped with the help of a guard.,Tom s'est échappé avec l'aide d'un garde.
Tom filed a patent for his invention.,Tom a déposé un brevet pour son invention.
Tom flipped on the dining room light.,Tom a allumé la lumière de la salle à manger.
Tom forgot to do his French homework.,Tom a oublié de faire ses devoirs de français.
Tom found the necklace Mary had lost.,Tom a trouvé le collier que Mary avait perdu.
Tom got into trouble because of Mary.,Tom eut des ennuis à cause de Marie.
Tom got out of prison after 30 years.,Tom est sorti de prison au bout de 30 ans.
Tom got out of prison after 30 years.,Tom sortit de prison après trente ans.
Tom grows all the vegetables he eats.,Tom produit lui-même les légumes qu'il consomme.
Tom had a good reason for being late.,Tom avait une bonne raison d'être en retard.
Tom had his car key in his left hand.,Tom tenait la clé de sa voiture dans sa main gauche.
Tom has a daughter who is a musician.,Tom a une fille qui est musicienne.
Tom has a friend who lives in Boston.,Tom a un ami qui vit à Boston.
Tom has a talent for modern painting.,Tom a du talent pour la peinture moderne.
Tom has been called away on business.,Tom a été appelé pour affaires.
Tom has been giving Mary good advice.,Tom a donné un bon conseil à Mary.
Tom has decided to leave the company.,Tom a décidé de quitter la société.
Tom has decided to leave the company.,Tom décida de quitter la société.
Tom has decided to wait until Monday.,Tom a décidé d'attendre jusqu'à lundi.
Tom has forgotten his umbrella again.,Tom a encore oublié son parapluie.
Tom has just come back from vacation.,Tom vient de revenir de vacances.
Tom has just finished washing dishes.,Tom vient de finir de laver la vaisselle.
Tom has just finished washing dishes.,Tom vient de finir de laver les assiettes.
Tom has known Mary since third grade.,Tom connaît Mary depuis le CE2.
Tom has signed a three-year contract.,Tom a signé un contrat de trois ans.
Tom has three weeks of paid vacation.,Tom a trois semaines de congés payés.
Tom hasn't finished his homework yet.,Tom n'a pas encore fini ses devoirs.
Tom instantly fell in love with Mary.,Tom est immédiatement tombé amoureux de Marie.
Tom instantly fell in love with Mary.,Tom a eu un coup de foudre pour Marie.
Tom intends to get up early tomorrow.,Tom a l'intention de se lever tôt demain.
Tom is also very famous in Australia.,Tom est aussi très célèbre en Australie.
Tom is at his desk writing something.,Tom est à son bureau en train d'écrire quelque chose.
Tom is being held prisoner somewhere.,Tom est retenu prisonnier quelque part.
Tom is convinced everybody hates him.,Tom est convaincu que tout le monde le déteste.
"Tom is hiding something from me, too.",Tom me cache aussi quelque chose.
Tom is leaving Kobe tomorrow morning.,Tom quitte Kobe demain matin.
Tom is looking forward to retirement.,Tom a hâte d'être à la retraite.
Tom is looking through the telescope.,Tom regarde à travers le télescope.
Tom is lying on the sofa watching TV.,Tom est couché sur le canapé à regarder la télé.
Tom is much better at French than me.,Tom est bien meilleur que moi en français.
Tom is no longer welcome in my house.,Tom n'est plus le bienvenu chez moi.
Tom is obsessed with learning French.,Tom est obsédé par l'apprentissage du français.
Tom is obsessed with power and money.,Tom est obsédé par le pouvoir et l'argent.
Tom is one of the nicest guys I know.,Tom est l'un des types les plus gentils que je connaisse.
Tom is proud of his stamp collection.,Tom est fier de sa collection de timbres.
Tom is still too young to drink beer.,Tom est encore trop jeune pour boire de la bière.
Tom is still working at his computer.,Tom travaille encore sur son ordinateur.
Tom is still working on his computer.,Tom travaille encore sur son ordinateur.
Tom is supposed to meet Mary at 2:30.,Tom est supposé rencontrer Marie à 2h30.
"Tom is tall, but not as tall as I am.","Tom est grand, mais pas aussi grand que moi."
Tom is the kind of man you can trust.,Tom est le genre de personne que tu peux croire.
Tom is the most boring person I know.,Tom est la personne la plus ennuyeuse que je connaisse.
Tom is the newest member of our team.,Tom est le tout nouveau membre de notre équipe.
Tom is the only one who doesn't know.,Tom est le seul qui ne sache pas.
Tom is the smartest kid in our class.,Tom est l'enfant le plus intelligent de notre classe.
Tom is three inches taller than Mary.,Tom fait trois pouces de plus que Mary.
Tom is three inches taller than Mary.,Tom fait sept centimètres et demi de plus que Mary.
Tom is usually much busier than Mary.,"Tom est, en général, beaucoup plus occupé que Marie."
Tom is waiting for you in his office.,Tom t'attend dans son bureau.
Tom is waiting for you in his office.,Tom vous attend dans son bureau.
Tom is wearing a strange-looking hat.,Tom porte un chapeau à l'aspect étrange.
Tom isn't the one who make the rules.,Tom n'est pas celui qui fait les règles.
Tom isn't used to speaking in public.,Tom n'est pas habitué à s'exprimer en public.
Tom kissed Mary lightly on the cheek.,Tom embrassa légèrement Mary sur la joue.
Tom knew that Mary had done her best.,Tom savait que Mary avait donné le meilleur d’elle-même.
Tom knocked on Mary's bedroom window.,Tom frappa à la fenêtre de la chambre de Marie.
Tom learned to dive when he was five.,Tom a appris à plonger quand il avait cinq ans.
Tom left Mary a message on the table.,Tom laissa un message sur la table pour Mary.
Tom left his briefcase on the subway.,Tom a laissé sa mallette dans le métro.
Tom likes watching TV in the evening.,Tom aime regarder la télévision dans la soirée.
Tom lived half of his life in Boston.,Tom a vécu la moitié de sa vie à Boston.
Tom loves playing old computer games.,Tom adore jouer à des vieux jeux sur ordinateur.
Tom lowered the bucket into the well.,Tom descendit le seau dans le puits.
Tom makes a lot of spelling mistakes.,Tom fait beaucoup de fautes d'orthographe.
Tom may know Mary's telephone number.,Tom connaît peut-être le numéro de téléphone de Mary.
Tom most certainly would not approve.,Tom n'approuverait certainement pas.
Tom needs to tell Mary what he wants.,Tom devrait dire à Mary ce qu'il veut.
Tom opened the box and peeked inside.,Tom ouvrit la boîte et jeta un coup d'œil à l'intérieur.
Tom owns a small advertising company.,Tom possède une petite entreprise de publicité.
Tom picked some berries and ate them.,Thomas prit quelques baies et les mangea.
Tom plays the piano better than Mary.,Tom joue mieux du piano que Marie.
Tom prepared a healthy meal for Mary.,Tom a préparé un repas équilibré pour Marie.
Tom prepared a healthy meal for Mary.,Tom prépara un repas équilibré pour Marie.
Tom pressed his ear against the wall.,Tom appuya son oreille contre le mur.
Tom pretended not to know what to do.,Tom a prétendu ne pas savoir quoi faire.
Tom probably thought I was at school.,Tom a probablement pensé que j'étais à l'école.
Tom promised Mary that he'd help her.,Tom promit à Mary de l'aider.
Tom pushed back his chair and got up.,Tom repoussa sa chaise et se leva.
Tom puts gas in his car twice a week.,Tom met de l'essence dans sa voiture deux fois par semaine.
Tom refused to let Mary in the house.,Tom a interdit à Mary de rentrer dans la maison.
Tom refused to take part in the game.,Tom refusa d'entrer dans la partie.
Tom refuses to take orders from Mary.,Tom refuse de recevoir des ordres de Mary.
Tom returned the book to the library.,Tom a rendu le livre à la bibliothèque.
Tom said everything he wanted to say.,Tom à dit tout ce qu'il avait à dire.
Tom said he didn't feel like dancing.,Tom a dit qu'il n'avait pas envie de danser.
Tom said he thought Mary was nervous.,Tom a dit qu'il pensait que Mary était nerveuse.
"Tom said he was ill, which was a lie.","Tom a dit qu'il était malade, mais c’était un mensonge."
Tom said that Mary died in her sleep.,Tom a dit que Mary était morte dans son sommeil.
Tom said that Mary died in her sleep.,Tom dit que Mary était morte dans son sommeil.
Tom said that Mary wasn't in a hurry.,Tom a dit que Mary n'était pas pressée.
Tom said that Mary wasn't in a hurry.,Tom dit que Mary n'était pas pressée.
Tom saw Mary waiting at the bus stop.,Tom vit Mary attendre à l'arrêt de bus.
Tom saw Mary waiting at the bus stop.,Tom a vu Mary attendre à l'arrêt de bus.
Tom says he doesn't have any regrets.,Tom dit qu'il n'a aucun regret.
Tom says he likes the way Mary sings.,Tom dit qu'il aime comment Mary chante.
Tom says he never thought about that.,Tom dit qu'il n'a jamais pensé à ça.
Tom says he's been fired three times.,Tom dit qu'il a été licencié trois fois.
Tom says that he's in love with Mary.,Tom dit qu'il est amoureux de Mary.
Tom says you've never been to Boston.,Tom dit que tu n'as jamais été à Boston.
Tom says you've never been to Boston.,Tom dit que vous n'avez jamais été à Boston.
Tom screamed and ran out of the room.,Tom cria et courut hors de la pièce.
Tom screamed at the top of his lungs.,Tom cria à plein poumons.
Tom screamed at the top of his lungs.,Tom cria de tout son corps.
Tom seemed really worried about Mary.,Tom paraissait réellement inquiet au sujet de Mary.
Tom seemed to know what he was doing.,Tom semble savoir ce qu'il fait.
Tom showed Mary his stamp collection.,Tom a montré sa collection de timbres à Mary.
Tom showed Mary his stamp collection.,Tom montra sa collection de timbres à Mary.
Tom sits behind Mary in French class.,Tom est assis derrière Marie en cours de français.
Tom sliced each strawberry carefully.,Tom trancha chaque fraise avec soin.
Tom speaks French better than you do.,Tom parle mieux français que toi.
Tom speaks French better than you do.,Tom parle mieux français que vous.
Tom spends most of his money on food.,Tom dépense la plus grande partie de son argent en nourriture.
Tom still doesn't know what happened.,Tom ne sait toujours pas ce qu'il s'est passé.
Tom surprised a burglar in his house.,Tom surprit un voleur dans sa maison.
Tom taught French to Mary's children.,Tom a enseigné le français aux enfants de Mary.
Tom told me a good joke this morning.,Tom m'a dit une bonne blague ce matin.
Tom told me he checked the oil level.,Tom m'a dit qu'il avait vérifié le niveau d'huile.
Tom told me he didn't have much time.,Tom m'a dit qu'il n'avait pas beaucoup de temps.
Tom told me he thought Mary was sick.,Tom m'a dit qu'il pensait que Mary était malade.
Tom told me that Mary died on Monday.,Tom m'a dit que Mary était morte lundi.
Tom told me that he would leave soon.,Tom m'a dit qu'il partirait bientôt.
Tom told me why he didn't want to go.,Tom m'expliqua pourquoi il ne voulait pas y aller.
Tom took off his coat and hung it up.,Tom retira son manteau et l'accrocha (au porte-manteaux).
Tom took part in a promotional event.,Tom a participé à un événement promotionnel.
Tom took the scissors away from Mary.,Tom éloigna les ciseaux de Mary.
Tom tried to drink his problems away.,Tom essaya d'oublier ses problèmes en buvant.
Tom undressed and got in the bathtub.,Tom se déshabilla et entra dans la baignoire.
Tom usually wears white tennis shoes.,Tom porte habituellement des chaussures de tennis blanches.
Tom verified the date of the meeting.,Tom a vérifié la date de la réunion.
Tom visits his parents every weekend.,Tom se rend chez ses parents chaque week-end.
Tom walked back into the living room.,Tom revint dans le salon.
Tom walked quickly down the corridor.,Tom longea furtivement le couloir.
Tom wanted Mary to apologize to John.,Tom voulait que Mary s'excuse auprès de John.
Tom wanted Mary to sign his yearbook.,Tom voulait que Marie signe son album de classe.
Tom wanted to know what had happened.,Tom voulu savoir ce qu'il s'était passé.
Tom wanted to know where it happened.,Tom voulu savoir où cela s'était produit.
"Tom wants children, but Mary doesn't.","Tom veut des enfants, mais Mary non."
Tom wants to learn to sing in French.,Tom veut apprendre à chanter en français.
Tom wants to open his own restaurant.,Tom veut ouvrir son propre restaurant.
Tom warned me it would be noisy here.,Tom m'avait prévenu que ce serait bruyant ici.
Tom warned me it would be smoky here.,Tom m'avait prévenu que ce serait enfumé ici.
Tom was accused of doing sloppy work.,Ils accusèrent Tom de négliger son travail.
Tom was born before his twin brother.,Tom est né avant son frère jumeau.
Tom was caught selling drugs to kids.,Tom s'est fait choppé en train de vendre de la drogue à des gamins.
Tom was caught selling drugs to kids.,Tom s'est fait attraper en train de vendre de la drogue à des enfants.
Tom was escorted out of the building.,Tom a été escorté hors du bâtiment.
Tom was escorted out of the building.,Tom a été raccompagné à la sortie du bâtiment.
Tom was fed up with waiting for Mary.,Tom en avait marre d'attendre Marie.
Tom was genuinely worried about Mary.,Tom était vraiment inquiet au sujet de Marie.
Tom was genuinely worried about Mary.,Tom se faisait réellement des soucis à propos de Marie.
Tom was looking at a map of the area.,Tom regardait une carte de la région.
Tom was out till midnight last night.,Tom était dehors jusqu'à minuit la nuit dernière.
Tom was sitting in my favorite chair.,Tom était assis dans mon fauteuil favori.
Tom was surprised by Mary's reaction.,Tom a été surpris par la réaction de Mary.
Tom was surprised by Mary's reaction.,Tom fut surpris de la réaction de Mary.
Tom was the only one who got injured.,Tom fut le seul à être blessé.
Tom was unable to attend the banquet.,Tom ne pouvait pas être présent lors du banquet.
Tom was unsatisfied with the results.,Tom était insatisfait des résultats.
Tom was very happy when his team won.,Tom était très heureux lorsque son équipe a gagné.
Tom was wearing black leather gloves.,Tom portait des gants de cuir noirs.
Tom was with his family last weekend.,Tom était avec sa famille le week-end dernier.
Tom was worried about losing his job.,Tom fut inquiet de perdre son travail.
Tom washes his hair almost every day.,Tom lave ses cheveux quasiment chaque jour.
Tom wasn't allowed to see his father.,Tom n'a pas été autorisé à voir son père.
Tom watched his granddaughters dance.,Tom regarda ses petites-filles danser.
Tom will be away for at least a week.,Tom sera absent pendant au moins une semaine.
Tom will be back from Australia soon.,Tom va bientôt revenir d'Australie.
"Tom will eventually give in, I think.","Tom finira par céder, je pense."
Tom will never stop needing our help.,Tom n'arrêtera jamais d'avoir besoin de notre aide.
Tom wiped the glass with a dishcloth.,Tom essuya le verre avec un torchon.
Tom wished he could've stayed longer.,Tom aurait souhaité pouvoir rester plus longtemps.
Tom won't be in time for the meeting.,Tom ne sera pas à l'heure pour la réunion.
Tom's a nice guy. Everyone likes him.,Tom est un mec sympa. Tout le monde l'aime.
Tom's dog isn't allowed in the house.,Le chien de Tom n'est pas autorisé dans la maison.
Tom's favorite actress is Ellen Page.,L'actrice préférée de Tom est Ellen Page.
Tom's favorite actress is Ellen Page.,L'actrice que Tom apprécie le plus est Ellen Page.
Tom's last name is easy to pronounce.,Le nom de famille de Tom est facile à prononcer.
Tom's question took Mary by surprise.,La question de Tom prit Mary par surprise.
Tom's wife remarried after his death.,La femme de Tom s'est remariée après sa mort.
Too much drinking will make you sick.,Trop d'alcool vous rendra malade.
Traveling abroad is very interesting.,Voyager à l'étranger est très intéressant.
Try and do your homework by yourself.,Essaie de faire tes devoirs sans assistance.
Turn right at the end of that street.,Tourne à droite au bout de la rue.
"Unless you start now, you'll be late.","À moins de commencer maintenant, vous serez en retard."
Wait'll you hear what happened today.,Attends d'entendre ce qui est arrivé aujourd'hui !
Wait'll you hear what happened today.,Attendez d'entendre ce qui est arrivé aujourd'hui !
Was it hard for you to find my house?,Ça n'a pas été trop compliqué de trouver ma maison?
Was that all you wanted to say to me?,Était-ce tout ce que vous vouliez me dire ?
Was that all you wanted to say to me?,Était-ce tout ce que tu voulais me dire ?
Watch the rear. I'll watch the front.,"Surveille l'arrière, je surveillerai le devant."
We admired the beauty of the scenery.,On a admiré la beauté du paysage.
We admired the beauty of the scenery.,On a admiré la beauté de la vue.
We all know how this is going to end.,Nous savons tous quelle en sera la fin.
We all live in the same neighborhood.,Nous vivons tous dans le même quartier.
We are faced with a difficult choice.,Nous sommes confrontés à un choix difficile.
We are faced with a host of problems.,Nous sommes confrontés à une multitude de problèmes.
We are faced with a host of problems.,Nous sommes confrontés à une foule de problèmes.
We are faced with a host of problems.,Nous sommes confrontés à un tas de problèmes.
We are faced with a host of problems.,Nous sommes confrontés à quantité de problèmes.
We are subject to the laws of nature.,Nous sommes soumis aux lois de la nature.
We asked everybody the same question.,Nous avons posé la même question à tout le monde.
We become forgetful as we grow older.,On devient distrait en vieillissant.
We bought a comfortable new armchair.,Nous nous sommes payés un nouveau fauteuil confortable.
We bought a comfortable new armchair.,Nous avons acheté un nouveau fauteuil confortable.
We can leave our baggage in a locker.,Nous pouvons laisser nos bagages dans une consigne.
We can't just drive around all night.,Nous ne pouvons pas simplement tourner en voiture toute la nuit.
We can't release the prisoners today.,Nous ne pouvons pas libérer les prisonniers aujourd'hui.
We can't work under these conditions.,Nous ne pouvons pas travailler dans ces conditions.
We cannot live without air and water.,Nous ne pouvons vivre sans air ni eau.
We celebrated Mother's 45th birthday.,Nous avons célébré le quarante-cinquième anniversaire de Mère.
We complained that the room was cold.,On s'est plaint comme quoi la pièce était froide.
We complained that the room was cold.,Nous nous sommes plaint comme quoi la pièce était froide.
We couldn't find out her whereabouts.,Nous n'avons pu trouver son lieu de résidence.
We couldn't make out what she wanted.,Nous ne pûmes réussir à établir ce qu'elle voulait.
We discussed the article I published.,Nous discutâmes de l'article que j'avais publié.
We discussed the article I published.,Nous avons discuté de l'article que j'avais publié.
We don't have enough time to do that.,Nous n'avons pas assez de temps pour faire ça.
We don't have to talk about this now.,Nous n'avons pas à parler de ceci maintenant.
We don't need a visa to go to France.,Nous n'avons pas besoin de visa pour voyager vers la France.
We don't need to attend that meeting.,Nous n'avons pas besoin de participer à cette réunion.
We exchanged glances with each other.,Nous avons échangé des regards.
We got here at exactly the same time.,Nous sommes arrivés exactement en même temps.
We had a big snow storm last weekend.,Nous avons eu une grosse tempête de neige le week-end dernier.
We hardly have time to eat breakfast.,Nous avons à peine le temps de prendre notre petit déjeuner.
We have a lot of free time this week.,Nous avons beaucoup de temps libre cette semaine.
We have a problem we need to discuss.,Nous avons un problème dont nous devons discuter.
We have a reservation for six-thirty.,Nous avons une réservation pour six heures et demie.
We have a reservation for six-thirty.,Nous avons réservé pour dix-huit heures trente.
We have a small table in the kitchen.,Nous avons une petite table dans la cuisine.
We have had few typhoons this autumn.,Nous avons eu quelques typhons cet automne.
We have less than three minutes left.,Il nous reste moins de trois minutes.
We have to do that as soon as we can.,Nous devons faire ça dès que possible.
We have to learn to trust each other.,Nous devons apprendre à nous faire confiance.
We have to take care of our children.,Nous devons nous occuper de nos enfants.
We haven't heard from Tom in a while.,On ne sait pas ce que Tom devient.
We haven't yet found a good solution.,Nous n'avons pas encore trouvé une bonne solution.
We import many things from Australia.,Nous importons beaucoup de choses d'Australie.
We look forward to getting back home.,Nous avons hâte de rentrer à la maison.
We look forward to getting back home.,Nous sommes impatients d'être de retour à la maison.
We must achieve our aim at any price.,Nous devons atteindre notre objectif à tout prix.
We must do away with these old rules.,Nous devons nous débarrasser de ces vieilles règles.
We must do away with these old rules.,Nous devons nous défaire de ces règles surannées.
We must find a more efficient method.,Il faut trouver une méthode plus efficace.
We need another person to play cards.,Nous avons encore besoin d'une personne pour jouer aux cartes.
We need somebody with bold new ideas.,Nous avons besoin de quelqu'un avec de nouvelles idées audacieuses.
We need to be prepared for the worst.,Nous devons être prêts au pire.
We need to buy a new washing machine.,Il faut qu'on achète une nouvelle machine à laver.
We need to do that as soon as we can.,Nous devons faire ça dès que possible.
We need to get some medical supplies.,Il nous faut nous procurer des articles médicaux.
We paid someone to cut the tree down.,Nous avons payé quelqu'un pour abattre l'arbre.
We sang in a choir when we were kids.,Nous chantions dans une chorale quand nous étions enfants.
We set up the tent next to the river.,Nous montâmes la tente près de la rivière.
We set up the tent next to the river.,Nous avons monté la tente près de la rivière.
We should consider a combined effort.,Il faudrait voir à unir les efforts.
We should proceed with great caution.,Nous devrions procéder avec une grande prudence.
We should save money for a rainy day.,Nous devrions mettre le l'argent de côté.
We should stop at the next rest stop.,Faisons une halte à la prochaine aire de repos.
We should try doing this another way.,Nous devrions essayer de faire ceci d'une autre manière.
We shouldn't have gotten up so early.,Nous n'aurions pas dû nous lever si tôt.
We sought to come to terms with them.,Nous avons recherché un compromis avec eux.
We study English every day at school.,Nous étudions l'anglais tous les jours à l'école.
We want Tom to know he can come home.,Nous voulons que Tom sache qu'il peut rentrer à la maison.
We went to the park to take pictures.,Nous sommes allés au parc pour prendre des photos.
We went to the park to take pictures.,Nous allâmes au parc prendre des photos.
We went to the park to take pictures.,Nous nous rendîmes au parc pour faire des photos.
We went up the mountain by cable car.,Nous fîmes l'ascension de la montagne en téléphérique.
We were able to catch the last train.,Nous avons pu attraper le dernier train.
We were delayed by the heavy traffic.,Nous fûmes retardés par la circulation importante.
We were just about to enter the room.,Nous étions sur le point d'entrer dans la pièce.
We will become happy in the long run.,Nous deviendrons heureux sur le long terme.
We will get to Tokyo Station at noon.,Nous serons à la gare de Tokyo à midi.
We will have little snow this winter.,Nous aurons peu de neige cet hiver.
We won't have time to help you today.,Nous n'avons pas le temps de vous aider aujourd'hui.
We won't have time to help you today.,On n'a pas le temps de t'aider aujourd'hui.
We would often talk about our future.,Nous parlions souvent de notre avenir.
We'd like to ask you a few questions.,Nous aimerions vous poser quelques questions.
We'd like to ask you a few questions.,Nous aimerions te poser quelques questions.
We'll all be home in time for dinner.,Nous serons tous à la maison à temps pour le dîner.
We'll be back after this short break.,Nous serons de retour après cette courte pause.
We'll continue this discussion later.,Nous continuerons cette discussion plus tard.
We'll get on the airplane in an hour.,Nous embarquerons dans l'avion dans une heure.
We'll have to wait a couple of hours.,Nous devrons attendre deux heures.
We'll have to wait a couple of hours.,Nous allons devoir patienter deux heures.
We'll make an exception of your case.,Nous ferons une exception dans votre cas.
We'll make an exception of your case.,Nous ferons une exception dans ton cas.
We'll see each other in half an hour.,On se voit dans une demi-heure.
We'll soon learn all we need to know.,Nous apprendrons bientôt tout ce que nous avons besoin de savoir.
We'll try not to let it happen again.,Nous essaierons de ne pas laisser cela se reproduire.
We're extremely concerned about that.,Nous sommes extrêmement préoccupés par cela.
We're going out for a meal on Friday.,Nous sortons manger vendredi.
We're going to be here all afternoon.,Nous allons être ici toute l'après-midi.
We're going to find out who did that.,Nous allons découvrir qui a fait cela.
We're going to have to work together.,Nous allons devoir travailler ensemble.
We're going to have to work together.,Nous allons avoir à travailler ensemble.
We're going to search the whole ship.,Nous allons fouiller la totalité du bateau.
We're leaving the day after tomorrow.,Nous partirons après-demain.
"We're making a big mistake, you know.","Nous faisons une grave erreur, vous savez."
"We're making a big mistake, you know.","On fait une grosse erreur, tu sais."
We're not afraid of any difficulties.,Nous n’avons pas peur de n’importe quelle détresse.
We're not going to do anything crazy.,On ne va rien faire de fou.
We're not interested in such details.,Nous ne nous intéressons pas à de tels détails.
We're prepared to make tough choices.,Nous sommes prêts à prendre des décisions difficiles.
We're studying French and web design.,Nous étudions le français et la conception de site web.
We're trying to cut down on expenses.,Nous tentons de réduire les dépenses.
We've broken off relations with them.,Nous avons coupé les ponts avec eux.
"We've got a situation here, you know.","C'est la merde, ici, vous savez."
"We've got a situation here, you know.","C'est la merde, ici, tu sais."
We've got to figure out what's wrong.,Nous devons trouver ce qui ne va pas.
We've got to try something different.,Nous devons essayer quelque chose de différent.
We've solved a lot of problems today.,Nous avons résolu beaucoup de problèmes aujourd'hui.
We've talked it over among ourselves.,Nous en avons parlé entre nous.
"Well, that was a stupid thing to say.",Eh bien c'était une bourde.
"Well, that's what you want, isn't it?","Eh bien, c'est ce que vous voulez, n'est-ce pas ?"
"Well, that's what you want, isn't it?","Eh bien, c'est ce que tu veux, non ?"
What are some of your favorite foods?,Quels sont quelques uns de vos mets préférés ?
What are the origins of the Olympics?,Quelles sont les origines des Jeux Olympiques ?
What are you going to do if it rains?,Que vas-tu faire s'il pleut ?
What are you going to do if it rains?,Qu'allez-vous faire s'il pleut ?
What are your plans for this weekend?,Quels sont tes projets pour le week-end ?
What are your plans for this weekend?,Quels sont vos projets pour le week-end ?
What did those two men want from you?,Que te voulaient ces deux hommes ?
What did those two men want from you?,Que vous voulaient ces deux hommes ?
What did you eat for lunch yesterday?,"Qu'as-tu pris pour déjeuner, hier ?"
What did you think I was going to do?,Que pensais-tu que j'allais faire ?
What did you think I was going to do?,Que pensiez-vous que j'allais faire ?
What do I have to do to convince you?,Que dois-je faire pour te convaincre ?
What do I have to do to convince you?,Que dois-je faire pour vous convaincre ?
What do you have planned for tonight?,Qu'avez-vous prévu de faire pour ce soir?
What do you think I'm thinking about?,À quoi crois-tu que je pense ?
What do you think Tom's shoe size is?,Quel est la pointure de Tom à ton avis?
What do you think is going to happen?,Que penses-tu qu'il advienne ?
What do you think is going to happen?,Que pensez-vous qu'il advienne ?
What do you think is going to happen?,Que penses-tu qu'il arrive ?
What do you think is going to happen?,Que pensez-vous qu'il arrive ?
What do you think of the new teacher?,Que pensez-vous du nouvel instituteur ?
What do you think of the new teacher?,Que penses-tu de la nouvelle institutrice ?
What do you think of the new teacher?,Que penses-tu du nouvel enseignant ?
What do you think of the new teacher?,Que pensez-vous de la nouvelle enseignante ?
What do you think the audience wants?,Que penses-tu que le public veuille ?
What do you think the audience wants?,Que pensez-vous que le public veuille ?
What do you want me to do with these?,Qu'est-ce que vous voulez que je fasse avec avec ces trucs ?
What do you want to do in the future?,Que veux-tu faire plus tard ?
What do you want to eat this weekend?,Qu'est-ce que vous voulez manger ce week-end?
What do you want to eat this weekend?,Que voulez-vous manger ce week-end ?
What do you want to talk to me about?,De quoi veux-tu me parler ?
What do you want to talk to me about?,De quoi voulez-vous m'entretenir ?
What does the sign over the door say?,Que dit le panneau sur la porte ?
What else do you have in your pocket?,Qu'as-tu d'autre dans la poche ?
What exactly are they doing in there?,"Que font-ils exactement, là-dedans ?"
What exactly are they doing in there?,"Que font-elles exactement, là-dedans ?"
What exactly went on here last night?,Qu'est-ce qui s'est passé ici exactement hier soir ?
What foods should a diabetic not eat?,Quels aliments un diabétique ne devrait-il pas manger ?
What games do you have on your phone?,Quels jeux as-tu sur ton téléphone ?
What games do you have on your phone?,Quels jeux avez-vous sur votre téléphone ?
What had happened wasn't Tom's fault.,Ce qui est arrivé n'était pas de la faute de Tom.
What is the total number of students?,Quel est le nombre total d'étudiants ?
What kind of TV programs do you like?,Quel type de programmes télé aimes-tu ?
What kind of food do you usually eat?,Quelle sorte de nourriture mangez-vous habituellement?
What kind of fruit juice do you have?,Quel genre de jus de fruit avez-vous ?
What kind of fruit juice do you have?,Quel genre de jus de fruit as-tu?
What kind of shots did they give you?,Quelle sorte d'injections vous ont-ils administrée ?
What kind of woman do you think I am?,Quelle sorte de femme pensez-vous que je sois ?
What kind of yogurt do you like best?,Quel genre de yaourts préfères-tu ?
What kind of yogurt do you like best?,Quel genre de yaourts aimez-vous le plus ?
What languages are spoken in America?,Quelles langues parle-t-on en Amérique ?
What makes you think Tom can do this?,Qu'est-ce qui te fait croire que Tom peut faire ça ?
What makes you think that I like you?,Qu'est-ce qui te fait penser que je t'aime bien ?
What makes you think that isn't true?,Qu'est-ce qui vous fait penser que ce n'est pas vrai ?
What makes you think that isn't true?,Qu'est-ce qui te fait penser que ce n'est pas vrai ?
What museums would you like to visit?,Quels musées aimerais-tu visiter ?
What museums would you like to visit?,Quels musées aimeriez-vous visiter ?
What projects are you working on now?,Sur quels projets travaillez-vous maintenant ?
What projects are you working on now?,Sur quels projets travailles-tu maintenant ?
What she said turned out to be false.,Ce qu'elle avait dit se révéla faux.
What should I do with all this stuff?,Que devrais-je faire avec tous ces trucs ?
What should we do about this problem?,Que devrions-nous faire à propos de ce problème ?
What sort of yogurt do you like best?,Quelle sorte de yaourt préfères-tu ?
What time do you turn off the lights?,À quelle heure éteignez-vous les lumières ?
What time does the airport bus leave?,Quand partira la prochaine navette de l'aéroport ?
What time does the first train leave?,Quand part le premier train ?
What time does the first train leave?,À quelle heure part le premier train ?
What time does your next class begin?,À quelle heure commence ton prochain cours ?
What time is the game tomorrow night?,À quelle heure est le match demain soir ?
What time should I go to the airport?,À quelle heure devrais-je me rendre à l'aéroport ?
What time will you have to go to bed?,A quelle heure tu vas devoir te coucher ?
What was her answer to your proposal?,Qu'a-t-elle répondu à ta proposition ?
What was her answer to your proposal?,Quelle fut sa réponse à ta proposition ?
What was her answer to your proposal?,Quelle fut sa réponse à votre proposition ?
What was the outcome of the election?,Quel a été le résultat de l'élection?
What were you doing in that building?,Que faisiez-vous dans ce bâtiment ?
What were you doing in that building?,Qu'est-ce que tu faisais dans ce bâtiment ?
What were you two doing there anyway?,"Que faisiez-vous tous deux là, de toutes façons ?"
What were you two doing there anyway?,"Que faisiez-vous toutes deux là, de toutes façons ?"
What were you two doing there anyway?,"Qu'y faisiez-vous tous les deux, de toutes façons ?"
What were you two doing there anyway?,"Qu'y faisiez-vous toutes les deux, de toutes façons ?"
What would you do if you saw a ghost?,Que ferais-tu si tu voyais un fantôme ?
What would you have done in my place?,Qu'est-ce que tu aurais fait à ma place ?
What'll the weather be like tomorrow?,Comment sera le temps demain ?
What'll the weather be like tomorrow?,Quel temps fera-t-il demain ?
What're you all doing in the library?,Que faites-vous tous dans la bibliothèque ?
What're you all doing in the library?,Que faites-vous toutes dans la bibliothèque ?
What's the fax number for this hotel?,Quel est le numéro de télécopie de cet hôtel ?
What's the harm in trying to do that?,Qu'y a-t-il de mal à essayer de faire cela ?
What's the minimum wage in Australia?,Quel est le salaire minimum en Australie ?
What's the name of this intersection?,Quel est le nom de cette intersection ?
What's the nearest planet to the sun?,Quelle est la planète la plus proche du soleil ?
What's your favorite class this year?,"Quel est ton cours préféré, cette année ?"
What's your favorite spectator sport?,Quel est le sport que vous aimez le plus regarder ?
What's your favorite spectator sport?,Quel est le sport que tu aimes le plus regarder ?
"Whatever happens, you must keep calm.","Quoi qu'il arrive, tu dois rester calme."
"Whatever happens, you must keep calm.","Quoi qu'il arrive, vous devez rester calme."
"When I came home, I felt very hungry.","Quand je suis rentrée, j'avais très faim."
"When I told him that, he got furious.","Lorsque je le lui dis, il se fâcha."
When did you get back from your trip?,Quand es-tu revenu de ton voyage ?
"When he finds out, he won't be happy.","Lorsqu'il le découvrira, il ne sera pas content."
When was the last time I visited you?,Quand était la dernière fois que je t'ai rendu visite ?
When will her new novel be published?,Quand sera publié son nouveau roman ?
When will her new novel be published?,Quand son nouveau roman sera-t-il publié ?
When will his new novel be published?,Quand sera publié son nouveau roman ?
When will his new novel be published?,Quand son nouveau roman sera-t-il publié ?
When will you finish your assignment?,Quand allez-vous terminer votre devoir ?
"When you go, I'll miss you very much.",Je me sentirais très seul si tu venais à disparaître.
Where did the money really come from?,D'où vient réellement cet argent ?
Where did you get that piece of wire?,Où avez-vous trouvé ce bout de fil ?
Where did you get that piece of wire?,Où as-tu trouvé ce bout de fil ?
Where do you get off telling me that?,Comment as-tu le toupet de me dire ça ?
Where do you get off telling me that?,Comment avez-vous le toupet de me dire ça ?
Where do you get off telling me that?,Comment oses-tu me dire ça ?
Where do you get off telling me that?,Comment osez-vous me dire ça ?
Where do you get off telling me that?,Comment as-tu l'effronterie de me dire ça ?
Where do you get off telling me that?,Comment avez-vous l'effronterie de me dire ça ?
Where is the bus stop for the museum?,Où se trouve l'arrêt de bus pour le musée ?
Where on earth did you go last night?,Mais où es-tu donc allé la nuit dernière ?
Where on earth did you go last night?,Mais où es-tu donc allée la nuit dernière ?
Where was it that you found this key?,Où donc as-tu trouvé cette clé ?
Where was it that you found this key?,Où avez-vous donc trouvé cette clef ?
Where will you be this time tomorrow?,Où seras-tu demain à cette heure ?
"Which goes faster, a ship or a train?","Qui va le plus vite, un navire ou un train ?"
Which one of these boxes do you want?,Laquelle de ces boîtes veux-tu ?
Which one of these boxes do you want?,Laquelle de ces boîtes voulez-vous ?
"While napping, I had a strange dream.","Durant ma sieste, j'ai fait un rêve étrange."
Who did you vote for in the election?,Pour qui as-tu voté à l'élection ?
Who is the boy swimming in the river?,Qui est le garçon qui nage dans la rivière ?
Who is the man sitting in the corner?,Qui est cet homme assis dans le coin ?
Who makes the best cakes in the city?,Qui fait les meilleurs gâteaux dans la ville ?
Who plays the keyboards in your band?,Qui joue au piano dans votre groupe ?
Who recommended Tom for the position?,Qui a recommandé Tom pour le poste ?
Who taught you how to use chopsticks?,Qui vous a enseigné comment utiliser des baguettes ?
Who was absent from school last week?,Qui était absent de l'école la semaine dernière ?
Who was that who answered your phone?,Qui était celui qui a répondu à ton téléphone ?
Who was that who answered your phone?,Qui était celui qui a répondu à votre téléphone ?
Who was the girl you were talking to?,Qui était celle à qui vous parliez ?
Who's taking responsibility for this?,Qui assume la responsabilité de cela ?
Who's taking responsibility for this?,Qui en assume la responsabilité ?
Whose bicycle did you want to borrow?,Le vélo de qui voulais-tu emprunter ?
Why are you asking so many questions?,Pourquoi poses-tu autant de questions ?
Why are you asking so many questions?,Pourquoi posez-vous tant de questions ?
Why are you so scared to talk to him?,Pourquoi avez-vous si peur de lui parler ?
Why are you so scared to talk to him?,Pourquoi as-tu si peur de lui parler ?
Why did you decide to buy this house?,Pourquoi as-tu décidé d'acheter cette maison ?
Why did you only stop the foreigners?,Pourquoi n'avez-vous arrêté que les étrangers ?
Why didn't Tom answer Mary's letters?,Pourquoi Tom n'a-t-il pas répondu aux lettres de Mary ?
Why didn't you listen to your father?,Pourquoi n'as-tu pas écouté ton père ?
Why didn't you listen to your father?,Pourquoi n'avez-vous pas écouté votre père ?
Why didn't you say something earlier?,Pourquoi ne pas l'avoir dit plus tôt ?
Why didn't you tell me you were sick?,Pourquoi ne m'as-tu pas dit que tu étais malade ?
Why didn't you tell me you were sick?,Pourquoi ne m'avez-vous pas dit que vous étiez malade ?
Why do our schools look like prisons?,Pourquoi nos écoles ont-elles l'air de prisons ?
Why do you interrupt me all the time?,Pourquoi m'interromps-tu tout le temps ?
Why do you interrupt me all the time?,Pourquoi m'interrompez-vous tout le temps ?
Why do you let Tom to do this to you?,Pourquoi laisses-tu Tom te faire ceci ?
Why do you let Tom to do this to you?,Pourquoi laissez-vous Tom vous faire ceci ?
Why do you want to live in Australia?,Pourquoi voulez-vous habiter en Australie?
Why do you want to live in Australia?,Pourquoi souhaites-tu vivre en Australie ?
Why don't we go get something to eat?,Pourquoi n'allons-nous pas chercher quelque chose à manger ?
Why don't we just cancel the meeting?,Pourquoi n'annulons-nous simplement pas la réunion ?
Why don't you mind your own business?,Pourquoi ne t'occupes-tu pas de tes oignons ?
Why don't you mind your own business?,Pourquoi ne vous occupez-vous pas de vos oignons ?
Why don't you play the banjo anymore?,Pourquoi ne jouez-vous plus de banjo ?
Why don't you play the banjo anymore?,Pourquoi est-ce que tu ne joues plus de banjo ?
Why don't you slow down a little bit?,Pourquoi ne ralentissez-vous pas un peu ?
Why don't you slow down a little bit?,Pourquoi ne ralentis-tu pas un peu ?
Why don't you start at the beginning?,Pourquoi ne commencez-vous pas par le commencement ?
Why don't you start at the beginning?,Pourquoi ne commences-tu pas par le commencement ?
Why don't you try and get some sleep?,Pourquoi n'essaies-tu pas de dormir ?
Why pay when you can get it for free?,Pourquoi payer lorsqu'on peut l'obtenir gratuitement ?
Why pay when you can get it for free?,Pourquoi payer lorsqu'on peut en obtenir gratuitement ?
Why would you do something like that?,Pourquoi feriez-vous une telle chose ?
Why would you do something like that?,Pourquoi ferais-tu une telle chose ?
Will you come with me to the concert?,Tu viendras avec moi au concert ?
Will you drink another cup of coffee?,Veux-tu une autre tasse de café ?
Will you drink another cup of coffee?,Veux-tu encore une tasse de café ?
Will you drink another cup of coffee?,Voulez-vous une autre tasse de café ?
Will you drink another cup of coffee?,Voulez-vous encore une tasse de café ?
Will you drink another cup of coffee?,Prendrez-vous un autre tasse de café ?
Will you drink another cup of coffee?,Prendras-tu une autre tasse de café ?
Will you drink another cup of coffee?,Prendrez-vous encore une tasse de café ?
Will you drink another cup of coffee?,Prendras-tu encore une tasse de café ?
Will you show me the way to the bank?,Pouvez-vous m'indiquer le chemin vers la banque ?
Wires are used to convey electricity.,Les câbles servent à faire circuler l'électricité.
Women generally live longer than men.,Les femmes vivent généralement plus longtemps que les hommes.
Won't you come to the party tomorrow?,"Ne viens-tu pas à la fête, demain ?"
Won't you come to the party tomorrow?,"Ne viendrez-vous pas à la fête, demain ?"
Would you like another glass of wine?,Désirez-vous un autre verre de vin ?
Would you like another glass of wine?,Aimeriez-vous un autre verre de vin ?
Would you like another glass of wine?,Aimerais-tu un autre verre de vin ?
Would you like another piece of cake?,Tu veux encore un truc facile ?
Would you like me to do that for you?,Voudrais-tu que je le fasse pour toi?
Would you like me to open the window?,Souhaiterais-tu que j'ouvre la fenêtre ?
Would you like me to open the window?,Souhaiteriez-vous que j'ouvre la fenêtre ?
Would you like me to turn the TV off?,Voudrais-tu que j'éteigne la télé?
Would you like to have lunch with me?,Voulez-vous déjeuner avec moi ?
Would you like to join us for dinner?,Voudriez-vous vous joindre à nous pour dîner ?
Would you like to join us for dinner?,Voudrais-tu te joindre à nous pour dîner ?
Would you like to read this magazine?,Veux-tu lire ce magazine ?
Would you like to sit at the counter?,Voudrais-tu t'asseoir au comptoir ?
Would you like to sit at the counter?,Aimeriez-vous vous asseoir au comptoir ?
Would you mind going over that again?,"Voulez-vous la reprendre, je vous prie?"
Would you mind looking after my kids?,Est-ce que ça vous dérangerait de veiller sur mes enfants ?
Would you please autograph this book?,"Pourriez-vous dédicacer ce livre, s'il vous plaît ?"
Would you please autograph this book?,"Tu pourrais dédicacer ce livre, s'il te plaît ?"
Would you please keep the noise down?,"Pourriez-vous, s'il vous plaît, faire moins de bruit ?"
Would you please keep the noise down?,"Pourrais-tu faire moins de bruit, s'il te plaît ?"
Would you please quit asking me that?,Voudrais-tu bien arrêter de me demander ça ?
Would you please quit asking me that?,Voudriez-vous bien arrêter de me demander cela ?
Yesterday was the last day of school.,Hier était le dernier jour d'école.
"Yesterday, a thief entered the house.","Hier, un voleur a visité la maison."
"Yesterday, a thief entered the house.","Hier, un voleur a pénétré la maison."
"Yesterday, my wheelbarrow was stolen.","Hier, ma brouette a été volée."
You are really very productive today.,Tu es vraiment très productif aujourd'hui.
You are really very productive today.,Vous êtes vraiment très productive aujourd'hui.
You are the only one who can help me.,Tu es le seul qui puisse m'aider.
You are the only one who can help me.,Vous êtes le seul qui puisse m'aider.
You are the only one who can help me.,Vous êtes la seule qui puisse m'aider.
You are the only one who can help me.,Tu es la seule qui puisse m'aider.
You are very kind to show me the way.,C'est très gentil à vous de me montrer le chemin.
"You aren't afraid of ghosts, are you?","Vous n'avez pas peur des fantômes, n'est-ce pas ?"
You can borrow three books at a time.,Tu peux emprunter trois livres chaque fois.
You can call me at any time you like.,Tu peux m'appeler à n'importe quelle heure.
You can hang out with us if you want.,Tu peux sortir avec nous si tu veux.
You can have a ride on my motorcycle.,Tu peux faire un tour sur ma mobylette.
You can pour the wine into the glass.,Vous pouvez verser le vin dans le verre.
You can pour the wine into the glass.,Tu peux verser le vin dans le verre.
You can spend the night at our place.,Tu peux passer la nuit chez nous.
You can spend the night at our place.,Vous pouvez passer la nuit chez nous.
You can't blame him for the accident.,Tu ne peux pas le blâmer pour l'accident.
You can't blame me for being curious.,Tu ne peux pas me reprocher d'être curieux.
You can't bury your head in the sand.,Vous ne pouvez enterrer votre tête dans le sable.
You can't bury your head in the sand.,Tu ne peux pas enterrer ta tête dans le sable.
"You can't do anything right, can you?","Vous ne pouvez rien faire correctement, n'est-ce pas ?"
"You can't do anything right, can you?","Tu ne peux rien faire correctement, n'est-ce pas ?"
You can't lift the piano by yourself.,Tu ne peux pas soulever le piano tout seul.
You can't pretend this didn't happen.,Tu ne peux pas prétendre que cela ne soit pas arrivé.
You can't pull the wool over my eyes.,"Tu parles, Charles."
You can't trust computer translation.,On ne peut pas se fier à la traduction automatique.
You cannot prevent him from drinking.,On ne peut pas l'empêcher de boire.
You did not come to school yesterday.,Tu n'es pas venu à l'école hier.
"You did that on your own, didn't you?","Tu as fait ça par toi-même, non ?"
"You did that on your own, didn't you?","Vous avez fait ça par vous-même, non ?"
"You didn't drink that water, did you?","Tu n'as pas bu cette eau, hein ?"
"You didn't drink that water, did you?","Vous n'avez pas bu cette eau, n'est-ce pas ?"
You didn't need to get here so early.,Vous n'aviez pas besoin de vous y rendre si tôt.
"You don't even know his name, do you?","Tu ne connais même pas son nom, n'est-ce pas ?"
You don't even know who that man was.,Vous ne savez même pas qui était cet homme.
You don't even know who that man was.,Tu ne sais même pas qui était cet homme.
"You don't give up too easily, do you?","Vous n'abandonnez pas tellement facilement, n'est-ce pas ?"
You don't have permission to do that.,Vous n'avez pas la permission de faire cela.
You don't have permission to do that.,Tu n'as pas la permission de faire ça.
You don't have to hide your feelings.,Tu ne dois pas dissimuler tes sentiments.
You don't have to hide your feelings.,Tu n'as pas besoin de cacher tes sentiments.
You don't have to trouble yourselves.,Vous n'avez pas à vous inquiéter.
You don't have to wait until the end.,Tu n'es pas obligé d'attendre jusqu'à la fin.
You don't have to wait until the end.,Vous n'êtes pas obligé d'attendre jusqu'à la fin.
You don't have to wait until the end.,Vous n'êtes pas obligée d'attendre jusqu'à la fin.
You don't have to wait until the end.,Vous n'êtes pas obligés d'attendre jusqu'à la fin.
You don't have to wait until the end.,Vous n'êtes pas obligées d'attendre jusqu'à la fin.
You don't know what it is to be poor.,Tu ne sais ce que c'est que d'être pauvre.
You don't know what that means to me.,Tu ne sais pas ce que ça signifie pour moi.
You don't know what that means to me.,Vous ignorez ce que cela signifie pour moi.
You don't know what this means to us.,Vous ignorez ce que ceci signifie pour nous.
You don't know what this means to us.,Tu ne sais pas ce que ça signifie pour nous.
You don't need to answer that letter.,Tu n'as pas besoin de répondre à cette lettre.
You don't need to be in such a hurry.,Il n'est pas nécessaire que tu sois si pressé.
You don't need to be in such a hurry.,Il n'est pas nécessaire que tu sois si pressée.
You don't need to be in such a hurry.,Il n'est pas nécessaire que vous soyez si pressé.
You don't need to be in such a hurry.,Il n'est pas nécessaire que vous soyez si pressée.
You don't need to be in such a hurry.,Il n'est pas nécessaire que vous soyez si pressés.
You don't need to be in such a hurry.,Il n'est pas nécessaire que vous soyez si pressées.
You don't need to do that right away.,Tu ne dois pas le faire immédiatement.
You don't need to reinvent the wheel.,Vous n'avez pas besoin de ré-inventer la roue.
You don't need to reinvent the wheel.,Tu n'as pas besoin de ré-inventer la roue.
You have a tendency to forget things.,Tu as tendance à oublier les choses.
You have a tendency to talk too fast.,Tu as tendance à parler trop vite.
You have a tendency to talk too fast.,Vous avez tendance à parler trop rapidement.
You have caused me to lose my temper.,Vous m'avez fait perdre patience.
You have dirt under your fingernails.,Tu as de la crasse sous les ongles.
You have my number. Call me sometime.,Tu disposes de mon numéro. Appelle-moi un de ces quatre !
You have my number. Call me sometime.,Vous disposez de mon numéro. Appellez-moi un de ces quatre !
"You have no idea who that is, do you?","Tu n'as aucune idée de qui c'est, n'est-ce pas ?"
"You have no idea who that is, do you?","Vous n'avez aucune idée de qui c'est, n'est-ce pas ?"
You have no right to oppose our plan.,Vous n'avez pas le droit de vous opposer à nos plans.
You have to be prepared for anything.,Il vous faut être prêt à tout.
You have to be prepared for anything.,Il te faut être prêt à tout.
You have too many books on the shelf.,Vous avez trop de livres sur cette étagère.
You haven't heard the half of it yet.,Vous n'en avez pas encore entendu la moitié.
You haven't heard the half of it yet.,Tu n'en as pas encore entendu la moitié.
"You haven't seen Tom today, have you?","Vous n'avez pas vu Tom aujourd'hui, n'est-ce pas ?"
"You know I have no choice, don't you?","Tu sais que je n'ai pas le choix, n'est-ce pas ?"
"You know I have no choice, don't you?","Vous savez que je n'ai pas le choix, n'est-ce pas ?"
"You know what they can do, don't you?","Vous savez ce dont ils sont capables, n'est-ce pas ?"
"You know what they can do, don't you?","Vous savez ce dont elles sont capables, n'est-ce pas ?"
"You know what they can do, don't you?","Tu sais ce dont ils sont capables, n'est-ce pas ?"
"You know what they can do, don't you?","Tu sais ce dont elles sont capables, n'est-ce pas ?"
You may as well tell me all about it.,Tu ferais tout aussi bien de tout me dire.
You may call on me whenever you like.,Tu peux venir me voir quand tu le souhaites.
You must be more careful from now on.,Tu dois désormais être plus prudente.
You must get off at the next station.,Vous devez descendre à la prochaine gare.
You must get off at the next station.,Tu dois descendre à la prochaine gare.
You must not forget your schoolbooks.,Tu ne dois pas oublier tes livres d'école.
You must pay attention to his advice.,Tu dois prêter attention à ses conseils.
You must pay attention to his advice.,Vous devez prêter attention à ses conseils.
You must show respect to your guests.,Tu dois montrer du respect à tes invités.
You must show respect to your guests.,Tu dois faire montre de respect à tes invités.
You must show respect to your guests.,Vous devez montrer du respect à vos invités.
You must show respect to your guests.,Vous devez faire montre de respect à vos invités.
You never want to give anything away.,Tu ne veux jamais te débarrasser de quoi que ce soit.
You ought to know better at your age.,"Tu devrais être plus avisé, à ton âge."
You ought to know better at your age.,"Tu devrais être plus avisée, à ton âge."
You promised me you'd look after Tom.,Tu m'as promis que tu prendrais soin de Tom.
You promised me you'd look after Tom.,Vous m'avez promis que vous prendriez soin de Tom.
You reach him by calling this number.,Vous pouvez le joindre à ce numéro.
You really do have a beautiful voice.,Tu as vraiment une belle voix.
You really do have a beautiful voice.,Vous avez vraiment une belle voix.
"You really don't have a clue, do you?","T'as vraiment pas l'ombre d'une idée, si ?"
"You really don't have a clue, do you?","Vous n'avez vraiment pas l'ombre d'une idée, si ?"
"You really don't have a clue, do you?","Tu es vraiment ignare, non ?"
"You really don't have a clue, do you?","Vous êtes vraiment ignare, non ?"
"You really don't have a clue, do you?","Vous êtes vraiment ignares, non ?"
You said you were going to handle it.,Tu as dit que tu allais t'en débrouiller.
You said you were going to handle it.,Tu as dit que tu allais le gérer.
You said you were going to handle it.,Tu as dit que tu allais t'en occuper.
You said you were going to handle it.,Tu as dit que tu allais t'en saisir.
You said you were going to handle it.,Vous avez dit que vous alliez vous en débrouiller.
You said you were going to handle it.,Vous avez dit que vous alliez vous en saisir.
You said you were going to handle it.,Vous avez dit que vous alliez vous en occuper.
You said you were going to handle it.,Vous avez dit que vous alliez le gérer.
You should be more careful next time.,Tu devrais faire plus attention la prochaine fois.
You should be more careful next time.,Vous devriez faire plus attention la prochaine fois.
You should be real proud of yourself.,Tu devrais être très fier de toi.
You should be real proud of yourself.,Tu devrais être très fière de toi.
You should be real proud of yourself.,Vous devriez être très fier de vous.
You should be real proud of yourself.,Vous devriez être très fiers de vous.
You should be real proud of yourself.,Vous devriez être très fières de vous.
You should be real proud of yourself.,Vous devriez être très fière de vous.
You should be very proud of yourself.,Tu devrais être très fier de toi.
You should be very proud of yourself.,Tu devrais être très fière de toi.
You should be very proud of yourself.,Vous devriez être très fier de vous.
You should be very proud of yourself.,Vous devriez être très fiers de vous.
You should be very proud of yourself.,Vous devriez être très fières de vous.
You should be very proud of yourself.,Vous devriez être très fière de vous.
You should check your blood pressure.,Tu devrais vérifier ta pression sanguine.
You should check your blood pressure.,Vous devriez vérifier votre pression sanguine.
You should go and have your hair cut.,Tu devrais aller te faire couper les cheveux.
You should have attended the meeting.,Vous auriez dû assister à la réunion.
You should have kept your mouth shut.,Tu aurais dû la fermer.
You should have kept your mouth shut.,Vous auriez dû la fermer.
You should have shown him the device.,Tu aurais dû lui montrer l'appareil.
You should have spoken more politely.,Tu aurais dû parler plus poliment.
You should have spoken more politely.,Vous auriez dû parler plus poliment.
You should have told it to me sooner.,Tu aurais dû me le dire plus tôt.
You should let me do all the talking.,Tu devrais me laisser faire tout l’exposé.
You should put your ideas in writing.,Vous devriez mettre vos idées par écrit.
You should start as early as you can.,Tu devrais commencer aussi tôt que possible.
You should try to write more legibly.,Vous devriez essayer d'écrire de manière plus intelligible.
You should try to write more legibly.,Tu devrais essayer d'écrire de manière plus lisible.
You shouldn't have lent money to Tom.,Tu n'aurais pas dû prêter de l'argent à Tom.
You shouldn't tell anyone about this.,Tu ne devrais parler de ça à personne.
You shouldn't tell anyone about this.,Vous ne devriez parler de ceci à personne.
You shouldn't write in library books.,Tu ne devrais pas écrire dans les livres de la bibliothèque.
"You told Tom not to come, didn't you?","Tu as dit à Tom de ne pas venir, n'est-ce pas ?"
"You told Tom not to come, didn't you?","Vous avez dit à Tom de ne pas venir, n'est-ce pas ?"
"You wanted me to get a job, so I did.","Tu voulais que je trouve un boulot, c'est ce que j'ai fait."
"You wanted me to get a job, so I did.","Vous vouliez que je trouve un boulot, c'est ce que j'ai fait."
You were the one who gave this to me.,Tu es celui qui m'a donné ceci.
You were the one who gave this to me.,C'est toi qui m'a donné ça.
You were the one who gave this to me.,Vous êtes celle qui m'a donné ceci.
You will soon come to like this town.,Vous viendrez bientôt à aimer cette ville.
You will soon come to like this town.,Tu aimeras bientôt cette ville.
You worry about your weight too much.,Tu te soucies trop de ton poids.
You worry about your weight too much.,Vous vous souciez trop de votre poids.
You worry about your weight too much.,Tu t'en fais trop pour ton poids.
You worry about your weight too much.,Vous vous en faites trop pour votre poids.
You'd better be careful what you say.,Tu ferais mieux de faire attention à ce que tu dis.
You'd better have your eyes examined.,Tu ferais mieux de faire examiner tes yeux.
You'd better have your eyes examined.,Vous devriez faire examiner vos yeux.
You'd better lie low for a few weeks.,Tu ferais mieux de te faire oublier durant quelques semaines.
You'll be thirty years old next year.,Tu auras trente ans l'an prochain.
You'll be thirty years old next year.,Vous aurez trente ans l'an prochain.
You'll have to discuss that with Tom.,Tu devras en discuter avec Tom.
You'll have to discuss that with Tom.,Tu devras discuter de ça avec Tom.
You'll have to discuss that with Tom.,Tu devras discuter de cela avec Tom.
You'll have to discuss that with Tom.,Vous devrez en discuter avec Tom.
You'll have to discuss that with Tom.,Vous devrez discuter de ça avec Tom.
You'll have to discuss that with Tom.,Vous devrez discuter de cela avec Tom.
You're a very important person to me.,Tu es une personne très importante pour moi.
You're a very important person to me.,Vous êtes une personne très importante pour moi.
"You're enjoying yourself, aren't you?","Vous vous amusez, n'est-ce pas ?"
"You're enjoying yourself, aren't you?","Tu t'amuses, pas vrai ?"
You're in luck. The plane is on time.,Vous avez de la chance. L'avion est à l'heure.
You're in luck. The plane is on time.,Tu as de la chance. L'avion est à l'heure.
You're lucky Tom lent you some money.,Tu es chanceux que Tom t'ait prêté un peu d'argent.
You're lucky Tom lent you some money.,Vous êtes chanceux que Tom vous ait prêté un peu d'argent.
You're lucky to have such a good job.,Tu es chanceux d'avoir un si bon travail.
You're lucky to have such a good job.,Tu es chanceuse d'avoir un si bon travail.
You're lucky to have such a good job.,Vous êtes chanceux d'avoir un si bon travail.
You're lucky to have such a good job.,Vous êtes chanceuse d'avoir un si bon emploi.
You're lucky to have such a good job.,Vous êtes chanceuses d'avoir un si bon emploi.
You're much prettier than I remember.,Vous êtes bien plus jolie que dans mon souvenir.
You're much prettier than I remember.,Tu es bien plus jolie que dans mon souvenir.
You're no longer welcome in my house.,Tu n'es plus le bienvenu chez moi.
You're no longer welcome in my house.,Tu n'es plus la bienvenue chez moi.
You're no longer welcome in my house.,Vous n'êtes plus le bienvenu chez moi.
You're no longer welcome in my house.,Vous n'êtes plus la bienvenue chez moi.
You're no longer welcome in my house.,Vous n'êtes plus les bienvenus chez moi.
You're no longer welcome in my house.,Vous n'êtes plus les bienvenues chez moi.
You're not a killer and neither am I.,Tu n'es pas un tueur et moi non plus.
"You're not a morning person, are you?","Tu n'es pas du matin, hein ?"
"You're not a morning person, are you?","Vous n'êtes pas du matin, n'est-ce pas ?"
"You're not afraid of ghosts, are you?","Vous n'avez pas peur des fantômes, n'est-ce pas ?"
"You're not from around here, are you?","Vous n'êtes pas d'ici, n'est-ce pas ?"
"You're not from around here, are you?","Tu n'es pas du coin, n'est-ce pas ?"
"You're not going to give up, are you?","Tu ne vas pas abandonner, si ?"
"You're not going to give up, are you?","Vous n'allez pas abandonner, si ?"
You're not supposed to have this key.,Tu n'es pas censé avoir cette clé.
You're not the first one to say that.,Vous n'êtes pas le seul à le dire.
You're safe as long as you stay here.,Tu es en sécurité aussi longtemps que tu restes ici.
You're the man I've been looking for.,Vous êtes l'homme que je cherchais.
You're the one I've been waiting for.,Tu es celui que j'attendais.
You're the one I've been waiting for.,Tu es celle que j'attendais.
You're the one who planted that tree.,Tu es celui qui a planté cet arbre.
You're the one who planted that tree.,Tu es celle qui a planté cet arbre.
You're the one who planted that tree.,Vous êtes celui qui a planté cet arbre.
You're the one who planted that tree.,Vous êtes celle qui a planté cet arbre.
You're the one who planted that tree.,C'est toi qui as planté cet arbre.
You're the one who planted that tree.,C'est vous qui avez planté cet arbre.
You're the same age as my girlfriend.,Tu as le même âge que ma copine.
You're wrong. That's not what I said.,"Vous avez tort, ce n'est pas ce que j'ai dit."
You're wrong. That's not what I said.,"Tu as tort, ce n'est pas ce que j'ai dit."
You've already given me enough money.,Tu m'as déjà donné assez d'argent.
You've already given me enough money.,Vous m'avez déjà donné assez d'argent.
You've done a pretty good job so far.,Tu as fait un assez bon boulot jusqu'à présent.
You've done a pretty good job so far.,Vous avez fait un assez bon boulot jusqu'à présent.
"You've lost some weight, haven't you?","Tu as maigri, n'est-ce pas?"
"You've lost some weight, haven't you?","Vous avez un peu maigri, n'est-ce pas ?"
You've seen what this machine can do.,Vous avez vu ce que cette machine pouvait faire.
You've seen what this machine can do.,Tu as vu ce que cet engin pouvait faire.
You've turned up at the right moment.,Vous êtes venue juste au bon moment.
You've turned up at the right moment.,Vous êtes apparu au bon moment.
You've turned up at the right moment.,Vous êtes apparue au bon moment.
You've turned up at the right moment.,Vous êtes apparus au bon moment.
You've turned up at the right moment.,Vous êtes apparues au bon moment.
You've turned up at the right moment.,Tu es apparu au bon moment.
You've turned up at the right moment.,Tu es apparue au bon moment.
Your answer is far from satisfactory.,Votre réponse est loin d'être satisfaisante.
"Your car is fast, but mine is faster.","Ta voiture va vite, mais la mienne va encore plus vite."
Your daughter is not a child anymore.,Votre fille n'est plus une enfant.
Your dress is already out of fashion.,Ta robe est déjà démodée.
Your dress is touching the wet paint.,Votre robe touche la peinture fraîche.
Your efforts will bear fruit someday.,Vos efforts produiront leurs fruits un de ces jours.
Your mother is in critical condition.,Ta mère se trouve dans un état critique.
Your outrage is completely justified.,Votre indignation est complètement justifiée.
Your parents are expecting your call.,Tes parents attendent ton appel.
Your parents are expecting your call.,Vos parents attendent votre coup de téléphone.
Your parents are expecting your call.,Vos parents attendent votre appel.
Your parents must be so proud of you.,Tes parents doivent être si fiers de toi.
Your parents must be so proud of you.,Vos parents doivent être si fiers de vous.
Your services are no longer required.,Vos services ne sont plus requis.
Your shoes don't go with that outfit.,Vos chaussures ne vont pas avec ce costume.
"How are you doing? ""I'm doing okay.""",« Comment vas-tu ? » « Ça va. »
"How are you doing? ""I'm doing okay.""",« Comment allez-vous ? » « Ça va. »
"How are you? ""I am fine, thank you.""","«Comment allez-vous ?» «Je vais bien, merci.»"
"How old are you? ""I'm 16 years old.""",« Quel âge as-tu ? » « Seize ans. »
"Is his story true? ""I'm afraid not.""",« Son histoire est-elle vraie ? » « J'ai bien peur que non. »
"The phone is ringing. ""I'll get it.""",« Le téléphone sonne. » « Je vais répondre. »
"The phone is ringing. ""I'll get it.""",« Le téléphone sonne. » « Je prends. »
"Where's your cousin? ""He just left.""",« Où est ton cousin ? » « Il vient juste de partir. »
"Will you help me? ""I'll be glad to.""",« Pourrais-tu m'aider ? » « J'en serais ravi. »
A bat is no more a bird than a rat is.,Une chauve-souris est autant un oiseau qu'un rat peut l'être.
A big bridge was built over the river.,Un grand pont a été construit au-dessus de la rivière.
A big wave swept the man off the boat.,Une grosse vague a éjecté l'homme du bateau.
A blood vessel burst inside his brain.,Un vaisseau sanguin a éclaté à l'intérieur de son cerveau.
A clear conscience is the best pillow.,Une conscience sans tache est le meilleur des oreillers.
A computer can calculate very rapidly.,Un ordinateur peut calculer très rapidement.
A cucumber is related to a watermelon.,Le concombre est de la même espèce que le melon.
A dish can be spicy without being hot.,Un plat peut être épicé sans être brûlant.
A dog is sometimes a dangerous animal.,Un chien peut être parfois un animal dangereux.
A fire broke out after the earthquake.,Un incendie s'est déclaré après le tremblement de terre.
A gang of thieves broke into the bank.,Un groupe de voleurs a cambriolé la banque.
A good idea occurred to me last night.,Une bonne idée m'est venue la nuit dernière.
A hammer was used to break the window.,On a utilisé un marteau pour casser la fenêtre.
A is the first letter of the alphabet.,« A » est la première lettre de l'alphabet.
A large bird landed on the windowsill.,Un grand oiseau s'est posé sur le rebord de la fenêtre.
A number of students are absent today.,"Nombre d'étudiants sont absents, aujourd'hui."
A plastic dish will melt on the stove.,Un plat en plastique va fondre sur le four.
A reasonable compromise must be found.,Il est nécessaire de trouver un compromis raisonnable.
A skilled mechanic earns decent wages.,Un mécanicien doué ne gagne pas mal sa vie.
A smart dog never barks for no reason.,Un chien intelligent n'aboie jamais sans raison.
A teenager sometimes acts like a baby.,Un adolescent agit parfois comme un bébé.
A third of the prisoners have escaped.,Un tiers des prisonniers s'est échappé.
A walk before breakfast is refreshing.,Une promenade avant le petit déjeuner est rafraîchissante.
A wise man would not say such a thing.,Un homme sage ne dirait pas une telle chose.
A woman fell from a ship into the sea.,Une femme tomba du bateau à la mer.
A young man waited in line to see him.,Un jeune homme attendait son tour pour le voir.
AI stands for artificial intelligence.,IA signifie Intelligence Artificielle.
Acid rain is not a natural phenomenon.,La pluie acide n'est pas un phénomène naturel.
"Afterwards, he assumed a new identity.","Par la suite, il vécut sous une autre identité."
"Air, like food, is a basic human need.","L'air, tout comme la nourriture, est un besoin humain fondamental."
All I ask is that you show up on time.,Tout ce que je demande est que vous vous présentiez à l'heure.
All I ask is that you show up on time.,Tout ce que je demande est que tu te présentes à l'heure.
All I know is that he came from China.,"Tout ce que je sais, c'est qu'il vient de Chine."
All I know is that she left last week.,"Tout ce que je sais, c'est qu'elle est partie la semaine dernière."
"All of a sudden, Tom and I were alone.","Soudainement, Tom et moi étions seuls."
"All of a sudden, Tom and I were alone.","Tout à coup, Tom et moi étions seuls."
All of my friends like computer games.,Tous mes amis aiment les jeux vidéo.
All of the students stood up together.,Tous les étudiants se levèrent ensemble.
All the students are studying English.,Tous les étudiants étudient l'anglais.
All you have to do is to do your best.,Tout ce que tu dois faire est de faire de ton mieux.
All you have to do is wash the dishes.,"Tout ce que tu as à faire, c'est de laver les assiettes."
Almost all the students know about it.,Presque tous les étudiants le savent.
"Although the sun was out, it was cold.","Bien que le soleil donnât, il faisait froid."
Am I the only one who agrees with you?,Suis-je le seul d'accord avec toi ?
Am I the only one who agrees with you?,Suis-je la seule à être d'accord avec vous ?
America did away with slavery in 1863.,L'Amérique abolit l'esclavage en 1863.
Americans have the right to bear arms.,Les Étatsuniens ont le droit de porter des armes.
Ants and giraffes are distant cousins.,Les fourmis et les girafes sont des cousins éloignés.
"Apparently, Tom will be here tomorrow.",Apparemment Tom viendra demain.
Are there any cute boys in your class?,"Y a-t-il de mignons garçons, dans ta classe ?"
Are there any cute boys in your class?,"Y a-t-il de mignons garçons, dans votre classe ?"
Are they the people you saw yesterday?,Sont-ce les gens que tu as vus hier ?
Are you a member of the baseball team?,Êtes-vous membre de l'équipe de base-ball ?
Are you a member of the baseball team?,Est-ce que tu es membre de l'équipe de base-ball ?
Are you doing anything tomorrow night?,Tu fais quelque chose demain soir?
Are you doing what you think is right?,Faites-vous ce que vous estimez être juste ?
Are you doing what you think is right?,Fais-tu ce que tu crois être juste ?
Are you getting much out of that book?,Retires-tu beaucoup de cet ouvrage ?
Are you getting much out of that book?,Retirez-vous beaucoup de cet ouvrage ?
Are you going to Tom's farewell party?,Vas-tu à la fête d'adieux de Tom ?
Are you going to Tom's farewell party?,Allez-vous à la fête d'adieux de Tom ?
Are you going to do that anytime soon?,Tu comptes faire ça bientôt ?
Are you going to write to your father?,Vas-tu écrire à ton père ?
Are you paying separately or together?,Payez-vous séparément ou ensemble ?
Are you paying together or separately?,Payez-vous ensemble ou séparément ?
Are you satisfied with my explanation?,Êtes-vous satisfait de mon explication ?
Are you serious about getting married?,Envisages-tu sérieusement de te marier ?
Are you serious about getting married?,Envisagez-vous sérieusement de vous marier ?
Are you suggesting it's a design flaw?,Suggérez-vous qu'il s'agit d'un défaut de conception ?
Are you suggesting it's a design flaw?,Suggères-tu qu'il s'agit d'un défaut de conception ?
Are you sure that you know what to do?,Êtes-vous sûr de savoir ce qu'il faut faire ?
Are you sure that you know what to do?,Es-tu sûr de savoir ce qu'il faut faire ?
Are you sure that you want to do this?,Es-tu sûr de vouloir faire ça ?
Are you sure that you want to do this?,Êtes-vous sûr de vouloir faire cela ?
Are you sure this isn't going to hurt?,Êtes-vous certaine que ça ne va pas faire mal ?
Are you sure this isn't going to hurt?,Tu es sûr que ça ne va pas faire mal ?
Are you sure this isn't going to hurt?,Êtes-vous sûrs que ce ne sera pas douloureux ?
Are you sure you didn't hear anything?,Es-tu sûr que tu n'avais rien entendu ?
Aren't you worried it might be a trap?,Vous n'avez pas peur que ce soit peut-être un piège?
Armenian is an Indo-European language.,L'arménien est une langue indo-européenne.
"As I entered the room, they applauded.","Lorsque je suis entré dans la salle, ils ont applaudi."
"As I was having lunch, the phone rang.","Alors que je déjeunais, le téléphone sonna."
"As a matter of fact, he was convinced.","De fait, il était convaincu."
"As a matter of fact, she is my sister.","De fait, elle est ma sœur."
"As a matter of fact, she is my sister.","De fait, c'est ma sœur."
"As always, you have understood poorly!","Comme toujours, tu as à peine compris !"
"As always, you have understood poorly!","Comme toujours, vous avez à peine compris !"
"As far as I know, he is an honest man.","Pour autant que je sache, c'est un homme honnête."
"As far as I know, she hasn't left yet.","Pour autant que je sache, elle n'est pas encore partie."
"As far as I know, that never happened.","Pour autant que je sache, ça n'est jamais arrivé."
"As far as I know, that never happened.","À ma connaissance, ça ne s'est jamais produit."
"As soon as Tom gets here, we'll leave.","Aussitôt que Tom arrivera ici, nous partirons."
"As soon as he comes back, let me know.","Dès qu'il sera de retour, dis-le-moi."
Ask him if he will attend the meeting.,Demande-lui s'il va venir à la réunion.
Ask him whether she is at home or not.,Demande-lui si elle est à la maison ou pas.
"At first, everything seemed difficult.","Au début, tout semblait difficile."
"At last, the truth became known to us.",On a enfin su la vérité.
At what time did you hear the gunshot?,À quelle heure avez-vous entendu le coup de feu ?
At what time did you hear the gunshot?,À quelle heure as-tu entendu le coup de feu ?
"At your age, you ought to know better.","À ton âge, tu devrais faire preuve de plus de discernement."
Athletes usually abstain from smoking.,Généralement les athlètes évitent de fumer.
Bad weather prevented us from leaving.,Le mauvais temps nous empêcha de partir.
Bagpipes produce a very strange sound.,La cornemuse produit un son très étrange.
Be alert when you cross a busy street!,Soyez attentif quand vous traversez une rue animée.
Be careful near the edge of the cliff.,Sois prudent à proximité du bord de la falaise !
Be careful near the edge of the cliff.,Soyez prudent à proximité du bord de la falaise !
Be careful near the edge of the cliff.,Sois prudente à proximité du bord de la falaise !
Be careful near the edge of the cliff.,Soyez prudente à proximité du bord de la falaise !
Be careful near the edge of the cliff.,Soyez prudents à proximité du bord de la falaise !
Be careful near the edge of the cliff.,Soyez prudentes à proximité du bord de la falaise !
Be careful not to say anything stupid.,Fais attention à ne rien dire de stupide.
"Being very tired, I went to bed early.","Étant très fatigué, j'allai me coucher tôt."
"Being very tired, I went to bed early.","Étant très fatiguée, je me suis couchée tôt."
Bill Gates is the world's richest man.,Bill Gates est l'homme le plus riche du monde.
Bill Gates is the world's richest man.,Bill Gates est l'homme le plus riche au monde.
Botany deals with the study of plants.,La botanique traite de l'étude des plantes.
Both of the brothers are still living.,Les deux frères sont toujours en vie.
Break the chocolate into small pieces.,Cassez le chocolat en petits morceaux.
Brush your teeth at least twice a day.,Brosse-toi les dents au moins deux fois par jour.
Business was a little slow last month.,"Les affaires étaient un peu ralenties, le mois dernier."
Can I borrow your eraser for a moment?,Puis-je emprunter ta gomme un instant ?
Can I borrow your tennis racket today?,Puis-je emprunter ta raquette de tennis aujourd'hui ?
Can I call you back in twenty minutes?,Puis-je te rappeler dans vingt minutes ?
Can I have a word with Tom in private?,Puis-je dire un mot à Tom en privé?
Can I interest you in a game of cards?,Seriez-vous intéressé par un jeu de cartes ?
Can I talk to you for a second please?,"Puis-je te parler une seconde, s'il te plaît ?"
Can I talk to you for a second please?,"Puis-je vous parler un instant, s'il vous plaît ?"
Can I use your car for a little while?,Puis-je utiliser votre voiture pour un petit moment?
Can we forget that this just happened?,Pouvons-nous oublier que ça vient d'arriver ?
Can you give us your thoughts on that?,Pouvez-vous nous donner votre opinion sur ce sujet ?
Can you help me install this software?,Peux-tu m'aider à installer ce logiciel ?
Can you help me install this software?,Pouvez-vous m'aider à installer ce logiciel ?
Can you persuade him to join our club?,Peux-tu le persuader de se joindre à notre club ?
Can you persuade him to join our club?,Peux-tu le persuader de se joindre à notre cercle ?
Can you persuade him to join our club?,Êtes-vous en mesure de le persuader de se joindre à notre cercle ?
Can you promise me you won't tell Tom?,Peux-tu me promettre que tu ne diras rien à Tom ?
Can you promise me you won't tell Tom?,Pouvez-vous me promettre que vous n'en direz rien à Tom ?
Can you put some sunscreen on my back?,Peux-tu me mettre de la crème solaire dans le dos ?
Can you shut the door on your way out?,Est-ce que tu peux fermer la porte en sortant ?
"Can you speak a little louder, please?","Peux-tu parler un peu plus fort, s'il te plaît ?"
"Can you speak a little louder, please?","Pouvez-vous parler un peu plus fort, s'il vous plaît ?"
Can you take me with you on the plane?,Pouvez-vous me prendre à votre bord ?
Can you take me with you on the plane?,Pouvez-vous me prendre à bord ?
Can you take me with you on the plane?,Peux-tu me prendre à bord ?
Can you tell me which button to press?,Pouvez-vous me dire sur quel bouton appuyer ?
Can you think of anyone more suitable?,Pouvez-vous songer à quelqu'un de plus convenable ?
Can you think of anyone more suitable?,Peux-tu songer à quelqu'un de plus convenable ?
Can't we talk about it in the morning?,Ne pouvons-nous pas en parler dans la matinée ?
Can't you reach the book on the shelf?,Peux-tu attraper ce livre sur l'étagère ?
Casinos treat high rollers like kings.,Les casinos traitent les flambeurs comme des rois.
Certain questions remained unanswered.,Certaines questions sont restées sans réponse.
Certain things are better left unsaid.,Certaines choses sont mieux non-dits.
Chances are the bill will be rejected.,La probabilité est que le projet de loi sera rejeté.
Change trains at Chicago for New York.,Changez de train à Chicago pour New York.
Cheese can easily be cut with a knife.,Le fromage peut se couper facilement avec un couteau.
Children are playing behind the house.,Les enfants jouent derrière la maison.
Classes start at eight in the morning.,Les cours démarrent à huit heures du matin.
Classes start at eight in the morning.,Les cours démarrent à huit heures le matin.
Come and see me whenever you are free.,Venez me voir dès que vous êtes libre.
"Concerning this, I'm the one to blame.","En ce qui concerne ça, je suis le fautif."
"Concerning this, I'm the one to blame.","Pour ça, je suis le fautif."
Contact her if you have any questions.,Prenez contact avec elle si vous avez la moindre question.
Continue doing what you've been doing.,Continue ce que tu étais en train de faire.
"Could I have a knife and fork, please?","Pourrais-je avoir un couteau et une fourchette, s'il vous plaît ?"
Could we have a table near the window?,Pourrions-nous avoir une table près de la fenêtre ?
"Could you change these for me, please?",Pouvez-vous changer cela pour moi s'il vous plait ?
Could you please sharpen these knives?,Peux-tu aiguiser ces couteaux s'il-te-plaît ?
Could you put this bag somewhere else?,Pourriez-vous mettre ce sac ailleurs ?
Could you put this bag somewhere else?,Pourriez-vous poser ce sac ailleurs ?
Could you put this bag somewhere else?,Pourrais-tu mettre ce sac ailleurs ?
Could you put this bag somewhere else?,Pourrais-tu poser ce sac ailleurs ?
Could you show me the way to the port?,Pouvez-vous m'indiquer le chemin du port ?
Could you speak as slowly as possible?,"Pourriez-vous, s'il vous plaît, parler le plus lentement possible ?"
Could you suggest an alternative date?,Pourriez-vous suggérer une autre date ?
Could you tell me the way to the port?,Pouvez-vous m'indiquer le chemin du port ?
"Could you turn down the music, please?","Pourrais-tu baisser la musique, s'il te plaît ?"
"Could you turn down the music, please?","Pourriez-vous baisser la musique, s'il vous plaît ?"
Dark clouds gathered over the horizon.,De sombres nuages s'assemblèrent à l'horizon.
Delivery is not included in the price.,La livraison n'est pas comprise dans le prix.
Did Tom tell you he's studying French?,Tom t'a-t-il dit qu'il apprenait le français ?
Did anyone visit me during my absence?,Est-ce que quelqu'un est venu durant mon absence ?
Did anyone visit me during my absence?,Quelqu'un est-il venu en mon absence ?
Did that hotel meet your expectations?,Cet hôtel s'est-il montré à la hauteur de vos attentes ?
Did you crash your car into something?,As-tu heurté quelque chose avec ta voiture ?
Did you crash your car into something?,Avez-vous heurté quelque chose avec votre voiture ?
Did you feel an earthquake last night?,As-tu senti un tremblement de terre la nuit dernière ?
Did you have a good time at the party?,Vous êtes-vous bien amusés à la fête ?
Did you know Tom didn't like swimming?,Savais-tu que Tom n'aimait pas nager ?
Did you read this morning's newspaper?,Avez-vous lu le journal ce matin ?
Did you read this morning's newspaper?,As-tu lu le journal de ce matin ?
Did you recognize any of those people?,Avez-vous reconnu la moindre de ces personnes ?
Did you recognize any of those people?,As-tu reconnu la moindre de ces personnes ?
Did you think that I'd forgotten that?,Pensiez-vous que j'avais oublié cela ?
Did you think that I'd forgotten that?,Pensais-tu que j'avais oublié ça ?
Didn't your parents give you anything?,N'as-tu reçu aucun cadeau de tes parents ?
Didn't your parents give you anything?,Tes parents ne t'ont-ils rien donné du tout ?
Didn't your parents teach you manners?,Vos parents ne vous ont-ils pas inculqué les bonnes manières ?
Didn't your parents teach you manners?,Tes parents ne t'ont-ils pas inculqué les bonnes manières ?
Do I have to attend the party tonight?,Dois-je être présent à la soirée de ce soir ?
Do slugs die if you pour salt on them?,Est-ce que les limaces meurent si tu leur verses du sel dessus ?
Do we really have to go home so early?,Faut-il vraiment que l'on rentre aussi tôt à la maison ?
Do you also have this in other colors?,Avez-vous cela également dans d'autres couleurs ?
Do you believe in love at first sight?,Crois-tu au coup de foudre ?
Do you believe in love at first sight?,Est-ce que tu crois au coup de foudre ?
Do you feel giving gifts is important?,Avez-vous le sentiment que remettre des présents est important ?
Do you feel giving gifts is important?,As-tu le sentiment que remettre des présents est important ?
Do you feel like going out for a walk?,Que dis-tu de sortir faire une promenade ?
Do you feel like going out for a walk?,Que dites-vous de sortir faire une promenade ?
Do you feel like going to the theater?,Avez-vous envie d'aller au théâtre?
Do you feel like having a bite to eat?,Ça te dirait de manger un morceau ?
Do you go to school on foot every day?,Vas-tu à l'école à pied tous les jours ?
Do you go to school on foot every day?,Vas-tu à l'école à pied tous les jours?
Do you guys want to read what I wrote?,"Voulez-vous lire ce que j'ai écrit, les mecs ?"
Do you have a book written in English?,As-tu un livre écrit en anglais ?
Do you have a crowbar in your toolbox?,As-tu un pied-de-biche dans ta caisse à outils ?
Do you have a crowbar in your toolbox?,Disposez-vous d'une pince-monseigneur dans votre caisse à outils ?
Do you have a flashlight I can borrow?,Peux-tu me prêter une lampe torche ?
Do you have any idea what you've done?,As-tu la moindre idée de ce que tu as fait ?
Do you have any idea what you've done?,Avez-vous la moindre idée de ce que vous avez fait ?
Do you have any plans for the weekend?,As-tu le moindre projet pour le week-end ?
Do you have any plans for the weekend?,Avez-vous le moindre projet pour le week-end ?
Do you have anything to do after that?,Avez-vous quelque chose à faire après ça ?
Do you have much snow in your country?,Y a-t-il beaucoup de neige dans votre pays ?
Do you keep all the promises you make?,Tenez-vous toutes les promesses que vous faites ?
Do you know how much that car cost me?,Savez-vous combien cette voiture m'a coûté ?
Do you know how much that car cost me?,Sais-tu combien cette voiture m'a coûté ?
Do you know how the accident happened?,Savez-vous comment l'accident est arrivé ?
Do you know of any inexpensive stores?,Est-ce que tu connais des magasins bon marché ?
Do you know what your kids are eating?,Savez-vous ce que vos enfants mangent ?
Do you know what your kids are eating?,Sais-tu ce que tes enfants mangent ?
Do you know what your kids are eating?,Savez-vous ce que vos enfants sont en train de manger ?
Do you know what your kids are eating?,Sais-tu ce que tes enfants sont en train de manger ?
Do you know which book sells well now?,Savez-vous quel livre se vend bien en ce moment ?
Do you know which book sells well now?,Sais-tu quel livre se vend bien en ce moment ?
Do you know who invented this machine?,Sais-tu qui a inventé cette machine ?
Do you know whose handwriting this is?,Savez-vous de quelle écriture il s'agit ?
Do you know why Tom doesn't like Mary?,Sais-tu pourquoi Tom n'aime pas Mary ?
Do you know why Tom doesn't like Mary?,Savez-vous pourquoi Tom n'aime pas Mary ?
Do you let your children drink coffee?,Laissez-vous vos enfants boire du café ?
Do you mind if I go back to sleep now?,Voyez-vous un inconvénient à ce que je retourne maintenant dormir ?
Do you mind if I go back to sleep now?,Vois-tu un inconvénient à ce que je retourne maintenant dormir ?
Do you mind if I watch TV for a while?,Voyez-vous un inconvénient à ce que je regarde un moment la télé ?
Do you need me to give you some money?,As-tu besoin que je te donne de l'argent ?
Do you need me to repeat the question?,Avez-vous besoin que je répète la question ?
Do you remember when you last saw Tom?,Vous souvenez-vous lorsque vous avez vu Tom pour la dernière fois?
Do you sometimes study in the library?,Étudies-tu parfois à la bibliothèque ?
Do you sometimes study in the library?,Étudiez-vous parfois à la bibliothèque ?
Do you think it'll be hard to do that?,Penses-tu que ce sera dur de faire ça ?
Do you think that's what we should do?,Pensez-vous que c'est ce que nous devrions faire ?
Do you think that's what we should do?,Tu penses que c'est ce qu'on devrait faire ?
Do you think this plan is unrealistic?,Pensez-vous que ce plan est irréaliste?
Do you think you and I are compatible?,Penses-tu que toi et moi soyons incompatibles ?
Do you think you and I are compatible?,Pensez-vous que vous et moi soyons incompatibles ?
Do you understand how serious this is?,Comprenez-vous à quel point ceci est sérieux ?
Do you understand how serious this is?,Comprends-tu à quel point c'est sérieux ?
Do you understand what I mean by that?,Comprends-tu ce que je veux dire par là ?
Do you understand what I mean by that?,Comprenez-vous ce que je veux dire par là ?
Do you understand what the problem is?,Comprends-tu quel est le problème ?
Do you want me to repeat the question?,Veux-tu que je répète la question ?
Do you want me to repeat the question?,Voulez-vous que je répète la question ?
Do you want me to turn off the lights?,Voulez-vous que j'éteigne les lumières ?
Do you want some sugar in your coffee?,Veux-tu du sucre dans ton café ?
Do you want some sugar in your coffee?,Voulez-vous du sucre dans votre café ?
Do you want to be an actor in a movie?,Veux-tu être un acteur dans un film ?
Do you want to be an actor in a movie?,Veux-tu être une actrice dans un film ?
Do you want to be an actor in a movie?,Voulez-vous être un acteur dans un film ?
Do you want to be an actor in a movie?,Voulez-vous être une actrice dans un film ?
Do you want to get out of here or not?,Est-ce que tu veux sortir d'ici ou non ?
Do you want to get out of here or not?,Voulez-vous sortir d'ici ou non ?
Do you want to go tell Tom about this?,Veux-tu aller en parler à Tom ?
Do you want to go tell Tom about this?,Voulez-vous aller en parler à Tom ?
Do you want to know why I lied to Tom?,Veux-tu savoir pourquoi j'ai menti à Tom ?
Do you want to know why I lied to Tom?,Voulez-vous savoir pourquoi j'ai menti à Tom ?
Do you want to see what else I've got?,Est-ce que tu veux voir ce que j'ai d'autre ?
Do you want to see what else I've got?,Voulez-vous voir ce que j'ai d'autre ?
Do you want to sit next to the window?,Veux-tu t'asseoir près de la fenêtre ?
Do you want to sit next to the window?,Voulez-vous vous asseoir près de la fenêtre ?
Do you want to watch this movie again?,Veux-tu regarder ce film à nouveau ?
Do you want to watch this movie again?,Voulez-vous regarder ce film à nouveau ?
Does anyone on your team speak French?,Est-ce que quelqu'un de votre équipe parle français ?
Does it hurt to get your ears pierced?,Est-ce que ça fait mal de se faire percer les oreilles ?
Does it snow a lot here in the winter?,Neige-t-il beaucoup ici en hiver ?
Does someone here know how to do this?,Quelqu'un ici sait-il comme le faire ?
Does someone here know how to do this?,Quelqu'un ici sait-il comme faire ceci ?
Don't call Tom at his home after 2:30.,N'appelez pas Tom chez lui après 2h30.
Don't call Tom at his home after 2:30.,N’appelle pas Tom chez lui après 14 h 30.
Don't crack a nut with a sledgehammer.,Ne casse pas une noix avec un marteau de forgeron.
Don't distract me while I am studying.,Ne me dérange pas quand j'étudie.
Don't ever talk to me like that again.,Ne me reparle plus jamais ainsi !
Don't ever talk to me like that again.,Ne me reparlez plus jamais ainsi !
Don't forget that Tom still loves you.,N'oublie pas Tom t'aime encore.
Don't forget that Tom still loves you.,N'oubliez pas que Tom vous aime toujours.
Don't forget to bring your student ID.,N'oubliez pas d'apporter votre carte d'étudiant.
Don't forget to drink plenty of water.,N'oubliez pas de boire beaucoup d'eau.
Don't forget to put on some sunscreen.,N'oublie pas de mettre de la crème solaire !
Don't forget to put on some sunscreen.,N'oubliez pas de mettre de la crème solaire !
Don't get off the train till it stops.,Ne descendez pas du train avant qu'il ne s'arrête.
Don't hesitate to call if you need me.,N'hésite pas à m'appeler si tu as besoin de moi.
Don't hesitate to call if you need me.,N'hésitez pas à m'appeler si vous avez besoin de moi.
Don't interrupt me while I am talking.,Ne m'interromps pas pendant que je parle !
Don't interrupt me while I'm speaking.,Ne m'interrompez pas pendant que je parle.
Don't interrupt me while I'm speaking.,Ne m'interromps pas tandis que je parle.
Don't judge a man by the way he looks.,Ne jugez pas un homme à son apparence.
"Don't just stand there, say something.",Ne reste pas planté là. Dis quelque chose !
"Don't just stand there, say something.",Ne reste pas plantée là. Dis quelque chose !
"Don't just stand there, say something.",Ne restez pas planté là. Dites quelque chose !
"Don't just stand there, say something.",Ne restez pas plantée là. Dites quelque chose !
"Don't just stand there, say something.",Ne restez pas plantées là. Dites quelque chose !
"Don't just stand there, say something.",Ne restez pas plantés là. Dites quelque chose !
Don't leave your glasses on the table.,Ne laisse pas tes lunettes sur la table !
Don't put all your eggs in one basket.,Ne mets pas tous tes œufs dans le même panier.
Don't put all your eggs in one basket.,Ne mettez pas tous vos œufs dans le même panier.
Don't put your head out of the window.,Ne passe pas ta tête par la fenêtre.
Don't rely too much on your guidebook.,Ne vous en remettez pas trop à votre guide.
Don't talk to him while he's studying.,Ne lui parlez pas tandis qu'il étudie.
Don't talk to him while he's studying.,Ne lui parle pas pendant qu'il étudie.
Don't tell me what I can and can't do.,Ne me dites pas ce que je peux ou ne peux faire.
Don't underestimate your own strength.,Ne sous-estimez pas votre propre force !
Don't underestimate your own strength.,Ne sous-estime pas ta propre force !
Don't wash your dirty linen in public.,Ne lave pas ton linge sale en public.
Don't worry. He knows what he's doing.,Ne t'en fais pas. Il sait ce qu'il fait.
Don't worry. He knows what he's doing.,Ne vous en faites pas. Il sait ce qu'il fait.
Don't you get bored when you're alone?,Tu ne t'ennuies pas quand tu es tout seul ?
Don't you get bored when you're alone?,"Ne vous ennuyez-vous pas, lorsque vous êtes seuls ?"
Don't you get bored when you're alone?,"Ne vous ennuyez-vous pas, lorsque vous êtes seules ?"
Don't you think I know my own brother?,Ne penses-tu pas que je connaisse mon propre frère ?
Don't you think I know my own brother?,Ne pensez-vous pas que je connaisse mon propre frère ?
Don't you think we'd better stay here?,Ne penses-tu pas que nous ferions mieux de rester ici ?
Don't you think we'd better stay here?,Ne pensez-vous pas que nous ferions mieux de rester ici ?
Don't you want to know why I did that?,Ne veux-tu pas savoir pourquoi j'ai fait ça ?
Don't you want to know why I did that?,Ne voulez-vous pas savoir pourquoi j'ai fait cela ?
Drinking and driving can be dangerous.,L'alcool au volant peut être dangereux.
Elephants were killed for their ivory.,Les éléphants furent tués pour leur ivoire.
Elephants were killed for their ivory.,Les éléphants ont été tués pour leur ivoire.
English is studied all over the world.,L'anglais est étudié partout dans le monde.
Even adults do a lot of stupid things.,Même les adultes font beaucoup de bêtises.
Everybody suddenly burst out laughing.,Tout le monde éclata soudainement de rire.
Everyone has strengths and weaknesses.,Tout le monde a ses forces et ses faiblesses.
Everyone is waiting in the other room.,Tout le monde attend dans la pièce d'à côté.
Everyone is waiting in the other room.,Tout le monde attend dans l'autre pièce.
Everyone suddenly burst into laughter.,Tout le monde éclata soudain de rire.
Everyone thinks they're above average.,Tout le monde croit qu'il est au-dessus de la moyenne.
Everyone was friendly to the new girl.,Tout le monde était gentil avec la nouvelle fille.
"Everything I said applies to you, too.",Tout ce que j'ai dit s'applique à toi aussi.
Everything Tom did was groundbreaking.,Tout ce que Tom faisait était révolutionnaire.
Exams are right after summer vacation.,Les examens ont lieu juste après les congés d'été.
Exams are right after summer vacation.,Les examens se tiennent juste après les vacances d'été.
"Excuse me, can I have a word with you?","Excusez-moi, puis-je vous dire un mot ?"
"Excuse me, can I have a word with you?","Excuse-moi, puis-je te dire un mot ?"
Farmers are busy working in the field.,Les agriculteurs sont occupés dans les champs.
Father seldom comes home before eight.,Mon père rentre rarement à la maison avant huit heures.
Finding an apartment can be difficult.,Trouver un appartement peut s'avérer difficile.
Follow me and I will show you the way.,Suis-moi et je te montrerai le chemin.
Four is an unlucky number in Japanese.,Quatre est un nombre porte malheur au Japon.
French is a very interesting language.,Le français est une langue très intéressante.
"From here on out, it's smooth sailing.","À partir d'ici, ça baigne."
"From now on, I will not use that word.","À partir de maintenant, je n'utiliserai plus ce mot."
"From tomorrow on, I'll get up earlier.",À partir de demain je me lèverai plus tôt.
Give me something I can cut this with.,Donne-moi quelque chose avec lequel je peux couper ceci.
Give me something I can cut this with.,Donnez-moi quelque chose avec lequel je peux couper ceci.
Glaciers around the world are melting.,Les glaciers fondent tout autour du monde.
Go play outside. It's a beautiful day.,Va jouer dehors. C'est une belle journée.
Go somewhere else. I want to be alone.,Va ailleurs. J'ai envie d'être seul.
Go somewhere else. I want to be alone.,Allez ailleurs. J'ai envie d'être seule.
Guacamole is a dip made from avocados.,La guacamole est une purée à base d'avocats.
Guess who's coming for dinner tonight.,Devine qui vient dîner ce soir ?
Have you already forgotten everything?,Avez-vous déjà tout oublié ?
Have you and Tom ever worked together?,"Est-ce que toi et Tom, vous avez déjà travaillé ensemble?"
Have you ever done any volunteer work?,Avez-vous jamais effectué un travail volontaire ?
Have you ever done any volunteer work?,As-tu jamais effectué un travail volontaire ?
Have you ever given money to a beggar?,Avez-vous jamais donné de l'argent à un mendiant ?
Have you ever given money to a beggar?,As-tu jamais donné de l'argent à un mendiant ?
Have you ever had any serious illness?,Avez-vous déjà eu une maladie grave ?
Have you ever heard her sing on stage?,L'as-tu jamais entendue chanter sur scène ?
Have you ever heard her sing on stage?,L'avez-vous jamais entendue chanter sur scène ?
Have you ever known me to be mistaken?,M'as-tu déjà vu me tromper ?
Have you ever known me to be mistaken?,M'avez-vous déjà vu me tromper ?
Have you ever read Gulliver's Travels?,"As-tu lu ""Les voyages de Gulliver"" ?"
Have you ever seen anything like that?,Avez-vous déjà vu quelque chose comme cela ?
Have you ever seen anything like that?,As-tu déjà vu quelque chose comme ça ?
Have you ever spoken to Tom in French?,As-tu déjà parlé à Tom en français ?
Have you ever tasted such a good soup?,Avez-vous jamais goûté une si bonne soupe ?
Have you seen Tom try to start a fire?,Avez-vous vu Tom essayer d'allumer un feu ?
Have you started reading the book yet?,Avez-vous déjà commencé à lire ce livre ?
Have you tried using a dating website?,As-tu essayé d'utiliser un site de rencontre ?
Hazelnuts are harvested in mid-autumn.,Les noisettes sont récoltées à la mi-automne.
He acknowledged me by lifting his hat.,Il me reconnut en ôtant son chapeau.
He added a little sugar to the coffee.,Il a ajouté un peu de sucre dans le café.
He added a little sugar to the coffee.,Il ajouta un peu de sucre dans le café.
He advanced his departure by two days.,Il avança son départ de deux jours.
"He always looked happy, but never was.",Il avait tout le temps l'air heureux mais ne l'était jamais.
He always makes cynical remarks to me.,Il me fait toujours des remarques cyniques.
He always sings while taking a shower.,Il chante toujours sous la douche.
He always wants to have the last word.,Il veut toujours avoir le dernier mot.
He apologized for having offended her.,Il la pria de l'excuser de l'avoir offensée.
He asked his teacher stupid questions.,Il posa des questions stupides à son professeur.
He asked me if I could do him a favor.,Il me demanda si je pouvais lui faire une faveur.
He asked me to go to a movie with him.,Il me demanda d'aller voir un film avec lui.
He asked me to go to a movie with him.,Il m'a demandé d'aller voir un film avec lui.
He asked me whether anybody was there.,Il m'a demandé s'il y avait quelqu'un ici.
He assumed full responsibility for it.,Il assuma entièrement sa responsabilité pour ça.
He attaches importance to this matter.,Il accorde de l'importance à cette affaire.
He attributed his failure to bad luck.,Il mit son échec sur le compte de la déveine.
He attributes his poverty to bad luck.,Il attribue sa pauvreté à la malchance.
He became brave in the face of danger.,Il est devenu courageux face au danger.
He became famous throughout the world.,Il est devenu célèbre dans le monde entier.
He came at 3 o'clock in the afternoon.,Il est venu à trois heures de l'après-midi.
He came back at about nine last night.,Il est rentré vers neuf heures la nuit dernière.
He came to see me yesterday afternoon.,Il est venu me voir hier après-midi.
He can imitate the rest of the family.,Il peut imiter les autres membres de la famille.
He caught the ball with his left hand.,Il a attrapé la balle avec sa main gauche.
He claimed to be an expert in finance.,Il prétendait être un expert en finances.
He committed suicide by taking poison.,Il s'est suicidé en prenant du poison.
He committed suicide by taking poison.,Il se suicida en prenant du poison.
He committed suicide by taking poison.,Il s'est suicidé en ingérant du poison.
He committed suicide by taking poison.,Il s'est suicidé par ingestion de poison.
He constantly criticizes other people.,Il est toujours en train de critiquer les autres.
He cried out for help in a loud voice.,Il cria à l'aide à haute voix.
He cut some branches off the oak tree.,Il a coupé quelques branches du chêne.
He dedicated his life to medical work.,Il a consacré sa vie à la médecine.
He did a real snow job on my daughter.,Il a réussi à faire croire à ma fille que son histoire était plausible.
He did a real snow job on my daughter.,Il a vraiment fait gober son baratin à ma fille.
He did his best never to think of her.,Il a fait de son mieux pour ne plus penser à elle.
He did his best never to think of her.,Il fit de son mieux pour ne plus penser à elle.
He did his best to carry out the plan.,Il fit de son mieux pour exécuter le plan.
He did not repeat the truth to anyone.,Il ne répéta la vérité à personne.
He did nothing but lie in bed all day.,Il n'a rien fait à part rester au lit toute la journée.
He didn't know how to express himself.,Il ne savait pas comment s'exprimer.
He didn't want to part with his house.,Il ne voulait pas se séparer de sa maison.
He discussed the problem with his son.,Il discuta du problème avec son fils.
He does not take care of his children.,Il ne s'occupe pas de ses enfants.
He does twenty push-ups every morning.,Il fait vingt pompes tous les matins.
He doesn't know what it is to be poor.,Il ne sait pas ce que c'est d'être pauvre.
He doesn't know what it is to be poor.,Il ne sait pas ce que c'est qu'être pauvre.
He doesn't like being told what to do.,Il n'aime pas qu'on lui dise quoi faire.
He doesn't want to play with his toys.,Il ne veut pas jouer avec ses jouets.
He drinks his coffee black every time.,Il boit tout le temps son café noir.
He earns more money than he can spend.,Il gagne plus d'argent qu'il ne peut en dépenser.
He earns more money than he can spend.,Il gagne davantage d'argent qu'il ne peut en dépenser.
He emphasized the importance of peace.,Il insista sur l'importance de la paix.
He fainted in the midst of his speech.,Il s'est évanoui au milieu de son discours.
"He fell for it hook, line, and sinker.",Il a tout gobé.
"He fell for it hook, line, and sinker.",Il a tout avalé.
"He fell for it hook, line, and sinker.","Il a tout avalé : l'hameçon, la canne et le plomb."
He felt in his pocket for his lighter.,Il chercha à tâtons son briquet dans sa poche.
He forgot to come to see me yesterday.,Il a oublié de venir me voir hier.
He frowns on his wife's wasting money.,Il n'aime pas voir sa femme gaspiller de l'argent.
He frowns on his wife's wasting money.,Il voit d'un mauvais œil le gaspillage d'argent par sa femme.
He gave away all his money to charity.,Il donna tout son argent aux œuvres.
He gave away all his money to charity.,Il donna tout son argent aux œuvres de charité.
He gave his children a good education.,Il a donné une bonne éducation à ses enfants.
"He gave me some bread, also some milk.",Il m'a donné du pain et du lait.
He gave me what money he had with him.,Il me donna tout l'argent qu'il avait sur lui.
He gets a haircut three times a month.,Il se fait couper les cheveux trois fois par mois.
He got hooked on drugs at a young age.,Il est devenu toxico-dépendant à un jeune âge.
He got hooked on drugs at a young age.,Il est devenu accro aux drogues à un jeune âge.
He got lost on his way to the village.,Il se perdit sur le chemin du village.
He got the first prize in the contest.,Il gagna le premier prix de la compétition.
He had a queer expression on his face.,Il faisait une drôle de tête.
He had his arm broken during the game.,Il s'est cassé le bras pendant le jeu.
He had his pocket picked in the crowd.,On lui a fait la poche au milieu de la foule.
He had one of his socks on inside out.,Il porte une de ses chaussettes à l'envers.
He handed the letter to the secretary.,Il tendit la lettre à la secrétaire.
He has a big restaurant near the lake.,Il a un grand restaurant près du lac.
He has a good record as a businessman.,Il a bonne réputation comme homme d'affaire.
He has a large basket full of flowers.,Il a un grand panier rempli de fleurs.
He has a large desk in his small room.,Il a un grand bureau dans sa petite pièce.
He has a scraggly beard and a bum leg.,Il a une barbe clairsemée et une patte folle.
He has access to the American Embassy.,Il a accès à l'ambassade américaine.
He has access to the American Embassy.,Il a accès à l'ambassade étatsunienne.
He has been secretly in love with her.,Il l'a aimé secrètement.
He has been secretly in love with her.,Il a été secrètement amoureux d'elle.
He has built up an excellent business.,Il a bâti une très bonne affaire.
He has to have an operation next week.,Il doit subir une opération la semaine prochaine.
He impressed me with his magic tricks.,Il m'a impressionné avec ses tours de magie.
He is a critic rather than a novelist.,Il est critique plutôt que romancier.
He is a professor of English at Leeds.,Il est professeur d'anglais à Leeds.
He is confronted by many difficulties.,Il est confronté à de nombreuses difficultés.
He is experienced in valuing antiques.,Il est expérimenté dans l'évaluation d'antiquités.
He is fatter than when I last saw him.,Il est plus gros que la dernière fois que je l'ai vu.
He is holding his books under his arm.,Il porte ses livres sous son bras.
He is in excellent physical condition.,Il est en excellente condition physique.
He is my friend. Do you guys know him?,"C'est mon pote. Vous le connaissez, les mecs ?"
He is often confused with his brother.,On le confond souvent avec son frère.
He is planning to launch his business.,Il projette de lancer son entreprise.
He is qualified as an English teacher.,Il est compétent en tant qu'enseignant d'anglais.
He is quite satisfied with his income.,Il est tout à fait satisfait de ses revenus.
He is rich enough to buy the painting.,Il est assez riche pour acheter la peinture.
He is the fastest runner in our class.,Il est le coureur le plus rapide de la classe.
He is the last man to do such a thing.,C'est le dernier homme à faire une chose pareille.
He is well read in English literature.,Il est calé en littérature anglaise.
He is working in the field of biology.,Il travaille dans le domaine de la biologie.
He jumped from one subject to another.,Il est passé du coq à l'âne.
He left everything to her in his will.,Il lui a tout laissé dans son testament.
He lives in a small village in Kyushu.,Il vit dans un petit village sur l'île de Kyushu.
He lost a fortune in the stock market.,Il perdit une fortune sur le marché des titres mobiliers.
He lost a fortune in the stock market.,Il perdit une fortune sur le marché des valeurs mobilières.
He lost a fortune in the stock market.,Il perdit une fortune sur le marché des actions.
He lost his eyesight in that accident.,Il perdit la vue dans cet accident.
He made up his mind to go there alone.,Il était résolu à y aller seul.
He managed to escape through a window.,Il s'est arrangé pour s'échapper par la fenêtre.
He managed to escape through a window.,Il s'arrangea pour s'échapper par la fenêtre.
He managed to escape through a window.,Il s'est débrouillé pour s'échapper par la fenêtre.
He managed to escape through a window.,Il se débrouilla pour s'échapper par la fenêtre.
He married his daughter to a rich man.,Il a marié sa fille à un homme riche.
He married his high school sweetheart.,Il a épousé son amour de lycée.
He never pays attention to what I say.,Il ne prête jamais attention à ce que je dis.
He objected to my going out yesterday.,Il a désapprouvé que je sorte hier.
He often sits up late writing letters.,"Il reste souvent assis, tard, à écrire des lettres."
He often travels to foreign countries.,Il voyage souvent à l'étranger.
He often travels to foreign countries.,Il voyage souvent dans des pays étrangers.
He owes his success only to good luck.,Il ne doit son succès qu'à la bonne fortune.
He parked his car behind the building.,Il gara sa voiture derrière le bâtiment.
He preferred working to doing nothing.,Il a préféré travailler plutôt que de ne rien faire.
He pretends that he's a stranger here.,Il prétend ne pas être du coin.
He pushed his nose against the window.,Il mit son nez à la fenêtre.
He put on his coat and left the house.,Il a mis son manteau et a quitté la maison.
He ran away when he saw the policeman.,Il s'enfuit lorsqu'il vit le policier.
He ran away when he saw the policeman.,Il s'est enfui lorsqu'il a vu le policier.
He ran the risk of having an accident.,Il courut le risque d'avoir un accident.
"He said nothing, which made her angry.","Il ne dit rien, ce qui la mit en colère."
He seemed disappointed at the results.,Il avait l'air déçu des résultats.
He seemed to know everything about me.,Il semblait qu'il connaissait tout de moi.
He showed me his collection of stamps.,Il m'a montré sa collection de timbres-poste.
He showed me his collection of stamps.,Il me montra sa collection de timbres.
He spoke too quickly for the students.,Il parlait trop vite pour les élèves.
He stayed at my place for three weeks.,Il est resté chez moi durant trois semaines.
He stayed in New York for three weeks.,Il est resté à New York trois semaines.
He still comes to see me now and then.,Il vient toujours me voir de temps en temps.
He studies ten hours a day on average.,Il étudie en moyenne dix heures par jour.
He talks as though he knew everything.,Il parle comme s'il connaissait tout.
"He threatened me, but I wasn't scared.","Il m'a menacé, mais je n'ai pas eu peur."
"He threatened me, but I wasn't scared.","Il m'a menacée, mais je n'ai pas eu peur."
"He threatened me, but I wasn't scared.","Il me menaça, mais je n'eus pas peur."
He told me that his house was haunted.,Il m'a dit que sa maison était hantée.
He took up gardening after he retired.,Il a commencé le jardinage après avoir pris sa retraite.
He transferred to the office in Chiba.,Il a été muté au bureau de Chiba.
He traveled to Hawaii with the family.,Il a voyagé à Hawaii avec sa famille.
He tried in vain to solve the problem.,Il a tenté en vain de résoudre le problème.
He turned pale the instant he saw her.,Il est devenu pâle à l'instant où il l'a vu.
He usually fed his dog cheap dog food.,Il nourrit généralement son chien avec de la nourriture pour chien bon marché.
He usually fed his dog cheap dog food.,"Il donnait d'ordinaire à manger à son chien, de la nourriture pour chien bon marché."
He wanted the cab driver to turn left.,Il voulait que le chauffeur de taxi tourne à gauche.
He wants to be a doctor in the future.,Il veut être docteur plus tard.
He was absolved of all responsibility.,Il fut absout de toute responsabilité.
He was angry because of what she said.,Il était en colère à cause de ce qu'elle avait dit.
He was given a gold watch as a reward.,On lui a donné une montre en or en récompense.
He was given the benefit of the doubt.,On lui a accordé le bénéfice du doute.
He was involved in a traffic accident.,Il a été impliqué dans un accident de circulation.
He was killed in an airplane accident.,Il fut tué dans un accident d'avion.
He was kind enough to show me the way.,Il fut assez aimable pour m'indiquer le chemin.
He was listening to music in his room.,Il écoutait de la musique dans sa chambre.
He was made to do it against his will.,Il a été forcé de le faire contre son gré.
He was sent abroad as a correspondent.,Il a été envoyé à l'étranger en tant que correspondant.
He was sentenced to community service.,Il a été condamné à une peine de travail d'intérêt général.
He was so sad that he almost went mad.,Il était si triste qu'il en est presque devenu fou.
He was too proud to accept any reward.,Il est trop fier pour accepter une récompense.
He was too short to get at the grapes.,Il était trop petit pour atteindre les raisins.
He was walking slowly down the street.,Il descendait lentement la rue.
He went to the airport to see her off.,Il est allé à l'aéroport pour lui faire ses adieux.
He will arrive by eight at the latest.,Il arrivera pour huit heures au plus tard.
He woke up in the middle of the night.,Il se réveilla au milieu de la nuit.
He wouldn't allow me to drive his car.,Il ne me permettrait pas de conduire sa voiture.
He writes to his parents once a month.,Il écrit à ses parents une fois par mois.
He'll do anything to score some drugs.,Il ferait n'importe quoi pour se procurer de la drogue.
He'll know the secret sooner or later.,Il découvrira le secret tôt ou tard.
He'll run out of luck sooner or later.,"La chance arrêtera de lui sourire, tôt ou tard."
He's a famous popular singer in Japan.,C'est un célèbre chanteur populaire au Japon.
He's a leading authority in his field.,C'est une pointure dans son domaine.
He's a leading authority in his field.,C'est une sommité dans son domaine.
He's a student of Japanese literature.,Il est étudiant en littérature japonaise.
"He's a young, impressionable teenager.",C'est un jeune adolescent impressionnable.
He's about to finish reading the book.,Il est sur le point de terminer la lecture de l'ouvrage.
He's been passing off my ideas as his.,Il a fait passer mes idées pour les siennes.
He's going to show them the documents.,Il va leur montrer les documents.
He's got an uncle who works in a bank.,Il a un oncle qui travaille dans une banque.
He's not allowed to leave the country.,Il n'est pas autorisé à quitter le pays.
He's old enough to be her grandfather.,Il est assez vieux pour être son grand-père.
He's sleeping off last night's bender.,Il dort pour se remettre de la beuverie de la nuit dernière.
He's totally dependent on his parents.,Il dépend totalement de ses parents.
"Helen Keller was blind, deaf and dumb.","Helen Keller était aveugle, sourde et muette."
"Helen Keller was blind, deaf and mute.","Helen Keller était aveugle, sourde et muette."
Help me hang this picture on the wall.,Aide-moi à accrocher cette photo au mur.
Her laughter echoed through the house.,Son rire résonna à travers la maison.
Her one wish was to see her son again.,Son seul désir était de revoir son fils une fois de plus.
Her reputation was hurt a lot by this.,Sa réputation en a été gravement entachée.
Her sudden departure surprised us all.,Son départ soudain nous a tous surpris.
Her words were like those of an angel.,Ses mots étaient pareils à ceux d'un ange.
His accent suggests he is a foreigner.,Son accent laisse penser qu'il est étranger.
His accent suggests he is a foreigner.,Son accent suggère qu'il est étranger.
His ancestors went there from Ireland.,Ses ancêtres sont venus d'Irlande.
His anger towards me has not softened.,Sa colère contre moi ne s'est pas calmée.
His brave action is worthy of a medal.,Il mérite une médaille pour son acte de bravoure.
His brother is a famous soccer player.,Son frère est un joueur de foot célèbre.
His car broke down on the way to work.,Sa voiture est tombée en panne en allant au travail.
His chances of being elected are good.,Il a de bonnes chances d'être élu.
His company didn't survive the crisis.,Son entreprise ne survécut pas à la crise.
His company didn't survive the crisis.,Son entreprise n'a pas survécu à la crise.
His failure has nothing to do with me.,Son échec n'a rien à voir avec moi.
His ideas are based on his experience.,Sa manière de penser se base sur son expérience.
His parents approve of the engagement.,Ses parents approuvent les fiançailles.
His parents go to church every Sunday.,Ses parents vont à l'église tous les dimanches.
His poems are difficult to understand.,Ses poèmes sont difficiles à comprendre.
His secretary seems to know the truth.,Sa secrétaire semble savoir la vérité.
His secretary seems to know the truth.,Son secrétaire semble connaître la vérité.
His soldiers feared and respected him.,Ses soldats le craignaient et le respectaient.
His story was published in a magazine.,Son histoire fut publiée dans un magazine.
His story was published in a magazine.,Son histoire a été publiée dans un magazine.
His teacher should be strict with him.,Son professeur devrait être strict avec lui.
His theory is difficult to understand.,Sa théorie est difficile à comprendre.
Honesty is not always the best policy.,L'honnêteté n'est pas toujours la meilleure politique.
"Hopefully, it won't rain this evening.",Espérons qu'il ne pleuvra pas ce soir.
How about playing golf this afternoon?,Que diriez-vous de jouer au golf cet après-midi ?
How are the negotiations coming along?,"Alors, ces négociations, ça avance ?"
How are you? Did you have a good trip?,Comment vas-tu ? As-tu fait un bon voyage ?
How are you? Did you have a good trip?,Comment allez-vous ? Avez-vous fait bon voyage ?
How are you? Did you have a good trip?,Comment vas-tu ? As-tu fait bon voyage ?
How can I prevent this from happening?,Comment puis-je prévenir que ça ne survienne ?
How can I prevent this from happening?,Comment puis-je en prévenir l'occurrence ?
How come you didn't come to the party?,Comment se fait-il que tu n'es pas venu à la fête ?
How come you didn't come to the party?,Comment se fait-il que tu n'es pas venue à la fête ?
How come you didn't come to the party?,Comment se fait-il que vous n'êtes pas venu à la fête ?
How come you didn't come to the party?,Comment se fait-il que vous n'êtes pas venue à la fête ?
How come you didn't come to the party?,Comment se fait-il que vous n'êtes pas venus à la fête ?
How come you didn't come to the party?,Comment se fait-il que vous n'êtes pas venues à la fête ?
How come you don't know your own name?,Comment se fait-il que vous ne connaissiez pas votre propre nom ?
How could you not give me the message?,Comment as-tu pu t'abstenir de me remettre le message ?
How could you not give me the message?,Comment avez-vous pu vous abstenir de me remettre le message ?
How could you say something like that?,Comment as-tu pu dire quelque chose comme ça ?
How could you say something like that?,Comment avez-vous pu dire quelque chose comme ça ?
How dare you say such things about me!,Comment oses-tu raconter de telles choses sur moi !
How dare you speak to me in that tone!,Comment oses-tu me parler sur ce ton ?
How dare you talk to my son like that!,Comment oses-tu parler à mon fils de cette façon !
How dare you treat me like a criminal!,Comment oses-tu me traiter comme un criminel !
How did you arrive at this conclusion?,Comment es-tu parvenu à cette conclusion ?
How did you get a naked picture of me?,Comment t'es-tu procuré une photo de moi à poil ?
How did you get a naked picture of me?,Comment t'es-tu procurée une photo de moi à poil ?
How did you get a naked picture of me?,Comment vous êtes-vous procuré une photo de moi à poil ?
How did you get a naked picture of me?,Comment vous êtes-vous procurée une photo de moi à poil ?
How did you get a naked picture of me?,Comment vous êtes-vous procurés une photo de moi à poil ?
How did you get a naked picture of me?,Comment vous êtes-vous procurées une photo de moi à poil ?
How did you manage to get Tom to help?,Comment as-tu convaincu Tom de nous aider ?
How do you usually decide what to eat?,Comment décidez-vous habituellement quoi manger ?
How do you usually decide what to eat?,Comment décides-tu habituellement quoi manger ?
How does your opinion differ from his?,En quoi ton opinion diffère-t-elle de la sienne ?
How does your opinion differ from his?,En quoi votre opinion diffère-t-elle de la sienne ?
How far is it from New York to London?,Quelle distance y a-t-il entre New York et Londres ?
How far is it from here to the museum?,Quelle distance y a-t-il entre ici et le musée ?
How long have you been waiting for me?,Combien de temps m'avez-vous attendu ?
How long is he going to stay in Japan?,Combien de temps va-t-il rester au Japon ?
How long will this cold weather go on?,Combien de temps va durer ce froid ?
How many aunts and uncles do you have?,Combien d'oncles et de tantes as-tu ?
How many aunts and uncles do you have?,Combien d'oncles et de tantes avez-vous ?
How many books are there on the table?,Combien de livres y a-t-il sur la table ?
How many boys are there in this class?,Combien y a-t-il de garçons dans la classe ?
How many boys are there in your class?,Combien y a-t-il de garçons dans votre classe ?
How many eggs could you get yesterday?,Combien d’œufs as-tu pu récolter hier ?
How many hot dogs have you sold today?,Combien de hot dogs as-tu vendus aujourd'hui?
How many hours did you work this week?,Combien d'heures as-tu travaillé cette semaine ?
How many hours did you work this week?,Combien d'heures avez-vous travaillé cette semaine ?
How many other people know about this?,Combien d'autres personnes en sont-elles au fait ?
How many people are likely to show up?,Combien de gens sont susceptibles de venir ?
How many people are on board the ship?,Combien y a-t-il de personnes à bord du navire ?
How many people were aboard that ship?,Combien de personnes se trouvaient-elles à bord de ce bateau ?
How many times a week do you eat rice?,Combien de fois par semaine mangez-vous du riz ?
How many times do I need to repeat it?,Combien de fois faut-il que je le répète ?
How much is the annual membership fee?,Que coûte la cotisation annuelle ?
How much is the annual membership fee?,Combien coûte la cotisation annuelle ?
How much money did you spend in total?,Combien d'argent as-tu dépensé au total ?
How much money did you spend in total?,Combien d'argent avez-vous dépensé au total ?
How old is the oldest person you know?,Quel âge a la plus vieille personne que vous connaissez ?
How old is the oldest person you know?,Quel âge a la plus vieille personne que tu connais ?
How old were you when you got married?,Quel âge avais-tu quand tu t'es marié ?
How old were you when you got married?,Quel âge avais-tu quand tu t'es mariée ?
How old were you when you got married?,Quel âge aviez-vous quand vous vous êtes marié ?
How old were you when you got married?,Quel âge aviez-vous quand vous vous êtes mariée ?
How old were you when you got married?,Quel âge aviez-vous quand vous vous êtes mariés ?
How would you translate this sentence?,Comment traduiriez-vous cette phrase ?
How would you translate this sentence?,Comment traduirais-tu cette phrase-ci ?
"Hurry up! If you don't, we'll be late.",Dépêchons-nous ! Nous allons être en retard.
I actually haven't been to Boston yet.,Je n'ai en fait pas encore été à Boston.
I added Tom's family name to the list.,J'ai ajouté le nom de famille de Tom à la liste.
I advise you to listen to your doctor.,Je te conseille d'écouter ton médecin.
I agree with everything you just said.,Je suis d'accord avec tout ce que vous venez de dire.
I agree with everything you just said.,Je suis d'accord avec tout ce que tu viens de dire.
I already have plans for this weekend.,J'ai déjà des projets pour ce week-end.
I always got up early in my childhood.,Je me levais toujours tôt dans mon enfance.
I always had trouble earning a living.,J'ai toujours eu du mal à gagner ma vie.
I always thought Tom would outlive me.,J'ai toujours pensé que Tom me survivrait.
I always wondered what that noise was.,Je me suis toujours demandé ce qu'était ce bruit.
I am afraid you have the wrong number.,J'ai bien peur que vous n'ayez un mauvais numéro.
I am afraid you have the wrong number.,J'ai peur que vous ayez le mauvais numéro.
I am busy preparing for the next exam.,Je suis occupé à la préparation du prochain examen.
I am free till 6 o'clock this evening.,Je suis libre jusqu'à 6 heures ce soir.
I am glad that you have returned safe.,Je suis ravi que vous soyez revenu sain et sauf.
I am glad that you have returned safe.,Je suis heureux que tu sois revenu sain et sauf.
I am going to go to America next year.,Je vais aller en Amérique l'année prochaine.
I am going to work in Osaka next year.,Je vais travailler à Osaka l'année prochaine.
I am going to write a letter tomorrow.,Je vais écrire une lettre demain.
I am of the opinion that she is right.,"Selon moi, elle a raison."
I am sorry that my friend is not here.,Je suis désolé que mon ami ne soit pas là.
I am sure of winning the tennis match.,Je suis sûre de remporter le match de tennis.
I am uncomfortable in these new shoes.,Ces nouvelles chaussures sont inconfortables.
I am uncomfortable in these new shoes.,Je ne me sens pas à l'aise dans ces nouvelles chaussures.
I am used to staying up late at night.,Je suis habitué à veiller tard le soir.
I am very interested in these stories.,Je suis très intéressé par des histoires.
I am well acquainted with the subject.,Je connais bien le sujet.
I am worried about my mother's health.,Je suis inquiet pour la santé de ma mère.
I am worried about my mother's health.,Je me fais du souci pour la santé de ma mère.
I am worried about my mother's health.,Je me fais du souci au sujet de la santé de ma mère.
I apologize for the delay in replying.,Je présente mes excuses pour le délai de réponse.
I arrived safe and sound this morning.,Je suis arrivé en parfaite santé ce matin.
I arrived safe and sound this morning.,Je suis arrivée saine et sauve ce matin.
I arrived too late to hear his speech.,Je suis arrivé trop tard pour entendre son discours.
I asked her to pick me up around four.,Je lui ai demandé de me prendre vers quatre heures.
I asked him where I could park my car.,Je lui ai demandé où je pourrais garer ma voiture.
I asked my mother what to bring there.,J'ai demandé à ma mère ce que je devais apporter là-bas.
I assume that no one knows the answer.,Je suppose que personne ne connaît la réponse.
I ate a hamburger and ordered another.,J'ai mangé un hamburger et j'en ai commandé encore un.
I bet that he'll accept your proposal.,Je parie qu'il acceptera ta proposition.
I bet that he'll accept your proposal.,Je parie qu'il acceptera votre suggestion.
I bet you're wondering how this works.,Je parie que vous vous demandez comment ça fonctionne.
I bet you're wondering how this works.,Je parie que vous vous demandez comment ça marche.
I bet you're wondering how this works.,Je parie que tu te demandes comment ça fonctionne.
I bet you're wondering how this works.,Je parie que tu te demandes comment ça marche.
I borrowed the book from this library.,J'ai emprunté le livre à cette bibliothèque.
I borrowed this comic from his sister.,J'ai emprunté cette bande dessinée à sa sœur.
I bought a few eggs and a little milk.,J'ai acheté quelques œufs et un peu de lait.
I bought her a nice Christmas present.,Je lui ai acheté un beau cadeau de Noël.
I bought it with my hard-earned money.,Je l'ai acquis avec mon argent durement gagné.
I broke a glass when I did the dishes.,J'ai cassé un verre en faisant la vaisselle.
I called and pretended that I was Tom.,"J'ai téléphoné, en prétendant être Tom."
I called my neighbors over for dinner.,J'ai invité mes voisins à diner.
I can be persuasive when I want to be.,Je peux être convaincant quand je le veux.
I can do this with you or without you.,Je peux le faire avec ou sans toi.
I can do this with you or without you.,Je peux le faire avec ou sans vous.
I can hardly imagine him going abroad.,J'arrive difficilement à l'imaginer en train de se rendre à l'étranger.
I can lend you some money if you like.,"Je peux te prêter un peu d'argent, si tu veux."
I can lend you some money if you like.,"Je peux vous avancer un peu d'argent, si vous voulez."
I can no longer find the Vivendi file.,Je ne retrouve plus le dossier Vivendi.
I can often hear my neighbors arguing.,J'entends souvent mes voisins se disputer.
I can't afford to buy that this month.,Je ne peux pas me le payer ce mois-ci.
I can't agree with you on this matter.,Sur ce point je ne peux pas être d'accord avec vous.
I can't agree with you on this matter.,Je ne peux pas être d'accord avec vous sur ce sujet.
I can't be bothered to go out tonight.,Je n'ai pas envie de sortir ce soir.
I can't bear to see animals suffering.,Je ne supporte pas de voir des animaux souffrir.
I can't bear to see him cry like that.,Je ne peux pas supporter de le voir pleurer comme cela.
I can't believe I ate the whole thing.,Je n'arrive pas à croire que j'ai tout mangé.
I can't believe I'm agreeing with you.,Je n'arrive pas à croire que je sois d'accord avec toi.
I can't believe I'm agreeing with you.,Je n'arrive pas à croire que je sois d'accord avec vous.
I can't believe I'm agreeing with you.,Je ne peux pas croire que je sois d'accord avec toi.
I can't believe I'm agreeing with you.,Je ne peux pas croire que je sois d'accord avec vous.
I can't believe I'm not getting fired.,Je n'arrive pas à croire que je ne me fasse pas virer.
I can't believe how beautiful you are.,Je n'arrive pas à croire combien tu es belle.
I can't believe how beautiful you are.,Je n'arrive pas à croire combien vous êtes belle.
I can't believe how beautiful you are.,Je n'arrive pas à croire combien vous êtes belles.
I can't believe that that just worked.,Je n'arrive pas à croire que ça vienne de fonctionner.
I can't believe this is all happening.,Je n'arrive pas à croire que tout ceci arrive.
I can't believe this is all happening.,Je n'arrive pas à croire que tout ceci survienne.
I can't believe you actually did that.,Je n'arrive pas à croire que tu aies vraiment fait cela.
I can't believe you actually did that.,Je n'arrive pas à croire que vous ayez vraiment fait cela.
I can't believe you actually did that.,Je n'arrive pas à croire que tu l'aies vraiment fait.
I can't believe you actually did that.,Je n'arrive pas à croire que vous l'ayez vraiment fait.
I can't disclose that information yet.,Je ne peux pas encore dévoiler cette information.
I can't do it alone. I need your help.,Je ne peux le faire seul. J'ai besoin de ton aide.
I can't do it alone. I need your help.,Je ne peux le faire seule. J'ai besoin de ton aide.
I can't do it alone. I need your help.,Je ne peux le faire seul. J'ai besoin de votre aide.
I can't do it alone. I need your help.,Je ne peux le faire seule. J'ai besoin de votre aide.
I can't do it without somebody's help.,Je ne parviens pas à le faire sans l'aide de quelqu'un.
I can't do it without somebody's help.,Je n'arrive pas à le faire sans l'aide de quelqu'un.
I can't do it without somebody's help.,Je ne peux pas le faire sans l'aide de quelqu'un.
I can't eat spicy food like I used to.,Je ne peux plus manger épicé comme avant.
I can't even afford to buy a used car.,Je n'ai même pas les moyens d'acheter une voiture d'occasion.
I can't find Tom. Has he gone already?,Je n'arrive pas à trouver Tom. Est-il déjà parti ?
I can't get the door to shut properly.,Je n'arrive pas à faire en sorte que la porte ferme correctement.
I can't go with you. I have a meeting.,Je ne peux pas aller avec vous. J'ai une réunion.
I can't handle this without your help.,Je ne peux pas gérer ceci sans votre aide.
I can't handle this without your help.,Je ne peux pas gérer ça sans ton aide.
I can't help the way I feel about you.,Je ne contrôle pas les sentiments que j'éprouve à ton égard.
I can't help the way I feel about you.,Je ne contrôle pas les sentiments que j'éprouve à votre égard.
I can't invite all my friends at once.,Je ne peux pas inviter tous mes amis en même temps.
I can't reach things on the top shelf.,Je ne parviens pas à atteindre les choses qui se trouvent sur l'étagère supérieure.
I can't recall her name at the moment.,Je ne peux me souvenir de son nom pour le moment.
I can't recall her name at the moment.,Je ne peux me rappeler son nom pour l'instant.
I can't remember ever being so scared.,Je ne me souviens pas d'avoir jamais eu si peur.
I can't remember where I hid my money.,Je ne parviens pas à me rappeler l'endroit où j'ai caché mon argent.
I can't stand listening to loud music.,Je ne supporte pas d'écouter de la musique forte.
I can't tell if you're serious or not.,Je n'arrive pas à dire si tu es sérieuse ou non.
I can't tell if you're serious or not.,Je n'arrive pas à dire si tu es sérieux ou non.
I can't tell if you're serious or not.,Je n'arrive pas à dire si vous êtes sérieuse ou non.
I can't tell if you're serious or not.,Je n'arrive pas à dire si vous êtes sérieux ou non.
I can't think of any reason not to go.,Je ne vois aucune raison de ne pas y aller.
I can't walk because of my broken leg.,Je ne peux pas marcher à cause d'une fracture à la jambe.
I cannot agree with you on the matter.,Je ne peux pas être d'accord avec toi sur ce sujet.
I cannot feel at home in such a hotel.,Je ne peux pas me sentir comme chez moi dans un tel hôtel.
I come from a small town in Australia.,Je viens d'une petite ville en Australie.
I compared this picture with that one.,J'ai comparé cette image-ci avec celle-là.
I congratulate you on your engagement.,Je vous félicite pour vos fiançailles.
I consider that racial discrimination.,Je considère cela comme de la discrimination raciale.
I could feel the sand between my toes.,Je pouvais sentir le sable entre mes orteils.
I could not help but state my opinion.,Je ne pouvais pas m'empêcher d'exprimer mon opinion.
I couldn't have done it better myself.,Je n'aurais pas fait mieux moi-même.
I couldn't have said it better myself.,Je n'aurais pu mieux le dire moi-même.
I couldn't hear what they were saying.,Je n'ai pas pu entendre ce qu'ils disaient.
I couldn't hear what they were saying.,Je n'ai pas pu entendre ce qu'elles disaient.
I couldn't let you take all the blame.,Je ne pouvais pas te laisser prendre toute la responsabilité.
I couldn't let you take all the blame.,Je ne pouvais pas vous laisser prendre toute la responsabilité.
I couldn't sleep because of the noise.,Je n'ai pas pu dormir à cause du bruit.
I cut the article out of the magazine.,J'ai découpé l'article de ce magazine.
I cut the article out of the magazine.,J'ai découpé l'article du magazine.
I decided to ask for my friend's help.,Il a décidé de demander de l'aide à mes amis.
I decided to tell her that I love him.,J'ai décidé de lui dire que je l'aimais.
I decided to tell him that I love her.,J'ai décidé de lui dire que je l'aimais.
I did everything I was supposed to do.,J'ai fait tout ce que j'étais supposé faire.
I did that because everybody else did.,J'ai fait ça parce que tout le monde l'a fait.
I didn't bring this topic up with her.,Je n'ai pas évoqué ce sujet avec elle.
I didn't even get one letter from her.,Je n'ai même pas reçu une lettre d'elle.
I didn't even get one letter from her.,Je n'ai pas même reçu une lettre d'elle.
I didn't even get one letter from her.,Je n'ai pas reçu ne serait-ce qu'une lettre d'elle.
I didn't even get one letter from her.,Je ne reçus pas même une lettre d'elle.
I didn't even get one letter from her.,Je ne reçus même pas une lettre d'elle.
I didn't even think that was possible.,Je ne pensais même pas cela possible.
I didn't even think that was possible.,Je ne pensais pas que c'était possible.
I didn't expect that to come from you.,Je ne pensais pas que ça viendrait de toi.
I didn't get even one letter from her.,Je n'ai même pas reçu une lettre d'elle.
I didn't get even one letter from her.,Je n'ai pas même reçu une lettre d'elle.
I didn't get even one letter from her.,Je n'ai pas reçu ne serait-ce qu'une lettre d'elle.
I didn't get even one letter from her.,Je ne reçus pas même une lettre d'elle.
I didn't get even one letter from her.,Je ne reçus même pas une lettre d'elle.
I didn't give you permission to leave.,Je ne vous ai pas donné la permission de partir.
I didn't give you permission to leave.,Je ne t'ai pas donné la permission de partir.
I didn't know that Tom was Mary's son.,Je ne savais pas que Tom était le fils de Mary.
I didn't know that until this morning.,J'ignorais ça jusqu'à ce matin.
I didn't know what I was getting into.,Je ne savais pas dans quoi j'étais en train de m'engager.
I didn't know what it was at the time.,"J'ignorais ce dont il s'agissait, à l'époque."
I didn't know you were looking for me.,Je ne savais pas que vous me cherchiez.
I didn't know you were seeing someone.,J'ignorais que tu fréquentais quelqu'un.
I didn't know you were seeing someone.,J'ignorais que vous fréquentiez quelqu'un.
I didn't mean to give that impression.,Je n’avais pas l’intention de te donner cette impression.
I didn't plan on staying here so long.,Je n'avais pas prévu de rester ici si longtemps.
I didn't really think it would happen.,Je n'ai pas vraiment pensé que ça arriverait.
I didn't really think it would happen.,Je n'ai pas vraiment pensé que ça surviendrait.
I didn't see any children in the park.,Je n'ai vu aucun enfant dans le parc.
I didn't steal it. I just borrowed it.,Je ne l'ai pas volé. Je l'ai juste emprunté.
I didn't steal it. I just borrowed it.,Je ne l'ai pas volée. Je n'ai fait que l'emprunter.
I didn't think about what I was doing.,Je ne pensais pas à ce que je faisais.
I didn't think that you could do that.,Je ne pensais pas que tu pourrais faire ça.
I didn't think that you could do that.,Je ne pensais pas que vous pourriez faire cela.
I didn't think that you could do that.,Je ne pensais pas que tu pouvais faire ça.
I didn't think that you could do that.,Je ne pensais pas que vous pouviez faire cela.
I didn't think we'd be able to get in.,Je ne pensais pas que nous serions capables d'y pénétrer.
I didn't think we'd be able to get in.,Je ne pensais pas que nous serions en mesure d'y pénétrer.
I didn't think you would win the race.,Je ne pensais pas que tu gagnerais la course.
I didn't think you would win the race.,Je ne pensais pas que vous gagneriez la course.
I didn't understand Tom's explanation.,Je n'ai pas compris l'explication de Tom.
I didn't want to postpone our meeting.,Je ne voulais pas repousser notre réunion.
I do not want to exert myself in vain.,Je ne veux pas me fatiguer pour rien.
I do remember the incident quite well.,Je me souviens très bien de l'incident.
I don't believe Atlantis ever existed.,Je ne crois pas que l'Atlantide ait jamais existé.
I don't believe I'm listening to this.,Je ne parviens pas à croire que j'écoute ça.
I don't believe we've been introduced.,Je ne crois pas que nous ayons été présentés.
I don't care as long as you are happy.,"Je m'en fous, du moment que tu es heureux."
I don't care as long as you are happy.,"Ça m'est égal, pour autant que vous soyez heureux."
I don't care as long as you are happy.,"Ça m'est égal, pour autant que vous soyez heureuse."
I don't care as long as you are happy.,"Je m'en fiche, du moment que tu es heureuse."
I don't care for television very much.,Je n'aime pas beaucoup la télévision.
I don't care that Tom doesn't like me.,Peu m'importe que Tom ne m'apprécie pas.
I don't consider this to be important.,Je ne considère pas que ça soit important.
I don't eat as much meat as I used to.,Je ne mange pas autant de viande que j'en avais l'habitude.
I don't even have a single girlfriend.,Je n'ai pas même une amie.
I don't even know who has stolen what.,J'ignore même qui a volé quoi.
I don't even want to know who you are.,Je ne veux même pas savoir qui vous êtes.
I don't even want to know who you are.,Je ne veux même pas savoir qui tu es.
I don't expect you to understand this.,Je ne m'attends pas à ce que vous le compreniez.
I don't expect you to understand this.,Je ne m'attends pas à ce que tu le comprennes.
I don't feel like answering questions.,Je n'ai pas envie de répondre à des questions.
I don't feel like going out right now.,Je n'ai pas envie de sortir maintenant.
I don't feel like watching TV tonight.,Je n'ai pas envie de regarder la télévision ce soir.
I don't feel like watching TV tonight.,"Ce soir, je n'ai pas envie de regarder la télé."
I don't go fishing very often anymore.,Je ne vais plus souvent pêcher.
I don't have anything to do right now.,Je n'ai rien à faire à l'instant.
I don't have enough money to buy this.,Je n'ai pas assez d'argent pour acheter ça.
"I don't have money, but I have dreams.","Je n'ai pas d'argent, mais j'ai des rêves."
I don't have much interest in cooking.,Je n'ai pas beaucoup d'intérêt pour la cuisine.
I don't have the authority to do that.,Je ne dispose pas de l'autorité pour faire ça.
I don't have time to go to the movies.,Je n'ai pas le temps d'aller au cinéma.
I don't have to answer your questions.,Je n'ai pas à répondre à vos questions.
I don't have to answer your questions.,Je n'ai pas à répondre à tes questions.
I don't have to do anything right now.,Je n'ai rien à faire à l'instant.
I don't have to go to school tomorrow.,"Je ne dois pas aller à l'école, demain."
I don't have to wear glasses any more.,Je ne suis plus obligé de porter de lunettes.
I don't have to worry about my weight.,Je n'ai pas à me soucier de mon poids.
I don't intend to use this any longer.,Je n'ai plus l'intention d'utiliser ceci.
I don't know anything about dinosaurs.,Je ne sais rien sur les dinosaures.
I don't know anything about it at all.,Je n'en sais rien du tout.
I don't know anything about marketing.,J'ignore tout du marketing.
I don't know everybody in this school.,Je ne connais pas tout le monde dans cette école.
I don't know how much money we've got.,Je ne sais pas de combien d'argent nous disposons.
I don't know how much money we've got.,J'ignore de combien d'argent nous disposons.
I don't know how to express my thanks.,Je ne sais pas comment vous remercier.
I don't know if I can do this anymore.,Je ne sais pas si je peux encore faire ceci.
I don't know if they still live there.,J'ignore s'ils y vivent encore.
I don't know what I'm going to do yet.,Je ne sais pas encore ce que je vais faire.
I don't know what I'm going to do yet.,J'ignore encore ce que je vais faire.
I don't know what has happened to him.,Je ne sais pas ce qui lui est arrivé.
I don't know what we're talking about.,Je ne sais pas ce dont nous parlons.
I don't know what we're talking about.,J'ignore ce dont nous parlons.
I don't know where we'll be next year.,Je ne sais pas où nous serons l'année prochaine.
I don't know whether to leave or stay.,Je ne sais pas si je dois partir ou rester.
I don't know who I can ask for advice.,Je ne sais pas à qui je peux demander conseil.
I don't know who you're talking about.,J'ignore de qui vous parlez.
I don't know who you're talking about.,J'ignore de qui vous discutez.
I don't know who you're talking about.,J'ignore de qui tu parles.
I don't know why I bother coming here.,J'ignore pourquoi je m'embête à venir ici.
I don't know why I bother coming here.,Je ne sais pas pourquoi je m'embête à venir ici.
I don't know why Tom hates me so much.,Je ne sais pas pourquoi Tom me déteste autant.
I don't like either of the two clocks.,Aucune de ces deux horloges ne me plaît.
I don't like either of the two clocks.,Je n'aime aucune des deux horloges.
I don't like learning irregular verbs.,Je n'aime pas apprendre les verbes irréguliers.
I don't like people calling me stupid.,Je n'aime pas que les gens me disent que je suis stupide.
I don't like the way she speaks to me.,Je n'aime pas la façon dont elle me parle.
I don't like the way you laugh at her.,Je n'aime pas la façon dont tu te moques d'elle.
I don't like to go out when it's dark.,Je n'aime pas sortir après la tombée de la nuit.
I don't mean to challenge your theory.,Je n'ai pas l'intention de contester votre théorie.
I don't mean to challenge your theory.,Je ne veux pas disputer ta théorie.
I don't mind even if she doesn't come.,Même si elle ne vient pas ça m'est égal.
I don't need them to do me any favors.,Je n'ai pas besoin qu'ils me fassent des faveurs.
I don't really know what was going on.,Je ne sais pas vraiment ce qui se passait.
I don't really understand the problem.,Je ne comprends pas vraiment le problème.
I don't really want to see you suffer.,Je ne veux pas vraiment vous voir souffrir.
I don't really want to see you suffer.,Je ne veux pas vraiment te voir souffrir.
I don't recall asking for your advice.,Je ne me rappelle pas avoir requis vos conseils.
I don't recall asking for your advice.,Je ne me rappelle pas avoir requis tes conseils.
I don't remember being given a choice.,Je ne me rappelle pas qu'on m'ait donné le choix.
I don't remember if I did that or not.,Je ne me souviens pas si je l'ai fait ou pas.
"I don't see a horse, but I see a wolf.",Je ne vois pas de cheval mais je vois un loup.
I don't see eye to eye with my father.,Je ne suis pas d'accord avec mon père.
I don't see how this changes anything.,Je ne vois pas comment ça change quoi que ce soit.
I don't think I can keep that promise.,Je ne pense pas parvenir à tenir cette promesse.
I don't think I can keep that promise.,Je ne pense pas pouvoir tenir cette promesse.
I don't think I can keep that promise.,Je ne pense pas que je puisse tenir cette promesse.
I don't think I can keep that promise.,Je ne pense pas que je parvienne à tenir cette promesse.
I don't think I can keep that promise.,Je ne pense pas que j'arrive à tenir cette promesse.
I don't think I can trust you anymore.,Je ne crois pas que je puisse encore te croire.
I don't think I can trust you anymore.,Je ne crois pas que je puisse encore vous croire.
I don't think I want to talk about it.,Je ne pense pas que je veuille en parler.
I don't think Tom did that on purpose.,Je ne pense pas que Tom l'ait fait exprès.
I don't think anybody can help me now.,"Je ne pense pas que quiconque puisse m'aider, désormais."
I don't think anybody can help me now.,Je ne pense pas que quiconque puisse actuellement m'aider.
I don't think he can handle the truth.,Je ne pense pas qu'il puisse faire face à la vérité.
I don't think she would understand it.,Je ne crois pas qu'elle le comprendrait.
I don't think that we should eat this.,Je ne pense pas que nous devrions manger ceci.
I don't think that we should eat this.,Je ne pense pas qu'on devrait le manger.
I don't think that what we did helped.,Je ne pense pas que ce que nous fîmes fut positif.
I don't think that's a very good idea.,Je ne pense que que ça soit une très bonne idée.
I don't think that's such a good idea.,Je ne pense pas que ce soit une si bonne idée.
I don't think you really believe that.,Je ne pense pas que tu crois vraiment cela.
I don't think you really want to know.,Je ne pense pas que tu veuilles vraiment savoir.
I don't think you really want to know.,Je ne pense pas que vous vouliez vraiment savoir.
I don't think you should do that here.,Je ne pense pas que tu doives faire ça ici.
I don't think you should've done that.,Je ne pense pas que tu aurais dû faire ça.
I don't think you should've done that.,Je ne pense pas que vous auriez dû faire cela.
I don't understand what you're saying.,Je ne comprends pas ce que tu dis.
I don't understand why you're leaving.,Je ne comprends pas pourquoi vous partez.
I don't understand why you're leaving.,Je ne comprends pas pourquoi tu pars.
I don't want anybody writing about me.,Je ne veux pas que quiconque écrive à mon propos.
I don't want to buy this kind of sofa.,Je ne veux pas acheter ce genre de canapé.
I don't want to cause you any trouble.,Je ne veux pas te causer d'ennuis.
I don't want to cause you any trouble.,Je ne veux pas vous causer d'ennuis.
I don't want to deviate from the plan.,Je ne veux pas dévier du plan.
I don't want to discuss that with Tom.,Je ne veux pas en parler avec Tom.
I don't want to drink too much coffee.,Je ne veux pas boire trop de café.
I don't want to go to school tomorrow.,Je ne veux pas aller à l'école demain.
I don't want to go to sleep right now.,Je ne veux pas aller dormir maintenant.
I don't want to go to sleep right now.,Je ne souhaite pas aller dormir tout de suite.
I don't want to hear about it anymore.,Je ne veux plus en entendre parler.
I don't want to hear any more excuses.,Je ne veux plus entendre d'autres excuses.
I don't want to live with you anymore.,Je ne veux plus vivre avec toi.
I don't want to live with you anymore.,Je ne veux plus vivre avec vous.
I don't want to take on any more work.,Je ne veux pas récupérer plus de travail.
I don't want to talk about it anymore.,Je ne veux plus en parler.
I don't want to talk about it anymore.,Je ne souhaite plus en parler.
I don't want to talk about it further.,Je ne veux pas en parler davantage.
I don't want to talk about that today.,Je ne veux pas parler de ça aujourd'hui.
I don't want you eating between meals.,Je ne veux pas que vous mangiez entre les repas.
I don't want you eating between meals.,Je ne veux pas que tu manges entre les repas.
I don't want you hanging out with Tom.,Je ne veux pas que tu traînes avec Tom.
I don't want you to go back to Boston.,Je ne veux pas que tu retournes à Boston.
I don't want you to go back to Boston.,Je ne veux pas que vous retourniez à Boston.
I don't want you to spend money on me.,Je ne veux pas que tu dépenses de l'argent pour moi.
I don't want you two talking about me.,Je ne veux pas que vous parliez de moi tous les deux.
I don't want you two talking about me.,Je ne veux pas que vous parliez de moi toutes les deux.
I don't want you two talking about me.,Je ne veux pas que vous soyez en train de parler de moi tous les deux.
I don't want you two talking about me.,Je ne veux pas que vous soyez en train de parler de moi toutes les deux.
I don't watch as much TV as I used to.,Je ne regarde pas autant la télé qu'avant.
I don't yet know what I'm going to do.,Je ne sais pas encore ce que je vais faire.
I don't yet know what I'm going to do.,J'ignore encore ce que je vais faire.
I doubt if he'll come to school today.,Je me demande s'il viendra à l'école aujourd'hui.
I especially like your chocolate cake.,J'aime particulièrement votre gâteau au chocolat.
I especially like your chocolate cake.,J'aime particulièrement ton gâteau au chocolat.
I expect nothing less than perfection.,Je n'attends de vous que la perfection.
I feel guilty about having told a lie.,Je me sens coupable d'avoir menti.
I feel like having some pizza tonight.,J'ai envie de pizza ce soir.
I feel like taking a day off tomorrow.,J'ai envie de prendre un jour de congé demain.
I feel uneasy in my father's presence.,Je me sens mal à l'aise en présence de mon père.
I felt I just had to get off the ship.,Je sentis que je devais simplement descendre du bateau.
I felt I just had to get off the ship.,J'ai senti que je devais simplement descendre du bateau.
I felt the sweat trickle down my brow.,J'ai senti la sueur goutter sur mon front.
I figured that you'd enjoy this movie.,J'imaginais que vous aimeriez ce film.
I figured that you'd enjoy this movie.,J'imaginais que tu aimerais ce film.
I finally went to England this summer.,Je suis finalement allé en Angleterre cet été.
I find the sound of the rain relaxing.,Je trouve le bruit de la pluie apaisant.
I forgot how beautiful this place was.,J'avais oublié à quel point cet endroit était beau.
I forgot to bring an umbrella with me.,J’ai oublié de prendre un parapluie.
I forgot to write my name on the exam.,J'ai oublié de porter mon nom sur la feuille d'examen.
I found a nice place to have a picnic.,J'ai trouvé un chouette endroit pour faire un pique-nique.
I found it difficult to read the book.,J'ai trouvé ce livre difficile à lire.
I gave the beggar all the money I had.,J'ai donné au mendiant tout l'argent que j'avais.
I gave the beggar all the money I had.,Je donnai au mendiant tout l'argent dont je disposais.
I get a call from her once in a while.,Elle m'appelle de temps en temps.
I give you plenty of money each month.,Je te donne plein d'argent chaque mois.
I go to school only three days a week.,Je ne vais à l'école que trois jours par semaine.
I go to school only three days a week.,Je ne me rends à l'école que trois jours par semaine.
I go to the library from time to time.,Je vais à la bibliothèque de temps en temps.
I got injured in the traffic accident.,J'ai été blessé dans l'accident de la route.
I got shampoo in my eyes and it hurts.,J'ai reçu du shampoing dans les yeux et ça fait mal.
I got the news from a reliable source.,J'ai obtenu les nouvelles d'une source sûre.
I got this job with my teacher's help.,J'ai obtenu cet emploi avec l'aide de mon professeur.
I graduated from university last year.,J'ai eu ma licence l'année dernière.
I guess I should've done this earlier.,J'imagine que j'aurais dû faire ça plus tôt.
I guess you will be very busy tonight.,Je suppose que vous serez très occupé cette nuit.
I had a strange experience last night.,"J'ai fait une étrange expérience, hier au soir."
I had a very strange dream last night.,J'ai fait un rêve très étrange la nuit dernière.
I had dinner with a friend last night.,J'ai dîné avec un ami hier soir.
I had dinner with a friend last night.,"J'ai dîné, hier soir, avec un ami."
I had dinner with a friend last night.,"J'ai dîné, hier au soir, avec un ami."
I had dinner with a friend last night.,J'ai dîné avec un ami hier au soir.
I had dinner with a friend last night.,J'ai dîné avec une amie hier soir.
I had dinner with a friend last night.,J'ai dîné avec une amie hier au soir.
I had dinner with a friend last night.,"J'ai dîné, hier au soir, avec une amie."
I had dinner with a friend last night.,"J'ai dîné, hier soir, avec une amie."
I had dinner with a friend last night.,J'ai soupé avec un ami hier soir.
I had dinner with a friend last night.,"J'ai soupé, hier soir, avec un ami."
I had dinner with a friend last night.,"J'ai soupé, hier au soir, avec un ami."
I had dinner with a friend last night.,J'ai soupé avec un ami hier au soir.
I had dinner with a friend last night.,J'ai soupé avec une amie hier soir.
I had dinner with a friend last night.,J'ai soupé avec une amie hier au soir.
I had dinner with a friend last night.,"J'ai soupé, hier au soir, avec une amie."
I had dinner with a friend last night.,"J'ai soupé, hier soir, avec une amie."
I had forgotten how beautiful you are.,J'avais oublié à quel point tu es belle.
I had half a grapefruit for breakfast.,J'ai mangé un demi-pamplemousse pour le petit-déjeuner.
I had my secretary run off ten copies.,J'ai fait tirer dix exemplaires à ma secrétaire.
I had nothing to do with that problem.,Je n'avais rien à voir avec ce problème.
I had nothing to do with the accident.,Je n'avais rien à faire avec l'accident.
I had some work that needed finishing.,J'ai eu du travail qu'il fallait finir.
I had to get something out of the car.,J'ai dû sortir quelque chose de la voiture.
I had to get something out of the car.,Il m'a fallu sortir quelque chose de la voiture.
I had to throw most of my things away.,J'ai dû jeter la plupart de mes affaires.
I hate being alone on Valentine's Day.,Je déteste être seul le jour de la Saint-Valentin.
I hate being alone on Valentine's Day.,Je déteste être seule le jour de la Saint-Valentin.
I have a clear memory of my childhood.,J'ai un souvenir clair de mon enfance.
"I have a coat, but I don't have a hat.","J'ai un manteau, mais je n'ai pas de chapeau."
I have a different opinion than yours.,J'ai une opinion différente de la tienne.
I have a friend who cuts his own hair.,J'ai un ami qui se coupe lui-même les cheveux.
I have a good many things to do today.,J'ai beaucoup de choses à faire aujourd'hui.
I have a granddaughter about your age.,J'ai une petite-fille d'à peu près votre âge.
I have a granddaughter about your age.,J'ai une petite-fille qui a à peu près ton âge.
I have a hard time understanding that.,"Cela, je n'arrive malheureusement pas à le comprendre."
I have a lot of passwords to remember.,Je dois me rappeler beaucoup de mots de passe.
I have a lot of passwords to remember.,Il y a beaucoup de mots de passe dont je dois me rappeler.
I have a new camera I want you to see.,J'ai un nouvel appareil photo que je veux que tu voies.
I have a new camera I want you to see.,J'ai un nouvel appareil photo que je veux que vous voyiez.
"I have a surprise for you, sweetheart.","J'ai une surprise pour toi, mon chéri."
"I have a surprise for you, sweetheart.","J'ai une surprise pour toi, ma chérie."
I have an appointment with the doctor.,J'ai rendez-vous chez le docteur.
I have an interest in cello and piano.,Je m'intéresse au violoncelle et au piano.
I have considered that very carefully.,J'y ai réfléchi très attentivement.
I have found your dirty little secret.,J'ai découvert votre sale petit secret.
I have found your dirty little secret.,J'ai découvert ton sale petit secret.
I have less and less time for reading.,J'ai de moins en moins de temps pour lire.
I have mosquito bites all over my arm.,J'ai des piqûres de moustiques partout sur le bras.
I have my friend's car at my disposal.,La voiture de mon ami est à ma disposition.
I have never seen her help her father.,Je ne l'ai jamais vue aider son père.
I have no idea what I should be doing.,Je n'ai aucune idée de ce que je devrais faire.
I have no idea what Tom intends to do.,Je ne sais pas ce que Tom veut faire.
I have no idea what Tom intends to do.,Je n'ai aucune idée de ce que Tom à l'intention de faire.
I have no one else to turn to but you.,Je n'ai personne d'autre que toi vers qui me tourner.
I have not been studying for two days.,Je n'ai pas étudié durant deux jours.
I have nothing to do with this matter.,Je n'ai rien à voir avec cette affaire.
I have simply nothing to say about it.,Je n'ai simplement rien à dire à ce sujet.
I have some questions I'd like to ask.,J'ai quelques questions que j'aimerais poser.
I have something I want to say to you.,J'ai quelque chose à te dire.
I have something to say to all of you.,J'ai quelque chose à vous dire à tous.
I have to be in Boston in the morning.,Je dois être à Boston dans la matinée.
I have to change into my work clothes.,Je dois me changer pour mes vêtements de travail.
I have to confess to you that I snore.,Je dois t'avouer que je ronfle...
I have to get up quite early tomorrow.,"Je dois me lever de très bonne heure, demain."
I have to get up quite early tomorrow.,"Je dois, demain, me lever de très bonne heure."
I have to get up quite early tomorrow.,"Je dois me lever, demain, de très bonne heure."
I have to go on a diet to lose weight.,Je dois suivre un régime pour perdre du poids.
I have to go to the bank this morning.,Je dois aller à la banque ce matin.
I have to remember to mail the letter.,Je dois me souvenir de poster la lettre.
I have to remember to mail the letter.,Je dois me souvenir de mettre la lettre au courrier.
I have to remember to mail the letter.,Je dois me souvenir de mettre la lettre à la boîte.
I have to replace the radio's battery.,Je dois remplacer la pile de la radio.
I have to say goodbye to a few people.,Il me faut dire au revoir à quelques personnes.
I have to stop that. It's a bad habit.,Je dois mettre un terme à cela. C'est une mauvaise habitude.
I haven't been eating out much lately.,"Je ne suis pas beaucoup sorti manger dehors, ces derniers temps."
I haven't been fishing in a long time.,Il y a longtemps que je n'ai pas pêché.
I haven't decided yet if I want to go.,Je n'ai pas encore décidé si je veux y aller.
I haven't decided yet if I want to go.,Je n'ai pas encore décidé si je veux m'y rendre.
I haven't done that since last Monday.,Je n'ai pas fait ça depuis lundi dernier.
I haven't done this since high school.,Je n'ai plus fait ça depuis le lycée.
I haven't finished reading the report.,Je n'ai pas fini de lire le rapport.
I haven't gotten over my bad cold yet.,Je ne me suis pas encore remis de mon mauvais rhume.
I haven't gotten over my bad cold yet.,Je ne me suis pas encore remise de mon mauvais rhume.
I haven't had one complaint about Tom.,Je n'ai pas eu une plainte contre Tom.
I haven't really thought this through.,Je n'y ai pas vraiment réfléchi sérieusement.
I haven't seen anything of him lately.,Je ne l'ai pas vu du tout ces derniers temps.
I haven't written anything for months.,Je n'ai rien écrit depuis des mois.
I hear from my mother once in a while.,J'ai des nouvelles de ma mère de temps en temps.
I heard a dog barking in the distance.,J'ai entendu un chien aboyer au loin.
I heard that Tom doesn't sing anymore.,J'ai entendu que Tom ne chantait plus.
I heard that Tom doesn't speak French.,J'ai entendu dire que Tom ne parle pas français.
I heard the children singing together.,J'ai entendu les enfants chanter ensemble.
I hope I can count on your discretion.,J'espère que je peux compter sur ta discrétion.
I hope I can count on your discretion.,J'espère que je peux compter sur votre discrétion.
I hope I didn't make a fool of myself.,J'espère ne pas m'être ridiculisé.
I hope Tom is the last one to do that.,J'espère que Tom est le dernier à faire ça.
I hope everyone knows what this means.,J'espère que tout le monde sait ce que ça veut dire.
I hope to build a new house next year.,J'espère construire une nouvelle maison l'année prochaine.
I inspired my students to work harder.,J'ai incité mes étudiants à travailler davantage.
I intend to stay at a five-star hotel.,Je prévois de séjourner dans un hôtel cinq étoiles.
I just assumed that you wouldn't mind.,J'ai supposé que vous n'y verriez pas d'inconvénient.
I just assumed that you wouldn't mind.,J'ai supposé que tu n'y verrais pas d'inconvénient.
I just can't understand you sometimes.,"Je n'arrive simplement pas à vous comprendre, parfois."
I just can't understand you sometimes.,"Je n'arrive simplement pas à te comprendre, parfois."
I just couldn't bring myself to do it.,Je n'ai simplement pas pu me résoudre à le faire.
I just couldn't bring myself to do it.,Je ne pourrais simplement pas me résoudre à le faire.
I just did what anybody would've done.,Je n'ai fait que ce que n'importe qui aurait fait.
I just did what anybody would've done.,Je n'ai fait que ce que quiconque aurait fait.
I just don't like getting left behind.,Je n'aime simplement pas qu'on me laisse à la traîne.
I just don't want anybody to get hurt.,"Je ne veux pas que quiconque soit blessé, un point c'est tout."
I just don't want anybody to get hurt.,Je ne veux tout simplement pas que quiconque soit blessé.
I just don't want our luck to run out.,Je ne veux tout simplement pas que notre chance s'épuise.
I just don't want our luck to run out.,"Je ne veux pas que notre chance s'épuise, un point c'est tout."
I just don't want to see you get hurt.,Je ne veux tout simplement pas te voir être blessé.
I just don't want to see you get hurt.,Je ne veux tout simplement pas te voir être blessée.
I just don't want to see you get hurt.,Je ne veux tout simplement pas vous voir être blessé.
I just don't want to see you get hurt.,Je ne veux tout simplement pas vous voir être blessée.
I just don't want to see you get hurt.,Je ne veux tout simplement pas vous voir être blessées.
I just don't want to see you get hurt.,Je ne veux tout simplement pas vous voir être blessés.
I just sent you a present in the mail.,Je viens de t'envoyer un cadeau par la poste.
I just sent you a present in the mail.,Je viens de vous envoyer un cadeau par la poste.
I just thought you might want to talk.,J'ai simplement pensé qu'il se pourrait que tu veuilles parler.
I just thought you might want to talk.,J'ai simplement pensé qu'il se pourrait que vous vouliez parler.
I just want to ask you some questions.,Je veux juste te poser quelques questions.
I just want to ask you some questions.,Je souhaite seulement vous poser quelques questions.
I just want to get a little fresh air.,Je veux simplement prendre un peu d'air frais.
I just want to hear you talk about it.,Je veux juste t'en entendre parler.
I just want to hear you talk about it.,Je veux juste vous en entendre parler.
I just want to know who's in the room.,Je veux seulement savoir qui est dans la pièce.
"I just want to look at it, that's all.","Je veux juste y regarder, c'est tout."
"I just want to look at it, that's all.","Je veux juste le regarder, c'est tout."
"I just want to look at it, that's all.","Je veux juste la regarder, c'est tout."
I just want to make sure we all agree.,Je veux juste m'assurer que nous sommes tous d'accord.
I just want to make sure we all agree.,Je veux juste m'assurer que nous sommes toutes d'accord.
I just want to say that I believe you.,Je veux simplement dire que je vous crois.
I just want to say that I believe you.,Je veux simplement dire que je te crois.
I just wanted to listen to some music.,Je voulais juste écouter un peu de musique.
I just wanted to see if I could do it.,Je souhaitais juste voir si je pouvais le faire.
I just wanted to see what it was like.,Je voulais simplement voir comment c'était.
I knew Tom would accept my invitation.,Je savais que Tom accepterait mon invitation.
I knew it was just a misunderstanding.,Je savais que ce n'était qu'un malentendu.
I knew something strange was going on.,Je savais qu'il se passait quelque chose de bizarre.
I knew we should've stayed home today.,Je savais que nous aurions dû rester à la maison aujourd'hui.
I knew we should've tried to help Tom.,Je savais que nous aurions dû essayer d'aider Tom.
"I knocked, but no one opened the door.",J'ai frappé mais personne n'a ouvert la porte.
"I knocked, but no one opened the door.",Je frappai mais personne n'ouvrit la porte.
I know Tom really does care about you.,Je sais que Tom tient vraiment à toi.
I know a good lawyer who can help you.,Je connais un bon avocat qui peut t'aider.
I know a very good way to get it done.,Je connais une très bonne façon de le faire faire.
"I know his address, but it's a secret.",Je connais son adresse mais c'est un secret.
I know how proud you are of your work.,Je sais combien vous êtes fier de votre travail.
I know how proud you are of your work.,Je sais à quel point tu es fière de ton travail.
I know how we can make a lot of money.,Je sais comment nous pouvons nous faire plein d'argent.
I know lots of people want to do that.,Je sais que beaucoup de gens veulent faire cela.
I know she puts up with a lot from me.,Je sais qu'elle supporte beaucoup de moi.
I know someone who speaks French well.,Je connais quelqu'un qui parle bien français.
I know that she doesn't know who I am.,Je sais qu'elle ignore qui je suis.
I know that you've been through a lot.,Je sais que tu as traversé beaucoup de choses.
I know that you've been through a lot.,Je sais que vous avez traversé beaucoup de choses.
I know what it's like to be different.,Je sais ce que c'est que d'être différent.
I know what those situations are like.,Je sais comment sont ces situations.
I know when something's bothering you.,Je sais quand quelque chose te tracasse.
I know you were in Boston last summer.,Je sais que vous étiez à Boston l'été dernier.
I know you'll make the right decision.,Je sais que vous prendrez la bonne décision.
I know you'll make the right decision.,Je sais que tu prendras la bonne décision.
I left my umbrella behind in the taxi.,J'ai laissé mon parapluie dans le taxi.
I let him spend the night in my house.,Je l'ai laissé passer la nuit dans ma maison.
I like coffee and toast for breakfast.,J'aime le café et des toasts au petit-déjeuner.
"I like dogs, but my sister likes cats.","Moi j'aime les chiens, mais ma sœur aime les chats."
I like singing and playing the guitar.,J'aime chanter et jouer de la guitare.
I like spring the best of the seasons.,Le printemps est la saison que j'aime le mieux.
I like the way she laughs at my jokes.,J'aime la façon dont elle rit à mes blagues.
I like to drink natural mineral water.,J'aime boire de l'eau minérale naturelle.
I like to sit in the front of the bus.,J'aime m'asseoir à l'avant du bus.
I liked them before they were popular.,Je les appréciais avant qu'ils ne soient populaires.
I liked them before they were popular.,Je les appréciais avant qu'elles ne soient populaires.
I look forward to reading your report.,Je suis impatiente de lire votre rapport.
I look forward to reading your report.,Je suis impatient de lire ton rapport.
I lost my wallet on the way to school.,J'ai perdu mon portefeuille sur le chemin de l'école.
"I love Nara, particularly in the fall.","J'aime Nara, surtout en automne."
I love collecting stones at the beach.,"J'adore ramasser des galets, à la plage."
"I love him, but he loves someone else.",Je l'aime mais il aime quelqu'un d'autre.
I love strawberries on Christmas cake.,J'aime les fraises sur les gâteaux de Noël.
I love to watch baseball and football.,J'adore regarder le baseball et le football américain.
I love what you've done to this place.,J'adore ce que vous avez fait de cet endroit.
I love you more deeply than I can say.,Je vous aime plus que je ne peux dire.
I marked your birthday on my calendar.,J'ai noté ton anniversaire sur mon calendrier.
I may have told you this story before.,Je vous ai peut-être déjà raconté cette histoire.
I meet with him once every six months.,Je le rencontre une fois tous les six mois.
I met a friend of mine at the airport.,J'ai rencontré un de mes amis à l'aéroport.
I met her by accident on Third Avenue.,Je l'ai rencontrée par hasard sur la 3e avenue.
I must discuss that new plan with him.,Je dois discuter de ce nouveau plan avec lui.
"I must pass this exam, no matter what.",Je dois réussir cet examen coûte que coûte.
I need a vase to put these flowers in.,Il me faut un vase pour y mettre ces fleurs.
I need an assistant who speaks French.,J'ai besoin d'un assistant qui parle français.
I need some medicine to kill the pain.,J'ai besoin de médicament pour tuer la douleur.
I need the key to decode this message.,Il me faut la clé pour décoder ce message.
I need the key to decode this message.,J'ai besoin de la clé pour décoder ce message.
I need to know what Tom did yesterday.,J'ai besoin de savoir ce qu'a fait Tom hier.
I never had the opportunity to use it.,Je n'ai jamais eu l'occasion de l'utiliser.
I never really wanted to study French.,Je n'ai jamais vraiment voulu étudier le français.
I never should've broken up with Mary.,Jamais je n’aurais dû rompre avec Mary.
I never thought it could happen to me.,Je n'ai jamais pensé que ça pourrait m'arriver.
I never thought it would happen to me.,Je n'ai jamais pensé que ça m'arriverait.
I never thought it would happen to me.,Je n'ai jamais pensé que ça m'arriverait à moi.
I never thought we'd end up like this.,Je n'ai jamais pensé que nous finirions comme ça.
I never thought you'd become a doctor.,Je n'ai jamais pensé que vous deviendriez médecin.
I never thought you'd become a doctor.,Je n'ai jamais pensé que tu deviendrais médecin.
I often borrow books from the library.,J'emprunte souvent des livres à la bibliothèque.
I only come on Tuesdays and Thursdays.,Je viens seulement le mardi et le jeudi.
I only have butter in my refrigerator.,Je n'ai plus que du beurre dans mon frigo.
I only know how to play that one song.,Je ne sais jouer que cette unique chanson.
I only speak a smattering of Japanese.,Je ne parle qu'un semblant de japonais.
I persuaded my brother to participate.,J'ai persuadé mon frère de participer.
I poured myself another cup of coffee.,Je me suis servi une autre tasse de café.
I prefer going out to staying at home.,Je préfère sortir que rester à la maison.
I prefer going out to staying at home.,Je préfère sortir que de rester à la maison.
I prefer traveling by train to flying.,Je préfère voyager par train plutôt que par voie aérienne.
I prefer traveling by train to flying.,Je préfère voyager en train plutôt que par avion.
I prefer traveling by train to flying.,Je préfère voyager en train que de voler.
I probably should have said something.,J'aurais probablement dû dire quelque chose.
I ran into your mother in the library.,J'ai vu ta mère par hasard à la bibliothèque.
I read the book from beginning to end.,J'ai lu le livre du début jusqu'à la fin.
I really appreciate you picking me up.,J'apprécie vraiment que tu me prennes.
I really appreciate you picking me up.,J'apprécie vraiment que vous me preniez.
"I really don't have much choice, do I?","Je n'ai pas vraiment beaucoup de choix, si ?"
I really don't think that's necessary.,Je ne pense vraiment pas que cela soit nécessaire.
I really don't want to disappoint Tom.,Je ne veux vraiment pas décevoir Tom.
I really enjoy spending time with you.,J'ai vraiment plaisir à passer du temps avec toi.
I really enjoy spending time with you.,J'ai vraiment plaisir à passer du temps avec vous.
I really enjoy spending time with you.,J'adore vraiment passer du temps avec toi.
I really enjoy spending time with you.,J'apprécie vraiment le temps que je passe en votre compagnie.
I really hope things work out for you.,J'espère vraiment que les choses marchent pour vous.
I really hope things work out for you.,J'espère vraiment que les choses marchent pour toi.
I really liked what you cooked for me.,J'ai beaucoup aimé ce que vous avez cuisiné pour moi.
I really liked what you cooked for me.,J'ai beaucoup apprécié ce que tu as cuisiné pour moi.
I really should finish this right now.,Je devrais vraiment finir ça sur-le-champ.
I recognized her as soon as I saw her.,Je l'ai reconnue dès que je l'ai vue.
I recognized her the moment I saw her.,Je l'ai reconnue dès que je l'ai vue.
I remember it as if it were yesterday.,Je m'en souviens comme si c'était hier.
I remember the year when he got a job.,Je me rappelle l'année où il a eu un travail.
I rushed out to see what was going on.,Je me suis précipité dehors pour voir ce qui se passait.
"I said that I could, not that I would.","J'ai dit que je pourrais, pas que je voudrais."
I saw Tom yesterday and he looked sad.,J'ai vu Tom hier et il avait l'air triste.
I saw Tom yesterday and he looked sad.,J'ai vu Tom hier et il semblait triste.
I saw a spider walking on the ceiling.,J'ai vu une araignée qui se baladait sur le plafond.
I saw a white dog jump over the fence.,J'ai vu un chien blanc sauter par-dessus la clôture.
I saw this movie a very long time ago.,J'ai vu ce film il y a fort longtemps.
I saw this movie a very long time ago.,J'ai vu ce film il y a très longtemps.
I see him in the library now and then.,Je le vois de temps en temps à la bibliothèque.
I should have listened more carefully.,J'aurais dû écouter plus attentivement.
I should tell you about that sometime.,Je devrais t'en parler un jour.
I should've chosen a shorter username.,J'aurais dû choisir un nom d'utilisateur plus court.
I should've done that three weeks ago.,J'aurais dû faire ça il y a trois semaines.
I should've done this a long time ago.,J'aurais dû faire ça il y a longtemps.
I should've taken an umbrella with me.,J'aurais dû prendre un parapluie avec moi.
I should've taken that more seriously.,J'aurais dû prendre ça plus au sérieux.
I should've taken that more seriously.,J'aurais dû prendre cela plus au sérieux.
I should've taken that more seriously.,J'aurais dû le prendre plus au sérieux.
I shouldn't have done that. I'm sorry.,Je n'aurais pas dû faire ça. Je suis désolé.
I shouldn't have gone there by myself.,Je n'aurais pas dû y aller seul.
I shouldn't have gone there by myself.,Je n'aurais pas dû m'y rendre seul.
I sleep with two quilts in the winter.,"Je dors avec deux édredons, en hiver."
I sleep with two quilts in the winter.,"Je dors avec deux couettes, l'hiver."
I spent the whole day reading a novel.,J'ai passé toute la journée à lire un roman.
I spent three hours repairing the car.,J'ai passé 3 heures à réparer la voiture.
I stayed at home instead of going out.,Je suis resté à la maison plutôt que de sortir.
I stepped aside so that he could pass.,Je me suis écarté pour qu'il puisse passer.
I still have the umbrella you lent me.,J'ai toujours le parapluie que tu m'as prêté.
I still have the umbrella you lent me.,J'ai toujours le parapluie que vous m'avez prêté.
I still think Tom is hiding something.,Je pense toujours que Tom cache quelque chose.
I still think this is the best choice.,Je pense encore que c'est le meilleur choix.
I stopped by your place the other day.,Je suis passé chez toi l'autre jour.
"I studied English, French and Chinese.","J'ai étudié l'anglais, le français et le chinois."
I studied in Boston from 2003 to 2007.,J'ai étudié à Boston de 2003 à 2007.
I study French in addition to English.,J'étudie le français en plus de l'anglais.
I suppose you want me to pay for this.,Je suppose que vous voulez que je paie pour ça.
I suppose you want me to pay for this.,Je suppose que tu veux que je paie pour ça.
I swim almost every day in the summer.,Je nage presque tous les jours en été.
I think I ate a little too much today.,"Je pense avoir mangé un petit peu trop, aujourd'hui."
I think I'm going to buy one of those.,Je pense que je vais acheter une de celles-là.
I think I'm going to buy one of those.,Je pense que je vais acheter un de ceux-là.
I think I've found something of yours.,Je pense que j'ai trouvé quelque chose qui vous appartient.
I think I've found something of yours.,Je pense avoir trouvé quelque chose à toi.
I think I've persuaded Tom to help us.,Je crois que j'ai persuadé Tom de nous aider.
I think Tom didn't tell us everything.,Je pense que Tom ne nous a pas tout dit.
I think Tom was as surprised as I was.,Je pense que Tom a été autant surpris que moi.
I think he's hiding something from me.,Je pense qu'il me cache quelque chose.
I think his opinion is very important.,Je crois que son opinion a beaucoup d'importance.
I think it's time for me to get a dog.,Je pense qu'il est temps pour moi de prendre un chien.
I think it's time for me to get a job.,Je pense qu'il est temps pour moi de trouver un emploi.
I think it's time for me to go to bed.,Je pense qu'il est temps pour moi d'aller au lit.
I think it's time for me to leave now.,Je pense qu'il est maintenant temps pour moi de partir.
I think it's time for me to shove off.,Je pense qu'il est temps pour moi de partir.
I think my girlfriend is kind of cute.,Je trouve que ma petite amie est assez mignonne.
I think that Tom will be coming later.,Je pense que Tom va venir plus tard.
I think that doing would be a mistake.,Je pense que cette manière de faire constituerait une erreur.
I think that it'll start raining soon.,Je pense qu'il va bientôt commencer à pleuvoir.
I think that you are twenty years old.,Je pense que tu as vingt ans.
I think that you are twenty years old.,Je pense que vous avez vingt ans.
I think this guy is not joking around.,Je pense que ce gars ne plaisante pas.
I think this is the best way to do it.,Je pense que c'est la meilleure façon de le faire.
I think this is the only way to do it.,Je pense que c'est le seul moyen de le faire.
I think this is the only way to do it.,Je pense que c'est la seule façon de le faire.
I think this translation is incorrect.,Je pense que cette traduction est incorrecte.
I think we ought to change our policy.,Je pense que nous devons changer notre politique.
I think we should talk about this now.,Je pense que nous devrions en parler maintenant.
I think we're going to need more time.,Je pense qu'il va nous falloir davantage de temps.
I think we're going to need more time.,Je pense que nous allons avoir besoin de plus de temps.
I think what Tom is doing is terrific.,Je pense que ce que Tom est en train de faire est formidable.
I think you and I need to have a talk.,"Je crois qu'il faut qu'on parle, toi et moi."
I think you know that that isn't true.,Je pense que tu sais que ça n'est pas vrai.
I think you know that that isn't true.,Je pense que vous savez que cela n'est pas vrai.
I think you know that that's not true.,Je pense que tu sais que ça n'est pas vrai.
I think you know that that's not true.,Je pense que vous savez que cela n'est pas vrai.
I think you know that's inappropriate.,Je pense que vous savez que c'est déplacé.
I think you know that's inappropriate.,Je pense que vous savez que c'est inconvenant.
I think you know that's inappropriate.,Je pense que vous savez que c'est malvenu.
I think you know that's inappropriate.,Je pense que tu sais que c'est déplacé.
I think you know that's inappropriate.,Je pense que tu sais que c'est inconvenant.
I think you know that's inappropriate.,Je pense que tu sais que c'est malvenu.
I think you misunderstood what I said.,Je pense que vous avez mal compris ce que j'ai dit.
I think you misunderstood what I said.,Je pense que tu as mal compris ce que j'ai dit.
I think you should stay where you are.,Je pense que tu devrais rester là où tu es.
I think you're contradicting yourself.,Je pense que vous vous contredisez.
I think you're going to like this one.,Je pense que tu vas aimer celui-ci.
I think you're going to like this one.,Je pense que vous allez aimer celle-ci.
I think you're just wasting your time.,Je pense que vous êtes juste en train de gaspiller votre temps.
I thought I might never see you again.,Je pensais que je pourrais ne jamais vous revoir.
I thought I might never see you again.,Je pensais que je pourrais ne jamais te revoir.
I thought I told you never to call me.,Je pensais t'avoir dit de ne jamais m'appeler.
I thought I told you never to call me.,Je pensais vous avoir dit de ne jamais m'appeler.
I thought I told you to cut your hair.,Je pensais t'avoir dit de te couper les cheveux.
I thought I told you to cut your hair.,Je pensais vous avoir dit de vous couper les cheveux.
I thought I was doing the right thing.,Je pensais que je faisais ce qu'il convenait de faire.
I thought I wouldn't know the answers.,Je pensais que je ne connaîtrais pas les réponses.
I thought I'd died and gone to heaven.,Je pensais que j'étais mort et que j'étais allé au Paradis.
I thought I'd died and gone to heaven.,Je pensais que j'étais morte et que j'étais allée au Paradis.
I thought Tom and Mary were both dead.,Je pensais que Tom et Mary étaient tous les deux morts.
I thought it sounded like a good idea.,Je pensais que ça avait l'air d'une bonne idée.
I thought it was illegal to park here.,Je pensais qu'il était illégal de se garer ici.
I thought it was the least I could do.,Je pensais que c'était la moindre des choses que je puisse faire.
I thought it would be hard to do that.,J'ai pensé que ce serait difficile de faire cela.
I thought it'd be fun to surprise Tom.,J'ai pensé que ce serait drôle de surprendre Tom.
I thought that it was just a metaphor.,Je pensais que c'était juste une métaphore.
I thought that you could speak French.,Je pensais que tu pouvais parler français.
I thought that you could speak French.,Je pensais que vous saviez parler français.
I thought this building was abandoned.,Je pensais que ce bâtiment était abandonné.
I thought we could get together later.,Je pensais que nous pourrions nous rencontrer plus tard.
I thought we could get together later.,Je pensais que nous pourrions nous rejoindre plus tard.
I thought we could get together later.,Je pensais que nous pouvions nous rencontrer plus tard.
I thought we could get together later.,Je pensais que nous pouvions nous rejoindre plus tard.
I thought we had a great relationship.,Je pensais que nous avions une super relation.
I thought we were going out to dinner.,Je pensais que nous sortions dîner.
I thought we were going out to dinner.,Je pensais que nous sortions déjeuner.
I thought we were going to your place.,Je pensais que nous allions chez toi.
I thought we weren't going to do this.,Je pensais que nous n'allions pas faire ça.
I thought we'd worry about that later.,Je pensais que nous nous inquièterions de ça plus tard.
I thought you didn't care about money.,Je pensais que tu ne te souciais pas d'argent.
I thought you didn't care about money.,Je pensais que vous ne vous souciiez pas d'argent.
I thought you had learned that by now.,Je pensais que tu avais appris ça à l'heure qu'il est.
I thought you had learned that by now.,Je pensais que vous aviez appris ça à l'heure qu'il est.
I thought you knew I was just kidding.,Je pensais que vous saviez que je ne faisais que plaisanter.
I thought you knew I was just kidding.,Je pensais que tu savais que je ne faisais que plaisanter.
I thought you might feel the same way.,Je pensais que tu ressentirais peut-être la même chose.
I thought you might like some company.,J'ai pensé que tu apprécierais peut-être de la compagnie.
I thought you might like some company.,J'ai pensé que vous apprécieriez peut-être de la compagnie.
I thought you were going to stay home.,J'ai pensé que tu allais rester chez toi.
I thought you were going to stay home.,J'ai pensé que vous alliez rester chez vous.
I thought you were having a good time.,J'ai pensé que tu prenais du bon temps.
I thought you were having a good time.,J'ai pensé que vous preniez du bon temps.
I thought you were trying to be funny.,J'ai pensé que tu essayais d'être drôle.
I thought you were trying to be funny.,J'ai pensé que vous essayiez d'être drôle.
I thought you'd be disappointed in me.,Je pensais te décevoir.
I thought you'd be disappointed in me.,Je pensais vous décevoir.
I thought you'd be interested in this.,Je pensais que ça t'intéresserait.
I thought you'd be interested in this.,Je pensais que ça vous intéresserait.
I thought you'd find that interesting.,Je pensais que tu trouverais ça intéressant.
I thought you'd find that interesting.,Je pensais que vous trouveriez ça intéressant.
I tied my dog to a tree in the garden.,J'attachai mon chien à un arbre dans le jardin.
I told Tom Mary was telling the truth.,J'ai dit à Tom que Mary disait la vérité.
I told you I wasn't going to call Tom.,Je t'ai dit que je n'allais pas appeler Tom.
"I told you his name was Tom, didn't I?","Je t'ai dit qu'il s'appelait Tom, n'est-ce pas ?"
"I told you it wouldn't work, didn't I?","Je t'avais dit que ça ne fonctionnerait pas, n'est-ce pas ?"
"I told you it wouldn't work, didn't I?","Je vous avais dit que ça ne fonctionnerait pas, n'est-ce pas ?"
I told you not to call me on weekends.,Je vous ai dit de ne pas m'appeler pendant les week-ends.
I told you not to call me on weekends.,Je t'ai dit de ne pas m'appeler pendant les week-ends.
I told you not to call me on weekends.,Je vous ai dit de ne pas m'appeler durant les week-ends.
I told you not to call me on weekends.,Je t'ai dit de ne pas m'appeler durant les week-ends.
I told you not to tell that to anyone.,Je t'ai dit de ne raconter cela à personne.
I took my coat off because it was hot.,J'ai retiré mon manteau parce qu'il faisait chaud.
I took my temperature every six hours.,J'ai pris ma température toutes les six heures.
I took off my coat because it was hot.,J'ai retiré mon manteau parce qu'il faisait chaud.
I translate articles almost every day.,Je traduis des articles presque chaque jour.
"I tried twice, but neither try worked.","Par deux fois j'ai essayé, mais ce fut chaque fois un échec."
I truly didn't know you felt this way.,J'ignorais vraiment que vous aviez ce sentiment.
I truly didn't know you felt this way.,J'ignorais vraiment que tu avais ce sentiment.
I try not to think about Tom too much.,J'essaie de ne pas trop penser à Tom.
I try not to think about Tom too much.,J'essaye de ne pas trop penser à Tom.
I understand how to solve the problem.,Je comprends comment résoudre le problème.
I urgently need to go to the bathroom.,J'ai un besoin urgent d'aller aux toilettes.
I used to believe everything you said.,Je croyais tout ce que vous disiez.
I used to believe everything you said.,Je croyais tout ce que tu disais.
I used to go to that library to study.,J'avais pour habitude d'aller étudier à cette bibliothèque.
"I used to have one, but it was stolen.","J'en avais un, mais il a été volé."
"I used to have one, but it was stolen.","J'en avais une, mais elle a été volée."
I used to play the guitar fairly well.,Je jouais plutôt bien de la guitare.
I waited for you to get out of prison.,J'ai attendu que tu sortes de prison.
I waited for you to get out of prison.,J'ai attendu ta sortie de prison.
I want a better look at this document.,Je veux jeter un œil plus attentif à ce document.
I want a car that runs on solar power.,Je veux un véhicule qui fonctionne à l'énergie solaire.
I want a round-trip ticket to Chicago.,Je veux un billet aller-retour pour Chicago.
I want back what you've taken from me.,Je veux que tu me rendes ce que tu m'as pris.
I want back what you've taken from me.,Je veux que vous me rendiez ce que vous m'avez pris.
I want something to read on the train.,J'ai envie de lire quelque chose dans le train.
I want the two of you to quit arguing.,"Je veux que vous cessiez, tous les deux, de vous disputer."
I want the two of you to quit arguing.,"Je veux que vous cessiez, toutes les deux, de vous disputer."
I want the two of you to quit arguing.,"Je veux que vous arrêtiez, tous les deux, de vous disputer."
I want the two of you to quit arguing.,"Je veux que vous arrêtiez, toutes les deux, de vous disputer."
I want the two of you to quit arguing.,"Je veux que vous arrêtiez, tous deux, de vous disputer."
I want the two of you to quit arguing.,"Je veux que vous arrêtiez, toutes deux, de vous disputer."
I want the two of you to quit arguing.,"Je veux que vous cessiez, toutes deux, de vous disputer."
I want the two of you to quit arguing.,"Je veux que vous cessiez, tous deux, de vous disputer."
I want the two of you to quit arguing.,Je veux que vous cessiez de vous disputer tous les deux.
I want the two of you to quit arguing.,Je veux que vous cessiez de vous disputer toutes les deux.
I want the two of you to quit arguing.,Je veux que vous arrêtiez de vous disputer tous les deux.
I want the two of you to quit arguing.,Je veux que vous arrêtiez de vous disputer toutes les deux.
I want this fixed as soon as possible.,Je veux que ce soit réparé le plus tôt possible.
I want this fixed as soon as possible.,Je veux que ce soit réparé fissa.
I want to apologize for the other day.,Je voudrais présenter mes excuses pour l'autre jour.
I want to ask you one simple question.,Je veux te poser une simple question.
I want to ask you one simple question.,Je veux vous poser une simple question.
I want to borrow your car for an hour.,Je veux emprunter ta voiture pour une heure.
I want to borrow your car for an hour.,Je veux emprunter votre voiture pour une heure.
I want to buy a few pairs of trousers.,Je veux acheter quelques pantalons.
I want to devote my life to education.,Je veux consacrer ma vie à l'éducation.
I want to find out where it came from.,Je veux trouver d'où c'est venu.
I want to help you with your homework.,Je veux t'aider pour tes devoirs.
I want to keep a cat instead of a dog.,J'aimerais avoir un chat plutôt qu'un chien.
I want to know what this is all about.,Je veux savoir de quoi tout ceci retourne.
I want to know what this is all about.,Je veux savoir de quoi s'agit tout ceci.
I want to know what you see right now.,"Je veux savoir ce que tu vois, à l'instant."
I want to know what you see right now.,"Je veux savoir ce que vous voyez, à l'instant."
I want to know what you're doing here.,Je veux savoir ce que tu fais ici.
I want to know what you're doing here.,Je veux savoir ce que tu fais là.
I want to know what you're doing here.,Je veux savoir ce que vous faites ici.
I want to know what you're doing here.,Je veux savoir ce que vous faites là.
I want to know what you're doing here.,Je veux savoir ce que vous fichez ici.
I want to know what you're doing here.,Je veux savoir ce que vous fichez là.
I want to know what you're doing here.,Je veux savoir ce que tu fiches là.
I want to know what you're doing here.,Je veux savoir ce que tu fiches ici.
I want to know where you plan to live.,Je veux savoir où tu prévois de vivre.
I want to know where you plan to live.,Je veux savoir où vous prévoyez de vivre.
I want to make amends for my behavior.,Je veux expier ma conduite.
I want to see if he really fixed this.,Je veux voir s'il a vraiment réparé ça.
I want to sleep in my own bed tonight.,"Je veux, ce soir, dormir dans mon propre lit."
I want to sleep in my own bed tonight.,Je veux dormir dans mon propre lit ce soir.
I want to talk to you about this list.,Je veux te parler de cette liste.
I want to talk to you about this list.,Je veux vous parler de cette liste.
I want to talk to you about this list.,Je veux discuter avec toi de cette liste.
I want to talk to you about this list.,Je veux discuter avec vous de cette liste.
I want to talk to you about this list.,Je veux m'entretenir avec toi de cette liste.
I want to talk to you about this list.,Je veux m'entretenir avec vous de cette liste.
I want you to be here when I get back.,Je veux que tu sois là quand je reviens.
I want you to be here when I get back.,Je veux que vous soyez là quand je reviens.
I want you to get a good night's rest.,Je veux que tu prennes une bonne nuit de repos.
I want you to get a good night's rest.,Je veux que vous preniez une bonne nuit de repos.
I want you to help me get out of here.,Je veux que tu m'aides à sortir d'ici.
I want you to help me get out of here.,Je veux que vous m'aidiez à sortir d'ici.
I want you to know that I believe you.,Je veux que tu saches que je te crois.
I want you to know that I believe you.,Je veux que vous sachiez que je vous crois.
I want you to run to the store for me.,Je veux que tu coures à la boutique pour moi.
I want you to run to the store for me.,Je veux que tu coures au magasin pour moi.
I want you to run to the store for me.,Je veux que vous couriez à la boutique pour moi.
I want you to run to the store for me.,Je veux que vous couriez au magasin pour moi.
I want you to take a good look around.,Je veux que tu regardes bien autour.
I want you to take a good look around.,Je veux que vous regardiez bien autour.
I want you to tell me about your trip.,Je veux que vous me racontiez votre voyage.
I want you to tell me about your trip.,Je veux que vous me parliez de votre voyage.
I want you to tell me about your trip.,Je veux que tu me racontes ton voyage.
I want you to tell me about your trip.,Je veux que tu me parles de ton voyage.
I wanted to do something nice for you.,Je voulais faire quelque chose de chouette pour toi.
I wanted to do something nice for you.,Je voulais t'être agréable.
I wanted to do something nice for you.,Je voulais vous être agréable.
I wanted to do something nice for you.,Je voulais faire quelque chose de chouette pour vous.
I wanted to talk to them face to face.,Je voulais m'entretenir avec eux en face à face.
I wanted to watch that movie with you.,Je voulais regarder ce film avec toi.
I was able to see the smoke from here.,Je pouvais voir la fumée depuis cet endroit.
I was about to suggest the same thing.,J'allais suggérer la même chose.
I was born on the 31st of May in 1940.,Je suis né le 31 mai 1940.
I was deeply impressed by the scenery.,J'ai été grandement impressionné par les décors.
I was entirely ignorant of the matter.,J'ignorais tout de cette question.
I was forced to drink against my will.,J'ai été forcé à boire.
I was going to ask you the same thing.,J'allais vous demander la même chose.
I was going to ask you the same thing.,J'allais te demander la même chose.
I was greatly impressed by the speech.,Je fus grandement impressionné par le discours.
I was greatly impressed by the speech.,J'ai été grandement impressionné par le discours.
I was greatly impressed by the speech.,Je fus grandement impressionnée par le discours.
I was greatly impressed by the speech.,J'ai été grandement impressionnée par le discours.
I was in the bath when the phone rang.,J'étais dans le bain quand le téléphone sonna.
I was just in time for the last train.,J'étais juste dans les temps pour le dernier train.
I was just in time for the last train.,J'étais tout juste à l'heure pour le dernier train.
I was more than a little disappointed.,J'étais plus qu'un peu déçu.
I was never told that I needed a visa.,On ne m'a jamais dit que j'avais besoin d'un visa.
I was the one who built this doghouse.,J'étais celui qui a construit cette niche.
I was the one who knocked on the door.,C'est moi qui ai frappé à la porte.
I was the one who said we should wait.,C'est moi qui ai dit qu'on devrait attendre.
I was thinking about joining the army.,Je pensais à rejoindre l'armée.
I was thinking about joining the army.,Je réfléchissais à rejoindre l'armée.
I was thinking exactly the same thing.,J’étais en train de penser exactement à la même chose.
I was told that I should see a doctor.,On m'a dit de consulter un médecin.
I was too shy to look her in the face.,J'étais trop timide pour la regarder en face.
I was watching television at the time.,Je regardais la télévision à ce moment-là.
I was welcomed whenever I visited him.,"Je recevais un bon accueil, à chaque fois que je le visitais."
I washed my hands with soap and water.,Je me suis lavé les mains avec de l'eau et du savon.
I wasn't able to believe him at first.,Je ne pouvais pas le croire a priori.
I wasn't able to believe him at first.,"Au départ, je n'arrivais pas à croire ses paroles."
I wasn't really in the mood to go out.,Je n'avais pas vraiment envie de sortir.
I watched a movie yesterday afternoon.,J'ai regardé un film hier après-midi.
I went out even though it was raining.,"Je sortis, bien qu'il plut."
I went out even though it was raining.,"Je suis sorti, bien qu'il plut."
I went out for a beer with my friends.,Je suis allé boire une bière avec mes amis.
I went to sleep as soon as I got home.,J'allai au lit aussitôt que je rentrai chez moi.
I went to sleep as soon as I got home.,Je suis allé au lit aussitôt que je suis rentré chez moi.
I went to the hospital to see my wife.,Je suis allé à l'hôpital pour voir ma femme.
I will be expecting a letter from her.,J'attendrai une lettre d'elle.
I will definitely attend your funeral.,"Je prendrai part, sans faute, à ton enterrement."
I will definitely attend your funeral.,J'assisterai sans faute à ton enterrement.
I will have finished the work by noon.,J'aurai fini le travail pour midi.
I will probably get up early tomorrow.,Je vais probablement me lever tôt demain.
I will probably get up early tomorrow.,Je me lèverai probablement tôt demain.
I will speak to her about it directly.,Je lui en parlerai directement.
I will stay home if it rains tomorrow.,Je resterai à la maison s'il pleut demain.
I will stay home if it rains tomorrow.,Je resterai chez moi s'il pleut demain.
I wish I didn't have to tell you this.,J'aimerais ne pas avoir à vous dire ça.
I wish I didn't have to tell you this.,J'aimerais ne pas avoir à te dire ça.
I wish I had a good French dictionary.,J'aimerais avoir un bon dictionnaire de français.
I wish I had more time to talk to her.,Si seulement j'avais plus de temps pour lui parler.
I wish I had more time to talk to you.,J'aimerais avoir plus de temps pour parler avec toi.
I wish I knew what you're looking for.,J'aimerais savoir ce que tu cherches.
I wish I'd made better use of my time.,J'aurais aimé faire meilleur usage de mon temps.
I wish none of this had ever happened.,Je voudrais que rien de tout cela ne soit arrivé.
I wish somebody would help me do that.,J'aimerais que quelqu'un m'aide pour le faire.
I wish there was more I could've done.,J'aimerais avoir pu faire davantage.
I wish we could ask Tom that question.,J'espère que nous pouvons poser cette question à Tom.
I wish you had told me the truth then.,J'aurais aimé que tu me dises la vérité à ce moment-là.
I won't do that unless you want me to.,Je ne ferai pas ça à moins que tu veuilles que je le fasse.
I won't do that unless you want me to.,Je ne ferai pas ça à moins que tu le veuilles.
I won't do that unless you want me to.,Je ne ferai pas ça à moins que vous ne veuillez que je le fasse.
I won't do that unless you want me to.,Je ne ferai pas ça à moins que vous ne vouliez que je le fasse.
I won't do that unless you want me to.,Je ne ferai pas ça à moins que vous ne le veuillez.
I won't do that unless you want me to.,Je ne ferai pas ça à moins que vous ne le vouliez.
I won't repeat anything you say to me.,Je ne répéterai rien de ce que tu me dis.
I won't repeat anything you say to me.,Je ne répéterai rien de ce que vous me dites.
I wonder if Tom is still eating lunch.,Je me demande si Tom déjeune encore.
I wonder if Tom lied to us about that.,Je me demande si Tom nous a menti à propos de cela.
I wonder if Tom lied to us about that.,Je me demande si Tom nous a menti à propos de ça.
I wonder if he enjoyed the last match.,Je me demande s'il a aimé le dernier match.
I wonder if it will clear up tomorrow.,Je me demande si ça va se dégager demain.
I wonder what I'll do once I get home.,Je me demande ce que je vais faire une fois à la maison.
I wonder what's going to happen to us.,Je me demande ce qu'il va advenir de nous.
I wonder what's going to happen to us.,Je me demande ce qu'il va nous arriver.
I wondered if I could do such a thing.,Je me demandai si j'étais capable de faire une telle chose.
I would act differently in your place.,J'agirais différemment à votre place.
I would be more careful if I were you.,"Si j'étais vous, je serais plus prudente."
I would give anything to win her back.,Je donnerais n'importe quoi pour la reconquérir.
I would like to address two questions.,Je voudrais poser deux questions.
I would like to address two questions.,Je voudrais traiter deux questions.
I would like to be an English teacher.,J'aimerais être professeur d'anglais.
I would like to go to Russia sometime.,J'aimerais aller en Russie un jour.
I wouldn't like to work in a hospital.,Je n'aimerais pas travailler dans un hôpital.
I wouldn't want to be a brain surgeon.,Je n'aimerais pas être neurochirurgien.
I wouldn't want to be a brain surgeon.,Je n'aimerais pas être neurochirurgienne.
I wouldn't want to work in a hospital.,Je n'aimerais pas travailler dans un hôpital.
I'd be happy to discuss that with you.,Je serais heureux de discuter de cela avec vous.
I'd be happy to discuss that with you.,Je serais heureuse de discuter de ça avec toi.
I'd be unhappy if that happened again.,Je serais malheureux si ça se reproduisait.
I'd be unhappy if that happened again.,Je serais malheureuse si ça se reproduisait.
I'd be unhappy if that happened again.,Je serais malheureux si ça survenait à nouveau.
I'd be unhappy if that happened again.,Je serais malheureuse si ça survenait à nouveau.
I'd be very grateful if you'd help me.,Je te serais très reconnaissant si tu voulais bien m'aider.
I'd just like to ask Tom one question.,J'aimerais juste poser une question à Tom.
I'd like a nonstop flight to New York.,J'aimerais un vol direct pour New York.
I'd like to ask Tom to join our group.,J'aimerais demander à Tom de rejoindre notre groupe.
I'd like to be considered for the job.,J'apprécierais que ma candidature pour le poste soit prise en considération.
I'd like to be more than just friends.,J'aimerais que nous soyons davantage que juste des amis.
I'd like to check your blood pressure.,J'aimerais vérifier votre tension.
I'd like to check your blood pressure.,J'aimerais vérifier votre pression artérielle.
I'd like to eat curry rice for dinner.,Je voudrais manger du riz au curry pour le dîner.
I'd like to get a copy of that report.,J'aimerais obtenir une copie de ce rapport.
I'd like to handle this in my own way.,J'aimerais gérer ceci à ma façon.
I'd like to hear what your opinion is.,J'aimerais entendre ce qu'est votre opinion.
I'd like to hear what your opinion is.,J'aimerais entendre ce qu'est ton opinion.
I'd like to help you reach your goals.,J'aimerais vous aider à atteindre vos objectifs.
I'd like to help you reach your goals.,J'aimerais t'aider à atteindre tes objectifs.
I'd like to know if they have arrived.,Je voudrais savoir s'ils sont arrivés.
I'd like to know what happened to Tom.,J'aimerais savoir ce qu'il est arrivé à Tom.
I'd like to reserve a table for three.,J'aimerais réserver une table pour trois personnes.
I'd like to speak with Tom in private.,J'aimerais parler avec Tom en privé.
I'd like to speak with Tom in private.,J'aimerais parler avec Tom seul à seul.
I'd like to speak with you in private.,J'aimerais te parler en privé.
I'd like to speak with you in private.,J'aimerais vous parler en privé.
I'd like to stay here a little longer.,J'aimerais rester là un peu plus longtemps.
I'd like to talk about your situation.,J'aimerais discuter de votre situation.
I'd like to talk about your situation.,J'aimerais m'entretenir de votre situation.
I'd like to talk about your situation.,J'aimerais discuter de ta situation.
I'd like to talk about your situation.,J'aimerais m'entretenir de ta situation.
I'd like to talk to the hotel manager.,J'aimerais parler au directeur de l’hôtel.
I'd like to thank everyone who helped.,J'aimerais remercier tous ceux qui ont aidé.
I'd like to thank everyone who helped.,J'aimerais remercier toutes celles qui ont aidé.
I'd like you to meet a friend of mine.,J'aimerais que tu rencontres l'un de mes amis.
I'd like you to meet a friend of mine.,J'aimerais que tu rencontres l'une de mes amies.
I'd like you to meet a friend of mine.,J'aimerais que vous rencontriez l'un de mes amis.
I'd like you to meet a friend of mine.,J'aimerais que vous rencontriez l'une de mes amies.
I'd like you to tell me what happened.,J'aimerais que vous me disiez ce qui s'est passé.
I'd like you to tell me what happened.,J'aimerais que tu me dises ce qui s'est passé.
I'd never met Tom before this morning.,Je n'avais jamais rencontré Tom avant ce matin.
I'd never met Tom before this morning.,Je n'avais jamais rencontré Tom jusqu'à ce matin.
I'd prefer that you stay home tonight.,J'aimerais mieux que tu restes à la maison ce soir.
I'd prefer that you stay home tonight.,J'aimerais mieux que vous restiez à la maison ce soir.
I'd prefer to speak to you in private.,Je préfèrerais m'entretenir avec vous en privé.
I'd prefer to speak to you in private.,Je préfèrerais te parler en privé.
I'll ask Tom to teach me how to drive.,Je demanderai à Tom de m'apprendre à conduire.
I'll ask my brother to give me a ride.,Je demanderai à mon frère de me conduire.
I'll be happy to answer your question.,Je serai heureux de répondre à votre question.
I'll be happy to answer your question.,Je serai heureux de répondre à ta question.
I'll be very happy if I can serve you.,Je serai très heureux de pouvoir te servir.
I'll borrow an umbrella from somebody.,J'emprunterai un parapluie à quelqu'un.
I'll call when I've finished the work.,J'appellerai quand j'aurai fini le travail.
I'll call you right after the meeting.,Je vous appellerai juste après la réunion.
I'll call you right after the meeting.,Je t'appellerai juste après la réunion.
I'll call you when I arrive in Boston.,Je t'appellerai quand j'arriverai à Boston.
I'll call you when I arrive in Boston.,Je t'appellerai quand je serai arrivée à Boston.
I'll do anything to make it up to you.,Je ferai tout pour te rendre la pareille.
I'll do anything to make it up to you.,Je ferai tout pour vous rendre la pareille.
I'll do whatever it takes to save Tom.,"Je ferai tout ce qui est nécessaire, pour sauver Tom."
I'll eat something once I've finished.,Je mange quelque chose dès que j'ai fini.
I'll give you a day to think about it.,Je te donne un jour pour y penser.
I'll give you back the money tomorrow.,Je vous rendrai la monnaie demain.
I'll give you back the money tomorrow.,Je te rendrai l'argent demain.
I'll make an exception just this once.,"Je ferai une exception, juste cette fois."
I'll never be able to trust you again.,Je ne pourrai plus jamais te faire confiance.
I'll never be able to trust you again.,Je ne pourrai plus jamais vous faire confiance.
I'll put the eggs in the refrigerator.,Je mettrai les œufs au réfrigérateur.
I'll put you through to the president.,Je vous passe le président.
I'll see you at nine tomorrow morning.,Je te verrai à neuf heures demain matin.
I'll speak to anyone at extension 214.,Je répondrai au poste 214.
I'll take care of it as soon as I can.,J'y prêterai attention dès que je peux.
I'll take you anywhere you want to go.,Je t'amènerai partout où tu veux aller.
I'll take you anywhere you want to go.,Je vous amènerai partout où vous voulez aller.
I'll talk to you about it after lunch.,Je t'en ai parlé après le déjeuner.
I'll transfer you to the right person.,Je vous transfère à la bonne personne.
I'll try not to be late in the future.,À l'avenir je tâcherai de ne plus être en retard.
I'm afraid I can't save you this time.,"Je crains de ne pouvoir vous sauver, cette fois."
I'm afraid I can't save you this time.,"Je crains de ne pouvoir te sauver, cette fois."
I'm afraid I have to ask you to leave.,J'ai bien peur de devoir vous demander de partir.
I'm almost finished reading this book.,J'ai presque fini de lire ce livre.
I'm ashamed because I acted foolishly.,J'ai honte car j'ai agi stupidement.
I'm beginning to feel a little hungry.,Je commence à avoir un peu faim.
I'm beginning to feel a little sleepy.,Je commence à avoir un peu sommeil.
I'm beginning to feel guilty about it.,Je commence à me sentir coupable à ce sujet.
I'm beginning to think you're serious.,Je commence à penser que tu es sérieux.
I'm beginning to think you're serious.,Je commence à penser que tu es sérieuse.
I'm beginning to think you're serious.,Je commence à penser que vous êtes sérieux.
I'm beginning to think you're serious.,Je commence à penser que vous êtes sérieuses.
I'm buying myself a new pair of shoes.,Je m'achète une nouvelle paire de chaussures.
I'm determined to carry out this plan.,Je suis déterminé à mener à bien ce plan.
I'm developing an Android application.,Je suis en train de développer une application Android.
I'm glad you invited me to your party.,Je suis contente que tu m'aies invitée à la fête.
I'm glad you invited me to your party.,Je suis content que vous m'ayez invité à la fête.
I'm glad you invited me to your party.,Je suis contente que vous m'ayez invitée à la fête.
I'm glad you invited me to your party.,Je suis content que tu m'aies invité à la fête.
I'm going away for the summer holiday.,Je m'en vais pour les vacances d'été.
I'm going to drop in on her next week.,Je prévois de passer par chez elle la semaine prochaine.
I'm going to get my own way this time.,"Je vais faire à ma manière, cette fois-ci."
I'm going to get off at the next stop.,Je vais descendre au prochain arrêt.
I'm going to give you one more chance.,Je vais te donner une chance supplémentaire.
I'm going to give you one more chance.,Je vais vous donner une chance supplémentaire.
I'm going to give you one more chance.,Je vais te donner une chance de plus.
I'm going to give you one more chance.,Je vais vous donner une chance de plus.
I'm going to give you one more chance.,Je vais te donner une chance additionnelle.
I'm going to give you one more chance.,Je vais vous donner une chance additionnelle.
I'm going to hide somewhere near here.,Je vais me cacher quelque part près d'ici.
I'm going to hide somewhere near here.,Je vais me dissimuler quelque part près d'ici.
I'm going to play soccer after school.,Je vais jouer au foot après l'école.
I'm going to play tennis this evening.,Je vais jouer au tennis ce soir.
I'm going to take an umbrella with me.,Je vais prendre un parapluie avec moi.
I'm going to the party Saturday night.,Je vais à la fête samedi soir.
I'm growing tired of all this arguing.,Toutes ces disputes commencent à me fatiguer.
I'm in pain every minute of every day.,Je souffre chaque minute de chaque jour.
I'm interested in buying one of those.,Je suis intéressé par l'achat d'un de ceux-ci.
I'm just looking for a place to sleep.,Je cherche seulement un endroit où dormir.
I'm listening to Björk's latest song.,J'écoute la dernière chanson de Björk.
I'm not as smart as people think I am.,Je ne suis pas aussi intelligent que les gens le pensent.
I'm not feeling very hungry right now.,Je n'ai pas très faim à l'instant.
I'm not going to answer that question.,Je ne vais pas répondre à cette question.
I'm not going to do anything about it.,Je ne vais rien y faire.
I'm not going to do that until Monday.,Je ne vais pas le faire avant lundi.
I'm not going to force you to do that.,Je ne vais pas te forcer à le faire.
I'm not going to force you to do that.,Je ne vais pas vous forcer à le faire.
I'm not going to reveal their secrets.,Je ne vais pas révéler leurs secrets.
I'm not going to study French anymore.,Je ne vais plus étudier le français.
I'm not going to take this lying down.,Je ne vais pas accepter ça sans broncher.
I'm not going to try to do that today.,Je ne vais pas essayer de le faire aujourd'hui.
I'm not in a position to discuss that.,Je ne suis pas en situation de discuter de ça.
I'm not interested in politics at all.,La politique ne m'intéresse pas du tout.
I'm not now in a position to help you.,Je ne suis pas en mesure de vous aider.
I'm not qualified for this internship.,Je ne suis pas qualifié pour ce stage.
I'm not sure if Tom does that anymore.,Je ne sais plus si Tom le fait encore.
I'm not sure that that's a good thing.,Je ne suis pas sûr que ça soit une bonne chose.
I'm not sure that that's a good thing.,Je ne suis pas sûre que ça soit une bonne chose.
"I'm not sure yet, but I might do that.","Je ne suis pas encore sûr, mais il se peut que je le fasse."
I'm not the one who told Tom to leave.,Je ne suis pas celui qui a dit à Tom de partir.
I'm not the one who told Tom to leave.,Je ne suis pas celle qui a dit à Tom de partir.
I'm not the one who wrote this letter.,Ce n'est pas moi qui ai écrit cette lettre.
I'm not the one who wrote this letter.,Je ne suis pas celui qui a écrit cette lettre.
I'm not very interested in doing that.,Je ne suis pas très intéressé à faire ça.
I'm now officially part of this group.,Je fais maintenant officiellement partie de ce groupe.
I'm only doing this for your own good.,Je ne le fais que pour ton bien.
I'm only doing this for your own good.,Je ne le fais que pour ton bien à toi.
I'm only doing this for your own good.,Je ne le fais que pour votre bien.
I'm only doing this for your own good.,Je ne le fais que pour votre bien à vous.
I'm ordering you to leave immediately.,Je t'ordonne de partir immédiatement.
I'm ordering you to leave immediately.,Je vous ordonne de partir immédiatement.
I'm reading a novel by Sidney Sheldon.,Je suis en train de lire un roman de Sidney Sheldon.
I'm really starting to hate this town.,Je commence vraiment à détester cette ville.
"I'm so happy, I feel like I could fly.",Je suis si heureux que je m'élève dans le ciel.
I'm sorry for the delay in responding.,Je suis désolé pour la réponse tardive.
"I'm sorry, I forgot to do my homework.","Je suis désolé, j'ai oublié de faire mes devoirs."
"I'm sorry, I left my homework at home.","Je suis désolé, j'ai oublié mes devoirs chez moi."
"I'm sorry, I left my homework at home.","Je suis désolée, j'ai oublié mes devoirs chez moi."
"I'm sorry, but it's just not possible.","Je suis désolé, mais c'est tout simplement impossible."
"I'm sorry, but it's past your bedtime.","Je suis désolé, mais l'heure d'aller te coucher est passée."
"I'm sorry, but it's past your bedtime.","Je suis désolée, mais l'heure d'aller te coucher est passée."
I'm sorry. I have another appointment.,"Je suis désolé, j'ai un autre rendez-vous."
I'm sorry. I never wanted to hurt you.,Je suis désolé. Je n'ai jamais voulu te faire de mal.
I'm sorry. I'm a stranger around here.,Je suis désolé. Je ne suis pas d'ici.
I'm staying over at my friend's place.,Je passe la nuit chez mon ami.
I'm staying over at my friend's place.,Je passe la nuit chez mon amie.
I'm sure he'll be as good as his word.,Je suis certain qu'il tiendra parole.
I'm sure it's just a misunderstanding.,Je suis sûre que c'est juste un malentendu.
I'm sure it's just a misunderstanding.,Je suis sûr qu'il s'agit seulement d'un malentendu.
I'm sure the children are getting big.,Je suis sûre que les enfants grandissent.
I'm sure we'll be able to manage that.,Je suis sure que nous serons capables de gérer ça.
I'm sure we'll be able to manage that.,Je suis certain que nous serons capables de gérer cela.
I'm surprised Tom never mentioned you.,Je suis surpris que Tom ne m'ait jamais parlé de vous.
I'm the one who takes out the garbage.,Je suis celui qui sort les poubelles.
I'm the only one here who can do that.,Je suis le seul ici qui puisse faire cela.
I'm the only one here who can do that.,Je suis la seule ici qui puisse faire cela.
I'm three years older than my brother.,J'ai trois ans de plus que mon frère.
I'm tired of being treated like a kid.,J'en ai assez d'être traité comme un enfant.
I'm too tired to think about that now.,Je suis trop fatigué pour y réfléchir maintenant.
I'm very interested in social studies.,Les études sociales m'intéressent beaucoup.
I'm waiting for a very important call.,J'attends un appel très important.
I've already spoken to Tom about that.,J'en ai déjà parlé à Tom.
I've already taken care of everything.,Je me suis déjà occupé de tout.
I've been asked to become the manager.,On m'a demandé de devenir le gérant.
I've been asked to become the manager.,On m'a demandé de devenir le directeur.
I've been here almost three years now.,Cela fait presque trois ans que je suis ici.
I've been invited to a party tomorrow.,J'ai été invité à une fête demain.
I've been invited to a party tomorrow.,J'ai été invitée à une soirée demain.
I've been looking for a girl like you.,J’ai recherché une fille telle que toi.
I've been looking for a place to live.,Je cherchais un endroit où vivre.
I've been looking for my keys all day.,J'ai cherché mes clés toute la journée.
I've been to Boston quite a few times.,Je suis allée à Boston à plusieurs reprises.
I've been to Boston quite a few times.,Je suis allé à Boston plusieurs fois.
I've been waiting for her for an hour.,Je l'attends depuis une heure.
I've been waiting for him for an hour.,Je l'attends depuis une heure.
I've been waiting for him for an hour.,Ça fait une heure que je l'attends.
I've been waiting for you for 5 hours.,Je t'ai attendu pendant 5 heures.
I've been working here for many years.,Je travaille ici depuis plusieurs années.
I've been working here for many years.,Je travaille ici depuis des années.
I've decided to give everyone a raise.,J'ai décidé d'augmenter tout le monde.
I've decided to give everyone a raise.,J'ai décidé de donner une augmentation à tout le monde.
I've discovered the victim's identity.,J'ai découvert l'identité de la victime.
I've got everything I need right here.,J'ai tout ce dont j'ai besoin ici.
I've got to get back home by midnight.,Il me faut être rentré chez moi pour minuit.
I've got to get back home by midnight.,Il me faut être rentrée chez moi pour minuit.
I've got to get back home by midnight.,Je dois être rentré chez moi pour minuit.
I've got to get back home by midnight.,Je dois être rentrée chez moi pour minuit.
I've got to skedaddle or I'll be late.,Je dois me grouiller ou je vais être en retard.
I've had enough of your snide remarks.,J'en ai assez de tes railleries.
I've had enough of your snide remarks.,J'en ai assez de vos railleries.
I've had enough of your stupid gossip.,J'en ai assez de tes ragots stupides.
I've heard that name somewhere before.,J'ai déjà entendu ce nom quelque part.
I've heard this story scores of times.,J'ai entendu cette histoire des dizaines de fois.
I've learned something from this book.,J'ai appris quelque chose de ce livre.
I've learned to expect the unexpected.,J'ai appris à m'attendre à l'imprévisible.
I've learned to think like Tom thinks.,J'ai appris à penser comme Tom.
I've never had trouble falling asleep.,Je n'ai jamais eu de mal à m'endormir.
I've never met a man as stupid as you.,Je n'ai jamais rencontré d'homme aussi con que toi !
I've never seen such a beautiful girl.,Je n'ai jamais vu une aussi belle fille.
I've never spoken to anyone in French.,Je n'ai jamais parlé à quelqu'un en français.
I've never stolen anything in my life.,Je n’ai jamais rien volé de ma vie.
I've put your birthday on my calendar.,J'ai ajouté ton anniversaire sur mon calendrier.
I've put your birthday on my calendar.,J'ai ajouté votre anniversaire sur mon calendrier.
I've reached the limits of my ability.,J'ai atteint les limites de mes capacités.
I've reduced the amount of meat I eat.,J'ai diminué la quantité de viande que je mange.
Ice covers the lake during the winter.,"La glace recouvre le lac, durant l'hiver."
"If I had known, I would have told you.","Si j'avais su, je te l'aurais dit."
"If I had known, I would not have come.","Si j'avais su, je ne serais pas venu."
"If I knew what to do, I'd be doing it.","Si je savais quoi faire, je le ferais."
"If I were you, I'd go home right away.","Si j'étais toi, je rentrerais tout de suite."
"If he comes, what should I say to him?","S'il venait, que devrais-je lui dire ?"
If only I hadn't been in such a hurry!,Si seulement je n'avais pas été si pressé !
If only I hadn't been in such a hurry!,Si seulement je n'avais pas été si pressée !
"If you ask me, she's a little unusual.","Si tu veux savoir, elle est un peu hors norme."
"If you don't behave, Santa won't come.","Si tu ne te conduis pas comme il faut, le Père Noël ne viendra pas."
"If you don't want to read, then don't.","Si vous ne voulez pas lire, alors ne lisez pas."
"If you eat that much, you'll get sick.","Si tu manges autant, tu seras malade."
"In case of emergency, call the police.","En cas d'urgence, alerte la police."
"In case of emergency, call the police.","En cas d'urgence, appelle la police."
"In some places, people died of hunger.","En certains endroits, les gens mouraient de faim."
"In the north, it's cold in the winter.","Au nord, il fait froid en hiver."
"In the polls, both parties are on par.","Dans les sondages, les deux partis sont à égalité."
In which folder did you save the file?,Dans quel dossier as-tu enregistré le fichier ?
"Instead of eating here, let's go home.","Au lieu de manger ici, allons à la maison."
Is Japanese taught in your school now?,Est-ce qu'on enseigne le japonais dans ton école en ce moment ?
Is anyone coming besides your friends?,Quiconque vient-il en dehors de tes amis ?
Is anyone coming besides your friends?,Quiconque vient-il en dehors de vos amis ?
Is anyone coming besides your friends?,Quiconque vient-il à part vos amis ?
Is that what you think I want to hear?,Est-ce ce que tu penses que je veux entendre ?
Is that what you think I want to hear?,Est-ce ce que vous pensez que je veux entendre ?
Is that what you think I want to hear?,Est-ce là ce que tu penses que je veux entendre ?
Is that what you think I want to hear?,Est-ce là ce que vous pensez que je veux entendre ?
Is that what you think I want to hear?,Est-ce ce que vous pensez que je veuille entendre ?
Is that what you think I want to hear?,Est-ce là ce que vous pensez que je veuille entendre ?
Is that what you wanted to talk about?,C'est de ça dont tu voulais parler ?
Is the movie theater near the station?,Le cinéma est-il proche de la gare ?
Is there a souvenir shop in the hotel?,Y a-t-il une boutique de souvenirs dans l'hôtel ?
Is there an elevator in this building?,Y a-t-il un ascenseur dans cet immeuble ?
Is there an elevator in this building?,Est-ce qu'il y a un ascenseur dans cet immeuble ?
Is there any beer in the refrigerator?,Y a-t-il de la bière au réfrigérateur ?
Is there any likelihood of his coming?,Y a-t-il la moindre probabilité qu'il vienne ?
Is there any mail for me this morning?,Y a-t-il une lettre pour moi ce matin ?
Is there anyone else who wants to eat?,Y a-t-il quelqu'un d'autre qui souhaiterait manger ?
Is there anything I should know about?,Il y a quelque chose que je dois savoir ?
Is there anything we could do to help?,Y-a-il quelque chose que nous pouvons faire pour aider ?
Is there anything you want to tell me?,Y a-t-il quoi que ce soit que tu veuilles me dire ?
Is there anything you want to tell me?,Y a-t-il quoi que ce soit que vous veuillez me dire ?
Is there anything you want to tell me?,Y a-t-il quoi que ce soit que vous vouliez me dire ?
Is there anything you want to tell us?,Y a-t-il quelque chose que tu veux nous dire ?
Is there anything you want to tell us?,Y a-t-il quelque chose que vous souhaitez nous dire ?
Is there anything you'd like to share?,Y a-t-il quelque chose que vous aimeriez partager ?
Is there somebody you want to talk to?,Y a-t-il quelqu'un à qui vous vouliez parler ?
Is there somebody you want to talk to?,Y a-t-il quelqu'un avec qui vous vouliez discuter ?
Is there somebody you want to talk to?,Y a-t-il quelqu'un avec qui vous vouliez vous entretenir ?
Is there somebody you want to talk to?,Y a-t-il quelqu'un avec qui tu veuilles discuter ?
Is there somebody you want to talk to?,Y a-t-il quelqu'un à qui tu veuilles parler ?
Is there somebody you want to talk to?,Y a-t-il quelqu'un avec qui tu veuilles t'entretenir ?
Is there something you want to ask me?,Y a-t-il quelque chose que tu veuilles me demander ?
Is there something you want to ask me?,Y a-t-il quelque chose que vous vouliez me demander ?
Is your suitcase as heavy as it looks?,Ta valise est-elle aussi lourde qu'elle en a l'air ?
Is your suitcase as heavy as it looks?,Votre valise est-elle aussi lourde qu'elle en a l'air ?
Isn't that what you're supposed to do?,N'est-ce pas ce que tu es supposé faire ?
Isn't that what you're supposed to do?,Cela n'est-il pas ce que vous êtes supposés faire ?
Isn’t love supposed to last forever?,L'amour n'est-il pas censé durer toujours ?
It couldn't have come at a worse time.,Ça n'aurait pu venir à pire moment.
It depends on how much money you have.,Ça dépend de combien d'argent tu disposes.
It depends on how much money you have.,Ça dépend de combien d'argent vous disposez.
It doesn't need to be done right away.,Cela n'a pas besoin d'être fait tout de suite.
It doesn't really matter much anymore.,Ça n'a plus vraiment beaucoup d'importance.
It has been many years since she died.,Elle est décédée il y a tant d'années !
It is bold of you to say such a thing.,C'est gonflé de ta part de dire ça.
It is cold outdoors. Put on your coat.,Il fait froid dehors. Enfile ton manteau.
It is cold outdoors. Put on your coat.,Il fait froid à l'extérieur. Mets ton manteau.
It is difficult to solve this problem.,Il est difficile de résoudre ce problème.
It is doubtful whether this will work.,Il est douteux que cela fonctionne.
It is high time you spilled the beans.,Il est grand temps que vous vous mettiez à table.
It is high time you spilled the beans.,Il est grand temps que vous crachiez le morceau.
It is just a year since I got married.,Cela fait juste un an que je suis marié.
It is necessary that you see a doctor.,Il est nécessaire que tu ailles voir un docteur.
It is not clear who wrote this letter.,L'identité de l'auteur de cette lettre n'est pas claire.
It is stupid of you to believe in him.,C'est stupide de ta part de le croire.
It is two miles from here to the park.,Le parc est à deux miles d'ici.
It is very hot in the summer in Japan.,Il fait très chaud en été au Japon.
It isn't easy to understand his ideas.,Il n'est pas facile de comprendre ses idées.
It looks like it's just the two of us.,Il semble que nous soyons tous les deux seuls.
It looks like l've come at a bad time.,On dirait que je tombe mal.
It looks like we'll get there in time.,Il semble que nous y parviendrons à temps.
It looks like you're wearing my shoes.,On dirait que tu portes mes chaussures.
It rained continuously for three days.,Il a plu trois jours de rang.
"It really doesn't affect you, does it?","Ça ne vous affecte vraiment pas, si ?"
It seemed like you weren't interested.,Il semblait que tu n'étais pas intéressé.
It seemed like you weren't interested.,Il semblait que tu n'étais pas intéressée.
It seemed like you weren't interested.,Il semblait que vous n'étiez pas intéressé.
It seemed like you weren't interested.,Il semblait que vous n'étiez pas intéressée.
It seemed like you weren't interested.,Il semblait que vous n'étiez pas intéressés.
It seemed like you weren't interested.,Il semblait que vous n'étiez pas intéressées.
It seems less crowded during the week.,On dirait qu'il y a moins de monde en semaine.
It seems she is over thirty years old.,Il semble qu’elle ait passé la vingtaine.
It seems to me that something's wrong.,J'ai l'impression que quelque chose cloche.
It seems to me that something's wrong.,On dirait que quelque chose ne va pas.
It was a mess in the department store.,C'était un bordel dans le grand magasin.
It was my first night among strangers.,C'était ma première nuit parmi des étrangers.
It was nice and warm inside the house.,Il faisait chaud et bon dans la maison.
It was really just a misunderstanding.,Ce n'était vraiment qu'un malentendu.
It was sweet of you to do this for us.,C'était chouette de ta part de faire ça pour nous.
It was the proudest moment of my life.,Ce fut le moment de plus grande fierté de ma vie.
It wasn't me who translated this text.,Ce n'est pas moi qui ai traduit ce texte.
It won't take me much time to do that.,Ça ne va pas me prendre beaucoup de temps de faire ça.
It would be better to stay home today.,Il serait préférable de traîner à la maison aujourd'hui.
"It's a little late for that, isn't it?","Il est un peu trop tard pour ça, non ?"
It's a problem any way you look at it.,"C'est un problème, de quelque manière qu'on le voie."
It's because of you that we were late.,C'est à cause de toi que nous avons été en retard.
It's because of you that we were late.,C'est à cause de vous que nous étions en retard.
It's been a while since I've seen you.,Ça fait un bail que je ne vous ai pas vu.
It's been a while since I've seen you.,Ça fait un bail que je ne t'ai pas vu.
It's been ten years since we last met.,Cela fait dix ans que l'on ne s'est pas vus.
It's been years since I played tennis.,Cela fait des années que je n'ai pas joué au tennis.
It's best to put covers on paperbacks.,C'est mieux de couvrir les livres de poche.
It's cold. Could you close the window?,Il fait froid. Pourriez-vous fermer la fenêtre ?
It's cold. Could you close the window?,Il fait froid. Pourrais-tu fermer la fenêtre ?
It's dangerous to live near a volcano.,C'est dangereux d'habiter près d'un volcan.
It's getting light. Morning is coming.,Ça s'éclaircit. Le matin arrive.
It's going to be difficult to do that.,Ça va être difficile à faire.
It's great that you were able to come.,C'est génial que tu aies pu venir !
It's great that you were able to come.,C'est génial que tu aies pu venir.
It's hard to learn a foreign language.,Il est difficile d'apprendre une langue étrangère.
It's hard to talk about your feelings.,Il est difficile de parler de ses sentiments.
It's no easy task to keep up with him.,Ce n'est pas tâche facile de le suivre.
It's not Tom Mary has been protecting.,Ce n'est pas Tom que Mary cherchait à protéger.
It's not easy to understand his ideas.,Il n'est pas facile de comprendre ses idées.
It's not safe to text while you drive.,Il est dangereux d'envoyer des SMS quand vous conduisez.
It's obvious that you don't live here.,C'est évident que tu ne vis pas ici.
It's one of the basic human instincts.,C'est l'un des instincts humains de base.
It's only ten minutes' walk from here.,C'est juste à dix minutes de marche d'ici.
It's ten minutes' walk to the station.,C'est à dix minutes de marche depuis la station.
It's time for us to change the system.,Il est temps pour nous de changer le système.
It's true that he is in love with her.,Il est vrai qu'il est amoureux d'elle.
It's unbelievable how fast time flies.,"C'est incroyable, la vitesse à laquelle le temps file."
It's very difficult to understand him.,Il est très difficile de le comprendre.
It's very hard for me to trust anyone.,Il m'est très difficile de faire confiance à quiconque.
It's very hard for me to trust anyone.,Il m'est très difficile de me fier à qui que ce soit.
It's very likely that he'll be chosen.,Il est très probable qu'il sera choisi.
It's very likely that he'll be chosen.,Il est hautement probable qu'il sera choisi.
It's you who've acted inappropriately.,C'est toi qui as agi de manière inappropriée.
It's you who've acted inappropriately.,C'est vous qui avez agi de manière inappropriée.
It's your turn to answer the question.,C'est à ton tour de répondre à la question.
Japan imports a large quantity of oil.,Le Japon importe une grande quantité de pétrole.
Japan imports a large quantity of oil.,Le Japon importe de grandes quantités de pétrole.
Japan imports oranges from California.,Le Japon importe des oranges de Californie.
Job security is a priority over wages.,La sécurité de l'emploi est prioritaire sur le salaire.
"Just a few days ago, we were so happy.","Il y a seulement quelques jours, nous étions si heureux."
Just pretend like everything's normal.,Fais comme si tout était normal.
Keep both hands on the steering wheel.,Garde les deux mains sur le volant.
King Solomon was known for his wisdom.,Le roi Salomon était connu pour sa sagesse.
Kyoto depends on the tourist industry.,Kyoto dépend de l'industrie du tourisme.
Kyoto depends on the tourist industry.,Kyoto dépend du secteur du tourisme.
Kyoto was the former capital of Japan.,Kyoto était l'ancienne capitale du Japon.
"Ladies and gentlemen, please sit down.","Mesdames et Messieurs, asseyez-vous, s'il vous plaît."
"Last year, I decided to come to Japan.",J'ai décidé l'année dernière de venir au Japon.
Let me give you a ride to the station.,Laisse-moi t'accompagner en voiture jusqu'à la gare.
Let's ask the boy who lives next door.,Posons la question au garçon qui habite à côté.
Let's continue from where we left off.,Reprenons là où nous en étions !
Let's do this before I change my mind.,Faisons ceci avant que je change d'avis.
Let's eat before our dinner gets cold.,Mangeons avant que notre dîner ne refroidisse.
Let's eat in the park like we used to.,"Mangeons dans le parc, comme nous le faisions auparavant."
Let's go to a store with lower prices.,Allons dans un magasin avec des prix moins élevés.
Let's hope that common sense prevails.,Espérons que le bon sens l'emporte.
Let's hurry. We don't want to be late.,Dépêchons-nous ! Nous ne voulons pas être en retard.
Let's hurry. We don't want to be late.,Pressons-nous ! Nous ne voulons pas être en retard.
Let's hurry. We don't want to be late.,Activons-nous ! Nous ne voulons pas être en retard.
Let's not go to that restaurant again.,N'allons plus à ce restaurant.
Let's not talk about your job tonight.,Ne parlons pas de ton travail ce soir.
Let's order a smaller pizza next time.,Commandons une plus petite pizza la prochaine fois.
Let's play either backgammon or chess.,Jouons soit au backgammon soit aux échecs.
Let's quit here and continue tomorrow.,Arrêtons là et continuons demain.
Let's see if you've made any mistakes.,Voyons si tu as fait des erreurs.
Let's start with the easiest question.,Commençons avec la question la plus facile.
Let's take up this matter after lunch.,Occupons-nous de cela après le déjeuner.
Lincoln was elected President in 1860.,Lincoln fut élu président en 1860.
Look at the map on the wall carefully.,Regardez attentivement la carte qui est sur le mur.
Look up the phrase in your dictionary.,Cherche l'expression dans ton dictionnaire.
Man is the only animal that can laugh.,L’Homme est le seul animal qui peut rigoler.
Man is the only animal that can speak.,L'homme est le seul animal qui parle.
Many Americans are interested in jazz.,De nombreux Américains s'intéressent au Jazz.
Many Americans wanted a gold standard.,De nombreux Étasuniens voulaient un étalon or.
Many goods are now transported by air.,"De nos jours, beaucoup de marchandises sont transportées par avion."
Many leaders supported the compromise.,De nombreux leaders ont appuyé le compromis.
Many people spend more than they earn.,Beaucoup de gens dépensent davantage qu'ils ne gagnent.
Many people were late for the concert.,De nombreuses personnes furent en retard au concert.
Many tourists visit Boston every year.,Beaucoup de touristes visitent Boston chaque année.
Many tourists visit Boston every year.,Beaucoup de touristes visitent Boston tous les ans.
Marika translated my book into German.,Marika a traduit mon livre en allemand.
Marriage is the last thing on my mind.,Le mariage est la dernière chose que j'ai en tête.
Mary asked Tom to shave off his beard.,Mary a demandé à Tom de raser sa barbe.
Mary showed Alice her engagement ring.,Mary montra à Alice sa bague de fiançailles.
Mary took the cookies out of the oven.,Marie a sorti les gâteaux du four.
Mary wants both a career and a family.,Mary veut à la fois une carrière et une famille.
Mary was looking for you at that time.,Mary te cherchait à ce moment-là.
Mathematics is an interesting subject.,Les mathématiques sont un sujet intéressant.
May I ask what you are working on now?,Puis-je vous demander sur quoi vous travaillez maintenant ?
Maybe I will buy a brand-new computer.,Je vais peut-être acheter un ordinateur tout neuf.
Maybe Tom can be persuaded to help us.,Peut-être que Tom peut être persuadé de nous aider.
Maybe Tom isn't as stupid as he looks.,Peut-être que Tom n'est pas aussi stupide qu'il en a l'air.
Maybe there's a better way to do this.,"À mon avis, il y a un meilleur moyen de faire ceci."
Maybe we should talk about this first.,Peut-être qu'on devrait parler de ceci en premier.
Maybe we should talk about this first.,On devrait peut-être parler de ceci en premier.
Maybe we should talk about this first.,Il faudrait peut-être parler de ceci en premier.
Maybe we should talk about this first.,Peut-être qu'il faudrait parler de ceci en premier.
Maybe we should talk about this first.,Peut-être devrions-nous parler de ceci au préalable.
Maybe you should just leave Tom alone.,Peut-être devrais-tu simplement laisser Tom seul.
Maybe you're not getting enough sleep.,Peut-être que tu ne dors pas assez.
Maybe your earring is under the table.,Peut-être votre boucle d'oreille se trouve-t-elle sous la table.
Money does not always bring happiness.,L'argent n'amène pas toujours le bonheur.
"Money doesn't grow on trees, you know.","L'argent ne pousse pas dans les arbres, tu sais."
Most girls think that they are pretty.,La plupart des filles pensent qu'elles sont jolies.
Most of the policemen lost their jobs.,La plupart des policiers perdirent leur emploi.
Most people can't tell the difference.,La plupart des gens sont incapables de faire la différence.
Most young people have a mobile phone.,La plupart des jeunes ont un téléphone portable.
"Most, if not all, people enjoy eating.","La plupart des gens, sinon tous, apprécient de manger."
Mother was very busy most of the time.,Mère était très occupée la plupart du temps.
My T-shirt shrank because I washed it.,Mon T-shirt a rétréci parce que je l'ai lavé.
"My baby began crying, asking for milk.","Mon bébé s'est mis à pleurer, il voulait téter."
My birthday falls on Friday this year.,Mon anniversaire tombe un vendredi cette année.
My boss wants me to work late tonight.,Mon patron veut que je travaille tard ce soir.
My boy can't do addition properly yet.,Mon garçon ne sait pas encore faire correctement les additions.
My brother eats twice as much as I do.,Mon frère mange deux fois plus que moi.
My brother gets up every morning at 7.,Mon frère se lève tous les matins à 7 heures.
My cousin is a little older than I am.,Mon cousin est un peu plus âgé que moi.
My cousin is getting married tomorrow.,Mon cousin se marie demain.
My cousin is getting married tomorrow.,Ma cousine se marie demain.
My cousin is having a baby next month.,Mon cousin va avoir un bébé le mois prochain.
My cousin is having a baby next month.,Ma cousine va avoir un bébé le mois prochain.
My daughter is to get married in June.,Ma fille va se marier en juin.
My father caught three fish yesterday.,Mon père a attrapé trois poissons hier.
My father doesn't drink too much sake.,Mon père ne boit pas trop de saké.
My father doesn't eat fruit that much.,Mon père ne mange pas tant que ça de fruits.
My father doesn't eat fruit that much.,Mon père ne mange pas beaucoup de fruits.
My father has been dead for ten years.,Cela fait dix ans que mon père est mort.
My father is always forgetting things.,Mon père oublie tout.
My father is suffering from influenza.,Mon père souffre de la grippe.
My father knows your mother very well.,Mon père connaît très bien ta mère.
My father usually comes home at seven.,Mon père rentre généralement à sept heures.
My father will support me financially.,Mon père me soutient financièrement.
My flight leaves in less than an hour.,Mon vol part dans moins d'une heure.
My friend said she bought a new watch.,Mon amie a dit qu'elle a acheté une nouvelle montre.
My glasses keep slipping down my nose.,Mes lunettes glissent constamment au bout de mon nez.
My grades have improved significantly.,Mes notes se sont améliorées de manière significative.
My grandfather is very hard to please.,Mon grand-père est tatillon.
My grandfather was wounded in the war.,Mon grand-père a été blessé à la guerre.
My grandparents had a house in Boston.,Mes grands-parents avaient une maison à Boston.
My hobby is collecting foreign stamps.,Mon passe-temps est de collectionner les timbres étrangers.
My idea is quite different from yours.,Mon idée est assez différente de la vôtre.
My idea is quite different from yours.,Mon idée est assez différente de la tienne.
My legs are getting better day by day.,"Jour après jour, mes jambes vont de mieux en mieux."
My mother gets up early every morning.,Ma mère se lève tôt chaque matin.
My mother grows flowers in her garden.,Ma mère cultive des fleurs dans son jardin.
My mother has gone to the beauty shop.,Ma mère est partie au salon de beauté.
My mother has made me what I am today.,Ma mère a fait de moi ce que je suis aujourd'hui.
My mother said that she was all right.,Ma mère dit qu'elle allait bien.
My mother takes a nap every afternoon.,Ma mère fait un somme tous les après-midi.
My parents died when I was very young.,Mes parents sont décédés lorsque j'étais très jeune.
My parents wanted me to go to college.,Mes parents voulaient que j'aille à l'université.
My premonition turned out to be right.,Ma prémonition s'avéra exacte.
My premonition turned out to be right.,Ma prémonition s'avéra.
My schedule is really tight right now.,Mon programme est vraiment chargé en ce moment.
My sister has her hair done each week.,Ma sœur se fait coiffer chaque semaine.
My son can neither read nor write yet.,Mon fils ne sait encore ni lire ni écrire.
My uncle calls on me every three days.,Mon oncle me rend visite tous les trois jours.
My uncle died of cancer two years ago.,Mon oncle est mort d'un cancer il y a deux ans.
My uncle is an amateur cricket player.,Mon oncle est un joueur de cricket amateur.
My uncle is staying with us this week.,Mon oncle reste avec nous cette semaine.
My vet recommended euthanizing my dog.,Mon vétérinaire m'a recommandé d'euthanasier mon chien.
My vision is getting worse these days.,Ma vue empire en ce moment.
My wife is afraid to drive my new car.,Ma femme a peur de conduire ma nouvelle voiture.
Napoleon was banished to Elba in 1814.,Napoléon fut exilé à l'île d'Elbe en 1814.
Neither of my parents is still living.,Aucun de mes parents n'est encore vivant.
Neither of my parents went to college.,Aucun de mes parents n'a été à l'université.
Neither of those books is interesting.,Aucun de ces ouvrages n'est intéressant.
Next time it will be my turn to drive.,La prochaine fois ce sera à moi de conduire.
"Next, I'd like to sing a song I wrote.","Après, j'aimerais chanter une chanson de ma composition."
"Nickel is a hard, bright silver metal.","Le nickel est un métal dur, d'une lueur argentée."
No doubt he will pass the examination.,Il sera sans doute reçu à l'examen.
"No matter what happens, don't give up.","Quoiqu'il arrive, n'abandonne pas."
"No matter what happens, don't give up.","Quoiqu'il arrive, n'abandonnez pas."
No one has ever complained about that.,Personne ne s'est jamais plaint de cela.
No one lives in that building anymore.,Personne ne vit plus dans cet immeuble.
No one seemed particularly optimistic.,Personne ne sembla particulièrement optimiste.
No one wants to listen to my opinions.,Personne ne veut entendre mon avis.
No students could answer the question.,Aucun étudiant ne pouvait répondre à la question.
Nobody else at the party spoke French.,"Personne d'autre, à la fête, ne parlait français."
Nobody was able to suggest a solution.,Personne n'était capable de proposer une solution.
None of their promises have been kept.,Aucune de leurs promesses n'ont été tenues.
Not every question deserves an answer.,Toute question ne mérite pas de réponse.
Not everybody was as lucky as we were.,Tout le monde ne fut pas aussi chanceux que nous le fûmes.
"Not knowing what to do, I did nothing.","Ne sachant pas quoi faire, je n'ai rien fait."
Nothing is more important than health.,Rien n'est plus important que la santé.
Old people need something to live for.,Les personnes âgées ont besoin de vivre pour quelqu'un.
"On July tenth, the veto was announced.","Le 10 juillet, le veto fut annoncé."
"Once a month, I go to the hairdresser.","Une fois pas mois, je vais chez le coiffeur."
One of the aircraft's engines cut out.,Un des moteurs de l'avion s'arrêta.
One of the names on the list was mine.,Un des noms de la liste était le mien.
One of the students didn't come today.,Un des étudiants n’est pas venu aujourd’hui.
Only four horses competed in the race.,Il n'y a que quatre chevaux à concourir dans cette course.
Only one person survived the accident.,Une seule personne survécut à cet accident.
Only one person survived the accident.,Une seule personne a survécu à l'accident.
Opposition to the embargo was growing.,L'opposition à l'embargo allait croissante.
Our city is getting bigger and bigger.,Notre ville devient de plus en plus grande.
Our committee consists of ten members.,Notre comité se compose de dix membres.
Our feud traces back to our childhood.,Notre inimitié remonte à notre enfance.
Our hens laid a lot of eggs yesterday.,Nos poules ont pondu hier quantité d'œufs.
Our teacher sometimes speaks too fast.,Notre instituteur parle parfois trop vite.
Our teacher sometimes speaks too fast.,Notre institutrice parle parfois trop vite.
Our university has a beautiful campus.,Notre université a un beau campus.
Parents were hopeful about the future.,Les parents avaient bon espoir en l'avenir.
People don't always behave rationally.,Les gens ne se comportent pas toujours de façon rationnelle.
People don't buy milk from this store.,Personne n'achète son lait dans ce magasin.
People have started arming themselves.,Les gens ont commencé à s'armer.
People who break the law are punished.,Les gens qui violent la loi sont punies.
Pick out the shirt that you like best.,Choisissez la chemise qui vous plaît le mieux.
Ping pong is also called table tennis.,Le ping-pong est aussi appelé tennis de table.
Please correct me if I make a mistake.,Veuillez me corriger si je fais une erreur.
Please correct me if I make a mistake.,"Corrige-moi si je fais une erreur, s'il te plaît."
Please don't distract me from my work.,"Ne me distrayez pas de mon travail, je vous prie."
Please don't distract me from my work.,"Ne me distrais pas de mon travail, je te prie."
Please find a solution to the problem.,"Trouve une solution à ce problème, s'il te plaît."
Please find a solution to the problem.,Prière de trouver une solution à ce problème.
Please find a solution to the problem.,Veuillez trouver une solution à ce problème.
Please give me your permanent address.,Veuillez me donner votre adresse permanente.
Please give me your permanent address.,"Donne-moi ton adresse permanente, s'il te plaît."
Please give my regards to your father.,Veuillez présenter mes amitiés à votre père.
Please give my regards to your father.,"Présente mes amitiés à ton père, s'il te plaît."
Please hand this in at the front desk.,"Remets ça à l'accueil, je te prie !"
Please hand this in at the front desk.,Veuillez remettre ça à l'accueil !
Please handle it with the utmost care.,Veuillez le manipuler avec le plus grand soin.
Please handle it with the utmost care.,Je te prie de la manipuler avec le plus grand soin.
Please look at these papers carefully.,Veuillez regarder ces papiers avec soin.
Please make three copies of each page.,Merci de faire trois copies de chaque page.
Please put your baggage on this scale.,Veuillez placer vos bagages sur cette balance.
Please show me the way to the station.,Montrez-moi le chemin vers la station s'il vous plait.
Please sign your name on the contract.,Veuillez signer le contrat.
Please tell me what I should do first.,"Dites-moi ce que je devrais faire en premier, s'il vous plaît."
Please tell me what I should do first.,"S'il te plaît, dis-moi ce que je devrais faire d'abord."
Please tell me what you know about it.,Veuillez me dire ce que vous en savez.
Politicians are good at raising money.,Les politiciens sont bons dans la collecte de fonds.
Promise me that you won't tell anyone.,Promets-moi que tu ne le diras à personne.
Promise me you'll never do that again.,Promets-moi de ne jamais refaire ça !
Promise me you'll never do that again.,Promettez-moi de ne jamais refaire ça !
Put it where children can't get at it.,Mettez-le hors de portée des enfants.
Recently I moved to another apartment.,"Récemment, j'ai emménagé dans un nouvel appartement."
Recycling reduces pollution and waste.,Le recyclage réduit la pollution et les déchets.
Rigor mortis sets in soon after death.,La raideur cadavérique s'installe rapidement après la mort.
Save up so that you can go to college.,Économise afin de pouvoir aller à l'université.
Schedules are difficult to coordinate.,Les emplois du temps sont difficiles à coordonner.
Sea turtles are magnificent creatures.,Les tortues de mer sont de magnifiques créatures.
Sentences begin with a capital letter.,Les phrases commencent par une majuscule.
She accused him of having lied to her.,Elle l'accusa de lui avoir menti.
She accused him of having lied to her.,Elle l'a accusé de lui avoir menti.
She accused him of stealing her money.,Elle l'a accusé de lui avoir volé de l'argent.
She advised him not to buy a used car.,Elle lui déconseilla d'acheter une voiture d'occasion.
She advised him not to drink too much.,Elle lui a conseillé de ne pas trop boire.
She advised him not to drink too much.,Elle lui conseilla de ne pas trop boire.
She advised him not to drive too fast.,Elle lui a conseillé de ne pas conduire trop vite.
She advised him not to drive too fast.,Elle lui conseilla de ne pas conduire trop vite.
She advised him on what books to read.,Elle le conseilla sur les livres à lire.
She advised him on what books to read.,Elle l'a conseillé sur les livres à lire.
She advised him to go to the hospital.,Elle lui conseilla de se rendre à l'hôpital.
She advised him to go to the hospital.,Elle lui a conseillé de se rendre à l'hôpital.
She always says nice things about him.,Elle dit toujours des choses sympa à son sujet.
She always says nice things about him.,Elle dit toujours des choses agréables à son sujet.
She always takes care of her children.,Elle prend toujours soin de ses enfants.
She baked bread and cakes in the oven.,Elle a fait cuire du pain et des gâteaux dans le four.
She brags about how well she can cook.,Elle se vante de bien cuisiner.
She called me up very late last night.,Elle m'a appelé très tard la nuit dernière.
She called up her mother on the phone.,Elle appela sa mère au téléphone.
She came back soon after five o'clock.,Elle est rentrée à cinq heures et quelques.
She came here as soon as she heard it.,Elle est venue ici dès qu'elle l'a entendu.
She changed her schedule to match his.,Elle changea son horaire pour se caler sur le sien.
She changed her schedule to match his.,Elle a changé son horaire pour se caler sur le sien.
She comes to see me from time to time.,Elle vient me voir de temps à autre.
She complained to him about the noise.,Elle se plaignit à lui à propos du bruit.
She complained to him about the noise.,Elle s'est plainte à lui à propos du bruit.
She could face a ten-year prison term.,Elle pourrait être passible d'une peine de dix ans d'emprisonnement.
She couldn't come because he was sick.,Elle ne put venir parce qu'il était malade.
She couldn't come because he was sick.,Elle n'a pas pu venir parce qu'il était malade.
She decided not to attend the meeting.,Elle décida de ne pas participer à la réunion.
She did nothing but cry all the while.,Elle n'a rien fait pendant tout ce temps si ce n'est pleurer.
She did nothing but cry all the while.,"Tout ce temps, elle n'a rien fait d'autre que pleurer."
She didn't intend to let him kiss her.,Elle n'avait pas l'intention de le laisser l'embrasser.
She didn't say a word to me all night.,Elle ne me dit mot de toute la soirée.
She didn't say a word to me all night.,Elle ne m'a pas dit un mot de toute la soirée.
She didn't want him to leave the room.,Elle ne voulut pas qu'il quitte la pièce.
She didn't want him to leave the room.,Elle n'a pas voulu qu'il quitte la pièce.
She divided the cake into five pieces.,Elle partagea la tarte en cinq.
She divided the cake into five pieces.,Elle coupa le gâteau en cinq.
She eats lunch here from time to time.,Il déjeune ici de temps en temps.
She entered her terrier in a dog show.,Elle a montré son terrier à l'exposition canine.
She expected him to solve the problem.,Elle espérait qu'il résolve le problème.
She explained to him why she was late.,Elle lui expliqua pourquoi elle était en retard.
She explained to him why she was late.,Elle lui a expliqué pourquoi elle était en retard.
She gets up the earliest in my family.,"C'est elle qui se lève le plus tôt, dans ma famille."
She goes to the bookstore once a week.,Elle va à la librairie une fois par semaine.
She had a headache from lack of sleep.,Elle avait un mal de tête dû au manque de sommeil.
She had her hat blown off by the wind.,Le vent emporta son chapeau.
She had to choose her words carefully.,Elle dut choisir ses mots avec beaucoup de soin.
She has a special way of making bread.,Elle a une méthode particulière pour faire du pain.
She has always been a popular actress.,Elle a toujours été une actrice populaire.
She has never gone on a date with him.,Elle n'est jamais sortie avec lui.
She has not finished her homework yet.,Elle n'a pas encore fini ses devoirs.
She has totally changed her character.,Elle a totalement changé son personnage.
She has traveled in foreign countries.,Elle a voyagé à l'étranger.
She has twice as many books as he has.,Elle possède deux fois plus de livres que lui.
She helped the old man cross the road.,Elle a aidé le vieil homme à traverser la route.
She herself gave him something to eat.,Elle lui donna elle-même quelque chose à manger.
She hurt her elbow when she fell down.,Elle s'est fait mal au coude quand elle est tombée.
She introduced me to him at the party.,Elle me présenta à lui à la fête.
She is always fishing for compliments.,Elle est toujours en quête de compliments.
She is collecting material for a book.,Elle rassemble du matériel pour un livre.
She is deeply attached to her parents.,Elle est profondément liée à ses parents.
She is familiar with Japanese history.,Elle connait bien l'histoire du Japon.
She is in a hurry because she is late.,Elle est pressée parce qu'elle est en retard.
She is looking for her missing wallet.,Elle cherche le portefeuille qu'elle a perdu.
She is not rich enough to waste money.,Elle n'est pas assez riche pour gaspiller de l'argent.
She left here long before you arrived.,Elle est parti d'ici longtemps avant que tu arrives.
She likes no one and no one likes her.,Elle n'aime personne et personne ne l'aime.
She likes nobody and nobody likes her.,Elle n'aime personne et personne ne l'aime.
She lives a few blocks away from here.,Elle habite à quelques rues d'ici.
She looked as if she had seen a ghost.,Elle avait l'air d'avoir vu un fantôme.
She lost her temper and shouted at me.,Elle a perdu son calme et m'a crié dessus.
She made up her mind to go to college.,Elle s'est décidée à aller à l'université.
She made up her mind to go to college.,Elle s'est décidée à aller à la fac.
"She may be cute, but I don't like her.",Elle est peut-être mignonne mais je ne l'apprécie pas.
She may realize later on what I meant.,Elle comprendra peut-être plus tard ce que j'ai voulu dire.
She naturally accepted the invitation.,Bien sûr elle a accepté l'invitation.
She nodded in response to my question.,Elle hocha de la tête en réponse à ma question.
She often goes to the movies with him.,Elle va souvent au cinéma avec lui.
She often goes to the movies with him.,Elle se rend souvent au cinéma avec lui.
She passed away peacefully last night.,Elle est morte paisiblement la nuit dernière.
She put her CDs in a row on the shelf.,Elle plaça ses CD dans une rangée sur l'étagère.
She reads the newspaper every morning.,Elle lit le journal chaque matin.
She really hates this way of thinking.,Elle a vraiment horreur de cette façon de penser.
She removed the dishes from the table.,Elle débarrassait la table.
She sat next him with her eyes closed.,"Elle était assise auprès de lui, les yeux fermés."
She seemed disappointed at the result.,Elle a semblé déçue par le résultat.
She smiled at the sight of her mother.,Elle a souri en voyant sa mère.
She spends as much money as she earns.,Elle dépense autant qu'elle gagne.
She spends her free time making dolls.,Elle passe son temps libre à faire des poupées.
She stacked the trays in the cupboard.,Elle empila les plateaux dans le placard.
She stood up and walked to the window.,Elle se dressa et s'avança vers la fenêtre.
She suffers from a contagious disease.,Elle souffre d'une maladie contagieuse.
She takes care of many elderly people.,Elle s'occupe de beaucoup de personnes âgées.
She takes cooking lessons once a week.,Elle prend des cours de cuisine une fois par semaine.
She told him that her father had died.,Elle lui annonça que son père était décédé.
She told him that her father had died.,Elle lui dit que son père était décédé.
She told him that her father had died.,Elle lui a annoncé que son père était décédé.
She told him that her father had died.,Elle lui a dit que son père était décédé.
She told him that she didn't love him.,Elle lui dit qu'elle ne l'aimait pas.
She told him that she didn't love him.,Elle lui a dit qu'elle ne l'aimait pas.
She told him that she didn't love him.,Elle lui annonça qu'elle ne l'aimait pas.
She told him that she didn't love him.,Elle lui a annoncé qu'elle ne l'aimait pas.
She told me that she wanted a pet dog.,Elle me dit qu'elle voulait un chien de compagnie.
She told the child to eat up the food.,Elle dit à l'enfant de manger toute la nourriture.
She took the book back to the library.,Elle rapporta le livre à la bibliothèque.
She took the book back to the library.,Elle a rapporté le livre à la bibliothèque.
She turned her old dress into a skirt.,Elle a transformé sa vieille robe en jupe.
She urged him to consider the request.,Elle l'exhorta à considérer la demande.
She urged him to consider the request.,Elle l'exhorta à examiner la demande.
She urged him to consider the request.,Elle l'exhorta à réfléchir à la demande.
She urged him to consider the request.,Elle l'a exhorté à considérer la demande.
She urged him to consider the request.,Elle l'a exhorté à réfléchir à la demande.
She urged him to consider the request.,Elle l'a exhorté à examiner la demande.
She walked arm in arm with her father.,"Elle a marché, bras dessus bras dessous, avec son père."
She wanted to get married immediately.,Elle désirait se marier immédiatement.
She wanted to spare him embarrassment.,Elle voulait lui éviter l'embarras.
She was a bundle of nerves last night.,C'était une boule de nerfs hier soir.
She was advised by him on that matter.,Elle fut conseillée par lui dans cette affaire.
She was advised by him on that matter.,Elle a été conseillée par lui dans cette affaire.
She was advised by him to be punctual.,Il lui conseilla d'être ponctuelle.
She was advised by him to be punctual.,Il lui a conseillé d'être ponctuelle.
She was advised by him to be punctual.,Il lui conseilla de se montrer ponctuelle.
She was advised by him to be punctual.,Il lui a conseillé de se montrer ponctuelle.
She was advised by him to lose weight.,Il lui conseilla de perdre du poids.
She was advised by him to lose weight.,Il lui a conseillé de perdre du poids.
She was advised by him to work harder.,Il lui conseilla de travailler plus dur.
She was advised by him to work harder.,Il lui a conseillé de travailler plus dur.
She was brought up by her grandmother.,Elle a été élevée par sa grand-mère.
She was fond of talking about herself.,Elle adorait parler d'elle-même.
"She was forty, but she appeared older.","Elle avait quarante ans, mais elle paraissait plus vieille."
She was hungry enough to eat anything.,Elle avait suffisamment faim pour manger n'importe quoi.
She was impatient to know his address.,Elle était impatiente de connaître son adresse.
She was not interested in boys at all.,Elle n'était pas du tout intéressée par les garçons.
She was too proud to ask him for help.,Elle était trop fière pour lui demander de l'aide.
She was watching the dead leaves fall.,Elle regardait les feuilles mortes tomber.
She went to Germany to study medicine.,Elle est allée en Allemagne pour étudier la médecine.
She went to Italy to study literature.,Elle est allée en Italie dans le but d'étudier la littérature.
She went to the mall with her friends.,Elle s'est rendue au centre commercial avec ses amies.
She will be in New York for two weeks.,Elle sera à New York pendant deux semaines.
She will soon clear away these dishes.,Elle rangera bientôt cette vaisselle.
She wouldn't give him the time of day.,Elle refusait de lui donner l'heure.
She's about the same age as my sister.,Elle a à peu près le même âge que ma sœur.
She's about the same age as my sister.,Elle a environ le même âge que ma sœur.
She's busy now and can't speak to you.,Elle est occupée à l'heure qu'il est et ne peut pas te parler.
She's busy now and can't speak to you.,Elle est occupée à l'heure qu'il est et ne peut pas vous parler.
Should I call you or will you call me?,Je t'appelle ou c'est toi qui m'appelles ?
Should I tell Tom to ask Mary to sing?,Devrais-je dire à Tom de demander à Marie de chanter ?
Shouldn't this be in the refrigerator?,Est-ce que ceci ne devrait pas être dans le réfrigérateur ?
Shouldn't this be in the refrigerator?,Est-ce que ça ne devrait pas être dans le frigo ?
Sickness prevented him from going out.,Il n'a pas pu sortir à cause de la maladie.
"Since he has ambitions, he works hard.","Comme il est ambitieux, il travaille dur."
"Since it was so hot, we went swimming.","Comme il faisait si chaud, nous allâmes nager."
"Since it was so hot, we went swimming.","Comme il faisait si chaud, nous sommes allés nager."
"Since it was so hot, we went swimming.","Comme il faisait si chaud, nous sommes allées nager."
"Since the bus was late, I took a taxi.","Comme le bus était en retard, je pris un taxi."
"Since the bus was late, I took a taxi.","Comme le bus était en retard, j'ai pris un taxi."
Sit down and take it easy for a while.,Assieds-toi et détends-toi.
Smoking is not permitted on the train.,Fumer est interdit à bord du train.
Smoking is really bad for your health.,Fumer est vraiment mauvais pour la santé.
Snacking between meals is a bad habit.,Grignoter entre les repas est une mauvaise habitude.
Some children are swimming in the sea.,Quelques enfants nagent dans la mer.
Some of my best friends are policemen.,Certains de mes meilleurs amis sont policiers.
Some parts of this city are very ugly.,Certaines parties de cette ville sont vraiment très moches.
Some people are working in the fields.,Des gens travaillent aux champs.
Someone has taken my shoes by mistake.,Quelqu'un a pris mes chaussures par erreur.
Someone has walked off with my pencil.,Quelqu'un s'est carapaté avec mon crayon.
Someone should notify the next of kin.,Quelqu'un devrait informer les proches parents.
Something horrible is going to happen.,Quelque chose d'horrible va se produire.
Something is slowing down my computer.,Quelque chose ralentit mon ordinateur.
Something is wrong with my typewriter.,Ma machine à écrire déconne.
Something unusual happened last night.,Quelque chose d'inhabituel s'est passé la nuit dernière.
Something's wrong with the dishwasher.,Quelque chose ne va pas avec le lave-vaisselle.
Sometimes adults behave like children.,Les adultes se comportent parfois comme des enfants.
Sooner or later his luck will run out.,"Tôt ou tard, sa chance tournera."
"Sooner or later, we'll know the truth.",Tôt ou tard nous saurons la vérité.
"Sorry, I couldn't catch what you said.","Désolé, je n'ai pas compris ce que vous avez dit."
Spain has been a democracy since 1975.,L'Espagne est une démocratie depuis 1975.
Spanish is spoken in twenty countries.,On parle espagnol dans 20 pays.
Speak clearly and make yourself heard.,Parle distinctement et fais en sorte d'être entendu.
Speak louder so everyone can hear you.,Parle plus fort afin que tout le monde puisse t'entendre.
Stay and have a cup of coffee with me.,Reste et prends une tasse de café avec moi.
Stay and have a cup of coffee with me.,Restez prendre une tasse de café avec moi.
Step forward and make room for others.,Avance et fais place aux autres !
Strange things happened in that house.,Des choses étranges ont eu lieu dans cette maison.
Such a thing has never happened to me.,Une chose comme ça ne m'est jamais arrivée.
Take an umbrella. It's likely to rain.,Prends un parapluie. Il va probablement pleuvoir.
Take an umbrella. It's likely to rain.,Prends un parapluie. Il est probable qu'il pleuve.
Take care of yourself. Don't get sick.,Soigne-toi. Ne tombe pas malade.
Talking in the library is not allowed.,Il est interdit de discuter dans la bibliothèque.
Talking in the library is not allowed.,Il est interdit de parler dans la bibliothèque.
Taste this wine to see if you like it.,Goûtez ce vin pour voir si vous l'aimez.
Teenage boys love playing video games.,Les adolescents de sexe masculin adorent jouer aux jeux vidéo.
Tell her that I am treating a patient.,Dis-lui que je suis en train de m'occuper d'un patient.
Tell me again how much money you have.,Dis-moi encore de combien d'argent tu disposes.
Tell me again how much money you have.,Dites-moi encore de combien d'argent vous disposez.
Tell me again when the concert begins.,Dis-moi encore à quelle heure commence le concert.
Tell me again when the concert begins.,Dites-moi encore à quelle heure commence le concert.
Tell me what I should be watching for.,Donne-moi quelques conseils.
Tell me what I should be watching for.,Dis-moi ce que je devrais surveiller.
Tell me what you did on your holidays.,Dis-moi ce que tu as fait pendant tes vacances.
Tell me you understand the difference.,Dis-moi que tu comprends la différence.
Tell me you understand the difference.,Dites-moi que vous comprenez la différence.
Thanks for taking care of all of this.,Merci de gérer tout ceci.
Thanks for taking care of all of this.,Merci de prendre soin de tout ceci.
That accident happened near his house.,Cet accident se produisit près de chez lui.
That accident happened near his house.,Cet accident s'est produit près de chez lui.
That accident happened near his house.,Cet accident survint près de chez lui.
That accident happened near his house.,Cet accident est survenu près de chez lui.
That actually seems to be the problem.,Il semble que ce soit effectivement le problème.
That building is the tallest in Japan.,Ce bâtiment est le plus haut du Japon.
That child wants someone to play with.,Ce gosse veut quelqu'un pour jouer avec lui.
That city has a very interesting past.,Cette ville a un passé très intéressant.
That dress seems to be very expensive.,Cette robe a l'air très chère.
That girl is more cute than beautiful.,Cette fille est davantage mignonne que belle.
That happened almost thirty years ago.,Cela s'est produit il y a presque trente ans.
That has happened to me several times.,Cela m'est arrivé plusieurs fois.
That kind of behavior is unacceptable.,Ce genre de comportement est inacceptable.
That looks like it would be fun to do.,Ça paraît amusant à faire.
That restaurant serves excellent food.,Ce restaurant sert une nourriture excellente.
That should take about thirty minutes.,Cela devrait prendre environ trente minutes.
That store had to reduce their prices.,Ce magasin a dû réduire ses prix.
That was a very confusing explanation.,C'était une explication très confuse.
"That was, as it were, part of the job.","Cela faisait, pour ainsi dire, partie du contrat."
That's happened to me plenty of times.,Ça m'est arrivé des tas de fois.
That's it. I've done everything I can.,C'est tout. J'ai fait tout ce que je pouvais.
That's my younger sister's photograph.,C'est la photographie de ma sœur cadette.
That's not exactly what I had in mind.,Ce n'est pas exactement ce que j'avais en tête.
That's not exactly what I had in mind.,Ce n'est pas exactement ce que j'avais à l'esprit.
That's not really important right now.,Ce n'est pas vraiment important à l'heure qu'il est.
That's not really important right now.,Ce n'est pas vraiment important à l'instant.
That's not something I know how to do.,Ce n'est pas quelque chose que je sais faire.
That's not the way it happened at all.,Ça ne s'est pas du tout passé comme ça.
That's one of my favorite expressions.,C'est une de mes expressions préférées.
That's something of an understatement.,L'expression est faible.
That's something of an understatement.,C'est bien peu dire.
That's the fastest train in the world.,C'est le train le plus rapide du monde.
That's the fastest train in the world.,C'est le train le plus rapide au monde.
That's the only appliance that I have.,C'est le seul appareil dont je dispose.
That's the woman who wants to see you.,C'est la femme qui souhaite vous voir.
That's what you get for not listening.,C'est ce que tu gagnes à ne pas écouter.
That's what you get for not listening.,C'est ce que vous remportez à ne pas écouter.
That's when I decided to quit talking.,C'est alors que j'ai décidé d'arrêter de discuter.
That's why I didn't want to come here.,C'est pourquoi je n'ai pas voulu venir ici.
The Chinese are a hard-working people.,Les Chinois forment un peuple très travailleur.
The Chinese are a hard-working people.,Les Chinois sont de gros travailleurs.
The Chinese are a hard-working people.,Le peuple chinois est très travailleur.
"The Dutch flag is red, white and blue.","Le drapeau néerlandais est rouge, blanc et bleu."
The Germans are in favor of austerity.,Les Allemands sont en faveur de l'austérité.
The Great Lakes supply drinking water.,Les Grands Lacs fournissent de l'eau potable.
The Japanese economy is in depression.,L'économie japonaise est en récession.
The Normans conquered England in 1066.,Les Normands ont conquis l'Angleterre en 1066.
The airplane took off ten minutes ago.,L'avion a décollé il y a dix minutes.
The answer was staring me in the face.,J'avais la solution sous le nez.
The apricot trees are in full blossom.,Les abricotiers sont tout en fleurs.
The apricot trees are in full blossom.,Les abricotiers ont fleuri.
The architect achieved worldwide fame.,L'architecte accéda à une renommée mondiale.
The audience was predominantly female.,Le public était en grande partie féminin.
The baby in the cradle is very pretty.,Le bébé dans le berceau est très mignon.
The bloody European conflict was over.,Le sanglant conflit européen était terminé.
The book is now ready for publication.,Le livre est maintenant prêt pour la publication.
The boy carved his name into the tree.,Le garçon a gravé son nom sur l'arbre.
The boy standing over there is my son.,Le garçon debout de ce côté est mon fils.
The boys in the village laughed at me.,Les garçons du village se moquèrent de moi.
The boys in the village laughed at me.,Les garçons du village se sont moqués de moi.
The boys were as nervous as the girls.,Les garçons étaient aussi nerveux que les filles.
The buildings shook in the earthquake.,Les bâtiments furent secoués lors du tremblement de terre.
The bus stopped to pick up passengers.,Le bus s'arrêta pour prendre des passagers.
The bus stopped to pick up passengers.,Le car s'arrêta pour prendre des passagers.
The bus stopped to pick up passengers.,Le bus s'arrêta prendre des passagers.
The bus stopped to pick up passengers.,Le car s'arrêta prendre des passagers.
The bus turned the corner and stopped.,Le bus tourna au coin de la rue et s'arrêta.
The butcher cut up the calf's carcass.,Le boucher dépeça la carcasse du veau.
The button on your coat is coming off.,Le bouton de ton manteau se détache.
The ceremony will take place tomorrow.,La cérémonie aura lieu demain.
The cherry blossoms are at their best.,C'est maintenant la meilleure période pour voir les fleurs de cerisiers.
The cherry blossoms are at their best.,C'est la meilleure période pour voir les cerisiers en fleurs.
The cherry blossoms are in full bloom.,Les bourgeons de cerisiers sont en pleine floraison.
The child missed his mother very much.,La mère a beaucoup manqué à son enfant.
The children ran toward the classroom.,Les enfants courent vers la classe.
The children were playing in the park.,Les enfants jouaient dans le parc.
The circumstances were different then.,Les circonstances était alors différentes.
The coffin was loaded into the hearse.,Le cercueil fut chargé dans le corbillard.
The college accepted him as a student.,L'école l'accepta comme étudiant.
The committee members are all present.,Les membres du comité sont tous présents.
The committee members are all present.,Les membres du comité sont toutes présentes.
The company wants to employ 20 people.,L'entreprise veut employer vingt personnes.
The conference went according to plan.,La conférence se déroula comme prévu.
The couple broke off their engagement.,Le couple rompit ses fiançailles.
The couple broke off their engagement.,Le couple a rompu leurs fiançailles.
The couple decided to adopt an orphan.,Le couple décida d'adopter un orphelin.
The dam burst owing to the heavy rain.,Le barrage céda sous les fortes pluies.
The death penalty should be abolished.,La peine de mort devrait être abolie.
The door is open. I'll go and shut it.,La porte est ouverte. J'y vais pour la fermer.
The dress in the window caught my eye.,La robe dans la vitrine m'a accroché l'œil.
The earth is far bigger than the moon.,La Terre est beaucoup plus grande que la Lune.
The elevator seems to be out of order.,L'ascenseur semble être en panne.
The enemy destroyed many of our ships.,L'ennemi détruisit beaucoup de nos navires.
The family seemed to be under a curse.,La famille semblait frappée d'une malédiction.
The farmer sowed his field with wheat.,L'agriculteur a semé son champ de blé.
The firm has its head office in Osaka.,La compagnie a son siège social à Osaka.
The flowers in the vase are beautiful.,"Les fleurs, dans le vase, sont belles."
The food was not fit for man or beast.,"Cette nourriture n'était faite ni pour les humains, ni pour les animaux."
The garden was full of yellow flowers.,Le jardin était plein de fleurs jaunes.
The girl is skillful with her fingers.,La fille est adroite de ses doigts.
The girl is skillful with her fingers.,Cette fille est adroite de ses doigts.
The girl was afraid of her own shadow.,La fille avait peur de son ombre.
The governor ordered an investigation.,Le gouverneur ordonna une enquête.
The horse stopped and refused to move.,Le cheval s'arrêta et refusa de bouger.
The house with the green roof is mine.,La maison avec le toit vert c'est la mienne.
The ice melted into a puddle of water.,La glace a fondu et s'est transformée en une flaque d'eau.
The ice will crack beneath our weight.,La glace va craquer sous notre poids.
The island is a paradise for children.,L'île est un paradis pour les enfants.
The jurors deliberated for three days.,Les jurés ont délibéré pendant trois jours.
The laborers formed a human barricade.,Les travailleurs formèrent une chaîne humaine.
The lake supplies the city with water.,Le lac fournit la ville en eau.
The lawyers argued the case for hours.,Les avocats débattirent du cas des heures durant.
The life span of a butterfly is short.,La durée de vie d'un papillon est courte.
The lovers exchanged numerous letters.,Les amoureux échangèrent de nombreuses lettres.
The lovers exchanged numerous letters.,Les amants échangèrent de nombreuses lettres.
The lovers exchanged numerous letters.,Les amoureux ont échangé de nombreuses lettres.
The lovers exchanged numerous letters.,Les amants ont échangé de nombreuses lettres.
The lovers exchanged numerous letters.,Les amantes ont échangé de nombreuses lettres.
The lovers exchanged numerous letters.,Les amoureuses ont échangé de nombreuses lettres.
The lovers exchanged numerous letters.,Les amantes échangèrent de nombreuses lettres.
The machine operates around the clock.,La machine tourne en continu.
The main idea in his speech was unity.,L'idée maîtresse de son discours était l'unité.
The mayor denied having taken a bribe.,Le maire a nié avoir reçu un pot-de-vin.
The meaning of this letter is unclear.,Le sens de cette lettre est obscur.
The men's room is on the second floor.,Les toilettes des messieurs se situent au premier étage.
The mere sight of a dog frightens him.,Le simple fait de voir un chien lui fait peur.
"The more you study, the more you know.","Plus tu étudies, plus tu sais."
"The more you study, the more you know.","Plus vous étudiez, plus vous savez."
The murderer took the weapon with him.,Le meurtrier a pris son arme avec lui.
The new boss runs a really tight ship.,Le nouveau patron gère vraiment efficacement la boîte.
The new plan has been very successful.,Le nouveau plan a bien fonctionné.
The next station is where you get off.,La prochaine gare est celle où tu descends.
The next station is where you get off.,La prochaine gare est celle où vous descendez.
The old man tripped over his own feet.,Le vieil homme s'est fait un croche-patte à lui-même.
The old man tripped over his own feet.,Le vieil homme a trébuché.
The pain was more than he could stand.,La douleur lui était insupportable.
The parcel weighs more than one pound.,Le colis pèse plus d'une livre.
The park is in the center of the city.,Le parc se trouve au centre-ville.
The park is in the center of the city.,Le parc se situe au centre-ville.
The path zigzagged up the steep slope.,Le chemin faisait des zigzags le long de la pente raide.
The path zigzagged up the steep slope.,Le chemin zigzaguait le long de la pente raide.
The person responsible has been fired.,Le responsable a été viré.
The person responsible has been fired.,La responsable a été renvoyée.
The plane has hit several air pockets.,L'avion a heurté de nombreuses poches d'air.
The plane was late due to bad weather.,L'avion était en retard en raison du mauvais temps.
The police are looking for the robber.,La police est à la recherche du voleur.
The police are looking for the robber.,La police cherche le voleur.
The police didn't book Tom for murder.,La police n'a pas poursuivi Tom pour meurtre.
The police recovered the stolen money.,La police a récupéré l'argent volé.
The police set out to solve the crime.,La police s'attela à la résolution du crime.
The poor child was born deaf and dumb.,Le pauvre enfant était né sourd-muet.
The post office is just past the bank.,Le bureau de poste est juste après la banque.
The post office is near the bookstore.,La poste est près de la librairie.
The post office is the brown building.,Le bureau de poste est le bâtiment marron.
The president is getting into the car.,Le président embarque dans la voiture.
The president wanted immediate action.,Le Président voulait une action immédiate.
The price of this camera is very high.,Le prix de cet appareil photo est très élevé.
The princess lay with her eyes closed.,"La princesse est allongée, les yeux clos."
The prize will go to the best student.,Le prix ira au meilleur élève.
The problem is how to raise the funds.,La question est de savoir comment réunir les fonds.
The problem is that it's too far away.,"L'ennui, c'est qu'il est trop loin."
The problem is too difficult to solve.,Le problème est trop difficile à résoudre.
The report has not been confirmed yet.,Le rapport n'a pas encore été confirmé.
The restaurant is on the ground floor.,Le restaurant se situe au rez-de-chaussée.
The ring was not to be found anywhere.,On ne trouvait la bague nulle part.
The ring was not to be found anywhere.,Nulle part on ne trouvait la bague.
"The road is icy, so please be careful.","La route est verglacée, alors sois prudent s'il te plait."
The robber aimed his gun at the clerk.,Le voleur pointait son arme sur l'employé.
The ship was flying the American flag.,Ce bateau arborait le pavillon américain.
The ship was flying the American flag.,Le navire arborait le pavillon étatsunien.
The shop was closed when I went there.,Le magasin était fermé quand j'y suis allé.
The sidewalks were wet after the rain.,Les trottoirs étaient mouillés après la pluie.
The snow melted away when spring came.,La neige fondit quand arriva le printemps.
The soldiers are wearing iron helmets.,Les soldats portent des casques en fer.
The soldiers were guarding the bridge.,Les soldats gardaient le pont.
The spectators cheered the players on.,Les spectateurs encouragèrent les joueurs.
The station is the middle of the city.,La gare est dans le centre de la ville.
The storm prevented us from going out.,La tempête nous empêcha de sortir.
The street was bustling with shoppers.,La rue grouillait de gens faisant leurs courses.
The streets of New York are very wide.,Les rues de New York sont très larges.
The student made an irrelevant remark.,L'étudiant fit une remarque hors de propos.
The student made an irrelevant remark.,L'étudiante fit une remarque hors de propos.
The students could not give an answer.,Les étudiants ne purent donner une réponse.
The sun disappeared behind the clouds.,Le soleil a disparu derrière les nuages.
The sun sank slowly below the horizon.,Le soleil disparut lentement sous l'horizon.
The suspect was innocent of the crime.,Le suspect était innocent du crime.
The tall man looked at Tom and smiled.,Le grand homme regarda Tom et sourit.
The tea is too strong. Add some water.,Le thé est trop fort. Ajoute un peu d'eau.
The teacher began to ask us questions.,Le professeur s'est mis à nous poser des questions.
The teacher began to ask us questions.,La professeure s'est mise à nous poser des questions.
The teacher pointed to the blackboard.,Le professeur a pointé du doigt le tableau noir.
The teacher welcomed the new students.,Le professeur a accueilli les nouveaux élèves.
The thief snuck in through the window.,Le voleur s'est introduit par la fenêtre.
The thief stubbed his toe on the door.,Le voleur se cogna l'orteil contre la porte.
The tower leaned slightly to the left.,La tour s'inclinait un peu vers la gauche.
The town has changed a lot since then.,La ville a beaucoup changé depuis lors.
The town has changed a lot since then.,La ville a depuis lors beaucoup changé.
The town was defended by a large army.,La ville était défendue par une grande armée.
The train is ten minutes behind today.,Le train est aujourd'hui dix minutes en retard.
The train was ten minutes behind time.,Le train était en retard de 10 minutes.
The trip will take at least five days.,Le voyage prendra au moins cinq jours.
The trouble is that it costs too much.,Le problème est que cela coûte trop cher.
The two poems express human suffering.,Les deux poèmes expriment la souffrance humaine.
The two sisters lived very peacefully.,Les deux sœurs vivaient très tranquillement.
The value of the dollar began to drop.,La valeur du dollar commença à chuter.
The water in this river is very clean.,L'eau de cette rivière est très propre.
The weather couldn't have been better.,Le temps n'aurait pu être meilleur.
The weather has been good until today.,La météo était bonne jusqu'à aujourd'hui.
The work must be finished before noon.,Le travail doit être terminé avant midi.
The world economy is in recession now.,L'économie mondiale est maintenant en récession.
Their equipment is extremely advanced.,Leur équipement est extrêmement avancé.
Their houses are located near the sea.,Leurs maisons se situent près de la mer.
Their names were crossed off the list.,Leurs noms furent rayés de la liste.
Their names were erased from the list.,Leurs noms ont été effacés de la liste.
There are few books without misprints.,Il y a peu de livres sans coquilles.
There are few men who don't know that.,Il y a peu d'hommes qui ne savent pas ça.
There are few mistakes in your report.,Il n'y avait que peu d'erreurs dans ton rapport.
There are lots of animals in the park.,Il y a de nombreux animaux dans le parc.
There are no new messages in my inbox.,Il n'y a pas de nouveaux messages dans ma boîte de réception.
There are several forms of government.,Il y a plusieurs formes de gouvernement.
There are some things money can't buy.,Il y a des choses que l'argent ne peut pas acheter.
There are still a lot of things to do.,Il y a encore de nombreuses choses à faire.
There are too many people in the park.,Il y a trop de monde dans le parc.
There aren't many trees near my house.,Il n'y a pas beaucoup d'arbres près de ma maison.
There is a bank in front of the hotel.,Il y a une banque devant l'hôtel.
There is a lot of crime in big cities.,Il y a beaucoup de crime dans les grandes villes.
There is a lot of crime in big cities.,Il y a beaucoup de crime dans les grandes agglomérations.
There is a traffic jam on the highway.,Il y a un embouteillage sur l'autoroute.
There is a woman who wants to see you.,Il y a une femme qui veut te voir.
There is an urgent need for new ideas.,On a un besoin urgent de nouvelles idées.
There is little chance of his winning.,Il a peu de chances de gagner.
There is no advantage in staying here.,Il n'y a aucun intérêt à rester ici.
There is no need for you to stay here.,Tu n'es pas obligé de rester ici.
There is one thing I don't understand.,Il y a une chose que je ne comprends pas.
There isn't any need to speak so loud.,Il n'est pas nécessaire de parler si fort.
There isn't enough cake for everybody.,Il n'y a pas assez de gâteau pour tout le monde.
There isn't much furniture in my room.,Il n'y a pas beaucoup de meubles dans ma chambre.
There must be a better way to do this.,Il doit y avoir une meilleure façon de faire cela.
There was a big gold star on the door.,Il y avait une grosse étoile en or sur la porte.
There was a lot of blood on the floor.,Il y avait une grande quantité de sang par terre.
There was almost no color in his face.,Il n'y avait presque plus de couleur sur son visage.
There was nothing I could do about it.,Il n'y avait rien que je pouvais faire à ce sujet.
There was nothing I could do about it.,Il n'y avait rien que je pouvais y faire.
There was nothing you could have done.,Il n'y avait rien que vous eussiez pu faire.
There was nothing you could have done.,Il n'y avait rien que tu eusses pu faire.
There was steady economic improvement.,Il y avait une solide amélioration économique.
There were a few children in the room.,Il y avait quelques enfants dans la salle.
There were a lot of murders last year.,"Il y a eu de nombreux meurtres, l'année dernière."
There were a lot of murders last year.,"Il y a eu de nombreux meurtres, l'année passée."
There were fifty entries for the race.,Il y avait 50 participants pour la course.
There were no computers in the office.,Il n'y avait pas d'ordinateurs au bureau.
There weren't any roses in the garden.,Il n'y avait aucune rose dans le jardin.
There weren't many boys at the picnic.,Il n'y avait pas beaucoup de garçons au pique-nique.
There's a good chance that he'll come.,Il y a une bonne chance qu'il vienne.
There's a lot of work left to be done.,Il y a encore beaucoup de travail à faire.
There's a song I want to sing for you.,Il y a une chanson que je souhaite vous chanter.
There's a song I want to sing for you.,Il y a une chanson que je veux te chanter.
There's almost no water in the bucket.,Il n'y a presque pas d'eau dans le seau.
There's been a lot of rain this month.,Il a plu beaucoup ce mois-ci.
There's no chance you're getting away.,Il est impossible que tu t'en sortes.
There's no membership fee for joining.,Il n'y a pas de frais d'adhésion pour devenir membre.
There's no need to go to school today.,Il n'y a pas besoin d'aller à l'école aujourd'hui.
There's no reason to change our plans.,Il n'y a aucune raison de changer nos plans.
There's no such thing as a free lunch.,On ne mange pas à l'œil.
There's no such thing as a free lunch.,Il n'y a rien de gratuit.
There's no telling what he'll do next.,Personne ne sait ce qu'il fera ensuite.
There's no use crying over spilt milk.,Il ne sert à rien de pleurer sur le lait renversé.
There's nobody on this ship except us.,"Il n'y a personne sur ce bateau, à part nous."
There's not enough food for all of us.,Il n'y a pas assez de nourriture pour nous tous.
There's not enough food for all of us.,Il n'y a pas assez de nourriture pour nous toutes.
There's not enough room for everybody.,Il n'y a pas assez de place pour tout le monde.
There's not much I can do for you now.,Je ne peux pas faire grand-chose pour vous.
There's not much I can do for you now.,Je ne peux pas faire grand-chose pour toi maintenant.
There's nothing I wouldn't do for Tom.,Il n'y a rien que je ne ferais pas pour Tom.
There's nothing harder than a diamond.,Il n'y a rien de plus dur qu'un diamant.
There's nothing surprising about that.,Il n'y a rien de surprenant à cela.
There's nothing to eat in the kitchen.,Il n'y a rien à manger dans la cuisine.
There's nothing you can do about that.,Il n'y a rien que tu puisses y faire.
There's nothing you can do about that.,Il n'y a rien que vous puissiez faire pour cela.
There's nothing you can do to stop me.,Tu ne peux rien faire pour m'arrêter.
There's nothing you can do to stop me.,Il n'y a rien que vous puissiez faire pour m'arrêter.
There's really nothing more we can do.,Il n'y a vraiment rien de plus que nous pouvons faire.
There's somebody coming up the stairs.,Quelqu'un est en train de grimper l'escalier.
There's something I'd like you to see.,Il y a quelque chose que j'aimerais que tu voies.
There's something funny going on here.,Il y a quelque chose de bizarre qui se passe ici.
There's still some room in the closet.,Il y a encore un peu de place dans le placard.
These are my only pair of work gloves.,C'est ma seule paire de gants de travail.
These books and clothes are all yours.,Tous ces livres et vêtements sont à toi.
These cookies are fresh from the oven.,Ces cookies sont tout juste sortis du four.
These diamonds come from South Africa.,Ces diamants viennent d'Afrique du Sud.
These flowers are just about to bloom.,Ces fleurs sont sur le point d'éclore.
These walls aren't exactly soundproof.,Ces cloisons ne sont pas vraiment insonorisées.
They agreed to elect him as president.,Ils s'accordèrent pour l'élire président.
They apologized for the inconvenience.,Ils se sont excusés pour le désagrément.
They are satisfied with the new house.,Ils sont satisfaits de la nouvelle maison.
They are very interested in astronomy.,Ils s'intéressent beaucoup à l'astronomie.
They are very interested in astronomy.,Ils sont très intéressés par l'astronomie.
They call each other almost every day.,Elles se téléphonent presque tous les jours.
They call each other almost every day.,Ils se téléphonent presque tous les jours.
They can communicate using hand signs.,Ils peuvent communiquer en faisant des signes avec les mains.
They cheated the workers out of money.,Ils ont extorqué de l'argent aux travailleurs.
They concluded that he had told a lie.,Ils arrivèrent à la conclusion qu'il avait menti.
They don't have to go to school today.,Ils n'ont pas besoin d'aller à l'école aujourd'hui.
They don't have to go to school today.,Elles n'ont pas besoin d'aller à l'école aujourd'hui.
They don't know what they are missing.,Ils ne savent pas ce qu'ils ratent.
They don't know what they are missing.,Elles ne savent pas ce qu'elles ratent.
They don't make 'em like they used to.,Ils ne les font plus ainsi qu'ils les faisaient.
They don't make 'em like they used to.,Elles ne les font plus ainsi qu'elles les faisaient.
They entered into a heated discussion.,Ils sont entrés dans une discussion animée.
They entered into a heated discussion.,Elles sont entrées dans une discussion animée.
They finished the project on schedule.,Ils ont terminé le projet dans les délais.
They had their arms around each other.,Ils avaient les bras l'un autour de l'autre.
They have been married for four years.,Ils sont mariés depuis 4 ans.
They have four classes in the morning.,Ils ont quatre cours le matin.
They have to live on his small income.,Ils doivent vivre de son maigre revenu.
They just want someone they can blame.,Ils veulent juste quelqu'un à blâmer.
They just want someone they can blame.,Elles veulent juste quelqu'un à blâmer.
They just want someone they can blame.,Ils veulent juste quelqu'un qu'ils puissent blâmer.
They just want someone they can blame.,Elles veulent juste quelqu'un qu'elles puissent blâmer.
They kept their relationship a secret.,Ils ont gardé leur relation secrète.
They kept their relationship a secret.,Elles ont gardé leur relation secrète.
They lived in Spain for several years.,Ils ont vécu en Espagne pendant plusieurs années.
They lived in Spain for several years.,Elles ont vécu en Espagne pendant plusieurs années.
They lived on farms or in small towns.,Ils vivaient dans des fermes ou de petits villages.
They looked up to him as their leader.,Ils le considéraient comme leur guide.
They made their way through the crowd.,Ils se sont frayé un chemin à travers la foule.
They met for the first time in London.,Ils se rencontrèrent pour la première fois à Londres.
They met for the first time in London.,Ils se sont rencontrés pour la première fois à Londres.
They met for the first time in London.,Elles se rencontrèrent pour la première fois à Londres.
They met for the first time in London.,Elles se sont rencontrées pour la première fois à Londres.
They painted the window frames yellow.,Elles peignirent les cadres des fenêtres en jaune.
They pitched their tents on the beach.,Ils ont dressé leurs tentes sur la plage.
They saw little need for labor unions.,Ils ne virent que peu d'intérêt à des syndicats.
"They seldom, if ever, speak in French.","Ils parlent rarement, voire jamais, en français."
"They seldom, if ever, speak in French.","Ils parlent rarement français, si tant est qu'ils le fassent."
They showed me a lot of nice pictures.,Ils m'ont montré beaucoup de jolies photos.
They showed me a lot of nice pictures.,Elles m'ont montré beaucoup de belles photos.
They stayed at a very expensive hotel.,Ils ont séjourné dans un hôtel très onéreux.
They talked about it on the telephone.,Ils en ont parlé au téléphone.
They talked about it on the telephone.,Ils en discutèrent au téléphone.
They went into the woods for a picnic.,Ils sont allés dans les bois pique-niquer.
They went to the public swimming pool.,Ils sont allés à la piscine publique.
They went to the public swimming pool.,Elles sont allées à la piscine publique.
They went to the zoo by bus yesterday.,Hier ils sont allés au zoo en bus.
They were left to fend for themselves.,Ils ont été laissés livrés à eux-mêmes.
They were members of the middle class.,Ils étaient membres de la classe moyenne.
They were members of the middle class.,Elles étaient membres de la classe moyenne.
They were members of the middle class.,C'étaient eux qui étaient membres de la classe moyenne.
They were members of the middle class.,C'étaient elles qui étaient membres de la classe moyenne.
They were scattered in all directions.,Ils furent éparpillés dans toutes les directions.
They weren't warned of the tidal wave.,Ils n'ont pas été prévenus du raz-de-marée.
They're really good at making clothes.,Ils sont vraiment bons dans la confection de vêtements.
They've defused the bomb successfully.,Ils ont désamorcé la bombe avec succès.
Things were never the same after that.,"Les choses ne furent jamais plus les mêmes, après ça."
Thirteen passengers were hospitalized.,Treize passagers ont été hospitalisés.
Thirteen passengers were hospitalized.,Treize passagères furent hospitalisées.
This bird can imitate the human voice.,Cet oiseau peut imiter la voix humaine.
This book is geared towards beginners.,Ce livre s'adresse aux débutants.
This book is only published in French.,Ce livre est seulement publié en français.
This book is very popular among women.,Ce livre est très populaire auprès des femmes.
This book isn't as heavy as that book.,Ce livre-ci n'est pas aussi lourd que ce livre-là.
This box contains assorted chocolates.,Cette boîte contient un assortiment de chocolats.
This box is too heavy for me to carry.,Cette caisse est trop lourde pour que je la porte.
This bus will take you to the station.,Ce bus t'emmènera à la gare.
This cloth is really smooth and silky.,Ce tissu est vraiment doux et soyeux.
This custom dates from the Edo period.,Cette coutume remonte à la période Edo.
This dictionary is as useful as yours.,Ce dictionnaire est aussi utile que le tien.
"This doesn't make much sense, does it?","Ça n'a pas beaucoup de sens, si ?"
This gate allows access to the garden.,Cette porte permet d'accéder au jardin.
This hat is a little too small for me.,Ce chapeau est un peu trop petit pour moi.
This hut is in danger of falling down.,Cette cabane menace de s'effondrer.
This information checks out all right.,L'information a été validée.
This is Tom's third trip to Australia.,C'est le troisième voyage de Tom en Australie.
This is a doghouse that I made myself.,C'est une niche que j'ai confectionnée moi-même.
This is a really interesting question.,C'est vraiment une question intéressante.
This is an effective remedy for crime.,C'est un remède efficace contre le crime.
This is different from what I thought.,C'est différent de ce que je pensais.
This is the best restaurant I know of.,C'est le meilleur restaurant que je connaisse.
This is the information you requested.,Ce sont les informations que vous avez demandées.
This is the key that opened that door.,Voici la clef qui a ouvert cette porte.
This is the lady I spoke of yesterday.,C'est la dame dont j'ai parlé hier.
This is the lady who wants to see you.,C'est la dame qui veut vous voir.
This is the lady who wants to see you.,C'est la dame qui veut te voir.
This is the man I've been waiting for.,C'est l'homme que j'attendais.
This is the perfect Father's Day gift.,C'est le cadeau parfait pour la fête des Pères.
This is the perfect Mother's Day gift.,C'est le cadeau parfait pour la fête des Mères.
This is the picture that Mary painted.,C'est le tableau que Mary a peint.
This is the village where he was born.,C'est le village où il est né.
This is the worst book I've ever read.,C'est le plus mauvais de tous les livres que j'ai lus jusqu'à maintenant.
This is what I've always wanted to do.,C'est ce que j'ai toujours voulu faire.
This just might come in handy someday.,"Ça pourrait justement se révéler utile, un jour."
This may be a solution to the problem.,Cela pourrait-être une solution au problème.
This may be research my secretary did.,Il s'agit peut-être de travail de recherche qu'a conduit ma secrétaire.
This may be research my secretary did.,Il s'agit peut-être de travail de recherche qu'a conduit mon secrétaire.
This mobile phone is really expensive.,Ce téléphone portable est vraiment cher.
This novel is difficult to understand.,Ce roman est difficile à comprendre.
This offer is available for five days.,Cette offre est valable cinq jours.
This offer is available for five days.,Cette offre vaut pour cinq jours.
This passport is valid for five years.,Ce passeport est valide pendant cinq ans.
This place gives me a really bad vibe.,Cet endroit me fait une très mauvaise impression.
This question is too difficult for me.,Cette question est trop difficile pour moi.
This sentence is in the present tense.,Cette phrase est au présent.
This smartphone uses an ARM processor.,Ce téléphone intelligent utilise un processeur ARM.
This ticket is valid for three months.,Ce ticket est valable pendant trois mois.
This town is increasing in population.,La population de cette ville est en pleine augmentation.
This town is increasing in population.,La population de cette ville augmente.
This will be a very dangerous mission.,Ce sera une mission très dangereuse.
"To be honest, I don't like you at all.","Pour être honnête, je ne t'aime pas du tout."
"To my astonishment, my money was gone.","À ma stupéfaction, mon argent avait disparu."
"To my surprise, they ate the meat raw.","À ma surprise, ils mangeaient la viande crue."
"To tell the truth, I didn't notice it.","À dire vrai, je ne l'ai pas remarqué."
"To tell the truth, I didn't notice it.","À vrai dire, je ne l'ai pas remarqué."
Today you can eat as much as you want.,"Aujourd'hui, tu peux manger autant que tu veux."
Tom acknowledges that he was defeated.,Thomas admet qu'il a été battu.
Tom acknowledges that he was defeated.,Thomas reconnaît qu'il a été défait.
Tom advertised his saxophone for sale.,Tom a mis une annonce pour vendre son saxophone.
Tom and I like the same kind of music.,Tom et moi aimons le même genre de musique.
Tom and I went there on our honeymoon.,Tom et moi sommes allés là-bas pour notre lune de miel.
Tom and Mary are playing a video game.,Tom et Marie jouent à un jeu vidéo.
Tom and Mary are unbeatable at tennis.,Tom et Mary sont imbattables au tennis.
Tom and Mary attempted to murder John.,Tom et Mary ont tenté de tuer John.