English words/sentences,French words/sentences
Don't be afraid of making mistakes.,N'aie pas peur de faire des erreurs.
Don't be scared of making mistakes.,Tu n'as pas à avoir peur de faire des erreurs.
Don't be scared to meet new people.,Ne craignez pas de rencontrer des gens nouveaux !
Don't be scared to meet new people.,Ne craignez pas de rencontrer de nouvelles gens !
Don't be scared to meet new people.,Ne crains pas de rencontrer des gens nouveaux !
Don't be scared to meet new people.,Ne soyez pas effrayé de rencontrer des gens nouveaux !
Don't be scared to meet new people.,Ne soyez pas effrayée de rencontrer des gens nouveaux !
Don't be scared to meet new people.,Ne soyez pas effrayés de rencontrer des gens nouveaux !
Don't be scared to meet new people.,Ne soyez pas effrayées de rencontrer des gens nouveaux !
Don't be scared to meet new people.,Ne sois pas effrayé de rencontrer des gens nouveaux !
Don't be scared to meet new people.,Ne sois pas effrayée de rencontrer des gens nouveaux !
Don't be so sensitive to criticism.,Ne soyez pas si sensible à la critique.
Don't bite the hand that feeds you.,Ne mords pas la main qui te nourrit.
Don't bother to answer this letter.,Ne t'embête pas à répondre à cette lettre.
Don't confuse comets and asteroids.,Ne confondez pas les comètes et les astéroïdes.
Don't do anything you might regret.,Ne fais rien que tu pourrais regretter.
Don't do anything you might regret.,Ne faites rien que vous pourriez regretter.
Don't eat for at least three hours.,Ne mangez pas pendant au moins trois heures.
Don't ever ask me to do that again.,Ne me demandez jamais de le faire à nouveau.
Don't forget that we have homework.,N'oubliez pas que nous avons des devoirs à faire.
Don't forget to pay the phone bill.,N'oublie pas de payer la facture de téléphone.
Don't forget to pay the phone bill.,N'oubliez pas de payer la facture de téléphone.
Don't forget to turn the light off.,N'oublie pas d'éteindre la lumière.
Don't forget to write the zip code.,N'oubliez pas d'écrire le code postal !
Don't forget to write the zip code.,N'oublie pas d'écrire le code postal !
Don't forget to write the zip code.,N'oubliez pas de mentionner le code postal !
Don't get angry. It won't help you.,Ne te fâche pas. Ça ne va pas t'aider.
Don't interfere in others' affairs.,Ne vous mêlez pas des affaires des autres.
Don't keep me in the dark about it.,Ne me laissez pas dans l'ignorance à ce sujet.
Don't leave without saying goodbye.,Ne pars pas sans dire au revoir.
Don't leave without saying goodbye.,Ne partez pas sans dire au revoir.
Don't let the dog sleep in our bed.,Ne laisse pas le chien dormir dans notre lit !
Don't let the dog sleep in our bed.,Ne laissez pas le chien dormir dans notre lit !
Don't let the kid play with knives.,Ne laissez pas les enfants jouer avec des couteaux.
Don't make me answer that question.,Ne me forcez pas à répondre à cette question !
Don't make me answer that question.,Ne me force pas à répondre à cette question !
Don't put the wet towel in the bag.,Ne mets pas la serviette mouillée dans le sac.
Don't put your elbows on the table.,Ne mets pas les coudes sur la table.
Don't put your elbows on the table.,Ne mettez pas les coudes sur la table.
Don't take everything so literally.,Ne prends pas tout si littéralement.
Don't take everything so literally.,Ne prenez pas tout si littéralement.
Don't tell anyone we're doing this.,Ne dis à personne que nous faisons cela.
Don't tell anyone we're doing this.,Ne dites à personne que nous faisons cela.
Don't tell anyone what we're doing.,Ne dis à personne ce que nous sommes en train de faire.
Don't tell me if you don't want to.,Ne me le dis pas si tu ne veux pas.
Don't tell me if you don't want to.,Ne me le dites pas si vous ne voulez pas.
Don't tell me you're tired already.,Ne me dites pas que vous êtes déjà fatigué !
Don't tell me you're tired already.,Ne me dites pas que vous êtes déjà fatiguée !
Don't tell me you're tired already.,Ne me dites pas que vous êtes déjà fatigués !
Don't tell me you're tired already.,Ne me dites pas que vous êtes déjà fatiguées !
Don't tell me you're tired already.,Ne me dis pas que tu es déjà fatigué !
Don't tell me you're tired already.,Ne me dis pas que tu es déjà fatiguée !
Don't tell me you're tired already.,Ne me dis pas que tu es déjà fatiguée.
Don't try to pull a fast one on me!,N'essaie pas de m'arnaquer !
Don't try to pull a fast one on me!,N'essayez pas de m'arnaquer !
Don't underestimate your opponents.,Ne sous-estimez pas vos adversaires.
Don't use slang if you can help it.,"N'utilise pas d'argot, si possible."
Don't use slang if you can help it.,"N'utilisez pas d'argot, si possible."
"Don't worry, I'm going to help you.","Ne te fais pas de souci, je vais t'aider."
"Don't worry, I'm going to help you.","Ne t'en fais pas, je vais t'aider."
"Don't worry, I'm going to help you.","Ne vous faites pas de souci, je vais vous aider."
"Don't worry, I'm going to help you.","Ne vous en faites pas, je vais vous aider."
Don't worry. Everything'll be fine.,Ne vous en faites pas ! Tout ira bien.
Don't worry. Everything'll be fine.,Ne t'en fais pas ! Tout ira bien.
Don't worry. It's a common mistake.,Ne t'inquiète pas. C'est une erreur fréquente.
Don't worry. It's perfectly normal.,Ne t'inquiète pas. C'est complètement normal.
Don't worry. Tom won't let us down.,Ne t'inquiète pas. Tom ne nous laissera pas tomber.
Don't worry. Tom won't let us down.,Ne vous inquiétez pas. Tom ne nous laissera pas tomber.
Don't you have an interesting face?,N'avez-vous pas un visage intéressant ?
Don't you have an interesting face?,N'as-tu pas un visage intéressant ?
Don't you think it's time you left?,Ne pensez-vous pas qu'il soit l'heure pour vous de partir ?
Don't you think it's time you left?,Ne pensez-vous pas qu'il soit l'heure que vous partiez ?
Don't you think it's time you left?,Ne penses-tu pas qu'il soit l'heure pour toi de partir ?
Don't you think it's time you left?,Ne penses-tu pas qu'il soit l'heure que tu partes ?
Don't you think that's a bit weird?,Ne penses-tu pas que c'est un peu étrange ?
Don't you think that's a bit weird?,Ne penses-tu pas que ce soit un peu étrange ?
Don't you think that's a bit weird?,Ne pensez-vous pas que ce soit un peu étrange ?
Don't you think that's significant?,Ne pensez-vous pas que c'est important ?
Don't you think that's significant?,Ne penses-tu pas que c'est important ?
Don't you think this is ridiculous?,Ne penses-tu pas que ceci est ridicule ?
Don't you think this is ridiculous?,Ne pensez-vous pas que ceci est ridicule ?
Don't you want a little excitement?,Ne veux-tu pas un peu d'effervescence ?
Don't you want a little excitement?,Ne voulez-vous pas un peu d'effervescence ?
Don't you want to be in love again?,Ne veux-tu pas être à nouveau amoureux ?
Don't you want to be in love again?,Ne veux-tu pas être à nouveau amoureuse ?
Don't you want to be in love again?,Ne voulez-vous pas être à nouveau amoureux ?
Don't you want to be in love again?,Ne voulez-vous pas être à nouveau amoureuse ?
Don't you want to be in love again?,Ne voulez-vous pas être à nouveau amoureuses ?
Don't you want to know what I want?,Ne veux-tu pas savoir ce que je veux ?
Don't you want to know what I want?,Ne voulez-vous pas savoir ce que je veux ?
Don't you want to know where I was?,Ne veux-tu pas savoir où j'étais ?
Don't you want to know where I was?,Ne voulez-vous pas savoir où j'étais ?
Don't your neighbors ever complain?,Tes voisins ne se plaignent-ils jamais ?
Don't your neighbors ever complain?,Tes voisines ne se plaignent-elles jamais ?
Don't your neighbors ever complain?,Vos voisins ne se plaignent-ils jamais ?
Don't your neighbors ever complain?,Vos voisines ne se plaignent-elles jamais ?
Dozens of letters are awaiting you.,Des douzaines de lettres vous attendent.
Drinking warm milk makes me sleepy.,Boire du lait chaud me donne sommeil.
Drunk driving is a serious problem.,La conduite sous l'influence de l'alcool est un grave problème.
Dutch is closely related to German.,Le néerlandais est très proche de l'allemand.
Each of the three boys got a prize.,Chacun des trois garçons a reçu un prix.
Each of the three boys got a prize.,Chacun des trois garçons a eu un prix.
Each of the three boys won a prize.,Chacun des trois garçons a gagné un prix.
Edison invented many useful things.,Edison a inventé beaucoup de choses utiles.
Either you or I will have to do it.,L'un de nous deux devra le faire.
Either you or your friend is wrong.,"Soit toi, soit ton ami est dans l'erreur."
Even a loser can dress for success.,Même un raté peut se vêtir pour la réussite.
Every man cannot be a good pianist.,Tout le monde ne peut pas être un bon pianiste.
Every room was searched thoroughly.,Chaque pièce a été minutieusement fouillée.
Every spring the river floods here.,"Chaque printemps, la rivière déborde ici."
Everybody has their favorite drink.,Chacun a sa boisson préférée.
Everybody pronounces my name wrong.,Tout le monde prononce mal mon nom.
Everyone always speaks well of Tom.,Tout le monde parle toujours de Tom en bien.
Everyone is welcome to participate.,Tout le monde est le bienvenu pour participer.
Everyone says that he's a good man.,Tout le monde dit que c'est un homme bon.
Everything comes to those who wait.,Tout vient à point à qui sait attendre.
Everything goes wrong when I leave.,"Quand je m'absente, tout va mal."
Everything's going to be all right.,Tout ira bien.
Everything's going to be all right.,Tout va bien se passer.
Everything's happening too quickly.,Tout se passe trop vite.
"Excuse me, I dropped my chopsticks.","Excusez-moi, j'ai laissé tomber mes baguettes."
"Excuse me, but I didn't order this.","Excusez-moi, mais je n'ai pas commandé ça."
"Father always says, ""Do your best.""",Père dit toujours : « Fais de ton mieux. »
Few people will admit their faults.,Peu de gens admettent leurs erreurs.
Few people will admit their faults.,Peu de gens reconnaissent leurs fautes.
Fill in your name and address here.,Remplissez ici votre nom et adresse.
Final exams are two weeks from now.,Les examens finaux sont dans deux semaines.
"First we'll eat, and then we'll go.","D’abord nous allons manger, puis nous partirons."
Food is still scarce in the region.,La nourriture est toujours insuffisante dans cette région.
"For goodness' sake, don't say that!",Pour l'amour du ciel : ne dis pas cela !
"For many, it was a dream come true.","Pour beaucoup, c'était la réalisation d'un rêve."
"Frankly speaking, I don't like her.","À dire vrai, je ne l'aime pas."
"Frankly speaking, I don't like him.","Pour le dire franchement, je ne l'aime pas."
"Frankly speaking, I don't like you.","Pour parler franchement, je ne vous aime pas."
"Frankly speaking, I don't like you.","Pour parler franchement, je ne t'aime pas."
French isn't only spoken in France.,Le français n'est pas seulement parlé en France.
Fur protects animals from the cold.,La fourrure protège les animaux du froid.
Gasoline is no longer a cheap fuel.,L'essence n'est plus un carburant bon marché.
"Generally, Japanese people are shy.","Généralement, les Japonais sont timides."
George Washington was born in 1732.,George Washington est né en 1732.
Germans are said to be hardworking.,On dit que les Allemands sont très travailleurs.
Germany was once allied with Italy.,L'Allemagne fut autrefois l'alliée de l'Italie.
Get out of here! I'll do it myself.,Sors de là ! Je vais le faire moi-même.
Give me a minute to think about it.,Donne-moi une minute pour y penser.
Give me some time to think it over.,Donnez-moi du temps pour y penser.
Give me what you have in your hand.,Donne-moi ce que tu as dans la main.
Give me what you have in your hand.,Donnez-moi ce que vous avez dans la main.
Give the book to whomever wants it.,Donne le livre à qui le veut.
Go ahead. I'll meet you downstairs.,Pars devant ! Je te retrouverai en bas.
Go ahead. I'll meet you downstairs.,Pars devant ! Je te rejoindrai en bas.
Go ahead. I'll meet you downstairs.,Partez devant ! Je vous retrouverai en bas.
Go ahead. I'll meet you downstairs.,Partez devant ! Je vous rejoindrai en bas.
"Good evening, ladies and gentlemen.",Bonsoir Mesdames et Messieurs !
Good things come in small packages.,Les bonnes choses viennent en petites quantités.
Guys are supposed to respect girls.,Les garçons sont supposés respecter les filles.
Handling dynamite can be dangerous.,Manier de la dynamite peut être dangereux.
Handling dynamite can be dangerous.,Manipuler de la dynamite peut être dangereux.
Have both of you already had lunch?,"Est-ce que vous avez déjà déjeuné, tous les deux ?"
Have you arrived at a decision yet?,Avez-vous arrêté une décision finalement ?
Have you come up with another plan?,As-tu concocté un autre plan ?
Have you completely lost your mind?,Avez-vous complètement perdu l'esprit ?
Have you completely lost your mind?,Est-ce que tu as complètement perdu la tête ?
Have you finished reading the book?,As-tu fini de lire le livre ?
Have you finished reading the book?,Avez-vous fini de lire le livre ?
Have you found your contact lenses?,Est-ce que tu as trouvé tes lentilles de contact ?
Have you gotten over your cold yet?,T'es-tu déjà remis de ton rhume ?
Have you gotten over your cold yet?,T'es-tu déjà remise de ton rhume ?
Have you gotten over your cold yet?,Vous êtes-vous déjà remis de votre rhume ?
Have you gotten over your cold yet?,Vous êtes-vous déjà remise de votre rhume ?
Have you known him for a long time?,Le connaissez-vous depuis longtemps ?
Have you learned the poem by heart?,As-tu appris le poème par cœur ?
Have you looked at these brochures?,Avez-vous regardé ces brochures ?
Have you looked at these brochures?,As-tu regardé ces brochures ?
Haven't you finished your meal yet?,N'as-tu pas encore terminé ton repas ?
"Having finished it, he went to bed.",Il alla se coucher après avoir fini.
Hawaii is a popular tourist resort.,Hawaï est une destination touristique populaire.
He acted behind the manager's back.,Il a agit dans le dos du directeur.
He adapted himself to his new life.,Il s'adapta à sa nouvelle vie.
He adapted himself to his new life.,Il s'est adapté à sa nouvelle vie.
He added that he didn't believe it.,Il dit aussi qu'il n'y croyait pas.
He always goes to work at 8:00 a.m.,Il part toujours travailler à 8 heures.
He always goes to work at 8:00 a.m.,Il part tout le temps au travail à 8 heures.
He and his friend sat on the bench.,Son ami et lui s'assirent sur le banc.
He arched his eyebrows in surprise.,Il arqua ses sourcils de surprise.
He arrived at the station at seven.,Il est arrivé à la gare à sept heures.
He arrived in time for the meeting.,Il arriva à l'heure pour la réunion.
He arrived very early this morning.,Il est arrivé très tôt ce matin.
He asked me if I liked mathematics.,Il m'a demandé si j'aime les mathématiques.
He asked me to throw the ball back.,Il me demanda de lui renvoyer la balle.
He believes that the story is true.,Il pense que cette histoire est vraie.
He believes that the story is true.,Il croit que cette histoire est vraie.
He bound the package with a string.,Il attacha le paquet avec une ficelle.
He broke up the chair for firewood.,Il brisa la chaise pour en faire du petit bois pour le feu.
He came by car instead of by train.,Il est venu en voiture au lieu de venir en train.
He came in spite of the heavy snow.,"Il vint, en dépit de l'épaisse neige."
He can do it far better than I can.,Il peut le faire beaucoup mieux que moi.
He can speak just a little English.,Il sait parler juste un peu d'anglais.
He can't even butter his own bread.,Il ne sait même pas beurrer son propre pain.
"He cares about no one, but himself.",Il ne se préoccupe de personne d'autre que lui-même.
He caught a boy stealing his watch.,Il attrapa un garçon en train de lui voler sa montre.
He censured me for what I had done.,Il a critiqué ce que j'ai fait.
He chipped the edge of the tea cup.,Il ébrécha le bord de la tasse à thé.
He claims to have visions from God.,Il prétend avoir des visions divines.
He comes home almost every weekend.,Il revient chez lui presque tous les weekends.
He continued walking for some time.,Il a continué de marcher pendant un certain temps.
He could read me like an open book.,Il pourrait lire en moi comme à livre ouvert.
He could read me like an open book.,Il savait lire en moi comme à livre ouvert.
He could read me like an open book.,Il saurait lire en moi comme à livre ouvert.
He decided to get on with the plan.,Il a décidé de poursuivre le plan.
He declined the offer and so did I.,Il refusa l'offre et moi aussi.
He denied having said such a thing.,Il nia avoir dit une telle chose.
He denied having said such a thing.,Il a démenti avoir dit une telle chose.
He denies having broken the window.,Il nie avoir cassé la fenêtre.
He described exactly what happened.,Il décrivit exactement ce qui s'était produit.
He described exactly what happened.,Il a décrit exactement ce qui s'était produit.
He did his best only to fail again.,Il a fait de son mieux mais il a encore perdu.
He did not accept their invitation.,Il n'accepta pas leur invitation.
He did nothing but read newspapers.,Il n'a rien fait à part lire les journaux.
He did the reverse of what I asked.,Il a fait le contraire de ce que je lui ai demandé de faire.
He didn't come to school yesterday.,Il n'est pas venu à l'école hier.
He didn't come to the last meeting.,Il n'était pas venu à la dernière réunion.
He didn't say a word to me all day.,Il ne m'a pas dit un mot de la journée.
He didn't say a word to me all day.,Il ne me dit mot de la journée.
He died on the day his son arrived.,Il est décédé le jour de l'arrivée de son fils.
He died without having made a will.,Il est mort sans avoir fait de testament.
He distanced himself from politics.,Il a pris ses distances avec la politique.
He doesn't know where he should be.,Il ne sait pas où il devrait être.
He doesn't like traveling by plane.,Il n'aime pas voyager en avion.
He doesn't live in my neighborhood.,Il n'habite pas dans mon quartier.
He doesn't watch television at all.,Il ne regarde pas du tout la télé.
He earns his living as a hotel boy.,Il gagne sa vie comme garçon d'hôtel.
He erased his speech from the tape.,Il effaça son discours de la bande.
He erased his speech from the tape.,Il a effacé son discours de la cassette.
He follows the rules to the letter.,Il suit les règles à la lettre.
He found a nice apartment for Mary.,Il a trouvé un bel appartement pour Mary.
He gathered up his things and left.,Il rassembla ses affaires et s'en fut.
He gathered up his things and left.,Il a rassemblé ses affaires et s'en est allé.
He gathered up his things and left.,Il a rassemblé ses affaires et est parti.
He gave an angry shake of his head.,Il secoua la tête avec colère.
He gave me clothes as well as food.,Il me donna aussi bien de quoi me vêtir et de quoi manger.
He gets angry if he's contradicted.,Il se met en colère lorsqu'on le contredit.
He got a good grade in mathematics.,Il a eu une bonne note en mathématiques.
He got bored after fifteen minutes.,Il s'est lassé après quinze minutes.
He got out of the habit of smoking.,Il a perdu l'habitude de fumer.
He grabbed the chance to get a job.,Il a saisi l'opportunité d'obtenir un emploi.
He graduated from Tokyo University.,Il est diplômé de l'Université de Tôkyô.
He grasped the rope with two hands.,Il attrapa la corde des deux mains.
He has been in Japan for two years.,Il est resté au Japon pendant deux ans.
He has been sick in bed for a week.,Il a été cloué au lit depuis une semaine.
He has been sick since last Sunday.,Il est malade depuis dimanche dernier.
He has been studying for two hours.,Il a étudié pendant deux heures.
He has been waiting here some time.,Il attend ici depuis un moment.
He has done it in just a few years.,Il l'a réalisé en à peine quelques années.
He has great confidence in himself.,Il a beaucoup de confiance en lui-même.
He has just graduated from college.,Il est fraîchement diplômé de l'université.
He has made a significant decision.,Il a pris une importante décision.
He has much more money than I have.,Il a plus d'argent que moi.
He has much more money than I have.,Il a bien plus d'argent que moi.
He has plenty of money in the bank.,Il a beaucoup d'argent à la banque.
He has recovered from his bad cold.,Il s'est remis de son mauvais rhume.
He has twice as many books as I do.,Il a deux fois plus de livres que moi.
"He has two daughters, both married.","Il a deux filles, toutes deux mariées."
He held out his hand and I took it.,Il tendit sa main et je la saisis.
He helped poor people all his life.,Il a aidé les pauvres toute sa vie.
He hid himself behind a large rock.,Il s'est caché derrière un grand rocher.
He hurried in order to get the bus.,Il se hâta pour attraper le bus.
He hurt his left foot when he fell.,Il s'est blessé au pied gauche lorsqu'il est tombé.
He hurt his left foot when he fell.,Il s'est blessé le pied droit en tombant.
He hurt his left hand with a knife.,Il s'est blessé la main gauche avec un couteau.
He instantly fell in love with her.,Il tomba instantanément amoureux d'elle.
He instantly fell in love with her.,Il est instantanément tombé amoureux d'elle.
He is a reporter for Time magazine.,Il est reporter pour le Time.
He is able to speak five languages.,Il peut parler cinq langues.
He is afraid to fly in an airplane.,Il a peur de prendre l'avion.
He is always looking to the future.,Il regarde toujours vers l'avenir.
He is captain of the football team.,Il est capitaine de l'équipe de football.
He is content with the simple life.,Il est content de sa vie simple.
He is engaged to my younger sister.,Il est fiancé à ma jeune sœur.
He is immediately above me in rank.,Il est d'un rang juste au-dessus du mien.
He is less strict than our teacher.,Il est moins sévère que notre professeur.
He is likely to be late for school.,Il est sûrement en retard pour l'école.
He is looked up to as their leader.,Il est considéré comme leur chef.
He is madly in love with that girl.,Il est follement amoureux de cette fille.
He is madly in love with that girl.,Il est fou amoureux de cette fille.
He is not interested in art at all.,Il ne porte aucun intérêt à l'art.
He is not old enough to live alone.,Il n'a pas encore l'âge d'habiter tout seul.
He is not very good at mathematics.,Il n'est pas très bon en mathématiques.
He is responsible for the accident.,Il est responsable de cet accident.
He is responsible for the accident.,Il est responsable de l'accident.
He is sometimes absent from school.,Il est quelquefois absent de l'école.
He is supposed to be at home today.,Il est censé être chez lui aujourd'hui.
He is the boss's private secretary.,C'est le secrétaire particulier du patron.
He is the father of three children.,Il est le père de trois enfants.
He is the father of three children.,Il est père de trois enfants.
He is tired of watching television.,Il est fatigué de regarder la télévision.
He is very clever for a boy of ten.,Il est très intelligent pour un garçon de dix ans.
He is wandering around in a trance.,"Il déambule aux alentours, en transe."
He kept me waiting for a long time.,Il m'a fait attendre longtemps.
He kept us waiting for a long time.,Il nous a fait attendre longtemps.
He killed himself by taking poison.,Il s'est suicidé en prenant du poison.
He killed himself by taking poison.,Il s'est suicidé par ingestion de poison.
He knows many amusing magic tricks.,Il connaît beaucoup de trucs amusants.
He knows nothing about electronics.,Il ne connaît rien en électronique.
He left a large fortune to his son.,Il a laissé une grosse fortune à son fils.
He let his books fall to the floor.,Il laissa ses livres tomber à terre.
He let the dog loose in the garden.,Il a lâché le chien dans le jardin.
He let the dog loose in the garden.,Il laissa le chien en liberté dans le jardin.
He likes all animals except horses.,Il aime tous les animaux à l'exception des chevaux.
He likes taking care of the garden.,Il aime s'occuper du jardin.
He likes that video game very much.,Il aime beaucoup ce jeu vidéo.
He listened closely to the speaker.,Il écouta attentivement l'orateur.
He lives somewhere around the park.,Il vit quelque part aux alentours du parc.
He looked at her from head to foot.,Il la regarda de la tête aux pieds.
He looked at me for an explanation.,Il me regarda pour une explication.
He looked young beside his brother.,Il avait l'air jeune à côté de son frère.
He looks young considering his age.,Il paraît jeune pour son âge.
He lost his temper and hit the boy.,Il perdit patience et frappa le garçon.
He lured her away from her husband.,Il l'a détournée de son mari.
He made a journey around the world.,Il fit un voyage autour du monde.
He made a mistake and drank poison.,Il s'est trompé et a bu du poison.
He maintained that he was innocent.,Il maintenait qu'il était innocent.
He managed to pass the examination.,Il a réussi à avoir son examen.
He may be the very man that I need.,Il pourrait bien être exactement celui dont j'ai besoin.
He moved out of his parents' place.,Il a déménagé de chez ses parents.
He must have taken the wrong train.,Il a dû prendre le mauvais train.
He narrowly escaped being run over.,Il a vraiment failli se faire renverser.
He narrowly escaped being run over.,Il manqua de justesse de se faire renverser.
He owns a very valuable wristwatch.,Il possède une montre-bracelet de grande valeur.
He passed the entrance examination.,Il a réussi l'examen d'entrée.
He passed the test as was expected.,Il a réussi le test comme prévu.
He played a minor part in the play.,Il jouait un rôle mineur dans la pièce.
He plays tennis three times a week.,Il joue au tennis trois fois par semaine.
He pointed to the tower over there.,"Il a pointé la tour, là-bas."
He promised to provide information.,Il promit de fournir des informations.
He ran faster than his brother did.,Il courait plus vite que son frère.
"He ran to school, arriving in time.","Il courut à l'école, arrivant à l'heure."
"He ran to school, arriving in time.",Il a couru à l'école et est arrivé à l'heure.
He read the poem with a loud voice.,Il lut le poème à voix haute.
He remained abroad ever since then.,Il est demeuré à l'étranger depuis lors.
He runs the business with his sons.,Il fait tourner l'entreprise avec ses fils.
He runs the business with his sons.,Il fait tourner la boîte avec ses fils.
He said it was out of the question.,Il a dit que c'était hors de question.
He said that he had a lot of money.,Il a dit qu'il avait beaucoup d'argent.
"He said to himself, ""I will do it.""",Il se dit : « Je vais le faire. »
"He said, ""Let's take a short rest.""",Il a suggéré que nous prenions une courte pause.
He sat there with his legs crossed.,"Il était assis là, les jambes croisées."
He saw suicide as the only way out.,Il voyait le suicide comme la seule issue.
He searched all day for the letter.,Il chercha toute la journée après la lettre.
He searched all day for the letter.,Il chercha la lettre toute la journée.
He seems to have finished his work.,Il semble avoir terminé son travail.
He seems to have no sense of humor.,Il semble n'avoir aucun sens de l'humour.
He seems to have no sense of humor.,Il parait être dépourvu de tout sens de l'humour.
"He seldom, if ever, goes to church.","Il se rend rarement, sinon jamais à l'église."
He sent me some American magazines.,Il m'a envoyé quelques magazines américains.
He sent money to help care for her.,Il envoya de l'argent pour contribuer à prendre soin d'elle.
He set fire to the school building.,Il a mis le feu au bâtiment de l'école.
"He shot at the bird, but missed it.",Il tira sur l'oiseau mais le manqua.
He should have bought some pencils.,Il aurait dû acheter quelques stylos.
He should have kept his mouth shut.,Il aurait dû la fermer.
He sneaked around to the back door.,Il se faufila jusqu'à la porte de derrière.
He sounded very tired on the phone.,Il avait l'air très fatigué au téléphone.
He stared at her hand for a moment.,Il fixa sa main durant un moment.
He stood up and took a deep breath.,Il se dressa et prit une longue inspiration.
He stood up and took a deep breath.,Il s'est dressé et a pris une longue inspiration.
He stood with his back to the wall.,Il se tenait le dos au mur.
He stuck his pencil behind his ear.,Il plaça son crayon derrière l'oreille.
He stuck his pencil behind his ear.,Il a placé son crayon derrière l'oreille.
He studies contemporary literature.,Il étudie la littérature contemporaine.
He studies much harder than before.,Il étudie plus qu'avant.
He suggested that we go for a swim.,Il proposa que nous allions nager.
He talks as if he knows everything.,Il parle comme s'il connaissait tout.
He taught me how to spell the word.,Il m'a appris comment épeler ce mot.
He teaches in a girls' high school.,Il enseigne dans un collège de filles.
He tends to get upset over nothing.,Il a tendance à se fâcher pour rien.
He took a photograph of the family.,Il prit une photo de la famille.
He took over his father's business.,Il a repris l'affaire de son père.
He took the wrong train by mistake.,Il a pris le mauvais train par erreur.
He transferred his office to Osaka.,Il a transféré ses bureaux à Osaka.
He traveled throughout the country.,Il voyagea à travers le pays.
He traveled throughout the country.,Il a voyagé à travers le pays.
"He tried several times, but failed.",Il essaya plusieurs fois mais ne réussit pas.
He uses a pencil with a fine point.,Il utilise un crayon avec une pointe fine.
He wants to reach a wider audience.,Il veut toucher un auditoire plus étendu.
He wants to reach a wider audience.,Il veut toucher un auditoire plus large.
He warned us not to enter the room.,Il nous avertit de ne pas pénétrer dans la pièce.
He warned us not to enter the room.,Il nous a avertis de ne pas pénétrer dans la pièce.
He was absent because of the storm.,Il n'était pas là à cause de l'orage.
He was absent because of the storm.,"Il était absent, en raison de la tempête."
He was always faithful to his wife.,Il a toujours été fidèle à sa femme.
He was covered all over with paint.,Il était recouvert de peinture.
He was dazed by a blow to the head.,Il fut étourdi par un coup sur la tête.
He was educated by her grandfather.,Il a été éduqué par son grand-père.
He was educated by his grandfather.,Il a été éduqué par son grand-père.
He was elected captain of the team.,Il a été élu capitaine de l'équipe.
He was exiled from his own country.,Il a été exilé de son propre pays.
He was found mysteriously murdered.,Il fut trouvé mystérieusement assassiné.
He was found mysteriously murdered.,On le trouva mystérieusement assassiné.
He was found mysteriously murdered.,On l'a trouvé mystérieusement assassiné.
He was in favor of the proposition.,Il était en faveur de la proposition.
He was left all alone in the woods.,Il fut laissé tout seul dans les bois.
He was looking for this very thing.,Il cherchait justement cette chose-là.
He was named after his grandfather.,Il fut prénommé d'après le prénom de son grand-père.
He was reading a book at that time.,Il était alors en train de lire un livre.
"He was sick, but he went to school.","Il était malade, mais il se rendit à l'école."
"He was sick, but he went to school.","Il était malade, mais il s'est rendu à l'école."
"He was sick, but he went to school.","Il était malade, mais il alla à l'école."
"He was sick, but he went to school.","Il était malade, mais il est allé à l'école."
He was silly enough to believe her.,Il a été suffisamment stupide pour la croire.
He was successful in several areas.,Il avait du succès dans plusieurs domaines.
He was too tired to go any farther.,Il était trop fatigué pour aller plus loin.
He was too tired to go any further.,Il était trop fatigué pour poursuivre.
He was very good at playing tennis.,Il était très bon au tennis.
He was walking in front of the car.,Il déambulait devant la voiture.
He was watching television all day.,Il regardait la télé toute la journée.
He was weak from the loss of blood.,Il était affaibli par les pertes de sang.
He was weak from the loss of blood.,La perte de sang l'avait affaibli.
He went away without saying a word.,Il partit sans mot dire.
He went away without saying a word.,Il partit sans dire un mot.
He went away without saying a word.,Il est parti sans dire un mot.
He went to Paris at the end of May.,Il est allé à Paris fin mai.
He will be contacting you directly.,Il vous contactera directement.
He will get nowhere with his plans.,Il n'ira nulle part avec ses plans.
He will leave for Paris next month.,Il part pour Paris le mois prochain.
He will live forever in our hearts.,Il survivra à jamais dans nos cœurs.
He will never visit the town again.,Il ne visitera plus jamais la ville.
He will not be able to do the work.,Il n'est pas capable de faire le travail.
He works for an advertising agency.,Il travaille pour une agence de publicité.
He's about the same age as you are.,Il a environ votre âge.
He's about the same age as you are.,Il a à peu près le même âge que toi.
He's about the same age as you are.,Il a à peu près le même âge que vous.
He's always asking silly questions.,Il pose toujours des questions stupides.
He's always asking silly questions.,Il pose tout le temps des questions idiotes.
He's better at the piano than I am.,Il est meilleur que moi au piano.
He's getting used to the situation.,Il s'habitue à la situation.
He's nervous and easily frightened.,Il est nerveux et facilement effrayé.
He's never been abroad in his life.,Il n'a jamais été à l'étranger de toute sa vie.
He's not always at home on Sundays.,Il n'est pas toujours chez lui le dimanche.
He's not good at remembering names.,Il n'est pas doué pour retenir les noms.
He's shivering because of the cold.,Il tremble de froid.
He's the black sheep of the family.,Il est le mouton noir de la famille.
He's the chairman of the committee.,Il est le président du comité.
He's three years older than she is.,Il a 3 ans de plus qu'elle.
He's three years older than she is.,Il est 3 ans plus vieux qu'elle.
He's three years older than she is.,Il est plus vieux qu'elle de 3 ans.
He's three years older than she is.,Il est plus âgé qu'elle de trois ans.
He's three years older than she is.,Il a trois ans de plus qu'elle.
He's three years older than she is.,Il est de trois ans plus âgé qu'elle.
He's worried that he might be late.,Il est préoccupé par la possibilité d'être en retard.
Her condition got worse last night.,Sa santé s'est aggravée la nuit dernière.
Her daughter can recite many poems.,Sa fille sait réciter de nombreux poèmes.
Her fears gradually quietened down.,Sa peur s'apaisait progressivement.
Her hobby was collecting old coins.,Son passe-temps était de collectionner les pièces de monnaie anciennes.
Her sister is not going to America.,Sa sœur ne va pas en Amérique.
Her son was killed in the accident.,Son fils est mort dans l'accident.
Her son's death broke Mary's heart.,La mort de son fils a brisé le cœur de Mary.
Her voice is pleasant to listen to.,Sa voix est agréable à écouter.
Here's a box of chocolates for you.,Voilà une boîte de chocolats pour vous.
Here's the answer to your question.,Voici la réponse à ta question.
Here's the answer to your question.,Voici la réponse à votre question.
"Hey, could I talk to you for a sec?","Hé, je peux te parler une seconde ?"
His achievements were acknowledged.,Ses résultats furent reconnus.
His brother passed away last month.,Son frère est décédé le mois dernier.
His brother passed away last month.,Son frère est mort le mois dernier.
His debt reached a hundred dollars.,Sa dette se montait à cent dollars.
His family did not have much money.,Sa famille ne disposait pas de beaucoup d'argent.
His father eats there twice a week.,Son père mange là deux fois par semaine.
His hobby is collecting old stamps.,Son passe-temps est la collection de vieux timbres.
His house is somewhere around here.,Sa maison est quelque part par ici.
His last movie was very successful.,Son dernier film a eu beaucoup de succès.
His mother looks young for her age.,Sa mère parait jeune pour son âge.
His name was becoming widely known.,Son nom devenait largement connu.
His parents expect too much of him.,Ses parents attendent trop de lui.
His room is twice as large as mine.,Sa chambre est deux fois plus grande que la mienne.
His sister can't talk to you today.,Sa sœur ne peut pas te parler aujourd'hui.
His sister is not going to America.,Sa sœur ne va pas en Amérique.
His voice is pleasant to listen to.,Sa voix est agréable à écouter.
His youngest son is five years old.,Son plus jeune enfant a cinq ans.
History is merely repeating itself.,L'histoire ne fait que se répéter.
Hokkaido is to the north of Honshu.,Hokkaido est au nord de Honshu.
Hokkaido is to the north of Honshu.,Hokkaido est située au nord de Honshu.
Hollywood isn't what it used to be.,Hollywood n'est plus ce qu'il était.
Honesty is no guarantee of success.,L'honnêteté n'est pas une garantie de succès.
How can I get to the zoo from here?,Comment puis-je aller au zoo à partir ici ?
How can you even ask that question?,Comment peux-tu même poser cette question ?
How can you even ask that question?,Comment pouvez-vous même poser cette question ?
How cold is it in Boston right now?,Il fait froid à Boston là ?
How dare you speak like that to me!,Comment oses-tu me parler comme ça !
How dare you speak to me like that!,Comment oses-tu me parler ainsi !
How dare you speak to me like that!,Comment osez-vous me parler ainsi !
How did we get into this situation?,Comment nous sommes-nous fourrés dans cette situation ?
How did we get into this situation?,Comment nous sommes-nous fourrées dans cette situation ?
How did you come by all this money?,Comment es-tu venu en possession de tout cet argent ?
How did you come by all this money?,Comment êtes-vous venu en possession de tout cet argent ?
How did you come by all this money?,Comment êtes-vous venus en possession de tout cet argent ?
How did you come by all this money?,Comment êtes-vous venue en possession de tout cet argent ?
How did you come by all this money?,Comment êtes-vous venues en possession de tout cet argent ?
How did you come to know about her?,Comment as-tu appris son existence ?
How did you learn to dance so well?,Comment as-tu appris à si bien danser ?
How did you learn to dance so well?,Comment avez-vous appris à si bien danser ?
How did you make a living in Tokyo?,Comment as-tu gagné ta vie à Tokyo ?
How did you make a living in Tokyo?,Comment avez-vous gagné votre vie à Tokyo ?
How do you know so much about this?,Comment en savez-vous autant à ce sujet ?
How do you know so much about this?,Comment en sais-tu autant à ce sujet ?
How do you know which one is yours?,Comment sais-tu lequel est le tien ?
How do you know which one is yours?,Comment sais-tu laquelle est la tienne ?
How do you know which one is yours?,Comment savez-vous lequel est le vôtre ?
How do you know which one is yours?,Comment savez-vous laquelle est la vôtre ?
How do you plan on paying for that?,Comment prévois-tu de payer ça ?
How do you plan on paying for that?,Comment prévoyez-vous de payer ça ?
How long did you stay at the party?,Combien de temps es-tu resté à la soirée ?
How long did you stay at the party?,Combien de temps es-tu resté à la fête ?
How long did you stay at the party?,Combien de temps es-tu restée à la soirée ?
How long did you stay at the party?,Combien de temps es-tu restée à la fête ?
How long did you stay at the party?,Combien de temps êtes-vous resté à la fête ?
How long did you stay at the party?,Combien de temps êtes-vous restée à la fête ?
How long did you stay at the party?,Combien de temps êtes-vous restés à la fête ?
How long did you stay at the party?,Combien de temps êtes-vous restées à la fête ?
How long did you stay at the party?,Combien de temps êtes-vous resté à la soirée ?
How long did you stay at the party?,Combien de temps êtes-vous restée à la soirée ?
How long did you stay at the party?,Combien de temps êtes-vous restés à la soirée ?
How long did you stay at the party?,Combien de temps êtes-vous restées à la soirée ?
How long have you known about this?,Depuis combien de temps le savez-vous ?
How long have you known about this?,Depuis combien de temps le sais-tu ?
How long is the Golden Gate Bridge?,Quelle longueur mesure le pont de Golden Gate ?
How long were you and Tom together?,Combien de temps que vous et Tom avez été ensemble ?
How long will it take to get there?,Combien de temps cela prendra-t-il pour arriver là-bas ?
How long will you remain in Boston?,Combien de temps vas-tu rester à Boston ?
How long will you remain in Boston?,Combien de temps allez-vous rester à Boston ?
How many English words do you know?,Combien de mots anglais connais-tu ?
How many English words do you know?,Combien de mots anglais connaissez-vous ?
How many books a month do you read?,Combien de livres lis-tu par mois ?
How many books a month do you read?,Combien de livres lis-tu par mois ?
How many books a month do you read?,Combien de livres lisez-vous par mois ?
How many calories are in this dish?,Combien y a-t-il de calories dans ce plat ?
How many close friends do you have?,Combien d'amis proches avez-vous ?
How many hours a day does Tom swim?,Combien d'heures par jour Tom nage-t-il ?
How many men named Tom do you know?,Combien de personnes appelées Tom connaissez-vous ?
How many men named Tom do you know?,Combien de personnes appelées Tom connais-tu ?
How many of your students are here?,Combien de vos élèves sont ici ?
How many of your students are here?,Combien de vos élèves se trouvent ici ?
How many of your students are here?,Combien de vos élèves se trouvent-ils ici ?
How many of your students are here?,Combien de vos élèves se trouvent-elles ici ?
How many pairs of shoes do you own?,Combien de paires de chaussures avez-vous ?
How many people were at your party?,Combien de gens étaient à ta fête ?
How many people were at your party?,Combien de gens étaient à votre fête ?
How many sandwiches are there left?,Combien reste-t-il encore de sandwichs ?
How many sandwiches are there left?,Combien reste-t-il encore de sandwiches ?
How many times do I have to say it?,Combien de fois dois-je le dire ?
How many times have you been there?,Combien de fois y as-tu été ?
How many times have you been there?,Combien de fois y avez-vous été ?
How many times have you lied to me?,Combien de fois m'as-tu menti ?
How many times have you lied to me?,Combien de fois m'avez-vous menti ?
How many trees are in your orchard?,Combien d'arbres y a-t-il dans votre verger ?
How many ways are there to do that?,Combien de façons y a-t-il de faire ça ?
How many ways are there to do that?,Combien de façons y a-t-il de faire cela ?
How much did you pay for the dress?,Combien as-tu payé pour la robe ?
How much did you pay for the dress?,Combien avez-vous payé pour la robe ?
How much is the most expensive car?,Combien coûte la voiture la plus chère ?
How much thinner do you want to be?,De combien veux-tu être plus mince ?
How much thinner do you want to be?,De combien voulez-vous être plus mince ?
How much thinner do you want to be?,De combien voulez-vous être plus minces ?
How much were you paid to say that?,Combien as-tu été payé pour dire ça ?
How much were you paid to say that?,Combien avez-vous été payé pour dire cela ?
How old were you when you did that?,Quel âge avais-tu quand tu as fait ça ?
How old were you when you did that?,Quel âge aviez-vous quand vous avez fait cela ?
How was your first night in Boston?,"Comment c'était, ta première nuit à Boston ?"
How would you like it if I hit you?,Aimeriez-vous que je vous frappe ?
How would you like it if I hit you?,Aimerais-tu que je te frappe ?
How would you like your steak done?,Quelle cuisson voudrais-tu pour ton bifteck ?
"Hurry up, and you'll catch the bus.",Si tu te dépêches tu attraperas le bus.
"Hurry up, and you'll catch the bus.",Dépêche-toi et tu attraperas l'autobus.
"Hurry up, or you will miss the bus.","Dépêche-toi, ou tu vas rater le bus."
"Hurry up, or you'll miss the train.","Dépêchez-vous, ou vous manquerez le train."
Hurry! We don't have a lot of time.,Dépêche-toi! Nous n'avons pas beaucoup de temps.
I advised him to come back at once.,Je lui ai conseillé de revenir immédiatement.
I advised him to come back at once.,Je lui ai conseillé de revenir sans tarder.
I advised him to keep that promise.,Je lui ai conseillé de garder le secret.
I almost never listen to the radio.,Je n'écoute presque jamais la radio.
I always catch colds in the winter.,J'attrape toujours froid en hiver.
I always catch colds in the winter.,Je contracte toujours des rhumes en hiver.
I always drive at a moderate speed.,Je conduis toujours à une vitesse modérée.
I am a member of the baseball team.,Je suis membre de l'équipe de baseball.
I am a student at Hyogo University.,Je suis étudiant à l'Université de Hyogo.
I am able to swim across the river.,Je suis en mesure de traverser la rivière à la nage.
I am about as big as my father now.,Je suis presque aussi grand que mon père maintenant.
I am accustomed to staying up late.,Je suis habitué à veiller tard.
I am afraid he will make a mistake.,Je crains qu'il commette une erreur.
I am afraid he will make a mistake.,J'ai peur qu'il commette une erreur.
I am afraid he will make a mistake.,Je crains qu'il ne commette une erreur.
I am afraid he will make a mistake.,J'ai peur qu'il ne commette une erreur.
I am afraid that he might get hurt.,J'ai peur qu'il ne se blesse.
I am afraid that you will get lost.,Je crains que vous vous égariez.
I am afraid that you will get lost.,Je crains que vous vous perdiez.
I am afraid that you will get lost.,Je crains que tu te perdes.
I am afraid that you will get lost.,Je crains que tu t'égares.
I am afraid to jump over the ditch.,J'ai peur de sauter par-dessus le fossé.
I am convinced that he is innocent.,Je suis convaincu de son innocence.
I am convinced that he is innocent.,Je suis convaincu qu'il est innocent.
I am doubtful whether he will come.,Je doute qu'il vienne.
I am going to leave my present job.,Je vais quitter mon emploi actuel.
I am going to play soccer tomorrow.,Je prévois de jouer au football demain.
I am going to play soccer tomorrow.,Demain je jouerai au football.
I am grateful to you for your help.,Je vous suis reconnaissant pour votre aide.
I am looking forward to seeing you.,Je suis impatient de vous rencontrer.
"I am lost. Can you help me, please?","Je suis perdu, pouvez-vous m'aider, s'il vous plait ?"
I am married and have two children.,Je suis mariée et j'ai deux enfants.
I am not always at home on Sundays.,Je ne suis pas toujours à la maison le dimanche.
"I am not rich, nor do I wish to be.","Je ne suis pas riche, et ne souhaite pas l'être."
I am on good terms with my brother.,Je suis en bons termes avec mon frère.
I am repairing the washing machine.,Je répare le lave-linge.
I am so busy that I can't help you.,Je suis tellement occupé que je ne peux pas vous aider.
I am so busy that I can't help you.,Je suis tellement occupé que je ne peux pas t'aider.
I am staying for another few weeks.,Je reste pour quelques autres semaines.
I am sure that he is an honest man.,Je suis sûr que c'est un homme honnête.
I am taking a holiday at the beach.,Je prends des vacances à la plage.
I am thinking of resigning at once.,Je songe à démissionner immédiatement.
I am tired and I want to go to bed.,Je suis fatigué et je veux aller dormir.
I am unable to agree on that point.,Je ne peux pas être d'accord sur ce point.
I am very tired from the hard work.,Je suis très fatigué par le dur labeur.
I am very tired from the hard work.,Je suis très fatiguée par le dur labeur.
I am waiting for the store to open.,J'attends que le magasin ouvre.
I am yawning because I feel sleepy.,Je bâille parce que j'ai sommeil.
I asked a policeman for directions.,J'ai demandé mon chemin à un policier.
I asked a policeman for directions.,J'ai demandé des instructions à un policier.
I asked him if he knew her address.,Je lui ai demandé s'il connaissait son adresse.
I asked my teacher what to do next.,J'ai demandé à mon professeur quoi faire ensuite.
I asked my teacher what to do next.,J'ai demandé à mon instituteur quoi faire ensuite.
I asked my teacher what to do next.,J'ai demandé à mon institutrice quoi faire ensuite.
I asked my teacher what to do next.,Je demandai à mon professeur quoi faire ensuite.
I assure you I'm in perfect health.,Je t'assure que je suis en parfaite santé.
I ate nothing but bread and butter.,Je n'ai mangé que du pain et du beurre.
I ate nothing but bread and butter.,Je ne mangeai rien d'autre que du pain beurre.
I ate nothing but bread and butter.,Je n'ai rien mangé d'autre que du pain beurre.
I began doing that three weeks ago.,J'ai commencé à faire ça il y a trois semaines.
I began doing that three years ago.,J'ai commencé à faire ça il y a trois ans.
I bought a new computer last month.,J'ai acheté un nouvel ordinateur le mois dernier.
I bought that record in this store.,J'ai acheté ce disque-là dans ce magasin.
I bought the car at a 10% discount.,J'ai acheté la voiture avec une remise de dix pour cent.
I brought that back from Australia.,J'ai ramené cela d'Australie.
I brush my teeth with a toothbrush.,Je me brosse les dents avec une brosse à dents.
I buy loads of stuff at that store.,J'achète des tas de trucs dans ce magasin.
I can hardly make out what he says.,Je peux à peine comprendre ce qu'il dit.
I can look at it when you're ready.,Je peux y regarder lorsque vous serez prêt.
I can look at it when you're ready.,Je peux y regarder lorsque vous serez prêts.
I can look at it when you're ready.,Je peux y regarder lorsque vous serez prête.
I can look at it when you're ready.,Je peux y regarder lorsque vous serez prêtes.
I can look at it when you're ready.,Je peux y regarder lorsque tu seras prêt.
I can look at it when you're ready.,Je peux y regarder lorsque tu seras prête.
I can make the time to talk to you.,Je peux prendre le temps de m'entretenir avec vous.
I can not bear this noise any more.,Je ne peux plus supporter ce bruit.
I can not bear this noise any more.,Je ne peux pas supporter ce bruit plus longtemps.
I can run the fastest of the three.,Je peux courir plus rapidement que les trois autres.
I can seldom find time for reading.,J'ai rarement du temps pour lire.
I can walk to school in 10 minutes.,Je peux aller à l'école à pied en 10 minutes.
I can't afford a new car this year.,"Cette année, je ne peux pas m'acheter une nouvelle voiture."
I can't answer the phone right now.,Je ne peux pas répondre au téléphone à la seconde.
I can't bear to see animals suffer.,Je ne supporte pas de voir des animaux souffrir.
I can't believe I just shot myself.,Je n'arrive pas à croire que je vienne de me tirer dessus.
I can't believe I just shot myself.,Je n'arrive pas à croire que je vienne de me faire une injection.
I can't believe it's raining again.,Je n'arrive pas à croire qu'il pleuve à nouveau.
I can't believe we finally made it.,Je n'arrive pas à croire que nous y avons finalement réussi.
I can't believe you eat that stuff.,Je n'arrive pas à croire que tu manges ce truc.
I can't believe you eat that stuff.,Je n'arrive pas à croire que vous mangiez ce truc.
I can't believe you just said that.,Je n'arrive pas à croire que tu viennes de dire cela.
I can't believe you just said that.,Je n'arrive pas à croire que vous veniez de dire cela.
I can't believe you'd be so stupid.,Je n'arrive pas à croire que vous seriez assez stupide.
I can't believe you'd be so stupid.,Je n'arrive pas à croire que tu serais assez stupide.
I can't believe you're really here.,Je n'arrive pas à croire que vous soyez vraiment là.
I can't believe you're really here.,Je n'arrive pas à croire que tu sois vraiment là.
I can't blame you. It was my fault.,Je ne peux pas t'accabler. Ça a été ma faute.
I can't decide if I'm happy or sad.,Je ne peux pas décider si je suis heureux ou triste.
I can't do without this dictionary.,Je ne peux pas me passer de ce dictionnaire.
I can't drink coffee without sugar.,Je ne peux pas boire de café sans sucre.
I can't help you because I am busy.,Je ne peux pas vous aider car je suis occupé.
I can't keep looking the other way.,Je ne peux pas continuer à détourner le regard.
I can't make that decision for you.,Je ne peux pas prendre cette décision à ta place.
I can't make that decision for you.,Je ne peux pas prendre cette décision pour vous.
I can't pay you what you're asking.,Je ne peux pas te payer ce que tu demandes.
I can't play tennis as well as Tom.,Je ne joue pas aussi bien que Tom au tennis.
I can't put up with all that noise.,Je ne peux pas supporter tout ce bruit.
I can't put up with all that noise.,Je n'arrive pas à supporter tout ce bruit.
I can't put up with her any longer.,Je ne peux la supporter plus longtemps.
I can't put up with her any longer.,Je ne peux pas la supporter plus longtemps.
I can't put up with her any longer.,Je ne peux plus la supporter.
I can't put up with him any longer.,Je ne peux le supporter plus longtemps.
I can't put up with him any longer.,Je ne peux pas le supporter plus longtemps.
I can't reach that can of tomatoes.,Je n'arrive pas à atteindre cette boîte de tomates.
I can't really put a price on that.,Je ne peux pas vraiment mettre un prix là-dessus.
I can't remember where we did that.,Je ne me souviens pas où nous l'avons fait.
I can't run because I'm very tired.,Je ne peux pas courir parce que je suis très fatigué.
I can't sleep because of the noise.,Je ne peux pas dormir à cause du bruit.
I can't stand his behavior anymore.,Je ne peux supporter son comportement plus longtemps.
I can't talk to you about that now.,Je ne peux pas t'en parler maintenant.
I can't tell you how grateful I am.,Je ne peux te dire à quel point je te suis reconnaissant.
I can't tell you how grateful I am.,Je ne peux te dire à quel point je te suis reconnaissante.
I can't tell you how thrilled I am.,Tu ne peux pas savoir comme je suis ému.
I can't think of his name just now.,Je ne peux pas me rappeler son nom à l'instant.
I can't wait to see you guys again.,"Les mecs, je ne peux pas attendre de vous revoir à nouveau."
I cannot help admiring his courage.,Je ne peux pas m'empêcher d'admirer son courage.
I carried the heavy bag on my back.,Je portai le lourd sac sur le dos.
I caught sight of her in the crowd.,Je l'ai aperçue au milieu de la foule.
I come from a long line of doctors.,Je viens d'une longue lignée de médecins.
I convinced Tom to go to the party.,J'ai convaincu Tom de venir à la fête.
I could get punished if I did that.,Je pourrais être puni si je faisais ça.
I could get punished if I did that.,Je pourrais être punie si je faisais ça.
I could make things easier for you.,Je pourrais vous faciliter les choses.
I could make things easier for you.,Je pourrais te rendre les choses plus faciles.
I could say a lot about this topic.,Je pourrais en dire beaucoup sur ce sujet.
I could sure use that reward money.,Je pourrais certainement faire usage de cette récompense.
I could've and should've done that.,J'aurais pu et dû faire ça.
"I could've done that, but I didn't.","J'aurais pu faire ça, mais je ne l'ai pas fait."
I couldn't figure out how to do it.,Je ne suis pas parvenu à comprendre comment le faire.
I couldn't figure out how to do it.,Je ne suis pas parvenue à comprendre comment le faire.
I couldn't figure out how to do it.,Je ne parviendrais à comprendre comment le faire.
I couldn't have been more mistaken.,Je ne pouvais pas être plus à côté de la plaque.
I couldn't sleep at all last night.,Je n'ai pas pu dormir du tout la nuit dernière.
I couldn't stand the noise anymore.,Je ne pouvais plus supporter le bruit.
I couldn't think of anything worse.,Je ne pourrais penser à rien de pire.
I did everything I was asked to do.,J'ai fait tout ce qu'on m'a demandé de faire.
I did it without consulting anyone.,Je l'ai fait sans consulter qui que ce soit.
I did not expect it to be that big.,Je ne m'attendais pas à ce que ce soit aussi grand.
I did not expect it to be that big.,Je ne m'attendais pas à ce que ce soit aussi gros.
I did so for the sake of my health.,Je l'ai fait pour préserver ma santé.
I did so for the sake of my health.,Je l'ai fait pour le bien de ma santé.
I did that every weekend last year.,Je l'ai fait tous les weekends l'an passé.
I didn't come here for that reason.,Je ne suis pas venu ici pour cette raison.
I didn't come here for that reason.,Je ne suis pas venue ici pour cette raison.
I didn't even know you had a horse.,Je ne savais même pas que tu avais un cheval.
I didn't expect to be here so soon.,Je ne pensais pas être là si tôt.
I didn't get much sleep last night.,"Je n'ai pas beaucoup dormi, cette nuit."
I didn't know Tom came from Boston.,Je ne savais pas que Tom venait de Boston.
I didn't know Tom had won the race.,Je ne savais pas que Tom avait gagné la course.
I didn't know Tom hated me so much.,Je ne savais pas que Tom me détestait autant.
I didn't know that she had a child.,J'ignorais qu'elle avait un enfant.
I didn't know that you could drive.,J'ignorais que vous saviez conduire.
I didn't know that you could drive.,J'ignorais que tu savais conduire.
I didn't know where to get the bus.,Je ne savais pas où prendre le bus.
I didn't know you had a girlfriend.,J'ignorais que tu avais une petite amie.
I didn't know you had a girlfriend.,J'ignorais que tu avais une petite copine.
I didn't know you had a girlfriend.,J'ignorais que tu avais une nana.
I didn't know you had so many cats.,Je ne savais pas que tu avais autant de chats.
I didn't know you had so many cats.,Je ne savais pas que vous aviez tant de chats.
I didn't know you were from Boston.,Je ne savais pas que tu étais de Boston.
I didn't know you weren't Canadian.,Je ne savais pas que tu n'étais pas canadien.
I didn't know you weren't Canadian.,Je ne savais pas que tu n'étais pas canadienne.
I didn't know you weren't Canadian.,J'ignorais que vous n'étiez pas canadien.
I didn't know you weren't Canadian.,J'ignorais que vous n'étiez pas canadienne.
I didn't like the way you did that.,Je n'ai pas aimé la façon dont tu as fait ça.
I didn't like the way you did that.,Je n'ai pas aimé la façon dont vous avez fait cela.
I didn't meet him again after that.,Je ne l'ai pas rencontré de nouveau après cela.
I didn't notice the light turn red.,Je n'ai pas remarqué que le feu passait au rouge.
I didn't pretend to be your friend.,Je n'ai pas prétendu être ton ami.
I didn't pretend to be your friend.,Je n'ai pas prétendu être votre ami.
I didn't pretend to be your friend.,Je n'ai pas prétendu être ton amie.
I didn't pretend to be your friend.,Je n'ai pas prétendu être votre amie.
I didn't realize you were Canadian.,Je n'ai pas pris conscience que vous étiez canadien.
I didn't realize you were Canadian.,Je n'ai pas pris conscience que vous étiez canadienne.
I didn't think of the consequences.,Je n'ai pas pensé aux conséquences.
I didn't vote in the last election.,Je n'ai pas voté à la dernière élection.
I didn't want things end like this.,Je ne voulais pas que cela se termine ainsi.
I didn't want to believe it myself.,Je ne voulais pas y croire moi-même.
I didn't want to wait for anything.,Je ne voulais pas attendre après quoi que ce soit.
I didn't want to wait for anything.,Je ne voulais pas attendre après quoi que ce fut.
I didn't want you involved in this.,Je ne voulais pas que tu sois mêlé à ça.
I didn't want you involved in this.,Je ne voulais pas que tu sois mêlée à ça.
I didn't want you involved in this.,Je ne voulais pas que vous soyez mêlé à ça.
I didn't want you involved in this.,Je ne voulais pas que vous soyez mêlée à ça.
I didn't want you involved in this.,Je ne voulais pas que vous soyez mêlés à ça.
I didn't want you involved in this.,Je ne voulais pas que vous soyez mêlées à ça.
I didn't want you to miss your bus.,Je ne voulais pas que tu manques ton bus.
I didn't want you to miss your bus.,Je ne voulais pas que vous manquiez votre bus.
I didn't want you to miss your bus.,Je ne voulais pas que tu manques ton car.
I didn't want you to miss your bus.,Je ne voulais pas que vous manquiez votre car.
I didn't want you to see me crying.,Je ne voulais pas que tu me vois pleurer.
I do not think that she is at home.,Je ne pense pas qu'elle se trouve chez elle.
I don't always follow instructions.,Je ne suis pas toujours les instructions.
I don't believe I caught your name.,Je ne crois pas avoir retenu votre nom.
I don't believe I caught your name.,Je ne crois pas avoir retenu ton nom.
I don't believe it was an accident.,Je ne crois pas qu'il s'agissait d'un accident.
I don't believe it was an accident.,Je ne crois pas que c'était un accident.
I don't believe that Tom is guilty.,Je ne pense pas que Tom soit coupable.
I don't believe you just said that.,Je n'arrive pas à croire que tu viennes de dire ça.
I don't believe you just said that.,Je n'arrive pas à croire que vous veniez de dire ça.
I don't care for flowers very much.,Je n'aime pas beaucoup les fleurs.
I don't care who Tom is talking to.,Je me fiche de savoir avec qui Tom est en train de parler.
I don't care who Tom is talking to.,"Ça m'est égal, avec qui Tom est en train de parler."
I don't care who you're going with.,Je me fiche de savoir avec qui tu vas.
I don't care who you're going with.,Je me fiche de savoir avec qui vous allez.
I don't completely agree with them.,Je ne suis absolument pas d'accord avec eux.
I don't dare tell him such a thing.,Je n'ose pas lui dire une telle chose.
I don't doubt that he will help me.,Je ne doute pas qu'il veuille m'aider.
I don't ever want to see you again.,Je ne veux plus jamais te revoir.
I don't ever want to see you again.,Je ne veux plus jamais vous revoir.
I don't ever want to talk about it.,Je ne veux jamais en parler.
I don't expect you to be my friend.,Je ne m'attends pas à ce que tu sois mon ami.
I don't expect you to be my friend.,Je ne m'attends pas à ce que tu sois mon amie.
I don't expect you to be my friend.,Je ne m'attends pas à ce que vous soyez mon ami.
I don't expect you to be my friend.,Je ne m'attends pas à ce que vous soyez mon amie.
I don't feed my dog in the morning.,Je ne nourris pas mon chien le matin.
I don't feel like going to bed yet.,Je n'ai pas encore envie d'aller me coucher.
I don't feel like sleeping anymore.,Je n'ai plus envie de dormir.
I don't have a headache any longer.,Je n'ai plus mal à la tête.
I don't have an opinion either way.,"Je n'ai pas d'opinion, d'un côté comme de l'autre."
I don't have any money on me today.,"Je n'ai pas d'argent sur moi, aujourd'hui."
I don't have any objection to that.,Je n'ai aucune objection à ça.
I don't have any objection to that.,Je n'ai aucune objection à cela.
I don't have the nerve to watch it.,Je n'ai pas le courage de le regarder.
I don't have the nerve to watch it.,Je n'ai pas le cran de le regarder.
I don't have the patience for this.,Je n'ai pas la patience pour ça.
I don't have the time or the money.,Je n'ai ni le temps ni l'argent.
I don't have time to do that today.,Je n'ai pas le temps de faire ça aujourd'hui.
I don't know anything about racing.,Je ne connais rien aux courses.
I don't know how I've offended you.,J'ignore comment je t'ai offensé.
I don't know how I've offended you.,J'ignore comment je t'ai offensée.
I don't know how long this'll take.,Je ne sais pas combien de temps ça prendra.
I don't know how long this'll take.,J'ignore combien de temps ça prendra.
I don't know how much time we have.,Je ne sais pas de combien de temps nous disposons.
I don't know how much time we have.,J'ignore de combien de temps nous disposons.
I don't know how to deal with this.,Je ne sais pas comment gérer ça.
I don't know how to make you happy.,J'ignore comment vous rendre heureuses.
I don't know how to make you happy.,J'ignore comment vous rendre heureux.
I don't know how to make you happy.,J'ignore comment vous rendre heureuse.
I don't know how to make you happy.,J'ignore comment te rendre heureuse.
I don't know how to make you happy.,J'ignore comment te rendre heureux.
I don't know how to play the flute.,Je ne sais pas jouer de la flûte.
I don't know how to spell the word.,Je ne sais pas comment épeler ce mot.
I don't know if I can believe that.,Je ne sais pas si je suis capable de croire ça.
I don't know if I have enough time.,J'ignore si je dispose de suffisamment de temps.
I don't know if I have enough time.,Je ne sais pas si je dispose de suffisamment de temps.
I don't know if I'm ready for this.,Je ne sais pas si je suis prêt à ça.
I don't know if I'm ready for this.,Je ne sais pas si je suis prête à ça.
I don't know if I'm ready for this.,Je ne sais pas si j'y suis prêt.
I don't know if I'm ready for this.,Je ne sais pas si j'y suis prête.
I don't know if he locked the door.,Je ne sais pas s'il a fermé la porte à clé.
I don't know if it's what he wants.,J'ignore si c'est ce qu'il veut.
I don't know if that's a good idea.,J'ignore si c'est une bonne idée.
I don't know if that's a good idea.,Je ne sais si c'est une bonne idée.
I don't know if that's a good idea.,Je ne sais pas si c'est une bonne idée.
I don't know if that's wise or not.,J'ignore si c'est sage ou pas.
I don't know if that's wise or not.,Je ne sais pas si c'est sage ou non.
I don't know if we want to do that.,J'ignore si nous voulons faire ça.
I don't know if we want to do that.,J'ignore si nous voulons le faire.
I don't know that many people here.,Je ne connais pas tant de gens ici.
I don't know very many people here.,Je ne connais pas grand monde ici.
I don't know what I can do to help.,Je ne sais pas ce que je peux faire pour aider.
I don't know what I should've done.,Je ne sais pas ce que j'aurais dû faire.
I don't know what I want right now.,J'ignore ce que je veux pour le moment.
I don't know what I want to do yet.,Je ne sais pas encore ce que je veux faire.
I don't know what I'll do tomorrow.,Je ne sais pas ce que je ferai demain.
I don't know what Tom said to Mary.,Je ne sais pas ce que Tom a dit à Mary.
I don't know what else to tell you.,Je ne sais pas quoi vous dire d'autre.
I don't know what else to tell you.,Je ne sais pas quoi te dire d'autre.
I don't know what plan he will try.,Je ne sais pas quel plan il essaiera.
I don't know what that's all about.,J'ignore de quoi tout ceci retourne.
I don't know what you want to hear.,J'ignore ce que tu veux entendre.
I don't know what you want to hear.,J'ignore ce que vous voulez entendre.
I don't know where Tom bought that.,Je ne sais pas où Tom l'a acheté.
I don't know where the bus stop is.,J'ignore où se trouve l'arrêt de bus.
I don't know where to wait for her.,Je ne sais pas où l'attendre.
I don't know which of you is older.,Je ne sais lequel d'entre vous est le plus âgé.
I don't know which of you is older.,J'ignore lequel d'entre vous est le plus âgé.
I don't know which of you is older.,Je ne sais laquelle d'entre vous est la plus âgée.
I don't know which of you is older.,J'ignore laquelle d'entre vous est la plus âgée.
I don't know who that youngster is.,Je ne sais pas qui est ce jeune homme.
I don't know who wrote this letter.,Je ne sais pas qui a écrit cette lettre.
I don't know why I bother with you.,J'ignore pourquoi je me tracasse pour toi.
I don't know why I bother with you.,J'ignore pourquoi je prends de la peine pour toi.
I don't know why I bother with you.,J'ignore pourquoi je me tracasse pour vous.
I don't know why I bother with you.,Je ne sais pas pourquoi je me tracasse pour toi.
I don't know why I bother with you.,Je ne sais pas pourquoi je me tracasse pour vous.
I don't know why I have to do this.,Je ne sais pas pourquoi je dois faire ceci.
I don't know why I keep doing that.,J'ignore pourquoi je continue à faire ça.
I don't know why Tom is whispering.,Je ne sais pas pourquoi Tom chuchote.
I don't know why you don't like me.,Je ne sais pas pourquoi tu ne m'aimes pas.
I don't know why you don't like me.,Je ne sais pas pourquoi vous ne m'aimez pas.
I don't know yet what I want to do.,Je ne sais pas encore ce que je veux faire.
I don't like any of these pictures.,Je n'aime aucune de ces photos.
I don't like any of these pictures.,Je n'aime aucune de ces images.
I don't like being told what to do.,Je n'aime pas qu'on me dise quoi faire.
I don't like living in the country.,Je n'aime pas vivre à la campagne.
I don't like novels without heroes.,Je n'aime pas les romans sans héros.
I don't like people laughing at me.,Je n'aime pas les gens qui se rient de moi.
I don't like sleeping in a hammock.,Je n'aime pas dormir dans un hamac.
I don't like studying in this heat.,Je n'aime pas étudier par cette chaleur.
I don't like swimming in the ocean.,Je n'aime pas nager dans l'océan.
I don't like the house he lives in.,Je n'aime pas la maison dans laquelle il demeure.
I don't like the taste of tomatoes.,Je n'aime pas le goût des tomates.
I don't like the way this is going.,Je n'aime pas la façon dont ça se passe.
I don't like the way you're acting.,Je n'aime pas ta façon de jouer.
I don't like the way you're acting.,Je n'aime pas votre façon de jouer.
I don't like you when you're angry.,Je ne vous aime pas quand vous êtes en colère.
I don't need that kind of pressure.,Je n'ai pas besoin de plus de pression.
I don't need to be lectured by you.,Je n'ai pas besoin de me faire sermonner par toi.
I don't need to be lectured by you.,Je n'ai pas besoin de me faire sermonner par vous.
I don't need to be told what to do.,Je n'ai pas besoin qu'on me dise quoi faire.
I don't often think about the past.,Je ne pense pas souvent au passé.
I don't particularly want to do it.,Je ne veux pas particulièrement le faire.
I don't quite believe what he says.,Je ne crois pas tout à fait à ce qu'il dit.
I don't quite know how it happened.,Je ne sais pas exactement comment ça s'est produit.
I don't really care what you think.,Je me fiche un peu de ce que vous pensez.
I don't really care what you think.,Je me fiche un peu de ce que tu penses.
I don't really want to go swimming.,Je n'ai pas vraiment envie d'aller nager.
I don't remember Tom's exact words.,Je ne me souviens plus des mots exacts de Tom.
I don't remember that conversation.,Je ne me rappelle pas cette conversation.
I don't remember that conversation.,Je ne me souviens pas de cette conversation.
I don't remember what it was about.,Je ne me rappelle pas de quoi il était question.
I don't remember what it was about.,Je ne me rappelle pas de quoi il retournait.
"I don't remember, but I wish I did.",Je ne me le rappelle pas mais j'aimerais le faire.
"I don't remember, but I wish I did.",Je ne m'en souviens pas mais j'aimerais le faire.
I don't see any reason to complain.,Je ne vois aucune raison de se plaindre.
I don't see what the fuss is about.,Je ne vois pas la raison de faire toutes ces histoires.
I don't see what's wrong with that.,Je ne vois pas ce qu'il y a de mal à ça.
I don't think I can wait that long.,Je ne pense pas que je puisse attendre aussi longtemps.
I don't think I can wait that long.,Je ne pense pas pouvoir attendre aussi longtemps.
I don't think I could ever do that.,Je ne pense pas que je puisse jamais faire cela.
I don't think I could ever do that.,Je ne pense pas pouvoir jamais faire cela.
I don't think I did that correctly.,Je ne pense pas avoir fait ça correctement.
I don't think I'm going to do that.,Je ne pense que je vais faire ça.
I don't think Tom is as fast as me.,Je ne pense pas que Tom est aussi rapide que moi.
I don't think it's such a bad idea.,Je ne pense pas que ce soit une si mauvaise idée.
I don't think she can speak French.,Je ne pense pas qu'elle puisse parler français.
I don't think that I could do that.,Je ne pense pas que je pourrais faire ça.
I don't think that it's a bad idea.,Je ne pense pas que ce soit une mauvaise idée.
I don't think that this is correct.,Je pense pas que ce soit correct.
I don't think that'll be necessary.,Je ne pense pas que ce sera nécessaire.
I don't think that'll be necessary.,Je ne pense pas qu'il le faudra.
I don't think that'll happen again.,Je ne pense pas que cela se reproduira.
I don't think that's a coincidence.,Je ne pense pas que cela soit une coïncidence.
I don't think we can afford it now.,Je crois pas que nous ne pouvons pas nous le permettre maintenant.
I don't think you have much choice.,Je ne pense pas que tu aies vraiment le choix.
I don't think you have much choice.,Je ne pense pas que vous ayez vraiment le choix.
I don't think you're schizophrenic.,Je ne pense pas que vous soyez schizophrène.
I don't think you're schizophrenic.,Je ne pense pas que tu sois schizophrène.
I don't understand what that means.,Je ne comprend pas ce que cela signifie.
I don't understand why Tom is here.,Je ne comprends pas pourquoi Tom est ici.
I don't understand why it happened.,Je ne comprends pas pourquoi c'est survenu.
I don't understand why it happened.,Je ne comprends pas pourquoi c'est arrivé.
I don't understand why it happened.,Je ne comprends pas pourquoi ça a eu lieu.
I don't understand why you want it.,Je ne comprends pas pourquoi tu le veux.
I don't understand why you want it.,Je ne comprends pas pourquoi tu la veux.
I don't understand why you want it.,Je ne comprends pas pourquoi vous le voulez.
I don't understand why you want it.,Je ne comprends pas pourquoi vous la voulez.
I don't wanna hear a word from you.,Je ne veux pas entendre un mot de ta part.
I don't want my son to be like you.,Je ne veux pas que mon fils soit comme toi.
I don't want my son to be like you.,Je ne veux pas que mon fils devienne comme toi.
I don't want to be a burden to you.,Je ne veux pas être un poids pour toi.
I don't want to be a burden to you.,Je ne veux pas être un poids pour vous.
I don't want to be told what to do.,Je ne veux pas qu'on me dise quoi faire.
I don't want to be treated special.,Je ne veux pas de traitement spécial.
I don't want to be treated special.,Je ne veux pas de traitement particulier.
I don't want to come here tomorrow.,Je n'ai pas envie de venir ici demain.
I don't want to discuss it anymore.,Je ne veux plus en discuter.
I don't want to do your dirty work.,Je ne veux pas exécuter tes basses œuvres.
I don't want to get my hands dirty.,Je ne veux pas me salir les mains.
I don't want to get you in trouble.,Je ne veux pas t'attirer d'ennuis.
I don't want to get you in trouble.,Je ne veux pas vous attirer d'ennuis.
I don't want to go to school today.,Je n'ai pas envie d'aller à l'école aujourd'hui.
I don't want to hear your theories.,Je ne veux pas entendre vos théories.
I don't want to hear your theories.,Je ne veux pas entendre tes théories.
I don't want to live all by myself.,Je ne veux pas vivre tout seul.
I don't want to live all by myself.,Je n'ai pas envie de vivre toute seule.
I don't want to live by your rules.,Je ne veux pas vivre selon tes règles.
I don't want to live by your rules.,Je ne veux pas vivre selon vos règles.
I don't want to live in a big city.,Je veux pas vivre dans une grande ville.
I don't want to see you here again.,Je ne veux pas te revoir ici.
I don't want to see you here again.,Je ne veux pas vous revoir ici.
I don't want to spoil the surprise.,Je ne veux pas gâcher la surprise.
I don't want to take care of a dog.,Je ne veux pas prendre soin d'un chien.
I don't want to tell my girlfriend.,Je ne veux pas le dire à ma copine.
I don't want you to change a thing.,Je ne veux pas que tu changes quoi que ce soit.
I don't want you to think I'm nuts.,Je ne veux pas que vous pensiez que je suis dingue.
I don't want you to think I'm nuts.,Je ne veux pas que tu penses que je suis dingue.
I don't want you to worry about me.,Je ne veux pas que tu te fasses du souci à mon sujet.
I don't want you to worry about me.,Je ne veux pas que vous vous fassiez du souci à mon sujet.
I don't want you touching my stuff.,Je ne veux pas que tu touches à mes affaires.
I don't want you touching my stuff.,Je ne veux pas que vous touchiez à mes affaires.
I don't want you touching my stuff.,Je ne veux pas que tu touches à mes trucs.
I don't want you touching my stuff.,Je ne veux pas que vous touchiez à mes trucs.
I drank much more than I should've.,J'ai bu beaucoup plus que je n'aurais dû.
I enjoy the time we spend together.,J'apprécie le temps que nous passons ensemble.
I exercise for two hours every day.,Je m'entraîne deux heures par jour.
I expect Tom won't want to do that.,J'imagine que Tom ne voudra pas faire ça.
I expect to take a vacation in May.,Je compte prendre des vacances en mai.
I feel bad that I can't come today.,Je me sens mal de ne pas pouvoir venir aujourd'hui.
I feel better today than yesterday.,Je me sens mieux aujourd'hui qu'hier.
I feel it's a tad risky to do that.,J'ai le sentiment que c'est un peu risqué de faire ça.
I feel like I've known you forever.,J'ai l'impression de t'avoir toujours connu.
I feel like I've known you forever.,J'ai l'impression de vous avoir toujours connu.
I feel like getting some fresh air.,J'ai envie de prendre l'air.
I feel like someone is watching me.,J'ai le sentiment que quelqu'un m'observe.
I feel like someone is watching us.,J'ai le sentiment que quelqu'un nous regarde.
I feel like someone is watching us.,J'ai le sentiment que quelqu'un nous observe.
I feel lonely when you're not here.,Je me sens seul lorsque tu n'es pas là.
I feel lonely when you're not here.,Je me sens seule lorsque tu n'es pas là.
I feel lonely when you're not here.,Je me sens seul lorsque vous n'êtes pas là.
I feel lonely when you're not here.,Je me sens seule lorsque vous n'êtes pas là.
I fell asleep while reading a book.,Je me suis endormi en lisant un livre.
I fell down the stairs in my haste.,"Dans ma précipitation, je suis tombé au bas de l'escalier."
I figured this might come in handy.,J'ai songé que ça pourrait être bien utile.
I figured you might need some help.,Je me suis imaginé qu'il se pouvait que vous ayez besoin d'aide.
I figured you might need some help.,Je me suis imaginé qu'il se pouvait que tu aies besoin d'aide.
I forced him to carry the suitcase.,Je l'ai forcé à porter la mallette.
I forgot how beautiful it was here.,"J'avais oublié à quel point c'était beau, ici."
I forgot to pay my rent this month.,J'ai oublié de payer mon loyer ce mois-ci.
I found a note on my door from Tom.,J'ai trouvé un mot de Tom sur ma porte.
I found a rare stamp at that store.,J'ai trouvé un timbre rare dans ce magasin.
I found it difficult to please her.,Je trouvai difficile de la satisfaire.
I found it difficult to please her.,J'ai trouvé difficile de la satisfaire.
I found it necessary to get a loan.,J'ai trouvé nécessaire d'obtenir un prêt.
I found it while I was cleaning up.,Je l'ai trouvé en nettoyant.
I found it while I was cleaning up.,Je l'ai trouvée en nettoyant.
I found something very interesting.,J'ai trouvé quelque chose de très intéressant.
I found the key underneath the mat.,J'ai trouvé cette clé sous le paillasson.
I found your letter in the mailbox.,J'ai vu ta lettre dans la boîte aux lettres.
I gave Tom everything he asked for.,J'ai donné à Tom tout ce qu'il demandait.
I gave Tom many chances to do that.,J'ai donné à Tom de nombreuses opportunités de le faire.
I gave my seat to an elderly woman.,J'ai cédé mon siège à une vieille dame.
I gave the beggar what money I had.,J'ai donné au mendiant tout l'argent que j'avais.
I get along well with my neighbors.,Je m'entends bien avec mes voisins.
I get scared just walking past him.,J'ai peur rien qu'en passant près de lui.
I go to the beach almost every day.,Je vais à la plage quasiment tous les jours.
I go to the movies once in a while.,Je vais au cinéma de temps en temps.
I got a call from the school today.,J'ai eu un appel de l'école aujourd'hui.
I greatly appreciate your kindness.,J'apprécie profondément votre gentillesse.
I guess I shouldn't have done that.,Je suppose que je n'aurais pas dû faire ça.
I guess I'll have to think it over.,Je pense qu'il faut que j'y réfléchisse.
I guess it shouldn't really matter.,Je suppose que ça ne devrait pas vraiment avoir d'importance.
I had a dream about you last night.,J'ai fait un rêve à ton sujet la nuit dernière.
I had a long conversation with Tom.,J'ai eu une longue conversation avec Tom.
I had a really good time yesterday.,"J'ai vraiment passé du bon temps, hier."
I had already heard that song once.,J'avais déjà entendu une fois cette musique.
I had chicken pox when I was a kid.,J'ai eu la varicelle lorsque j'étais enfant.
I had him paint the gate last week.,Je lui ai fait peindre le portail la semaine dernière.
I had my bicycle stolen last night.,On m'a volé ma bicyclette hier soir.
I had my hat blown off by the wind.,Mon chapeau s'est envolé à cause du vent.
I had my secretary type the letter.,J'ai fait taper la lettre à ma secrétaire.
I had no idea you collected stamps.,Je n'avais pas idée que vous collectionniez les timbres.
I had no idea you collected stamps.,Je n'avais pas idée que tu collectionnais les timbres.
I had no idea you were so ruthless.,Je n'avais pas idée que vous étiez si impitoyable.
I had no idea you were so ruthless.,Je n'avais pas idée que vous étiez si impitoyables.
I had no idea you were so ruthless.,Je n'avais pas idée que tu étais si impitoyable.
I had no other choice but to do it.,Je n'ai eu d'autre choix que de le faire.
I had nothing in particular to say.,Je n'avais rien de particulier à dire.
I had some help painting the fence.,On m'a aidé à peindre la clôture.
I had the porter carry my suitcase.,J'ai confié ma valise au portefaix.
I had this suit custom made for me.,Je me suis fait faire ce costume sur mesure.
I had to park two blocks from here.,J'ai dû me garer à deux pâtés de maison.
I had to pay 5 dollars in addition.,J'ai dû payer en plus 5 dollars.
I had to pay 5 dollars in addition.,J'ai dû payer un supplément de 5 dollars.
I had to pay 5 dollars in addition.,J'ai dû payer 5 dollars de plus.
I had too much to drink last night.,"J'ai trop bu, hier soir."
I had too much to drink last night.,"J'ai trop bu, hier au soir."
I had too much to drink last night.,"J'ai trop bu, la nuit dernière."
I had trouble pronouncing his name.,J'ai eu des difficultés à prononcer son nom.
I had trouble pronouncing his name.,J'ai eu du mal à prononcer son nom.
I hadn't really thought about that.,Je n'y avais pas vraiment pensé.
I hate the guy who lives next door.,Je déteste le type qui habite la porte d'à côté.
I have a bad pain in my lower back.,J'ai une sale douleur dans le bas du dos.
I have a fever and I ache all over.,J'ai de la fièvre et mon corps entier me fait souffrir.
I have a friend who lives in Tokyo.,J'ai un ami qui vit à Tokyo.
I have a friend who lives in Tokyo.,J'ai une amie qui vit à Tokyo.
I have a friend who's a vegetarian.,J'ai un ami qui est végétarien.
I have a friend who's a vegetarian.,J'ai une amie végétarienne.
I have a long list of things to do.,J'ai une longue liste de choses à faire.
I have a lot of friends to help me.,J'ai beaucoup d'amis pour m'aider.
I have a lot of things to do today.,J'ai beaucoup de choses à faire aujourd'hui.
I have a lot of things to tell you.,J'ai plein de choses à te dire.
I have a lot of things to tell you.,J'ai de nombreuses choses à te raconter.
I have a serious problem with that.,J'ai un sérieux problème avec ça.
I have a small favor to ask of you.,J'ai une petite faveur à te demander.
I have a small favor to ask of you.,J'ai une petite faveur à vous demander.
I have a son in junior high school.,J'ai un fils qui est en début de secondaire.
I have already started my vacation.,J'ai déjà commencé mes vacances.
I have an appointment this morning.,J'ai un rendez-vous ce matin.
I have an aunt who lives in Boston.,J'ai une tante qui vit à Boston.
I have an idea she will come today.,J'ai dans l'idée qu'elle viendra aujourd'hui.
I have been a teacher for 15 years.,Je suis instituteur depuis quinze ans.
I have been a teacher for 15 years.,Ça fait quinze ans que je suis instituteur.
I have been a teacher for 15 years.,Ça fait quinze ans que je suis professeur.
I have complete faith in my doctor.,J'ai une entière confiance en mon médecin.
I have confidence in his abilities.,J'ai confiance dans ses capacités.
I have everything here that I need.,J'ai tout ce dont j'ai besoin ici.
I have exactly the same dictionary.,J'ai exactement le même dictionnaire.
I have more dresses than my sister.,J'ai plus de robes que ma sœur.
I have never eaten with chopsticks.,Je n'ai jamais mangé avec des baguettes.
I have never met a person like him.,Je n'ai jamais rencontré quelqu'un comme lui.
I have never seen anything like it.,Je n'ai jamais vu quoi que ce soit de semblable.
I have no idea how long it'll take.,Je ne sais pas combien de temps il faudra.
I have no idea how long it'll take.,Je n'ai aucune idée de combien de temps ça va durer.
"I have no money, but I have dreams.","Je n'ai pas d'argent, mais j'ai des rêves."
I have no one to leave my money to.,Je n'ai personne à qui léguer mon argent.
I have nothing to be worried about.,Je n'ai rien à craindre.
I have one brother and two sisters.,J'ai un frère et deux sœurs.
I have some things to take care of.,Il me faut m'occuper de certaines choses.
I have the same trouble as you had.,J'ai le même problème que celui que tu as eu.
I have to admit it's very tempting.,Je dois admettre que c'est très tentant.
I have to get away from this place.,Il me faut m'échapper de cet endroit.
I have to go to the police station.,Je dois me rendre au poste de police.
I have to solve the problem myself.,Je dois résoudre le problème moi-même.
I have to study for a biology test.,Je dois étudier pour un test de biologie.
I have trouble with French grammar.,J'ai un problème avec la grammaire française.
I have two brothers and one sister.,J'ai deux frères et une sœur.
I have two sisters and one brother.,J'ai deux sœurs et un frère.
I have urgent matters to attend to.,J'ai des affaires urgentes à régler.
I haven't asked you a question yet.,Je ne t'ai pas encore posé de question.
I haven't bought anything recently.,"Je n'ai rien acheté, récemment."
I haven't downloaded the files yet.,Je n'ai pas encore téléchargé les fichiers.
I haven't eaten anything yet today.,Je n'ai rien encore mangé aujourd'hui.
I haven't eaten anything yet today.,Je n'ai encore rien mangé aujourd'hui.
I haven't heard from Tom in a year.,Cela fait un an que je n'ai pas eu de nouvelles de Tom.
I haven't paid for the tickets yet.,Je n'ai pas encore payé les tickets.
I haven't received any email today.,Je n'ai pas reçu d'e-mail aujourd'hui.
I haven't seen any of his pictures.,Je n'ai vu aucune de ses photos.
I haven't seen any of his pictures.,Je n'ai vu aucun de ses tableaux.
I haven't seen him for a long time.,Je ne l'ai pas vu depuis longtemps.
I haven't seen my sister in months.,Je n'ai pas vu ma sœur depuis des mois.
I haven't seen that in a long time.,Je n'ai pas vu ça depuis longtemps.
I haven't seen them in a long time.,Je ne les ai pas vus depuis longtemps.
I haven't seen you guys in a while.,Je ne vous ai pas vus depuis un moment.
I haven't talked to you in a while.,Je ne t'ai pas parlé depuis un bon moment.
I haven't yet eaten anything today.,Je n'ai rien encore mangé aujourd'hui.
I haven't yet eaten anything today.,Je n'ai encore rien mangé aujourd'hui.
I hear from him every now and then.,J'entends parler de lui de temps à autre.
I hear that she's a famous actress.,J'entends dire qu'elle est une actrice célèbre.
I hear you've got a new girlfriend.,J’ai entendu dire que tu as une nouvelle copine.
I heard a voice I didn't recognize.,J'entendis une voix que je ne reconnus pas.
I heard a voice I didn't recognize.,J'ai entendu une voix que je n'ai pas reconnue.
I heard a young girl call for help.,J'ai entendu une jeune fille appeler à l'aide.
I heard a young girl call for help.,J'entendis une jeune fille appeler à l'aide.
I heard it thunder in the distance.,Je l'ai entendu gronder au loin.
I heard screaming in the next room.,J'ai entendu crier dans la pièce d'à côté.
I heard someone come into the room.,J'ai entendu quelqu'un entrer dans la chambre.
I hope Tom doesn't have to do that.,J'espère que Tom n'aura pas à le faire.
I hope Tom's predictions are wrong.,J'espère que les prédictions de Tom sont fausses.
I hope that she will get well soon.,J'espère qu'elle ira bientôt mieux.
I hope that you don't catch a cold.,J'espère que tu ne vas pas attraper froid.
I hope that you have a good lawyer.,J'espère que tu as un bon avocat.
I hope that you have a good lawyer.,J'espère que vous avez un bon avocat.
I hope that you will get well soon.,J'espère que vous allez vous rétablir bientôt.
I hope that your brother is better.,J'espère que votre frère est mieux.
I hope that your brother is better.,J'espère que votre frère se porte mieux.
I hope this good weather continues.,J'espère que ce beau temps va continuer.
I hope to own my own house someday.,J'espère posséder un jour ma propre maison.
I insist that he should go with us.,J'insiste pour qu'il vienne avec nous.
I insist that we leave immediately.,J'insiste pour que nous partions sur-le-champ.
I intend to study abroad next year.,Je compte aller étudier à l'étranger l'année prochaine.
I invited my neighbor to breakfast.,J'ai invité mon voisin pour le petit-déjeuner.
I just banged my head on something.,Je viens de me cogner la tête dans un truc.
I just changed my mind. That's all.,J'ai simplement changé d'avis. C'est tout.
I just changed my mind. That's all.,J'ai simplement changé d'avis. Voilà tout.
I just couldn't go through with it.,Je ne pouvais simplement pas le mettre à exécution.
I just couldn't go through with it.,Je ne pouvais simplement pas le mener jusqu'à son terme.
I just couldn't go through with it.,Je ne pourrais simplement pas le mettre à exécution.
I just decided I'd come home early.,J'ai simplement décidé que je rentrerais tôt chez moi.
I just did what they told me to do.,J'ai simplement fait ce qu'ils m'ont dit de faire.
I just did what they told me to do.,J'ai simplement fait ce qu'elles m'ont dit de faire.
I just did what you asked me to do.,J'ai simplement fait ce que tu m'as demandé de faire.
I just did what you asked me to do.,J'ai simplement fait ce que vous m'avez demandé de faire.
I just didn't feel like getting up.,Je n'avais simplement pas envie de me lever.
I just didn't want you to get hurt.,Je ne voulais simplement pas que tu sois blessé.
I just didn't want you to get hurt.,Je ne voulais simplement pas que tu sois blessée.
I just didn't want you to get hurt.,Je ne voulais simplement pas que vous soyez blessé.
I just didn't want you to get hurt.,Je ne voulais simplement pas que vous soyez blessée.
I just didn't want you to get hurt.,Je ne voulais simplement pas que vous soyez blessés.
I just didn't want you to get hurt.,Je ne voulais simplement pas que vous soyez blessées.
I just don't want to be left alone.,Je ne veux simplement pas être laissé tout seul.
I just don't want to talk about it.,Je ne veux juste pas en parler.
I just don't want you to get upset.,Je ne veux juste pas que tu sois contrarié.
I just don't want you to get upset.,Je ne veux juste pas que tu sois contrariée.
I just don't want you to get upset.,Je ne veux juste pas que vous soyez contrarié.
I just don't want you to get upset.,Je ne veux juste pas que vous soyez contrariée.
I just don't want you to get upset.,Je ne veux juste pas que vous soyez contrariés.
I just don't want you to get upset.,Je ne veux juste pas que vous soyez contrariées.
I just finished cleaning the attic.,Je viens de finir de nettoyer le grenier.
I just found out what was going on.,Je viens de découvrir ce qui se passait.
I just got a call from your school.,Je viens d'avoir un appel de ton école.
I just got a call from your school.,Je viens d'avoir un appel de votre école.
I just had a talk with your doctor.,Je viens d'avoir une conversation avec ton médecin.
I just had a talk with your doctor.,Je viens d'avoir une conversation avec votre médecin.
I just had a talk with your lawyer.,Je viens d'avoir une conversation avec ton avocat.
I just had a talk with your lawyer.,Je viens d'avoir une conversation avec votre avocat.
I just need to blow off some steam.,J'ai simplement besoin de décompresser.
I just really need some time alone.,Je n'ai réellement besoin que de me trouver seul un moment.
I just really need some time alone.,Je n'ai réellement besoin que de me trouver seule un moment.
I just want to be a little happier.,Je veux juste être un peu plus heureux.
I just want to be a little happier.,Je veux juste être un peu plus heureuse.
I just want to get off this island.,Je veux juste m'en aller de cette île.
I just want to know if you love me.,Je veux seulement savoir si tu m'aimes.
I just want to know if you love me.,Je veux seulement savoir si vous m'aimez.
I just want to know what to expect.,Je veux juste savoir à quoi m'attendre.
I just wanted a shoulder to cry on.,Je voulais juste une épaule pour pleurer.
I just wanted to drop by to say hi.,Je voulais juste passer pour dire bonjour.
I just wanted to drop by to say hi.,Je voulais juste passer pour vous saluer.
I just wanted to drop by to say hi.,Je voulais juste passer pour te saluer.
I just wanted to drop by to say hi.,Je voulais juste passer pour les saluer.
I just wanted to drop by to say hi.,Je voulais juste passer pour la saluer.
I just wanted to drop by to say hi.,Je voulais juste passer pour le saluer.
I just wanted to have a little fun.,Je voulais juste m'amuser un peu.
I knew that something wasn't right.,Je savais que quelque chose n'allait pas.
I knew we shouldn't have done this.,Je savais que nous n'aurions pas dû faire ça.
I know Tom can't understand French.,Je sais que Tom ne comprend pas le français.
I know Tom was hesitant to do that.,Je sais que Tom hésitait à le faire.
I know Tom was hesitant to do that.,Je sais que Tom était réticent à le faire.
I know a guy who's never seen snow.,Je connais un type qui n'a jamais vu de neige.
I know a guy who's never seen snow.,Je connais un type qui n'a jamais vu la neige.
I know everything that you've done.,Je sais tout ce que tu as fait.
I know everything that you've done.,Je sais tout ce que vous avez fait.
I know how important Tom is to you.,Je sais à quel point Tom est important pour toi.
I know how important Tom is to you.,Je sais à quel point Tom est important pour vous.
I know how to make beef stroganoff.,Je sais comment cuisiner le bœuf Stroganoff.
I know it won't be easy to do that.,Je sais qu'il ne sera pas facile de faire ça.
I know that Tom can't speak French.,Je sais que Tom ne parle pas français.
I know that money isn't everything.,Je sais que l'argent n'est pas tout.
I know that you can't speak French.,Je sais que tu ne parles pas français.
I know that you're doing your best.,Je sais que tu fais de ton mieux.
I know the house where he was born.,Je connais la maison où il est né.
I know this from bitter experience.,Je le tiens d'une amère expérience.
I know this house used to be yours.,Je sais que cette maison fut la vôtre.
I know this house used to be yours.,Je sais que cette maison a été la tienne.
I know what you want to talk about.,Je sais ce dont tu veux parler.
I know what you want to talk about.,Je sais de quoi tu veux parler.
I know what you want to talk about.,Je sais ce dont vous voulez parler.
I know what you want to talk about.,Je sais de quoi vous voulez parler.
I know you don't like me very much.,Je sais que vous ne m'appréciez guère.
I know you don't like me very much.,Je sais que tu ne m'apprécies guère.
I laughed so much my stomach hurts.,J'ai tellement ri que mon estomac me fait mal.
I learned nothing from the teacher.,Je n'ai rien appris du professeur.
I learned nothing from the teacher.,Je n'ai rien appris de l'instituteur.
I learned nothing from the teacher.,Je n'ai rien appris de l'institutrice.
I left my umbrella here last night.,"J'ai laissé mon parapluie ici, hier au soir."
I like rice more than I like bread.,J'aime le riz davantage que le pain.
I like vanilla ice cream very much.,J'adore la glace à la vanille.
I like what you did with your hair.,J'aime ce que vous avez fait de vos cheveux.
I like what you did with your hair.,J'aime ce que vous avez fait avec vos cheveux.
I like what you did with your hair.,J'aime ce que tu as fait de tes cheveux.
I like what you did with your hair.,J'aime ce que tu as fait avec tes cheveux.
I like writing with a fountain pen.,J'aime écrire au stylo-plume.
I like writing with a fountain pen.,J'aime écrire au stylo à plume.
I listen to the radio after dinner.,"J'écoute la radio, après le dîner."
I look forward to hearing from you.,J’attends avec impatience de vos nouvelles.
I look forward to hearing from you.,J'attends avec impatience d'avoir de tes nouvelles.
I look forward to our next meeting.,Je me réjouis par avance de notre nouvelle rencontre.
I look forward to our next meeting.,Je suis impatient que nous nous rencontrions à nouveau.
I look forward to our next meeting.,Je suis impatiente que nous nous rencontrions à nouveau.
I look forward to our next meeting.,Je me réjouis par avance de notre prochaine rencontre.
I look forward to seeing you again.,Je me réjouis de te revoir.
I look forward to seeing you again.,Je me réjouis de vous revoir.
I lost my keys somewhere yesterday.,"J'ai perdu mes clés quelque part, hier."
I lost my ticket. What should I do?,J'ai perdu mon ticket. Que dois-je faire ?
I love you more and more every day.,Je vous aime de plus en plus chaque jour.
I love you more and more every day.,Je t'aime de plus en plus chaque jour.
I loved reading when I was a child.,J'adorais lire quand j'étais petit.
I made a lot of mistakes back then.,"En ce temps-là, j'ai commis de nombreuses erreurs."
I made an effort to finish my work.,Je fis un effort pour terminer mon travail.
"I may be crazy, but I'm not stupid.","Je suis peut-être fou, mais je ne suis pas stupide."
I may not get anything I asked for.,Il se peut que je n'obtienne rien de ce que j'ai demandé.
I meet him on occasion at the club.,Je le rencontre parfois au cercle.
I might have to get my tonsils out.,Il se pourrait que je doive me faire retirer les amygdales.
I must find out who is behind this.,Je dois découvrir qui est derrière ceci.
I must remember to write that down.,Je dois me rappeler d'écrire cela.
I must write in my diary every day.,Je dois écrire dans mon journal tous les jours.
I need some sugar. Do you have any?,J'ai besoin de sucre. En as-tu un peu ?
I need some sugar. Do you have any?,J'ai besoin de sucre. En avez-vous un peu ?
I need some time to think about it.,J'ai besoin d'un peu de temps pour y réfléchir.
I need to ask you a silly question.,Je dois te poser une question idiote.
I need to finish writing my speech.,Je dois finir d'écrire mon discours.
I need to get back to the hospital.,Il faut que je retourne à l'hôpital.
I needed to be sure he'd come here.,Je voulais m’assurer qu’il vienne ici.
I never dreamed of seeing you here.,Je n'ai jamais rêvé de te voir ici.
I never saw anyone like Tom before.,Je n’ai jamais vu quelqu’un comme Tom auparavant.
I never should've tried doing that.,Je n'aurais jamais dû essayer de faire ça.
I never thought I'd get that lucky.,Je n'ai jamais pensé que je serais aussi chanceux.
I never thought I'd get that lucky.,Je n'ai jamais pensé que je serais aussi chanceuse.
I never thought Tom would hit Mary.,Je n’aurais jamais pensé que Tom tomberait sur Mary.
I never thought Tom would hit Mary.,Je n’aurais jamais pensé que Tom frapperait Mary.
I never want to see that guy again.,Je ne veux jamais revoir ce type.
I never wanted to compete with you.,Je n'ai jamais voulu vous concurrencer.
I never wanted to compete with you.,Je n'ai jamais voulu te concurrencer.
I no longer want to live in Boston.,Je ne veux plus vivre à Boston.
I only found out a couple days ago.,Je ne l'ai découvert qu'il y a quelques jours.
I only found out a couple days ago.,Je l'ai seulement découvert il y a quelques jours.
I only wish it wasn't so hot today.,"J'aimerais seulement qu'il ne fasse pas aussi chaud, aujourd'hui."
I opened the box and looked inside.,J'ai ouvert la boîte et regardé dedans.
"I opened the box, but it was empty.","J'ouvris la boîte, mais elle était vide."
I ordered those books from Germany.,J'ai commandé ces livres en Allemagne.
I ought to have told her the truth.,J'étais obligé de lui dire la vérité.
I owe two months' rent for my room.,Je dois deux mois de loyer pour ma chambre.
I owe what I am today to education.,Je dois ce que je suis aujourd'hui à mon éducation.
I owe what I am today to my father.,Je dois ce que je suis aujourd'hui à mon père.
I paid 300 dollars for this guitar.,J'ai payé 300 dollars pour cette guitare.
I pawned my guitar to pay the rent.,J'ai mis ma guitare en gage pour payer le loyer.
I persuaded him to go to the party.,Je le convainquis de se rendre à la fête.
I persuaded him to go to the party.,Je l'ai convaincu de se rendre à la fête.
I plan to go to her cocktail party.,J'envisage de me rendre à sa soirée cocktail.
I plan to stay here for three days.,Je prévois de rester trois jours.
I planted an apple tree in my yard.,J'ai planté un pommier dans mon jardin.
I play the guitar in my spare time.,Je joue de la guitare pendant mon temps libre.
I prefer to study in the afternoon.,Je préfère étudier l'après-midi.
I prefer working behind the scenes.,Je préfère travailler dans les coulisses.
I promise I'll bring it right back.,Je promets de le rapporter tout de suite.
I promise you I'll never leave you.,Je te promets de ne jamais te quitter.
I promise you I'll never leave you.,Je vous promets de ne jamais vous quitter.
I promised I wouldn't say anything.,J'ai promis que je ne dirais rien.
I promised I wouldn't say anything.,Je promis que je ne dirais rien.
I promised Tom I'd not tell anyone.,J'ai promis à Tom que je ne le dirais à personne.
I put on a little weight last year.,J'ai pris un peu de poids l'année dernière.
I raised my hand to ask a question.,Je levai la main pour poser une question.
I raised my hand to ask a question.,J'ai levé la main pour poser une question.
I ran upstairs two steps at a time.,"Je courus à l'étage, grimpant les marches deux à deux."
I read that book several years ago.,J'ai lu ce livre il y a plusieurs années.
I really appreciate you helping me.,J'apprécie vraiment que tu m'aides.
I really appreciate you helping me.,J'apprécie vraiment que vous m'aidiez.
I really don't have a lot of money.,Je n'ai vraiment pas beaucoup d'argent.
I really don't know where to start.,Je ne sais vraiment pas par où commencer.
I really don't think I can do that.,Je ne pense vraiment pas pouvoir faire cela.
I really don't understand anything.,Je ne comprends vraiment rien.
I really need to talk with someone.,J'ai vraiment besoin de parler à quelqu'un.
I really wish you hadn't done that.,J'aimerais vraiment que vous n'ayez pas fait cela.
I really wish you hadn't done that.,J'aimerais vraiment que tu n'aies pas fait cela.
I really wish you hadn't seen that.,J'aimerais vraiment que vous n'ayez pas vu cela.
I really wish you hadn't seen that.,J'aimerais vraiment que tu n'aies pas vu cela.
I really wish you hadn't seen that.,J'aimerais vraiment que toi tu n'aies pas vu cela.
I really wish you hadn't seen that.,J'aimerais vraiment que vous vous n'ayez pas vu cela.
I really wish you wouldn't do that.,Je souhaiterais vraiment que tu ne fasses pas ça.
I really wish you wouldn't do that.,Je souhaiterais vraiment que vous ne fassiez pas ça.
I received a letter from my sister.,J'ai reçu une lettre de ma sœur.
I reckon it's time for us to leave.,"Il m'est d'avis qu'il est temps, pour nous, de partir."
I refreshed myself with a hot bath.,Je me suis rafraîchi avec un bain chaud.
I refuse to listen to your excuses.,Je refuse d'écouter tes excuses.
I refuse to reply to these charges.,Je refuse de répondre à ces accusations.
I regret to say he's gone for good.,Je déplore de dire qu'il est parti pour de bon.
I remember that I gave him the key.,Je me rappelle lui avoir donné la clé.
I returned the book to the library.,J'ai rapporté le livre à la bibliothèque.
I revealed the truth of the matter.,J'ai révélé la vérité à propos du sujet.
I said some things I wish I didn't.,J'ai dit des choses que j'aurais souhaité ne pas avoir dites.
I saw Tom entering that restaurant.,J'ai vu Tom entrer dans ce restaurant.
I saw Tom sitting in the third row.,J'ai vu Tom assis au troisième rang.
I saw many birds yesterday morning.,J'ai vu de nombreux oiseaux hier matin.
I saw my sister tear up the letter.,J'ai vu ma sœur déchirer la lettre.
I saw some cars in the parking lot.,J'ai vu des voitures sur le parking.
I saw something strange in the sky.,J'ai vu quelque chose d'étrange dans le ciel.
I shop for groceries every morning.,Je vais faire les courses tous les matins.
I should think she is under thirty.,Je pense qu'elle a moins de trente ans.
I should've thought of this before.,J'aurais dû y penser avant.
I should've thought of this sooner.,J'aurais dû y penser plus tôt.
I shouldn't have told you anything.,Je n'aurais rien dû vous dire.
I sleep six hours a day on average.,Je dors six heures par jour en moyenne.
I speak French as well as Tom does.,Je parle aussi bien français que Tom.
I spend a lot of time on the phone.,J'ai passé beaucoup de temps au téléphone.
I spoke to Tom about what Mary did.,J'ai parlé à Tom à propos de ce que Mary a fait.
I stayed in Boston for three years.,Je suis resté à Boston pendant trois ans.
I stayed indoors because it rained.,Je suis resté à l'intérieur car il pleuvait.
I still have a lot of time for fun.,Je dispose d'encore beaucoup de temps pour m'amuser.
I stole this book from the library.,J'ai volé ce livre à la bibliothèque.
I stopped smoking once and for all.,J'ai arrêté de fumer une bonne fois pour toutes.
I strongly suggest you visit Kyoto.,Je te conseille vivement de visiter Kyoto.
I studied English when I was there.,J'ai étudié l'anglais pendant que j'y étais.
I submitted the application myself.,J'ai moi-même soumis la candidature.
I submitted the application myself.,Je soumis la candidature en personne.
I suggest that we go out on Friday.,Je propose que l'on sorte le vendredi.
I suggest trying to get some sleep.,Je suggère d'essayer de prendre un peu de sommeil.
I suggest we swim across the river.,Je suggère que nous traversions la rivière à la nage.
I swear I'll never do such a thing.,Je jure que je ne ferai jamais une telle chose.
I take it you know Tom pretty well.,Je sais que tu connais très bien Tom.
I take the train to work every day.,Je vais au travail en train tous les jours.
I think I saw a ghost in the woods.,Je pense avoir vu un fantôme dans les bois.
I think I'd like to be your friend.,Je pense que j'aimerais être ton ami.
I think I'd like to be your friend.,Je pense que j'aimerais être ton amie.
I think I'd like to be your friend.,Je pense que j'aimerais être votre ami.
I think I'd like to be your friend.,Je pense que j'aimerais être votre amie.
I think I'll be able to stand that.,Je pense que je serai capable de supporter ça.
I think Tom and Mary are Canadians.,Je pense que Tom et Mary sont Canadiens.
I think Tom did that intentionally.,Je pense que Tom a fait cela intentionnellement.
I think Tom may be right this time.,Je pense qu'il se peut que Tom ait raison cette fois-ci.
I think Tom really enjoyed himself.,Je pense que Tom s'est vraiment amusé.
I think Tom wants something to eat.,Je pense que Tom veut quelque chose à manger.
I think he will object to our plan.,Je pense qu'il va critiquer notre plan.
I think it's somewhere around here.,Je pense que c'est quelque part dans les alentours.
I think it's the right thing to do.,Je pense que c'est la bonne chose à faire.
I think it's time for me to retire.,Je pense qu'il est temps pour moi de prendre ma retraite.
I think it's time for me to retire.,Je pense qu'il est temps pour moi de me retirer.
I think it's time for me to retire.,Je pense qu'il est temps pour moi de battre en retraite.
I think it's time for you to leave.,Je pense qu'il est temps pour vous de partir.
I think it's time for you to leave.,Je pense qu'il est temps pour toi de partir.
I think that I left something here.,Je pense que j'ai laissé quelque chose ici.
I think that Tom is still sleeping.,Je crois que Tom dort encore.
I think that we should go home now.,Je pense que nous devrions rentrer maintenant.
I think that will be all for today.,Je pense que ce sera tout pour aujourd'hui.
I think that would be very helpful.,Je pense que cela serait très utile.
I think that's exactly what I'd do.,Je pense que c'est exactement ce que je ferais.
I think the rain's getting heavier.,Il me semble que la pluie redouble.
I think we both know how Tom feels.,Je pense que nous savons tous les deux comment Tom se sent.
I think we have achieved our goals.,Je pense que nous avons atteint nos objectifs.
I think we should get back to work.,Je pense que nous devrions retourner au travail.
I think we should sell our old car.,Je pense que nous devrions vendre notre vieille voiture.
I think we should sell our old car.,Je pense que nous devrions vendre notre vieille guimbarde.
I think we should sell our old car.,Je pense que nous devrions vendre notre vieille chignole.
I think we're going to need it all.,Je pense que nous allons avoir besoin du tout.
I think we're going to need it all.,Je pense que nous allons avoir besoin de l'ensemble.
I think we're going to regret this.,Je pense que nous allons regretter ceci.
I think what Tom is doing is great.,Je pense que ce que Tom est en train de faire est formidable.
I think what you want is over here.,Je pense que ce que tu veux se trouve ici.
I think what you want is over here.,Je pense que ce que vous voulez se trouve ici.
I think what you're saying is true.,Je pense que ce que vous dites est vrai.
I think you deserve more than this.,Je pense que vous méritez plus que ça.
I think you deserve more than this.,Je pense que tu mérites plus que ça.
I think you deserve more than this.,Je pense que tu mérites davantage que ça.
I think you deserve more than this.,Je pense que vous méritez davantage que ça.
I think you did that intentionally.,Je pense que vous avez fait cela intentionnellement.
I think you did that intentionally.,Je pense que tu l'as fait intentionnellement.
I think you had better take a rest.,Je pense que vous feriez bien de vous reposer.
I think you know that's impossible.,Je pense que tu sais que c'est impossible.
I think you know that's impossible.,Je pense que vous savez que c'est impossible.
I think you owe her an explanation.,Je pense que tu lui dois une explication.
I think you should leave Tom alone.,Je pense que tu devrais laisser Tom seul.
I think you should leave Tom alone.,Je pense que vous devriez laisser Tom seul.
I think you should reconsider this.,Je pense que vous devriez reconsidérer ceci.
I think you should reconsider this.,Je pense que tu devrais reconsidérer ceci.
I think you should talk to someone.,Je pense que tu devrais parler à quelqu'un.
I think you'll have fun doing that.,Je crois que tu vas te régaler en le faisant.
I think you'll want to hear me out.,Je pense que tu voudras m'écouter jusqu'au bout.
I think you'll want to hear me out.,Je pense que vous voudrez m'écouter jusqu'au bout.
I think you're underestimating Tom.,Je pense que tu sous-estimes Tom.
I think your dreams are achievable.,Je pense que tes rêves sont atteignables.
I think your dreams are achievable.,Je pense que vos rêves sont réalisables.
I think your hypothesis is correct.,Je pense que ton hypothèse est correcte.
I think your hypothesis is correct.,Je pense que votre hypothèse est correcte.
I thought Tom was going to be here.,Je pensais que Tom allait être ici.
I thought doing this would be easy.,Je pensais que ce serait simple à faire.
I thought it best to remain silent.,J'ai pensé qu'il valait mieux rester silencieux.
I thought people were exaggerating.,Je pensais que les gens exagéraient.
I thought that things would change.,Je pensais que les choses changeraient.
I thought we were all going to die.,Je pensais que nous allions tous mourir.
I thought we were on the same side.,Je pensais que nous étions du même côté.
I thought you might need some help.,J'ai pensé que tu pourrais avoir besoin d'aide.
I thought you might need some help.,J'ai pensé que vous pourriez avoir besoin d'aide.
I thought you might want this back.,Je pensais que tu pourrais vouloir que ceci te soit rendu.
I thought you might want this back.,Je pensais que vous pourriez vouloir que ceci vous soit rendu.
I thought you said you worked here.,Je pensais que tu avais dit que tu travaillais ici.
I told Tom I wanted to go with him.,J'ai dit à Tom que je voulais aller avec lui.
I told Tom how to get to our house.,J'ai dit à Tom comment se rendre à notre maison.
I told Tom where I'd bought my hat.,J'ai dit à Tom où j'avais acheté mon chapeau.
I told Tom why I needed to do that.,J'ai dit à Tom pourquoi je devais le faire.
I told Tom why I wanted to do that.,J'ai dit à Tom pourquoi je voulais le faire.
I told Tom why I went to Australia.,J'ai dit à Tom pourquoi je suis allé en Australie.
I told you it was going to be easy.,Je t'avais dit que ça allait être facile.
I told you it was going to be easy.,Je vous avais dit que ça allait être facile.
I took a taxi to the train station.,J'ai pris un taxi jusqu'à la gare.
I took advantage of an opportunity.,J'ai profité d'une occasion.
I took the little girl by the hand.,Je pris la petite fille par la main.
I tried not to cry in front of him.,J'ai essayé de ne pas pleurer devant lui.
"I tried to do that, but I couldn't.","J'ai essayé de faire ça, mais je n'ai pas pu."
I tried to follow the instructions.,J'ai essayé de suivre les instructions.
I tried to listen to him carefully.,J'essayai de l'écouter avec attention.
I tried to listen to him carefully.,J'ai essayé de l'écouter avec attention.
I tried to write with my left hand.,J'ai tenté d'écrire de la main gauche.
I tried to write with my left hand.,Je tentai d'écrire de la main gauche.
I usually eat rice with chopsticks.,Je mange d'habitude le riz avec des baguettes.
I usually sleep with the lights on.,Je dors généralement avec les lumières allumées.
I want a book to read on the train.,Je veux un livre à lire dans le train.
I want everything to be just right.,Je veux que tout soit parfait.
I want permission to go home early.,Je veux la permission de rentrer tôt chez moi.
I want something cold to drink now.,Je veux quelque chose de frais à boire maintenant.
I want those back when you're done.,Je veux que tu me rendes ceux-ci lorsque tu en auras terminé.
I want those back when you're done.,Je veux que vous me rendiez ceux-ci lorsque vous en aurez terminé.
I want to be a nature photographer.,Je veux être photographe de la nature.
I want to be very clear about that.,Je veux être très clair à ce propos.
I want to be very clear about that.,Je veux être très claire à ce propos.
I want to come back here next year.,Je veux revenir ici l'année prochaine.
I want to do my job the best I can.,Je veux faire mon boulot du mieux que je peux.
I want to finish this work by five.,Je veux finir ce travail pour 5 heures.
I want to go back to where we were.,Je veux revenir là où nous en étions.
I want to go wherever you're going.,Je veux aller où que tu ailles.
I want to go wherever you're going.,Je veux me rendre où que vous vous rendiez.
I want to hear all about your trip.,Je veux tout entendre au sujet de votre voyage.
I want to hear all about your trip.,Je veux tout entendre au sujet de ton voyage.
I want to help you figure this out.,Je veux vous aider à comprendre ceci.
I want to help you figure this out.,Je veux t'aider à comprendre ceci.
I want to know everything about it.,Je veux tout savoir à ce sujet.
I want to know everything you know.,Je veux savoir tout ce que tu sais.
I want to know everything you know.,Je veux savoir tout ce que vous savez.
"I want to know more about you, Tom.","Je veux en savoir plus sur toi, Tom."
"I want to know more about you, Tom.","Je veux en savoir plus sur vous, Tom."
I want to know what this is called.,Je veux savoir comment cela s'appelle.
I want to know what we're here for.,Je veux savoir pourquoi nous sommes ici.
I want to leave this place quickly.,Je veux quitter rapidement cet endroit.
I want to let go of your hands now.,Je veux maintenant sortir de ton emprise.
I want to let go of your hands now.,Je veux maintenant sortir de votre emprise.
I want to lodge a formal complaint.,Je veux faire enregistrer une plainte en bonne et due forme.
I want to meet people and have fun.,Je veux rencontrer des gens et m'amuser.
I want to see what there is inside.,Je veux voir ce qu'il y a à l'intérieur.
I want to spend some time with you.,Je veux passer du temps avec toi.
I want to stay at the Hilton Hotel.,Je veux rester au Hilton Hotel.
I want to stop thinking about this.,Je veux arrêter d'y penser.
I want to take another look around.,Je veux jeter un nouveau regard à la ronde.
I want to tell you a strange thing.,Je veux te dire quelque chose de bizarre.
I want to thank you for helping me.,Je veux te remercier de m'avoir aidé.
I want to thank you for helping me.,Je tiens à vous remercier pour votre aide.
I want us all under one roof again.,Je veux que nous soyons tous à nouveau sous le même toit.
I want you out of here by tomorrow.,Je vous veux hors d'ici pour demain.
I want you out of here by tomorrow.,Je te veux hors d'ici pour demain.
I want you to admit you were wrong.,Je veux que tu admettes que tu avais tort.
I want you to admit you were wrong.,Je veux que vous admettiez que vous aviez tort.
I want you to come with us tonight.,Je veux que tu viennes avec nous ce soir.
I want you to come with us tonight.,Je veux que vous veniez avec nous ce soir.
I want you to love me for who I am.,Je veux que vous m'aimiez pour ce que je suis.
I want you to love me for who I am.,Je veux que tu m'aimes pour ce que je suis.
I want you to promise me something.,Je veux que vous me promettiez quelque chose.
I want you to promise me something.,Je veux que tu me promettes quelque chose.
I want you to remember this moment.,Je veux que vous vous rappeliez cet instant.
I want you to remember this moment.,Je veux que vous vous souveniez de cet instant.
I want you to remember this moment.,Je veux que tu te rappelles cet instant.
I want you to remember this moment.,Je veux que tu te souviennes de cet instant.
I want you to see what you've done.,Je veux que tu voies ce que tu as fait.
I want you to see what you've done.,Je veux que vous voyiez ce que vous avez fait.
I want you to stay a little longer.,Je veux que tu restes un peu plus longtemps.
I want you to stay a little longer.,Je veux que vous restiez un peu plus longtemps.
I want you to tell me who did this.,Je veux que tu me dises qui a fait ça.
I want you to tell me who did this.,Je veux que vous me disiez qui a fait ceci.
I wanted Tom to drive me to school.,Je voulais que Tom me conduise à l'école.
I wanted to buy you something nice.,Je voulais t'acheter quelque chose de chouette.
I wanted to buy you something nice.,Je voulais vous acheter quelque chose de chouette.
I wanted to know what would happen.,Je voulais savoir ce qui arriverait.
I wanted to know what would happen.,Je voulais savoir ce qui surviendrait.
I wanted to make a few phone calls.,Je voulais passer quelques appels.
I wanted to make a few phone calls.,Je voulais effectuer quelques appels.
I wanted to retire three years ago.,Je voulais prendre ma retraite il y a trois ans.
I was able to find out his address.,J'ai pu trouver son adresse.
I was able to play piano very well.,Je pouvais très bien jouer du piano.
I was absent from school yesterday.,J'étais absent de l'école hier.
I was absent from school yesterday.,J'ai été absente de l'école hier.
I was almost afraid to talk to you.,J'avais presque peur de te parler.
I was beginning to worry about you.,Je commençais à m'inquiéter à ton sujet.
I was beginning to worry about you.,Je commençais à me faire du souci à ton sujet.
I was beginning to worry about you.,Je commençais à m'inquiéter à votre sujet.
I was beginning to worry about you.,Je commençais à me faire du souci à votre sujet.
I was born and brought up in Tokyo.,Je suis né et j'ai été élevé à Tokyo.
I was convinced by his explanation.,J'étais convaincu par son explication.
I was convinced that he was guilty.,J'étais convaincue qu'il était coupable.
I was disappointed by your article.,J'ai été déçue par ton article.
I was disappointed by your article.,J'ai été déçu par votre article.
I was disappointed with your paper.,J'ai été déçu par votre papier.
I was disappointed with your paper.,J'ai été déçu par ton papier.
I was foolish enough to believe it.,J'étais assez bête pour y croire.
I was fortunate to find a good job.,J'ai eu la chance de trouver un bon boulot.
I was glad to hear of your success.,J'étais content d'apprendre ta réussite.
I was in London most of the summer.,J'étais à Londres presque tout l'été.
I was involved in a petty argument.,J'étais impliqué dans une dispute insignifiante.
I was just going to write a letter.,J'allais écrire une lettre.
I was late for school this morning.,J'étais en retard à l'école ce matin.
I was moved to tears by her speech.,Son discours m'a ému jusqu'aux larmes.
I was reading a book while walking.,Je lisais un livre en me promenant.
I was really hurt by what you said.,J'ai vraiment été blessé par ce que tu as dit.
I was really hurt by what you said.,J'ai vraiment été blessée par ce que vous avez dit.
I was stupid enough to believe Tom.,J'étais suffisament idiot pour croire Tom.
I was stupid enough to believe Tom.,J'étais suffisament idiote pour croire Tom.
I was talking about something else.,Je parlais de quelque chose d'autre.
I was talking about something else.,Je parlais d'autre chose.
I was thinking of buying a new car.,Je pensais acheter une nouvelle voiture.
I was tired from doing my homework.,J'en avais marre de faire mes devoirs.
I was told that we have until 2:30.,On m'a dit que nous avions jusqu'à 14 h 30.
I was unable to finish my homework.,Je n'ai pas pu finir mes devoirs.
I was young and I needed the money.,J'étais jeune et j'avais besoin de l'argent.
I wasn't able to find Tom anywhere.,Je ne trouvais Tom nulle part.
I wasn't expecting Tom to be there.,Je ne m'attendais pas à ce que Tom soit là.
I wasn't expecting to see you here.,Je ne m'attendais pas à vous voir ici.
I wasn't the one who paid the bill.,Ce n'est pas moi qui ai payé la facture.
I wasn't the only one who was late.,Je n'étais le seul à être en retard.
I wasn't the only one who was late.,Je n'étais la seule à être en retard.
I went to bed at twelve last night.,Je me suis couché à minuit la nuit dernière.
I went to school with your brother.,Je suis allé à l'école avec votre frère.
I went to see his sister last week.,Je suis allé voir sa sœur la semaine dernière.
I went to see the movies yesterday.,"Hier, je suis allée au cinéma."
I went to see the movies yesterday.,"Hier, je suis allé au cinéma."
I went to the mall with my friends.,"Je me suis rendu avec mes amis, dans la galerie commerciale."
I went to the mall with my friends.,"Je me suis rendue avec mes amis, dans la galerie commerciale."
I went to the mall with my friends.,"Je me suis rendue avec mes amies, dans la galerie commerciale."
I will be glad to help you anytime.,Je serai heureux de vous aider n'importe quand.
I will be glad to help you anytime.,Je serai heureux de vous aider à tout moment.
I will be glad to help you anytime.,Je serai heureux de vous aider à n'importe quel moment.
I will call in order to confirm it.,J'appellerai pour le confirmer.
I will get him to come and help me.,"Je le ferai venir, afin qu'il m'aide."
I will get the work done in a week.,Je terminerai ce travail endéans une semaine.
I will give you the money tomorrow.,Je te donnerai l'argent demain.
I will go cycling even if it rains.,Je ferai du vélo même s'il pleut.
I will go when they come back here.,Je m'en irai lorsqu'ils reviendront ici.
I will go when they come back here.,"Lorsqu'ils seront de retour, je m'en irai."
I will introduce you to my parents.,Je te présenterai à mes parents.
I will make every effort to get it.,Je ferai tous les efforts pour l'obtenir.
I will start working on July first.,Je commencerai à travailler le premier juillet.
I will teach you how to play chess.,Je vous apprendrai à jouer aux échecs.
I wish I could be more spontaneous.,Si seulement j'étais plus spontané.
I wish I could be more spontaneous.,Si seulement je pouvais être plus spontané.
I wish I could be more spontaneous.,Si seulement j'étais plus spontanée.
I wish I could be more spontaneous.,Si seulement je pouvais être plus spontanée.
I wish I could have spoken Spanish.,J'aimerais avoir pu parler espagnol.
I wish I could sing as well as Tom.,J'aimerais pouvoir chanter aussi bien que Tom.
I wish I had time for a girlfriend.,J'aimerais avoir le temps pour une petite amie.
I wish I had time for a girlfriend.,J'aimerais avoir le temps pour une petite copine.
I wish he had attended the meeting.,Je aurais souhaité qu'il soit venu au meeting.
I wish that she would stop smoking.,Je souhaiterais qu'elle arrête de fumer.
I wish to go to Paris to study art.,Je souhaite aller à Paris pour étudier l'art.
I wish you could have come with me.,J'aurais aimé que vous puissiez être venu avec moi.
I wish you could have come with me.,J'aurais aimé que vous puissiez être venue avec moi.
I wish you could have come with me.,J'aurais aimé que vous puissiez être venus avec moi.
I wish you could have come with me.,J'aurais aimé que vous puissiez être venues avec moi.
I wish you would do as you're told.,Je souhaiterais que tu fasses comme on te dit.
I wished that I was somewhere else.,J'aimerais être ailleurs.
I won't be at the opening ceremony.,Je ne serai pas à la cérémonie d'ouverture.
I won't have time to do that today.,Je n'aurai pas le temps de le faire aujourd'hui.
I won't have to go there by myself.,Je n'aurai pas besoin de m'y rendre.
I won't let anything happen to you.,Je ne laisserai rien t'arriver.
I won't let anything happen to you.,Je ne laisserai rien vous arriver.
I wonder how long Tom stayed there.,Je me demande combien de temps Tom est resté là.
I wonder if something has happened.,Je me demande s'il est arrivé quelque chose.
I wonder if something has happened.,Je me demande si quelque chose est survenu.
I wonder if there's any connection.,Je me demande s'il y a la moindre relation.
I wonder what I'll find in the box.,Je me demande ce que je vais trouver dans la boite.
I wonder what's wrong with the car.,Je me demande ce qui ne va pas avec la voiture.
I wonder which one I should choose.,Je me demande lequel je devrais choisir.
I wonder which way is the shortest.,Je me demande quel est le chemin le plus court.
I wonder why karaoke is so popular.,Je me demande pourquoi le karaoké est aussi populaire.
I wondered why Tom wasn't drinking.,Je me demandais pourquoi Tom ne buvait pas.
I work from nine to five every day.,Je travaille de neuf heures à cinq heures tous les jours.
I work so that my children can eat.,Je travaille pour que mes enfants puissent manger.
I worked in Boston for three years.,J'ai travaillé à Boston pendant trois ans.
I would like a chocolate ice cream.,J'aimerais une glace au chocolat.
I would like to tell you something.,J'aimerais vous dire quelque chose.
I would never question his honesty.,Je ne mettrais jamais son honnêteté en doute.
I would never question his honesty.,Je ne douterais jamais de son honnêteté.
I wouldn't have worried about that.,Ça ne m'aurait pas inquiété.
I wouldn't miss this for the world.,Je ne manquerai ceci pour rien au monde.
I'd appreciate it if you'd help me.,J'apprécierais que vous m'aidiez.
I'd appreciate it if you'd help me.,J'apprécierais que tu m'aides.
I'd buy a house if I had the money.,J'achèterais une maison si j'avais l'argent.
I'd forgotten that you'd forgotten.,J'avais oublié que tu avais oublié.
I'd like to ask you some questions.,J'aimerais te poser quelques questions.
I'd like to ask you some questions.,J'aimerais vous poser quelques questions.
I'd like to do something different.,J'aimerais faire quelque chose de différent.
I'd like to forget the whole thing.,J'aimerais oublier tout ça.
I'd like to get started right away.,J'aimerais démarrer immédiatement.
I'd like to get started right away.,J'aimerais m'y mettre sans délai.
I'd like to get to know you better.,J'aimerais faire davantage votre connaissance.
I'd like to get to know you better.,J'aimerais faire davantage ta connaissance.
I'd like to have my blood examined.,J'aimerais faire une analyse de sang.
I'd like to have that gift wrapped.,J'aimerais que vous me fassiez un paquet cadeau.
I'd like to know what you're doing.,J'aimerais savoir ce que tu es en train de faire.
I'd like to learn to play the harp.,J'aimerais apprendre à jouer de la harpe.
I'd like to open a savings account.,J'aimerais ouvrir un compte d'épargne.
I'd like to see you this afternoon.,J'aimerais te voir cet après-midi.
I'd like to see you this afternoon.,J'aimerais te voir cette après-midi.
I'd like to see you this afternoon.,J'aimerais vous voir cet après-midi.
I'd like to see you this afternoon.,J'aimerais vous voir cette après-midi.
I'd like to study French next year.,J'aimerais étudier le français l'année prochaine.
I'd like to watch that movie again.,J'aimerais regarder ce film à nouveau.
I'd like to welcome you all aboard.,J'aimerais tous vous souhaiter la bienvenue à bord.
I'd like to welcome you all aboard.,J'aimerais toutes vous souhaiter la bienvenue à bord.
I'd like you to answer my question.,J'aimerais que tu répondes à ma question.
I'd like you to answer my question.,J'aimerais que vous répondiez à ma question.
I'd like you to keep this a secret.,J'aimerais que tu le gardes secret.
I'd like you to keep this a secret.,J'aimerais que tu gardes ceci secret.
I'd like you to keep this a secret.,J'aimerais que vous le gardiez secret.
I'd like you to keep this a secret.,J'aimerais que vous gardiez ceci secret.
I'd like you to postpone your trip.,J'aimerais que tu remettes ton voyage.
I'd like you to postpone your trip.,J'aimerais que vous remettiez votre voyage.
I'd like you to sing a song for me.,J'aimerais que tu chantes une chanson pour moi.
I'd like you to sing a song for me.,J'aimerais que vous chantiez une chanson pour moi.
I'd like your permission to use it.,J'aimerais ta permission pour l'employer.
I'd like your permission to use it.,J'aimerais votre permission pour l'employer.
I'd like your permission to use it.,J'aimerais ta permission pour l'utiliser.
I'd like your permission to use it.,J'aimerais votre permission pour l'utiliser.
I'd rather not go out this evening.,Je préférerais ne pas sortir ce soir.
I'd rather stay here than go there.,Je préférerais rester ici plutôt que d'y aller.
I'll always remember your kindness.,Je me souviendrai toujours de ta gentillesse.
I'll be getting married in October.,Je vais me marier en octobre.
I'll be out of town for a few days.,Je serai hors de la ville pour quelques jours.
I'll be whatever you want me to be.,Je serai tout ce que tu veux que je sois.
I'll be whatever you want me to be.,Je serai tout ce que vous voulez que je sois.
I'll do whatever I can to help you.,Je ferai tout ce que je peux pour vous aider.
I'll finish it as quickly as I can.,Je finirai ça aussi vite que je pourrai.
I'll give you a call before I come.,Je te téléphonerai avant d'arriver.
I'll give you anything you ask for.,Je te donnerai tout ce que tu demandes.
I'll give you anything you ask for.,Je vous donnerai tout ce que vous demandez.
I'll go wherever you want me to go.,J'irai là où tu veux que j'aille.
I'll go wherever you want me to go.,J'irai partout où tu veux que j'aille.
I'll go wherever you want me to go.,J'irai là où vous voulez que j'aille.
I'll go wherever you want me to go.,J'irai partout où vous voulez que j'aille.
I'll have it here for you tomorrow.,"Je le tiendrai à ta disposition, ici, demain."
I'll have it here for you tomorrow.,"Je le tiendrai à votre disposition, ici, demain."
I'll have to confiscate your knife.,Je vais devoir confisquer ton couteau.
I'll help you if you're in trouble.,Je t'aiderai si tu es en difficulté.
I'll keep it a secret. Don't worry.,Je le garderai secret. Ne t'en fais pas.
I'll keep it a secret. Don't worry.,Je le garderai secret. Ne vous en faites pas.
I'll keep it a secret. Don't worry.,Je le garderai secret. Ne te fais pas de souci.
I'll keep it a secret. Don't worry.,Je le garderai secret. Ne vous faites pas de souci.
I'll never forget what you told me.,Je n'oublierai jamais ce que tu m'as dit.
I'll pay you back as soon as I can.,Je vous rembourserai dès que je peux.
I'll pay you back as soon as I can.,Je vous rembourserai dès que je le peux.
I'll pay you back as soon as I can.,Je te rembourserai dès que je peux.
I'll pay you back as soon as I can.,Je te rembourserai dès que je le peux.
I'll split it with you fifty-fifty.,On fera moitié-moitié.
I'll tell you why I don't like Tom.,Je te dirai pourquoi je n'aime pas Tom.
I'll tell you why I don't like Tom.,Je vous dirai pourquoi je n'aime pas Tom.
I'll try to pay this bill tomorrow.,J'essayerai de payer cette facture demain.
I'm OK with having just one friend.,Ça me va de n'avoir qu'un ami.
I'm OK with having just one friend.,N'avoir qu'un ami me convient.
I'm afraid I can't let you do that.,J'ai peur de ne pas pouvoir vous laisser faire cela.
I'm afraid I can't let you do that.,J'ai peur de ne pas pouvoir te laisser faire ça.
I'm afraid I'll be a burden to you.,J'ai peur que je sois un fardeau pour toi.
I'm aware of what is at stake here.,Je suis conscient de ce qui est en jeu ici.
I'm beginning to see what you mean.,Je commence à voir ce que tu veux dire.
I'm beginning to see what you mean.,Je commence à percevoir ce que vous voulez dire.
I'm glad that the rain has stopped.,Je suis content que la pluie se soit arrêtée.
I'm glad to be of some help to you.,Je suis ravi de pouvoir vous aider.
I'm glad to be of some help to you.,Je suis ravie de pouvoir vous aider.
I'm glad to make your acquaintance.,Je suis ravi de faire votre connaissance.
I'm glad you were able to meet Tom.,Je suis heureux que tu puisses rencontrer Tom.
I'm glad you're letting me do this.,Je suis contente que vous me laissiez faire ceci.
I'm glad you're letting me do this.,Je suis content que tu me laisses faire ceci.
I'm going to a monster truck rally.,Je me rends à un rassemblement de camions géants.
I'm going to be at home until noon.,Je serai chez moi jusqu'à midi.
I'm going to go out this afternoon.,Je vais sortir cet après-midi.
I'm going to have to call you back.,Je vais devoir te rappeler.
I'm going to have to call you back.,Je vais devoir vous rappeler.
I'm going to stop smoking for good.,Je vais arrêter de fumer pour de bon.
I'm going to teach you some karate.,Je vais t'enseigner un peu de karaté.
I'm going to teach you some karate.,Je vais vous enseigner un peu de karaté.
I'm going to teach you some karate.,Je vais t'enseigner des rudiments de karaté.
I'm going to teach you some karate.,Je vais vous enseigner des rudiments de karaté.
I'm going to tell you what I think.,Je vais te dire ce que je pense.
I'm going to tell you what I think.,Je vais vous dire ce que je pense.
I'm going to the convenience store.,Je vais à la supérette.
I'm going to try to get a good tan.,Je vais essayer d'obtenir un bon bronzage.
I'm happy with the way things went.,Je suis heureux de voir comment les choses se sont passées.
I'm interested in oriental pottery.,Je suis intéressé par la céramique orientale.
I'm interested in oriental pottery.,Je suis intéressée par la céramique orientale.
I'm invited to Tom's party tonight.,Je suis invité à la fête de Tom ce soir.
I'm invited to Tom's party tonight.,Je suis invitée à la fête de Tom ce soir.
I'm invited to dinner this evening.,Je suis invité à dîner ce soir.
I'm just a plain old office worker.,Je ne suis qu'un simple employé de bureau.
I'm leaving the day after tomorrow.,Je pars après-demain.
I'm looking for a gift for my wife.,Je cherche un cadeau pour ma femme.
I'm looking for a gift for my wife.,Je cherche un cadeau pour mon épouse.
I'm looking for a gift for my wife.,Je cherche un cadeau à l'intention de ma femme.
I'm looking for a gift for my wife.,Je cherche un cadeau à l'intention de mon épouse.
I'm looking for a simpler solution.,Je cherche une solution plus simple.
I'm not against people owning guns.,Je ne suis pas opposé à ce que les gens possèdent des armes.
I'm not against people owning guns.,Je ne suis pas opposée à ce que les gens possèdent des armes.
I'm not allowed to talk about that.,Je ne suis pas autorisé à en parler.
I'm not allowed to talk about that.,Je ne suis pas autorisée à parler de ça.
I'm not convinced I should do that.,Je ne suis pas convaincu que je devrais faire ça.
I'm not convinced I should do that.,Je ne suis pas convaincue que je devrais faire ça.
I'm not counting on Tom to do that.,Je ne compte pas sur Tom pour le faire.
I'm not cut out to be a politician.,Je n'ai pas l'étoffe d'un politicien.
I'm not familiar with French poets.,Je connais mal les poètes français.
I'm not going to explain it to you.,Je ne vais pas te l'expliquer.
I'm not going to explain it to you.,Je ne vais pas vous l'expliquer.
I'm not going to tell you her name.,Je ne suis pas prêt à te dire son nom.
I'm not going to tell you her name.,Je ne vais pas te dire son nom.
I'm not going to tell you her name.,Je ne dirai pas son nom.
I'm not good at classifying things.,Je ne suis pas bon pour classer les choses.
I'm not good at classifying things.,Classer les choses n'est pas mon fort.
I'm not in the mood to do that now.,Je ne suis pas d'humeur à faire ça maintenant.
I'm not in the mood to go downtown.,Je ne suis pas d'humeur à aller au centre-ville.
I'm not interested in your opinion.,Je ne suis pas intéressé par ton opinion.
I'm not interested in your opinion.,Je ne suis pas intéressée par ton opinion.
I'm not interested in your opinion.,Je ne suis pas intéressé par votre opinion.
I'm not interested in your opinion.,Je ne suis pas intéressée par votre opinion.
I'm not mentally prepared for that.,Je ne suis pas mentalement préparé à cela.
I'm not mentally prepared for that.,Je ne suis pas mentalement préparée à ça.
"I'm not really asleep, just dozing.","Je ne dors pas vraiment, je sommeille."
I'm not sure I want to do anything.,Je ne suis pas certain de vouloir faire quoi que ce soit.
I'm not sure I want to do anything.,Je ne suis pas certaine de vouloir faire quoi que ce soit.
I'm not sure I want to do this now.,Je ne suis pas certain que je veuille faire ça maintenant.
I'm not sure I want to do this now.,Je ne suis pas certaine que je veuille faire ça maintenant.
I'm not sure I'd want to live here.,Je ne suis pas certain que je voudrais vivre ici.
I'm not sure I'd want to live here.,Je ne suis pas certaine que je voudrais vivre ici.
I'm not sure when Tom will be back.,Je ne suis pas sûr de quand Tom va revenir.
I'm not sure when Tom will show up.,Je ne suis pas sûr de quand Tom arrivera.
I'm not sure why Tom asked me that.,Je ne sais pas pourquoi Tom m'a demandé cela.
I'm not the one who washed the car.,Ce n'est pas moi qui ai lavé la voiture.
I'm not used to sleeping in a tent.,Je n'ai pas l’habitude de dormir dans une tente.
I'm not used to this sort of thing.,Je n'ai pas l'habitude de ça.
I'm not usually at home on Mondays.,Je ne suis généralement pas chez moi le lundi.
I'm not very good at writing songs.,Je ne suis pas très fort pour écrire des chansons.
I'm now about as tall as my father.,Je suis presque aussi grand que mon père maintenant.
I'm on crutches for the next month.,Je suis en béquilles pour un mois.
I'm on our high school soccer team.,Je suis dans l'équipe de foot de notre lycée.
I'm pretty uncomfortable right now.,"Maintenant, je suis assez mal à l'aise."
I'm pretty uncomfortable right now.,Je suis sur l'instant assez mal à l'aise.
I'm quite comfortable in this room.,Je suis plutôt à l'aise dans cette pièce.
I'm really feeling kind of strange.,"Je me sens étrange, d'une certaine manière."
I'm really not supposed to do this.,Je ne suis vraiment pas supposé faire ça.
I'm really not supposed to do this.,Je ne suis vraiment pas supposée faire ça.
I'm really not very good at French.,Je ne suis vraiment pas très bon en français.
I'm really not very good at French.,Je ne suis vraiment pas très bonne en français.
I'm really starting to get worried.,Je commence vraiment à m'inquiéter.
I'm really starting to hate Boston.,Je commence vraiment à détester Boston.
I'm sorry I had to leave you alone.,Je suis désolé de devoir te laisser seul.
I'm sorry I made you cry yesterday.,Je suis désolé de t'avoir fait pleurer hier.
I'm sorry that I couldn't help you.,Je suis désolée de ne pas avoir pu vous aider.
I'm sorry to have kept you waiting.,Je suis désolé de vous avoir fait attendre.
I'm sorry we can't stay any longer.,"Je suis désolé, nous ne pouvons rester plus longtemps."
I'm sorry we can't stay any longer.,"Je suis désolée, nous ne pouvons rester plus longtemps."
"I'm sorry, I don't really remember.","Je suis désolé, je ne me rappelle pas vraiment."
"I'm sorry, I don't really remember.","Je suis désolée, je ne me rappelle pas vraiment."
"I'm sorry, I don't really remember.","Je suis désolé, je ne m'en souviens pas vraiment."
"I'm sorry, I don't really remember.","Je suis désolée, je ne m'en souviens pas vraiment."
"I'm sorry, but I can't go with you.","Désolé, mais je ne peux pas venir avec vous."
"I'm sorry, my mother's not at home.","Je suis désolé, ma mère n'est pas à la maison."
I'm studying French and web design.,Je suis en train d'étudier le français et le web design.
I'm supposed to be at school today.,Je suis censé être à l'école aujourd'hui.
I'm sure I'll win the tennis match.,Je suis sûre de remporter le match de tennis.
I'm sure Tom told you I was coming.,Je suis sûr que Tom t'a dit que je venais.
I'm sure Tom told you I was coming.,Je suis sûre que Tom vous a dit que je venais.
I'm sure Tom told you I was coming.,Je suis sûre que Tom t'a dit que je venais.
I'm sure Tom told you I was coming.,Je suis sûr que Tom vous a dit que je venais.
I'm sure you don't want to do that.,Je suis certain que tu ne veux pas faire ça.
I'm sure you don't want to do that.,Je suis certaine que tu ne veux pas faire ça.
I'm sure you don't want to do that.,Je suis certain que ce n'est pas là ce que tu veux faire.
I'm sure you don't want to do that.,Je suis certaine que ce n'est pas là ce que tu veux faire.
I'm sure you're going to like this.,Je suis sûr que tu vas aimer ça.
I'm sure you're going to like this.,Je suis sûre que tu vas aimer ça.
I'm sure you're going to like this.,Je suis sûr que vous allez aimer ceci.
I'm sure you're going to like this.,Je suis sûre que vous allez aimer ceci.
I'm sure your intentions were good.,Je suis sûr que tes intentions étaient bonnes.
I'm sure your intentions were good.,Je suis certaine que vos intentions étaient bonnes.
I'm sure your intentions were good.,Je suis sure que vos intentions étaient bonnes.
I'm surprised you didn't know that.,Je suis surpris que vous ignoriez cela.
I'm surprised you didn't know that.,Je suis surprise que vous ignoriez cela.
I'm surprised you didn't know that.,Je suis surpris que tu ignorais cela.
I'm surprised you didn't know that.,Je suis surprise que tu ignorais cela.
I'm the one who ought to apologize.,Je suis celui qui devrait s'excuser.
I'm the one who ought to apologize.,Je suis celle qui devrait s'excuser.
I'm the one who painted the garage.,Je suis celui qui a peint le garage.
I'm tired of cleaning up after you.,Je suis fatigué de nettoyer après toi.
"I'm tired, but I can't fall asleep.","Je suis fatigué, mais je ne peux pas m'endormir."
I'm too old for this sort of thing.,Je suis trop vieux pour ce genre de choses.
I'm too old for this sort of thing.,Je suis trop vieille pour ce genre de choses.
I'm too tired to do that right now.,Je suis trop fatigué pour le faire maintenant.
I'm too tired to do that right now.,Je suis trop fatiguée pour m'en occuper maintenant.
I'm trying to figure out something.,J'essaye de comprendre quelque chose.
I'm trying to get my children back.,J'essaye de récupérer mes enfants.
I'm used to doing that in the dark.,Je suis habitué à faire ça dans le noir.
I'm very busy so don't count on me.,"Je suis très occupé, alors ne comptez pas sur moi."
I'm very busy so don't count on me.,"Je suis très occupée, alors ne comptez pas sur moi."
I'm very busy so don't count on me.,"Je suis très occupé, alors ne compte pas sur moi."
I'm very busy so don't count on me.,"Je suis très occupée, alors ne compte pas sur moi."
I'm very happy for the both of you.,Je suis très heureux pour vous deux.
I'm very happy for the both of you.,Je suis très heureuse pour vous deux.
I'm very slow at making up my mind.,Je suis très lent pour me décider.
I'm very sorry I came home so late.,Je suis vraiment désolé d'être rentré à la maison aussi tard.
I'm very sorry I came home so late.,Je suis vraiment désolée d'être rentré à la maison aussi tard.
I'm very sorry I came home so late.,Je suis vraiment désolé d'être rentré si tard à la maison.
I'm very worried about your health.,Je me fais beaucoup de souci au sujet de votre santé.
I'm very worried about your health.,Je me fais beaucoup de souci au sujet de ta santé.
I'm way stronger than I used to be.,Je suis bien plus forte que je ne l'étais avant.
I'm way stronger than I used to be.,Je suis bien plus fort que je ne l'étais avant.
I'm working on another project now.,Je travaille sur un autre projet en ce moment.
I've already explained that to Tom.,Je l'ai déjà expliqué à Tom.
I've already told you what I think.,Je t'ai déjà dit ce que je pense.
I've already told you what I think.,Je vous ai déjà dit ce que je pense.
I've always been afraid of doctors.,J'ai toujours eu peur des docteurs.
I've always played with my brother.,J'ai toujours joué avec mon frère.
I've always wanted to learn French.,J'ai toujours voulu apprendre le français.
I've arranged for a bit of privacy.,J'ai ménagé un peu d'intimité.
I've become accustomed to the heat.,Je me suis habitué à la chaleur.
I've been doing this my whole life.,J'ai fait ça toute ma vie.
I've been drinking a lot of coffee.,J'ai bu beaucoup de café.
I've been drinking too much coffee.,J'ai bu trop de café.
I've been feeling this way all day.,Je me suis senti comme ça toute la journée.
I've been feeling this way all day.,Je me suis sentie comme ça toute la journée.
I've been feeling this way all day.,Je me suis senti ainsi toute la journée.
I've been in this situation before.,J'ai été dans cette situation auparavant.
I've been looking all over for you.,Je vous ai cherché partout.
I've been looking all over for you.,Je vous ai cherchée partout.
I've been looking all over for you.,Je vous ai cherchés partout.
I've been looking all over for you.,Je vous ai cherchées partout.
I've been looking all over for you.,Je t'ai cherché partout.
I've been looking all over for you.,Je t'ai cherchée partout.
I've been making too many mistakes.,J'ai commis trop d'erreurs.
I've been thinking a lot about you.,J'ai beaucoup pensé à vous.
I've been told I shouldn't do that.,On m'a dit que je ne devrais pas faire ça.
I've been way busier than expected.,J'ai été bien plus occupé que prévu.
I've been way busier than expected.,J'ai été bien plus occupée que prévu.
I've completely forgotten his name.,J'ai complètement oublié son nom.
I've decided to end our friendship.,J'ai décidé de mettre un terme à notre amitié.
I've drifted apart from my friends.,Je me suis éloigné de mes amis.
I've drifted apart from my friends.,Je me suis éloignée de mes amis.
I've drifted apart from my friends.,Je me suis éloigné de mes amies.
I've drifted apart from my friends.,Je me suis éloignée de mes amies.
I've finished watering the flowers.,J'ai fini d'arroser les fleurs.
I've got a wife and three children.,J'ai une femme et trois enfants.
I've got all the time in the world.,J'ai tout mon temps devant moi.
I've got something else on my mind.,J'ai autre chose en tête.
I've got something else on my mind.,J'ai quelque chose d'autre à l'esprit.
I've got to get dressed for school.,Il me faut m'habiller pour l'école.
I've got to get dressed for school.,Je dois m'habiller pour l'école.
I've got two brothers and a sister.,J'ai deux frères et une sœur.
"I've hurt your feelings, haven't I?","Je vous ai blessé, n'est-ce pas ?"
"I've hurt your feelings, haven't I?","Je vous ai blessée, n'est-ce pas ?"
"I've hurt your feelings, haven't I?","Je t'ai blessé, n'est-ce pas ?"
"I've hurt your feelings, haven't I?","Je t'ai blessée, n'est-ce pas ?"
I've just put new sheets on my bed.,Je viens de mettre de nouveaux draps sur mon lit.
I've known Tom for quite some time.,Je connais Tom depuis longtemps.
I've locked myself out of my house.,Je me suis enfermé à l'extérieur de ma maison.
I've locked myself out of my house.,Je me suis enfermée à l'extérieur de ma maison.
I've made a couple of friends here.,"Je me suis fait, ici, quelques amis."
I've made a couple of friends here.,"Je me suis fait, ici, quelques amies."
I've never cared about such things.,Je ne me suis jamais soucié de telles choses.
I've never cared about such things.,Je ne me suis jamais souciée de telles choses.
I've never felt so good in my life.,Je ne me suis encore jamais senti aussi bien dans la vie.
I've never had this problem before.,Je n'ai jamais eu ce problème auparavant.
I've never heard that sound before.,Je n'ai jamais entendu ce son auparavant.
I've never seen a red refrigerator.,Je n'ai jamais vu de réfrigérateur rouge.
I've never seen anything like that.,Je n'ai jamais rien vu de pareil.
I've never seen anything like that.,Je n'ai jamais rien vu de semblable.
I've never seen anything like this.,Jamais je n'ai vu quoi que ce soit de tel.
I've never seen such a large whale.,Je n'ai jamais vu une aussi grosse baleine.
I've never seen such a large whale.,Je n'ai jamais vu une baleine aussi grande.
I've never seen such a large whale.,Je n'ai jamais vu baleine aussi grande.
I've never spoken in public before.,Je n'ai jamais parlé en public auparavant.
I've never thought about giving up.,Je n'ai jamais pensé abandonner.
I've never told anyone that before.,Je n'ai jamais dit cela à personne auparavant.
I've never told anyone that before.,Je n'ai jamais dit cela à quiconque auparavant.
I've never tried doing it that way.,Je n'ai jamais essayé de le faire comme ça.
I've never tried doing this before.,Je n'ai jamais essayé de faire ceci auparavant.
I've never tried riding a unicycle.,Je n'ai jamais essayé de faire du monocycle.
I've never worked this hard before.,Je n'ai jamais travaillé si dur auparavant.
I've read every one of those books.,J'ai lu chacun de ces livres.
I've started learning how to drive.,J'ai commencé à apprendre à conduire.
I've told you all you need to know.,J'ai dit tout ce que tu avais besoin de savoir.
I've told you that a hundred times.,Je t'ai dit ça cent fois.
I've told you that a hundred times.,Je vous l'ai dit cent fois.
I've waited for this my whole life.,J'ai attendu ceci toute ma vie.
"I, too, didn't understand anything.","Moi non plus, je n'ai rien compris."
"If I don't do it now, I never will.","Si je ne le fais pas maintenant, je ne le ferai jamais."
"If I had wings, I would fly to you.","Si j'avais des ailes, je volerais vers toi."
"If I were you, I wouldn't buy that.","Si j'étais toi, je ne l'achèterais pas."
"If I were you, I wouldn't buy that.","Si j'étais vous, je ne l'achèterais pas."
"If I were you, I wouldn't hesitate.","À ta place, je n'hésiterais pas."
"If I'd known it, I'd have told you.","Si je l'avais su, je vous l'aurais dit."
"If I'd known it, I'd have told you.","Si je l'avais su, je te l'aurais dit."
"If I'd known it, I'd have told you.","L'aurais-je su, je te l'aurais dit."
"If I'd known it, I'd have told you.","L'aurais-je su, je vous l'aurais dit."
If I'd only listened to my parents!,Si seulement j'avais écouté mes parents !
"If he doesn't come, what'll you do?","S'il ne vient pas, que feras-tu ?"
"If he were here, what would he say?","S'il était ici, que dirait-il ?"
"If it were true, what would you do?","Si c'était vrai, que feriez-vous ?"
"If it were true, what would you do?","Si c'était vrai, que ferais-tu ?"
"If the car breaks down, we'll walk.","Si la voiture tombe en panne, nous marcherons."
"If we had more money, we'd do that.","Si nous avions plus d'argent, nous le ferions."
"If we leave now, we should make it.","Si nous partons maintenant, nous devrions y parvenir."
"If we leave now, we should make it.","Si nous partons maintenant, ça devrait le faire."
"If you don't go, I won't go either.","Si tu n'y vas pas, je n'irais pas non plus."
"If you understand, raise your hand.","Si vous comprenez, levez la main."
"If you want any help, just call me.","Si tu veux la moindre aide, appelle-moi simplement !"
"If you want any help, just call me.","Si vous voulez la moindre aide, appelez-moi simplement !"
"In case I forget, please remind me.","Au cas où j'oublie, rappelle-moi, s'il te plaît."
"In case of fire, break this window.","En cas d'incendie, brisez cette fenêtre."
"In spite of the storm, he went out.",Il sortit en dépit de la tempête.
"In the summer, it is very hot here.","En été, il fait très chaud, ici."
Is Tom eating an apple or a banana?,Tom mange-t-il une pomme ou une banane?
Is Tom left-handed or right-handed?,Tom est-il gaucher ou droitier ?
Is Tom staying at the Hilton Hotel?,Tom séjourne-t-il au Hilton Hotel ?
Is a tomato a fruit or a vegetable?,Est-ce qu'une tomate est un fruit ou un légume ?
Is it all right to eat out tonight?,"Est-ce que ça va si on dîne dehors, ce soir ?"
Is it all right to eat out tonight?,"Est-ce que ça va de dîner dehors, ce soir ?"
Is it possible to drink salt water?,Est-il possible de boire de l'eau salée ?
Is it really that important to you?,Est-ce si important pour vous ?
Is it really that important to you?,Est-ce si important pour toi ?
Is it something you can get rid of?,Est-ce quelque chose dont tu peux te débarrasser ?
Is it something you can get rid of?,Est-ce quelque chose dont vous pouvez vous débarrasser ?
Is it something you can get rid of?,S'agit-il de quelque chose dont tu peux te débarrasser ?
Is it something you can get rid of?,S'agit-il de quelque chose dont vous pouvez vous débarrasser ?
Is it that difficult to understand?,Est-ce si difficile à comprendre ?
Is it true Tom can't read or write?,Est-ce vrai que Tom ne sait ni lire ni écrire ?
Is that what you really want to do?,Est-ce là ce que tu veux vraiment faire ?
Is that what you really want to do?,Est-ce là ce que vous voulez vraiment faire ?
Is the university library open now?,La bibliothèque de l'université est-elle ouverte maintenant ?
Is there a flight in the afternoon?,Y a-t-il un vol dans l'après-midi ?
Is there a gas station around here?,Y a-t-il une station-service dans les environs ?
Is there a photo shop in the hotel?,Y a-t-il un photographe dans l'hôtel ?
Is there a problem between you two?,Y a-t-il un problème entre vous deux ?
Is there a restaurant in the hotel?,Y a-t-il un restaurant dans l'hôtel ?
Is there a train station near here?,Y a-t-il une gare près d'ici ?
Is there any coffee in the kitchen?,Y a-t-il encore du café dans la cuisine ?
Is there anyone who speaks English?,Y a-t-il quelqu'un qui parle anglais ?
Is there anything I can do for you?,Puis-je faire quelque chose pour vous ?
Is there anything I can do for you?,Puis-je faire quoi que de soit pour vous ?
Is there anything I can do for you?,Puis-je faire quoi que de soit pour toi ?
Is there anything you want to know?,Y a-t-il quoi que ce soit que vous vouliez savoir ?
Is there anything you want to know?,Y a-t-il quoi que ce soit que vous veuilliez savoir ?
Is there anything you want to know?,Y a-t-il quoi que ce soit que tu veuilles savoir ?
Is there somebody you want to call?,Y a-t-il quelqu'un que vous vouliez appeler ?
Is there somebody you want to call?,Y a-t-il quelqu'un que vous veuilliez appeler ?
Is there somebody you want to call?,Y a-t-il quelqu'un que tu veuilles appeler ?
Is there something you want to ask?,Y a-t-il quelque chose que vous vouliez demander ?
Is there something you want to ask?,Y a-t-il quelque chose que vous veuilliez demander ?
Is there something you want to ask?,Y a-t-il quelque chose que tu veuilles demander ?
Is there something you want to buy?,Est-ce qu'il y a quelque chose que tu veux acheter ?
Is there something you want to say?,Y a-t-il quelque chose que vous vouliez dire ?
Is there something you want to say?,Y a-t-il quelque chose que vous veuilliez dire ?
Is there something you want to say?,Y a-t-il quelque chose que tu veuilles dire ?
Is there space for one more person?,Y a-t-il de la place pour une personne de plus ?
Is there space for one more person?,Y a-t-il la place pour une personne supplémentaire ?
Is this really what you want to do?,Est-ce là réellement ce que tu veux faire ?
Is this really what you want to do?,Est-ce là réellement ce que vous voulez faire ?
It appeared as if nothing happened.,"On aurait dit, comme si rien ne s'était passé."
It appeared as if nothing happened.,On aurait dit qu'il ne s'était rien passé.
It appeared as if nothing happened.,C'était comme si rien ne s'était passé.
It began to rain before I got home.,Il commença à pleuvoir avant que je n'arrive chez moi.
It began to rain before I got home.,Il se mit à pleuvoir avant que je ne parvienne chez moi.
It depends on how you deal with it.,Ça dépend de comment tu t'y prends.
It depends on how you deal with it.,Cela dépend de la façon dont vous le gérez.
"It doesn't make any sense, does it?","Ça ne veut rien dire, n'est-ce pas ?"
It happened to me about a year ago.,Ça m'est arrivé il y a environ un an.
It happened when Tom was in Boston.,C'est arrivé quand Tom était à Boston.
It happened while I wasn't looking.,Ça s'est passé quand je ne regardais pas.
It is difficult to give up smoking.,Il est difficile d'arrêter de fumer.
It is going to rain this afternoon.,Il va pleuvoir cet après-midi.
It is starting to look pretty cool.,Ça commence à avoir de la gueule.
It is true that he won first prize.,C'est vrai qu'il a gagné le premier prix.
It is true that she teaches French.,C'est vrai qu'elle enseigne le français.
It is true that the earth is round.,Il est vrai que la terre est ronde.
It is worthwhile to read this book.,Cela vaut la peine de lire ce livre.
It is worthwhile to read this book.,Cela vaut le coup de lire ce livre.
It isn't as cold here as in Alaska.,Il ne fait pas aussi froid ici qu'en Alaska.
It isn't difficult to speak French.,Il n'est pas difficile de parler français.
It isn't polite to stare at people.,Il n'est pas poli de regarder fixement les gens.
It just doesn't make sense anymore.,Ça n'a simplement plus de sens.
It keeps getting harder and harder.,Ça devient de plus en plus difficile.
It looks as if it is going to rain.,On dirait qu'il va pleuvoir.
It looks like I came at a bad time.,On dirait que je suis arrivé au mauvais moment.
It looks like you just saw a ghost.,On dirait que tu viens de voir un fantôme.
It looks like you just saw a ghost.,On dirait que vous venez de voir un fantôme.
It may already be too late for him.,Il se peut qu'il soit trop tard pour lui.
It may be that he is not a bad man.,Il se peut qu'il ne soit pas un homme mauvais.
It must've rained during the night.,Il a dû pleuvoir durant la nuit.
It reminds me of the good old days.,Ça me rappelle le bon vieux temps.
It saddens me to hear you say that.,Ça m'attriste de t'entendre dire cela.
It scared the daylights out of him.,Ça lui a fait une peur bleue.
It seems my dreams never come true.,Il semble que mes rêves ne se réalisent jamais.
It seems that Tom isn't here today.,Il semble que Tom n'est pas là aujourd'hui.
It seems that everybody likes golf.,Il semble que tout le monde aime le golf.
It seems that he is unable to swim.,Il semble être incapable de nager.
It seems to me that you are honest.,Il me semble que tu es honnête.
It snowed for ten consecutive days.,Il a neigé pendant dix jours consécutifs.
It took courage to do what Tom did.,Il fallait du courage pour faire ce que Tom a fait.
It turns out that I have a brother.,Il s'avère que j'ai un frère.
It was Tom that told me this story.,C'est Tom qui m'a raconté cette histoire.
It was Tom who helped us find Mary.,C'est Tom qui nous a aidés à trouver Marie.
It was Tom who helped us find Mary.,C'est Tom qui nous a aidés à trouver Mary.
It was a case of mistaken identity.,C'était un cas de confusion d'identité.
It was a miracle that he recovered.,C'est un miracle qu'il se soit rétabli.
"It was a pleasure meeting you, Tom.","Ce fut un plaisir de vous rencontrer, Tom."
"It was a pleasure meeting you, Tom.","C'était un plaisir de te rencontrer, Tom."
It was a pretty amazing experience.,C'était une expérience assez incroyable.
It was a pretty amazing experience.,Ce fut une expérience assez incroyable.
It was a very delicate negotiation.,Ce fut une négociation très délicate.
It was colder yesterday than today.,Il faisait plus froid hier qu'aujourd'hui.
It was his bicycle that was stolen.,C'est son vélo qui fut volé.
It was his bicycle that was stolen.,C'est son vélo qui a été volé.
It was his first trip as a captain.,C'était son premier voyage en tant que capitaine.
It was his first trip as a captain.,Ce fut son premier voyage en tant que capitaine.
"It was hot, so I turned on the fan.",Il faisait chaud donc j'ai allumé le ventilateur.
It was nothing less than a miracle.,C'était vraiment un miracle.
It was nothing less than a miracle.,C'était un vrai miracle.
It was nothing less than a miracle.,Ce n'était rien moins qu'un miracle.
It was so cold that we made a fire.,Il faisait si froid que nous avons fait un feu.
It was very cold yesterday morning.,Il faisait très froid hier matin.
It wasn't a very interesting novel.,Ce n'était pas un roman très intéressant.
It wasn't me who started the fight.,Ce n'est pas moi qui ai commencé la dispute.
It wasn't me who started the fight.,Ce n'est pas moi qui ai commencé le combat.
It won't be hard for us to do this.,Il ne nous sera pas difficile de faire ceci.
It won't hurt you to skip one meal.,Ça ne va pas te tuer de sauter un repas.
It would be crazy to do that again.,Ce serait de la folie de recommencer.
It'll cost around ten thousand yen.,Cela coûtera à peu près 10 000 yens.
It's Tom's turn to wash the dishes.,C'est au tour de Tom de faire la vaisselle.
It's a difficult word to pronounce.,C'est un mot difficile à prononcer.
It's a difficult word to translate.,C'est un mot difficile à traduire.
It's a dog eat dog world out there.,C'est un monde de requins.
"It's a good start, don't you think?","C'est un bon départ, ne penses-tu pas ?"
"It's a good start, don't you think?","C'est un bon départ, ne pensez-vous pas ?"
It's a lot of fun playing outdoors.,Jouer dehors est très amusant.
It's a matter of national security.,C'est une question de sécurité nationale.
It's a pity that you couldn't come.,C'est dommage que tu n'aies pas pu venir.
It's about time you went to school.,Il est temps que tu ailles à l'école.
It's an hour's walk to the station.,C'est à une heure de marche de la gare.
It's been exciting and stimulating.,C'était passionnant et stimulant.
It's been unusually warm this week.,Il a fait inhabituellement chaud cette semaine.
It's cold there even in the summer.,"Il fait froid là-bas, même l'été."
It's cold there even in the summer.,"Il fait froid, là-bas, même en été !"
It's cold there even in the summer.,"Il y fait froid, même en été !"
It's dangerous to cross the bridge.,C'est dangereux de traverser le pont.
It's going to be cool this weekend.,Il va faire frais ce week-end.
It's going to be very cold tonight.,Il va faire très froid ce soir.
It's illegal to park your car here.,C'est illégal de garer votre voiture ici.
It's illegal to park your car here.,C'est illégal de garer ta voiture ici.
It's important that you understand.,C'est important que tu comprennes.
It's important that you understand.,C'est important que vous compreniez.
It's more dangerous than I thought.,C'est plus dangereux que je ne le pensais.
It's more difficult than you think.,C'est plus difficile que tu ne crois.
It's more fun than drinking coffee.,C'est plus marrant que de boire du café.
It's my dream to win a Nobel Prize.,Mon rêve est de gagner un prix Nobel.
It's nice of you to give me a lift.,C'est sympa de ta part de me déposer.
It's nice of you to give me a lift.,C'est gentil de votre part de me déposer.
It's nice of you to give me a ride.,C'est gentil de ta part de m'y conduire.
It's no use crying over spilt milk.,Ce qui est fait est fait.
It's no use trying to persuade her.,Essayer de la convaincre n'a aucun sens.
It's not difficult to speak French.,Il n'est pas difficile de parler français.
It's not easy to solve the problem.,Ça n'est pas facile de résoudre le problème.
"It's not much of a surprise, is it?","Ce n'est pas tellement une surprise, non ?"
It's not polite to point at others.,C'est pas poli de montrer les autres du doigt.
It's not polite to stare at others.,Il est impoli de dévisager les autres.
It's not worth reading any further.,Ça ne vaut pas le coup de lire plus loin.
It's not worth reading any further.,Ça ne vaut pas le coup de lire au-delà.
It's not worth reading any further.,Lire plus loin ne vaut pas la chandelle.
It's only effective at close range.,Ce n'est efficace qu'à courte portée.
It's popular among senior citizens.,C'est populaire chez les anciens.
It's possible that Tom is a genius.,Il est possible que Tom soit un génie.
It's possible that Tom lied to you.,Tom vous a peut-être menti.
It's possible that Tom lied to you.,Il est possible que Tom vous ait menti.
It's rarely nice weather at Easter.,À Pâques il fait rarement beau temps.
"It's really unbelievable, isn't it?","C'est vraiment incroyable, n'est-ce pas ?"
It's said that he knows the secret.,On dit qu'il connaît le secret.
It's the only thing I can think of.,C'est la seule chose à laquelle je puisse penser.
It's time for you to buy a new car.,Il est temps que tu achètes une nouvelle voiture.
It's time to turn off the computer.,C'est le moment d'éteindre l'ordinateur.
It's time you went to the barber's.,Il est temps que tu ailles chez le barbier.
It's too dark to play baseball now.,Il fait trop sombre pour jouer au baseball maintenant.
I’ll call him before he goes out.,Je lui téléphonerai avant qu'il sorte.
Japan has become a powerful nation.,Le Japon est devenu une nation puissante.
Japanese forces marched into Burma.,Les forces japonaises ont envahi la Birmanie.
"Just at that time, the bus stopped.","Juste à ce moment-là, le bus s'arrêta."
"Just at that time, the bus stopped.","Juste à ce moment-là, le bus s'est arrêté."
Just give me your name and address.,Donnez-moi juste votre nom et adresse.
Kyoto and Boston are sister cities.,Kyoto et Boston sont des villes jumelées.
Land prices are very high in Japan.,Les prix des terrains sont très élevés au Japon.
Last October was warmer than usual.,Le mois d'octobre dernier était plus chaud que la normale.
"Last night, we went to the theater.",Hier soir nous sommes allés au théâtre.
"Last night, we went to the theater.",Hier soir nous sommes allées au théâtre.
"Last year, there was a bad harvest.","L'année passée, il y a eu une mauvaise récolte."
Lead is much heavier than aluminum.,Le plomb est beaucoup plus lourd que l'aluminium.
Learning English requires patience.,Apprendre l'anglais demande de la patience.
Learning a foreign language is fun.,Apprendre une langue étrangère est amusant.
Leave more space between the lines.,Laissez plus d'espace entre les lignes.
Leave now and don't ever come back.,Pars maintenant et ne reviens jamais.
Lemons and limes are acidic fruits.,Les citrons et les citrons verts sont des fruits acides.
Lend him as much money as he needs.,Prêtez-lui autant d'argent qu'il en a besoin.
Lend him as much money as he needs.,Prête-lui autant d'argent qu'il en a besoin.
Let me carry your suitcase for you.,Laisse-moi te porter ta valise.
Let me carry your suitcase for you.,Laissez-moi vous porter votre valise.
"Let me have a look at it, will you?","Laissez-moi voir un peu, s'il vous plaît."
Let me introduce my parents to you.,Laisse-moi te présenter mes parents.
Let me think about it a bit longer.,Laissez-moi y réfléchir un peu plus longtemps.
Let me think about it a bit longer.,Laisse-moi y réfléchir un peu plus longtemps.
Let the animals out of their cages.,Libérez les animaux de leurs cages !
Let the animals out of their cages.,Laissez les animaux sortir de leurs cages !
Let's begin with the first chapter.,Commençons par le premier chapitre.
Let's discuss the matter right now.,Discutons de l'affaire dès maintenant.
Let's discuss the matter right now.,Discutons tout de suite de ce problème.
Let's eat now. I'm dying of hunger.,Mangeons maintenant. Je meurs de faim.
Let's get a picture of us together.,Prenons nous ensemble en photo.
Let's go over what we already know.,Passons en revue ce que nous savons déjà !
Let's just forget it ever happened.,Oublions ce qui s'est passé.
Let's keep this between you and me.,Gardons cela pour nous deux.
Let's look at what the report says.,Regardons ce que dit le rapport.
Let's meet in front of the library.,On se retrouve en face de la bibliothèque.
Let's not deviate from the subject.,Ne nous éloignons pas du sujet.
Let's not discuss the matter today.,Ne discutons pas de cette affaire aujourd'hui.
Let's pick flowers from the garden.,Cueillons des fleurs dans le jardin.
Let's see if it really does happen.,Voyons si cela se produit vraiment.
Let's spend the afternoon together.,Passons l’après-midi ensemble!
Let's split the reward fifty-fifty.,Partageons la récompense cinquante-cinquante.
Let's stop at the next gas station.,Arrêtons-nous à la prochaine station d'essence.
Let's stop this fruitless argument.,Cessons cette vaine dispute.
Let's try to make our world better.,Essayons de rendre notre monde meilleur.
Lets play video games or something.,Jouons aux jeux vidéo ou à d'autres choses.
Life is like a roller coaster ride.,La vie est comme un tour sur les montagnes russes.
Life is often compared to a voyage.,On compare souvent la vie à un voyage.
Life is often compared to a voyage.,La vie est souvent comparée à un voyage.
Life without books is unimaginable.,La vie sans livre est inimaginable.
Life's too short to drink bad wine.,La vie est trop courte pour boire du mauvais vin.
"Like his father, he has many books.","Comme son père, il possède de nombreux livres."
"Like his father, he has many books.","Comme son père, il a plein de livres."
Long skirts are out of fashion now.,Les longues jupes sont démodées maintenant.
Look at me when I'm talking to you!,Regarde-moi quand je te parle !
Look at me when I'm talking to you!,Regardez-moi quand je vous parle !
Look at me when I'm talking to you!,Regarde-moi lorsque je te parle !
Look at me when I'm talking to you!,Regardez-moi lorsque je vous parle !
Look at me when I'm talking to you.,Regarde-moi quand je te parle !
Look at the sign just ahead of you.,Regarde l'enseigne juste derrière toi.
Look up the word in the dictionary.,Renseigne-toi sur le mot dans le dictionnaire.
Look up the word in the dictionary.,Recherche le mot dans le dictionnaire.
Look up the word in the dictionary.,Voyez ce mot dans le dictionnaire.
Love began to grow between the two.,L'amour commença à croître entre les deux.
Magda is going to marry a Spaniard.,Magda épousera un Espagnol.
Mahjong is a game four people play.,Le Mahjong est un jeu auquel quatre personnes jouent.
Manuela's clothes are very stylish.,Les vêtements de Manuela sont très élégants.
Manuela's dresses are very elegant.,Les robes de Manuela sont très élégantes.
Many Asians are lactose intolerant.,De nombreux Asiatiques sont intolérants au lactose.
Many museums are closed on Mondays.,Le lundi beaucoup de musées sont fermés.
Many of the workers died of hunger.,Beaucoup des ouvriers moururent de faim.
Many people attended Tom's funeral.,Beaucoup de gens ont assisté aux funérailles de Tom.
Many philosophers come from Greece.,Beaucoup de philosophes viennent de Grèce.
Many philosophers come from Greece.,De nombreux philosophes sont originaires de Grèce.
Many small companies went bankrupt.,De nombreuses petites entreprises ont fait faillite.
Many students have failed the test.,Bien des étudiants ont échoué à l'examen.
Marriage customs differ by country.,Les coutumes du mariage sont différentes dans chaque pays.
Mary came up to me when she saw me.,Mary s'est dirigée vers moi quand elle m'a vu.
Mary is going to have another baby.,Mary va avoir un autre bébé.
Mary isn't as pretty as her sister.,Mary n'est pas aussi jolie que sa sœur.
Mary was wearing a navy blue skirt.,Marie portait une jupe bleu marine.
Mathematics is my favorite subject.,Les mathématiques sont ma matière préférée.
Mathematics is my favorite subject.,Les mathématiques sont ma matière favorite.
May I accompany you to the airport?,Puis-je vous accompagner à l'aéroport ?
"May I have a glass of beer, please?","Puis-je avoir une bière, s'il vous plaît ?"
"May I have a glass of wine, please?","Puis-je avoir un verre de vin, je vous prie ?"
"May I speak to Tom Jackson, please?","Puis-je parler à Tom Jackson, s'il vous plaît ?"
May I take a shower in the morning?,Puis-je prendre une douche le matin ?
Maybe I wasn't supposed to do that.,Je n'étais peut-être pas censé faire ça.
Maybe it's not as hard as it looks.,Ce n'est peut-être pas aussi dur que ça paraît.
Maybe it's not as hard as it looks.,Ce n'est peut-être pas aussi dur que cela paraît.
Maybe we can talk about that later.,Peut-être pouvons-nous en parler plus tard.
Maybe we should cancel the meeting.,Peut-être devrions-nous annuler la réunion.
Maybe we should sit somewhere else.,Peut-être devrions nous nous asseoir autre part.
Measure each angle of the triangle.,Mesure chaque angle du triangle.
Measure each angle of the triangle.,Mesurez chaque angle du triangle.
Miyazaki is not what it used to be.,Miyazaki est différent d'autrefois.
Most boys take after their fathers.,La plupart des garçons tiennent de leur père.
Mr. Jackson is a very good teacher.,M. Jackson est un très bon professeur.
Mr. Jackson is my favorite teacher.,M. Jackson est mon professeur préféré.
Mr. Jackson is our history teacher.,Monsieur Jackson est notre professeur d'histoire.
Mr. Jackson is our science teacher.,M. Jackson est notre professeur de sciences.
My aunt sent me a birthday present.,Ma tante m'a envoyé un cadeau d'anniversaire.
My baby brother still wets his bed.,Mon petit frère mouille encore son lit.
My bike is not anything like yours.,Mon vélo n'a rien à voir avec le vôtre.
My bike is not anything like yours.,Mon vélo n'a rien à voir avec le tien.
My brother gave me a pair of jeans.,Mon frère m'a donné un jean.
My brother has a gift for painting.,Mon frère a un don pour la peinture.
My brother is a first-year student.,Mon frère est étudiant de première année.
My brother likes to collect stamps.,Mon frère aime collectionner les timbres.
My brother's room is always a mess.,La chambre de mon frère est toujours en désordre.
My car is parked not far from here.,Ma voiture est garée près d'ici.
My computer won't start up anymore.,Mon ordinateur ne s'allume plus.
My daughter is the apple of my eye.,Ma fille est la prunelle de mes yeux.
My daughter studies in that school.,Ma fille étudie dans cette école.
My daughter was taken away from me.,Ma fille m'a été retirée.
My dog often pretends to be asleep.,Mon chien fait souvent semblant de dormir.
My dream is to go to Japan someday.,"Mon rêve, ce serait de connaître un jour le Japon."
My family goes skiing every winter.,Ma famille part skier chaque hiver.
My father got home late last night.,Mon père est rentré tard la nuit dernière.
My father objected to our marriage.,Mon père désapprouva notre mariage.
My father objected to our marriage.,Mon père a désapprouvé notre mariage.
My father retired at the age of 65.,Mon père a pris sa retraite à l'âge de 65 ans.
My fingers left marks on the glass.,Mes doigts ont laissé des traces sur le verre.
My friend over there is really shy.,Mon ami là-bas est vraiment timide.
My friend says that she's suicidal.,Mon ami dit qu'elle est suicidaire.
My grandmother can't see very well.,Ma grand-mère ne voit pas très bien.
My heart was filled with happiness.,Mon cœur était rempli de joie.
My hobby is collecting old bottles.,Mon passe-temps est de collectionner les vieilles bouteilles.
My husband and I are both teachers.,Mon mari et moi sommes tous les deux enseignants.
My husband is away for the weekend.,Mon époux est parti pour le week-end.
My husband is away for the weekend.,Mon mari est en vadrouille pour le week-end.
My internet connection was cut off.,Ma connexion Internet a été coupée.
My internet connection was cut off.,Ma liaison Internet a été coupée.
My internet connection was cut off.,Ma liaison Internet fut coupée.
My little brother can read English.,Mon petit frère sait lire l'anglais.
My meals are prepared by my mother.,Mes repas sont confectionnés par ma mère.
My mother is busy preparing supper.,Ma mère est occupée à préparer le dîner.
My mother is busy preparing supper.,Ma mère est occupée à préparer le souper.
My mother is their mother's sister.,Ma mère est la sœur de leur mère.
My mother set the table for dinner.,Ma mère a mis la table pour le dîner.
My mother set the table for dinner.,Ma mère mit la table pour le dîner.
My mother teaches flower arranging.,Ma mère enseigne l'arrangement floral.
My older sister is good at singing.,Ma grande sœur chante bien.
My opinion is different from yours.,Mon avis diffère du tien.
My parents will be home about 2:30.,Mes parents seront à la maison vers 14 h 30.
My parents won't let me have a dog.,Mes parents ne veulent pas que j'aie un chien.
My passport will expire in October.,Mon passeport expirera en octobre.
My plan is still better than yours.,Mon plan est toujours meilleur que le tien.
My promotion hangs on his decision.,Mon avancement dépend de sa décision.
My room is twice as large as yours.,Ma chambre est deux fois plus grande que la tienne.
My school grades have been average.,Mes notes scolaires ont été moyennes.
My sister and I went to the castle.,Ma sœur et moi sommes allés au château.
My sister and I went to the castle.,Ma sœur et moi sommes allées au château.
My sister became a college student.,Ma sœur est devenue lycéenne.
My sister became a college student.,Ma sœur est devenue étudiante.
My sister became a college student.,Ma sœur devint étudiante.
My sister got married in her teens.,Ma sœur s'est mariée alors qu'elle était adolescente.
My sister is a very beautiful girl.,Ma sœur est une très jolie fille.
My sister is afraid of all doctors.,Ma sœur a peur de tous les docteurs.
My sister is older than my brother.,Ma sœur est plus âgée que mon frère.
My sister is very fond of children.,Ma sœur adore les enfants.
My sister likes melons and so do I.,"Ma sœur aime les melons, et moi aussi."
My sister made me a beautiful doll.,Ma sœur m'a fait une belle poupée.
My sister resembles my grandmother.,Ma sœur ressemble à ma grand-mère.
My sister saw it with her own eyes.,Ma sœur l'a vu de ses propres yeux.
My sister showed a new watch to me.,Ma sœur m'a montré une nouvelle montre.
My success was largely due to luck.,Ma réussite est en grande partie due à la chance.
My uncle has a farm in the village.,Mon oncle a une ferme dans le village.
My wallet and passport are missing.,Il manque mon portefeuille et mon passeport.
My watch loses three minutes a day.,Ma montre retarde de trois minutes par jour.
Nearly all Japanese have dark hair.,Pratiquement tous les Japonais ont les cheveux foncés.
Neither Tom nor Mary wears glasses.,"Ni Tom, ni Mary ne portent de lunettes."
Neither of us wants to get married.,Aucun d'entre nous ne veut se marier.
Neither of us wants to get married.,Aucune d'entre nous ne veut se marier.
Never bite the hand that feeds you.,Il ne faut jamais mordre la main qui vous nourrit.
Never hit a man who can fight back.,Ne frappez jamais un homme qui peut répliquer.
Nice weather added to our pleasure.,Le beau temps ajouta à notre plaisir.
No further discussion is necessary.,Plus besoin de discuter davantage.
No one here seems to want our help.,Personne ici ne semble vouloir notre aide.
No one told me that she had failed.,Personne ne m'a dit qu'elle avait échoué.
No one wants to play chess with me.,Personne ne veut jouer aux échecs avec moi.
No one was punished for the fiasco.,Personne n'a été puni pour le fiasco.
No one was punished for the fiasco.,Personne ne fut puni pour le fiasco.
Nobody but a fool would believe it.,Seul un fou croirait ça.
Nobody can stop us from doing that.,Personne ne peut nous empêcher de faire ça.
Nobody can stop us from doing that.,Personne ne peut nous en empêcher.
Nobody has the right to control us.,Personne n'a le droit de nous contrôler.
Nobody wants to play chess with me.,Personne ne veut jouer aux échecs avec moi.
Nobody was listening to the speech.,Personne n'écoutait le discours.
Nobody was paying attention to her.,Personne ne lui prêtait attention.
None of Tom's classmates liked him.,Aucun des camarades de classe de Tom ne l'aimait.
None of these things look tempting.,Rien de ces choses n'est tentante.
None of this makes any sense to me.,Rien de tout ça n'a aucun sens pour moi.
None of you should leave this room.,Aucun d'entre vous ne devrait quitter cette pièce.
"Normally, I'm not afraid of planes.","Normalement, je n'ai pas peur en avion."
"Normally, I'm not afraid of planes.","En temps normal, je n'ai pas peur des avions."
"Normally, we eat three times a day.","Normalement, nous avons trois repas par jour."
Not every student has a dictionary.,Tous les élèves n'ont pas de dictionnaires.
Not everyone has problems with Tom.,Tout le monde n'a pas de problème avec Tom.
Nothing can force me to give it up.,Rien ne pourra m'obliger à abandonner.
"Nothing could be done, except wait.","Il n'y a rien à faire, à part attendre."
Nothing is achieved without effort.,Rien n'est accompli sans effort.
Nothing seemed out of the ordinary.,Rien ne semblait sortir de l'ordinaire.
Nothing seems to grow in this soil.,Rien ne semble pousser sur ce sol.
Nothing will take me away from you.,Rien ne m'enlèvera à toi.
Nothing will take me away from you.,Rien ne m'enlèvera à vous.
Nowadays many people travel by car.,De nos jours beaucoup de personnes voyagent en voiture.
Nowadays nobody believes in ghosts.,Personne ne croit aux fantômes de nos jours.
Nowadays nobody believes in ghosts.,"De nos jours, personne ne croit aux fantômes."
"Of course, I knew it was dangerous.","Bien sûr, je savais que c'était dangereux."
Old people need someone to talk to.,Les personnes âgées ont besoin de quelqu'un à qui parler.
One after another the animals died.,Les animaux moururent l'un après l'autre.
One does not ask about such things.,On ne pose pas de questions sur de telles choses.
One must always keep one's promise.,On doit toujours tenir ses promesses.
One of my friends bought a red car.,Un de mes amis a acheté une voiture rouge.
One of my friends bought a red car.,Une de mes amies a acheté une voiture rouge.
One of my pleasures is watching TV.,Un de mes plaisirs est de regarder la télévision.
One stayed and the other went away.,L'un resta et l'autre s'en alla.
Only 514 people have been in space.,Il n'y a que cinq-cent-quatorze personnes qui soient allées dans l'espace.
Oregon is just south of Washington.,L'Oregon est juste au sud de Washington.
Our budget won't allow that luxury.,Notre budget ne permettra pas ce luxe.
Our country's climate is temperate.,Le climat de notre pays est tempéré.
Our dog buries bones in the garden.,Notre chien enterre des os dans le jardin.
Our feelings towards him are mixed.,Nos sentiments à son égard sont mitigés.
Our financial problems are serious.,Nos problèmes financiers sont graves.
Our success was due to his efforts.,Notre réussite fut grâce à ses efforts.
Our team is likely to win the game.,Il est probable que notre équipe va gagner le match.
Pay attention to what you're doing.,Prête attention à ce que tu fais !
Pay attention to what you're doing.,Prêtez attention à ce que vous faites !
People don't always tell the truth.,Les gens ne disent pas toujours la vérité.
People like him because he is kind.,Les gens l'aiment parce qu'il est bon.
People used to think that was true.,Les gens pensaient que c'était vrai.
Perhaps I could come back tomorrow.,Je pourrais peut-être revenir demain.
Perhaps I shouldn't have done that.,Peut-être que je n'aurais pas dû faire ça.
Perhaps I shouldn't have done that.,Peut-être que je n'aurais pas dû faire cela.
Perhaps the train has been delayed.,Peut-être le train a-t-il été retardé.
Personal computers are very useful.,Les ordinateurs personnels sont très utiles.
Personal computers are very useful.,Les ordinateurs individuels sont très utiles.
Personal hygiene is very important.,L'hygiène personnelle est très importante.
Physics doesn't interest me at all.,La physique ne m'intéresse pas du tout.
Plants take in water from the soil.,Les plantes tirent l'eau du sol.
Playing cards is a popular pastime.,Jouer aux cartes est un passe-temps populaire.
Playing in the street is dangerous.,Jouer dans la rue est dangereux.
Please bring us two cups of coffee.,"Apportez-nous deux tasses de café, s'il vous plaît."
Please come the day after tomorrow.,Venez après-demain.
Please deposit the money in a bank.,Déposez l'argent dans une banque s'il vous plait.
Please don't do that by yourselves.,"Ne le faites pas vous-mêmes, s'il vous plaît."
Please don't let this happen again.,Je te prie de ne pas laisser ceci se reproduire.
Please don't let this happen again.,Je vous prie de ne pas laisser ceci se reproduire.
Please eat it while it's still hot.,Mange-le s'il te plaît tant que c'est encore chaud.
Please enjoy yourself at the dance.,Profitez de la soirée au bal.
Please give me a dozen cream puffs.,"Mettez-moi une douzaine de choux à la crème, s'il vous plait."
Please help yourself to some fruit.,"Je vous en prie, servez-vous de fruits."
Please introduce me to your friend.,"S'il te plait, présente-moi à ton ami."
Please move the TV set to the left.,"S'il te plait, déplace le poste de télévision vers la gauche."
Please move to the rear of the bus.,"S'il vous plaît, avancez vers l'arrière du bus."
Please pass me the salt and pepper.,"Passe-moi le sel et le poivre, s'il te plaît."
Please pass me the salt and pepper.,"Passez-moi le sel et le poivre, s'il vous plaît."
Please remember to mail the letter.,Rappelez-vous de poster la lettre.
Please say the alphabet in reverse.,"Dis l'alphabet à l'envers, je te prie !"
Please shuffle the cards carefully.,Veuillez mélanger les cartes avec soin.
Please speak as clearly as you can.,Veuillez parler aussi clairement que vous le pouvez.
Please take a look at that picture.,"Regardez cette photo, s'il vous plaît."
Please take a look at this picture.,Regardez cette image s'il vous plaît.
Please tell me the story once more.,"Raconte-moi l'histoire encore une fois, s'il te plaît."
Please turn left at the next light.,Tournez au prochain feu à gauche s'il vous plaît !
Please turn on the air conditioner.,"Allume la climatisation, je te prie."
Please turn up the air conditioner.,Augmente la climatisation s'il te plait.
Please warm yourselves by the fire.,Veuillez vous réchauffer auprès du feu.
Please write down everything I say.,Veuillez noter tout ce que je dis !
Please write down everything I say.,Veuillez écrire tout ce que je dis.
Please write to me once in a while.,Veuillez m'écrire de temps en temps.
Please write to me once in a while.,"Écris-moi, s'il te plait, de temps en temps."
Prices depend on supply and demand.,Les prix dépendent de l'offre et de la demande.
Prices have reached a 13-year high.,Les prix ont atteint un pic de treize ans.
Promise me you won't do that again.,Promets-moi que tu ne feras plus ça !
Promise me you won't do that again.,Promettez-moi que vous ne ferez plus ça !
"Put me through to the boss, please.","Passez-moi le patron, s'il vous plait."
Put the chair in front of the desk.,Place la chaise devant le bureau.
Put the thermometer under your arm.,Mets le thermomètre sous ton bras.
Put the thermometer under your arm.,Mettez le thermomètre sous votre bras.
Put this book on top of the others.,Mets ce livre au-dessus des autres.
Safety is the most important thing.,La sécurité est la chose la plus importante.
Salmon can jump up to 12 feet high.,Les saumons parviennent à sauter jusqu'à quatre mètres de haut.
Save it on the external hard drive.,Sauvegarde-le sur le disque dur externe.
Save it on the external hard drive.,Sauvegarde-la sur le disque dur externe.
Save it on the external hard drive.,Enregistre-le sur le disque dur externe.
Save it on the external hard drive.,Enregistre-la sur le disque dur externe.
Security was increased in the city.,La sécurité a été renforcée dans la ville.
Security was increased in the city.,C'est la sécurité qui a été renforcée dans la ville.
Several people are already waiting.,Plusieurs personnes attendent déjà.
Several people are already waiting.,Plusieurs personnes sont déjà en train d'attendre.
Share your lunch with your brother.,Partage ton déjeuner avec ton frère.
She accompanied me to the hospital.,Elle m'a accompagné à l'hôpital.
She accused me of making a mistake.,Elle m'accusa de commettre une faute.
She accused me of making a mistake.,Elle m'a accusé de commettre une faute.
She acquired a knowledge of French.,Elle a acquis des connaissances en français.
She advised him to be more careful.,Elle lui conseilla d'être plus prudent.
She advised him to be more careful.,Elle lui a conseillé d'être plus prudent.
She advised him to drink more milk.,Elle lui conseilla de boire davantage de lait.
She advised him to drink more milk.,Elle lui a conseillé de boire davantage de lait.
She advised him to give up smoking.,Elle lui conseilla d'arrêter de fumer.
She advised him to give up smoking.,Elle lui a conseillé d'arrêter de fumer.
She advised him to read more books.,Elle lui conseilla de lire davantage d'ouvrages.
She advised him to read more books.,Elle lui a conseillé de lire davantage d'ouvrages.
She advised him to see the dentist.,Elle lui conseilla de voir le dentiste.
She advised him to see the dentist.,Elle lui a conseillé de voir le dentiste.
She applied a bandage to the wound.,Elle pansa la plaie.
She assumed an air of indifference.,Elle prit un air indifférent.
She assumed an air of indifference.,Elle a pris un air indifférent.
She avoided answering my questions.,Elle a évité de répondre à mes questions.
She avoided answering my questions.,Elle a esquivé mes questions.
She avoided answering my questions.,Elle esquiva mes questions.
She avoided answering my questions.,Elle évita de répondre à mes questions.
She baked her husband an apple pie.,Elle a fait cuire une tarte aux pommes pour son mari.
She blamed her failure on bad luck.,Elle mit son échec sur le compte de la malchance.
She blamed her failure on bad luck.,Elle a mis son échec sur le compte de la malchance.
She cannot have broken her promise.,Elle ne peut pas avoir rompu sa promesse.
She choked him with her bare hands.,Elle l'étrangla de ses propres mains.
She choked him with her bare hands.,Elle l'a étranglé de ses propres mains.
She complained about my low salary.,Elle se plaignit de mon salaire modeste.
She complained about my low salary.,Elle s'est plainte de mon bas salaire.
She congratulated me on my success.,Elle m'a félicité pour mon succès.
She considered his offer carefully.,Elle considéra sa proposition avec soin.
She couldn't suppress her emotions.,Elle n'a pas pu réprimer ses émotions.
She couldn't take her eyes off him.,Elle ne pouvait détacher ses yeux de lui.
She cried when she heard the story.,Elle a pleuré lorsqu'elle a entendu l'histoire.
"She did come, but didn't stay long.",Elle est venue mais elle n'est pas restée longtemps.
She didn't intend to let him drive.,Elle n'avait pas l'intention de le laisser conduire.
She didn't know what to say to him.,Elle ne savait pas quoi lui dire.
She didn't know what to say to him.,Elle n'a pas su quoi lui dire.
She didn't know what to say to him.,Elle ne sut pas quoi lui dire.
She didn't like living in the city.,Elle n'aimait pas vivre en ville.
She didn't like living in the city.,Elle n'appréciait pas de vivre en ville.
She didn't like the horse at first.,Elle n'aimait pas le cheval au début.
She didn't want him to go overseas.,Elle ne voulait pas qu'il aille à l'étranger.
She didn't want him to go overseas.,Elle ne voulait pas qu'il se rende outre-mer.
She doesn't listen to music at all.,Elle n'écoute pas du tout de musique.
She doesn't speak Japanese at home.,Elle ne parle pas japonais à la maison.
She extended her stay by five days.,Elle a prolongé son séjour de cinq jours.
She eyed the stranger suspiciously.,Elle a observé l'étranger avec méfiance.
She feeds her dog a meat-free diet.,Elle fait suivre à son chien un régime sans viande.
She feeds her dog a meat-free diet.,Elle fait suivre à son chien un régime non carné.
She folded her handkerchief neatly.,Elle plia soigneusement son mouchoir.
She folded her handkerchief neatly.,Elle a soigneusement plié son mouchoir.
She found a need and she filled it.,Elle trouva un besoin et le remplit.
She gave birth to twins a week ago.,Elle a donné naissance à des jumeaux il y a une semaine.
She gave him money as well as food.,Elle lui donna de l'argent aussi bien que de la nourriture.
She gave it her personal attention.,Elle y a prêté son attention personnelle.
She gave me a piece of good advice.,Elle m'a donné un bon conseil.
She gave me a smile of recognition.,Elle m'adressa un sourire indiquant qu'elle me reconnaissait.
She glanced shyly at the young man.,Elle a timidement jeté un regard au jeune homme.
She goes to the movies once a week.,Elle va au cinéma une fois par semaine.
She got into the car and drove off.,Elle s'introduisit dans la voiture et partit.
She got into the car and drove off.,Elle s'est introduite dans la voiture et a filé.
She got to the hotel late at night.,Elle arriva à l'hôtel tard dans la nuit.
She got to the hotel late at night.,Elle arriva tard dans la nuit à l'hôtel.
She got up at seven in the morning.,Elle s'est levée à sept heures du matin.
She had the box carried downstairs.,Elle fit porter la caisse en bas.
She had to take care of her sister.,Elle eut à prendre soin de sa sœur.
She had to take care of her sister.,Elle a eu à prendre de soin de sa sœur.
She has a large bedroom to herself.,Elle a une grande chambre pour elle toute seule.
She has a natural talent for music.,Elle a un talent naturel pour la musique.
She has a piano lesson once a week.,Elle a une leçon de piano une fois par semaine.
"She has gone, but I still love her.","Elle est partie, mais je l'aime encore."
"She has her faults, but I like her.","Elle a des défauts, mais je l'aime."
"She has her faults, but I like her.","Elle a des défauts, mais je l'aime bien."
"She has her faults, but I like her.","Elle a des défauts, mais je l'apprécie."
She has never had a bad experience.,Elle n'a jamais eu de mauvaise expérience.
She has never sung a song with him.,Elle n'a jamais chanté de chanson avec lui.
She has nothing in common with him.,Elle n'a rien de commun avec lui.
She has remained abroad ever since.,Elle est restée à l'étranger depuis lors.
She has the large house to herself.,Elle dispose de la grande maison pour elle toute seule.
She heard someone calling for help.,Elle entendit quelqu'un appeler à l'aide.
She is able to speak ten languages.,Elle sait parler dix langues.
She is afraid of falling ill again.,Elle a peur de retomber malade.
She is always trying to please him.,Elle essaie toujours de lui faire plaisir.
She is among those unaccounted for.,Elle compte parmi ceux dont on est sans nouvelles.
She is beginning to play the piano.,Elle commence à jouer du piano.
She is busy preparing for the trip.,Elle est occupée à préparer le voyage.
She is connected with that company.,Elle est en relation avec cette société.
She is going to learn how to drive.,Elle va apprendre à conduire.
She is handicapped by poor hearing.,Elle souffre d'une mauvaise audition.
She is learning how to drive a car.,Elle apprend à conduire une voiture.
She is too young to know the truth.,Elle est trop jeune pour connaître la vérité.
She is very popular among the boys.,Elle a beaucoup de succès auprès des garçons.
She is very thoughtful and patient.,Elle est vraiment attentive et patiente.
She is wearing a white dress today.,Elle porte une robe blanche aujourd'hui.
She knows everything about cooking.,Elle sait tout sur ​​la cuisine.
She knows everything about cooking.,Elle sait tout de la cuisine.
She knows everything about cooking.,Elle sait tout en matière de cuisine.
She laid the magazine on the table.,Elle posa le magazine sur la table.
She left her umbrella in the train.,Elle a laissé son parapluie dans le train.
She likes to go walking by herself.,Elle aime se promener seule.
She lives in this house by herself.,Elle vit seule dans cette maison.
She lost her son in a car accident.,Elle a perdu son fils dans un accident de voiture.
She lost what little money she had.,Elle a perdu le peu d'argent qu'elle avait.
She loves the color of her T-shirt.,Elle aime la couleur de son t-shirt.
She makes herself up every morning.,Elle se maquille tous les matins.
She managed to keep up appearances.,Elle se débrouilla pour préserver les apparences.
She may not be aware of the danger.,Elle n'est peut-être pas consciente du danger.
She mixed him up with someone else.,Elle l'a pris pour quelqu'un d'autre.
She mixed him up with someone else.,Elle le prit pour quelqu'un d'autre.
She parked her car in a vacant lot.,Elle gara sa voiture sur une place libre.
She parked her car in a vacant lot.,Elle a garé sa voiture sur une place libre.
She put down her thoughts on paper.,Elle mit sur papier ses idées.
She put her head out of the window.,Elle passa la tête par la fenêtre.
She put me in a delicate situation.,Elle me met dans une situation délicate.
She put me in a delicate situation.,Elle me place dans une situation délicate.
She quit school for health reasons.,Elle quitta l'école pour des raisons de santé.
She ran as fast as she was able to.,Elle courut aussi vite qu'elle put.
She ran as fast as she was able to.,Elle a couru aussi vite qu'elle a pu.
She reminded him to go to the bank.,Elle lui rappela de se rendre à la banque.
She reminded him to go to the bank.,Elle lui a rappelé de se rendre à la banque.
She seems to be living by the lake.,On dirait qu'elle habite près du lac.
She seems to understand what I say.,Elle a l'air de comprendre ce que je dis.
She spends a lot of money on books.,Elle dépense beaucoup d'argent en livres.
She spends a lot of money on shoes.,Elle dépense beaucoup d'argent pour des chaussures.
She stayed there for a short while.,Elle était restée là pendant un moment.
She studied English in the morning.,Elle étudiait l'anglais le matin.
She taught him everything she knew.,Elle lui a enseigné tout ce qu'elle savait.
She taught him everything she knew.,Elle lui enseigna tout ce qu'elle savait.
She testified that she saw the man.,Elle témoigna qu'elle avait vu l'homme.
She testified that she saw the man.,Elle a témoigné qu'elle a vu l'homme.
She tied up the parcel with string.,Elle lia le paquet avec une ficelle.
She told him to rewrite his resume.,Elle lui dit de réécrire son curriculum vitae.
She told him to rewrite his resume.,Elle lui a dit de réécrire son curriculum vitae.
She took advantage of my ignorance.,Elle tira avantage de mon ignorance.
She took an examination in English.,Elle a passé un examen d'anglais.
She wants a fourth generation iPad.,Elle veut un iPad de quatrième génération.
"She was a child, but she was brave.","C'était une enfant, mais elle était courageuse."
She was at a loss as to what to do.,Elle n'avait aucune idée quoi faire.
She was burning to tell the secret.,Elle brûlait de dire le secret.
She was fortunate to pass the exam.,Elle a eu la chance de réussir l'examen.
She was lying face down on the bed.,Elle était couchée à plat ventre sur le lit.
She was lying face down on the bed.,Elle était étendue à plat ventre sur le lit.
She was pleased to see the results.,Elle fut contente de voir les résultats.
She was pleased with the new dress.,Elle fut contente de la nouvelle robe.
She was quite eager in her studies.,Elle était assez motivée dans ses études.
She was reading a gardening manual.,Elle était en train de lire un manuel de jardinage.
She was similar to me in many ways.,Elle me ressemblait sur beaucoup de points.
She was too tired to go on working.,Elle était trop fatiguée pour continuer à travailler.
She was unconscious for three days.,Elle fut inconsciente durant trois jours.
She was unconscious for three days.,Elle a été inconsciente durant trois jours.
She was unconscious of her mistake.,Elle n'était pas consciente de son erreur.
She was very surprised at the news.,Elle fut très surprise par la nouvelle.
She was very surprised at the news.,Elle a été très surprise par la nouvelle.
She went out without saying a word.,Elle sortit sans dire un mot.
She went shopping at a supermarket.,Elle est allée faire les courses au supermarché.
She went to the art museum by taxi.,Elle est allée au musée d'art en taxi.
She went to the hospital yesterday.,Elle s'est rendue hier à l'hôpital.
She will accompany me on the piano.,Elle m'accompagnera au piano.
She will come even if she is tired.,Elle viendra même si elle est fatiguée.
She will have to cook for everyone.,Elle devra cuisiner pour tout le monde.
She won the one hundred meter race.,Elle a gagné le 100 mètres.
She worked from morning till night.,Elle travaillait du matin au soir.
She'd like him to leave right away.,Elle aimerait qu'il parte immédiatement.
She'd like him to leave right away.,Elle aimerait qu'il parte sur-le-champ.
She'd like him to leave right away.,Elle aimerait qu'il parte séance tenante.
She's a lot smarter than she looks.,Elle est bien plus intelligente qu'elle ne paraît.
She's a smart and independent girl.,C'est une fille intelligente et indépendante.
She's about the same height as you.,Elle est à peu près de la même taille que toi.
She's about the same height as you.,Elle est approximativement de la même taille que toi.
She's as good a cook as her mother.,Elle cuisine aussi bien que sa mère.
She's five years younger than I am.,Elle a cinq ans de moins que moi.
She's giving each child two apples.,"Elle donne, à chaque enfant, deux pommes."
She's got a good eye for paintings.,Elle a l'œil pour la peinture.
She's in the garden planting roses.,Elle plante des roses dans le jardin.
She's not prettier than her mother.,Elle n’est pas plus belle que sa mère.
Shepherd tried to run and was shot.,Shepherd a essayé de s'enfuir et a été abattu.
Should I take that as a compliment?,Devrais-je prendre cela comme un compliment ?
Should I wait for her to come back?,Devrais-je attendre qu'elle revienne ?
Shouldn't that count for something?,Est-ce que cela ne devrait pas compter pour quelque chose ?
Shouldn't you be at school already?,Ne devrais-tu pas déjà être à l'école?
Shucks! It was too good to be true.,Zut ! C'était trop beau pour être vrai.
Shucks! It was too good to be true.,Mince ! C'était trop beau pour être vrai.
"Since he was tired, he went to bed.",Étant fatigué il est allé au lit.
"Since it's very cold, we can skate.","Comme il fait très froid, nous pouvons faire du patin."
"Since you're here, you can help me.","Puisque tu es ici, tu peux m'aider."
"Sit back, relax and enjoy the ride.","Appuie-toi sur ton dossier, détends-toi et prends plaisir à la ballade !"
Sitting all day isn't good for you.,Rester assis toute la journée n'est pas bon pour toi.
Sitting all day isn't good for you.,Être assis toute la journée n'est pas bon pour toi.
Sitting all day isn't good for you.,Être assis toute la journée n'est pas bon pour vous.
Sitting all day isn't good for you.,Être assise toute la journée n'est pas bon pour toi.
Sitting all day isn't good for you.,Être assise toute la journée n'est pas bon pour vous.
Sitting all day isn't good for you.,Être assises toute la journée n'est pas bon pour vous.
Six o'clock will suit me very well.,Six heures me conviendrait très bien.
Sleep is necessary for good health.,Le sommeil est nécessaire à une bonne santé.
Smoking is prohibited on the train.,Fumer est interdit dans le train.
Some newspapers distorted the news.,Certains journaux déformèrent la vérité.
Some newspapers distorted the news.,Certains journaux ont déformé la vérité.
Some people questioned his honesty.,Certaines personnes mettaient en cause son honnêteté.
Some people questioned his honesty.,Quelques personnes mettent en doute son honnêteté.
Some people seem to agree with you.,Certaines personnes semblent être d'accord avec vous.
Some people seem to agree with you.,Certaines personnes semblent être d'accord avec toi.
Some things are better left unsaid.,Certaines choses se trouvent mieux de ne pas être dites.
Somebody must care for the patient.,Quelqu'un doit s'occuper du patient.
Somebody must care for the patient.,Quelqu'un doit s'occuper du malade.
Somebody must care for the patient.,Quelqu'un doit s'occuper de la malade.
Somehow or other I found his house.,C'était assez facile pour trouver sa maison.
Somehow or other I found his house.,D'une façon ou d'une autre j'ai trouvé sa maison.
Someone has brought us some grapes.,Quelqu'un nous a apporté des raisins.
Someone is obviously telling a lie.,Quelqu'un est clairement en train de mentir.
Someone just turned off the lights.,Quelqu'un vient d'éteindre la lumière.
Someone said Tom is looking for us.,Quelqu'un a dit que Tom nous cherche.
Something is grating on her nerves.,Quelque chose lui tape sur les nerfs.
Something is making the door stick.,Quelque chose fait adhérer la porte.
Something is wrong with the engine.,Il y a quelque chose qui ne va pas dans le moteur.
Something may have happened to him.,Peut-être lui est-il arrivé quelque chose.
Something very strange is going on.,Il se passe quelque chose de très étrange.
Something was wrong with the watch.,Quelque chose n'allait pas avec la montre.
Something went wrong with my watch.,Quelque chose est allé de travers avec ma montre.
"Something's on your mind, isn't it?","Quelque chose te tracasse, n'est-ce pas ?"
"Something's on your mind, isn't it?","Quelque chose vous préoccupe, n'est-ce pas ?"
Soon your efforts will be rewarded.,Bientôt vos efforts seront récompensés.
Sorry for calling you at this hour.,Excusez-moi de vous déranger à cette heure.
Sports help to develop our muscles.,Le sport aide nos muscles à se développer.
Stockholm is the capital of Sweden.,Stockholm est la capitale de la Suède.
Stop complaining about the weather.,Arrête de te plaindre du temps !
Stop complaining about the weather.,Arrêtez de vous plaindre du temps !
Strange events occurred that night.,Des évènements étranges se sont produits cette nuit-là.
Students should try not to be late.,Les étudiants devraient essayer de ne pas être en retard.
Summer is slow in coming this year.,L'été est long à venir cette année.
Summer is slow in coming this year.,L'été tarde à venir cette année.
Summer is slow in coming this year.,L'été se fait attendre cette année.
Summer is slow in coming this year.,L'été met du temps à venir cette année.
Switzerland is a beautiful country.,La Suisse est un beau pays.
"Take good care of my daughter, Tom.","Prends bien soin de ma fille, Tom."
Take the first street to the right.,Prends la première rue sur le côté droit.
Take the oranges out of the fridge.,Sortez les oranges du réfrigérateur.
Take this medicine after each meal.,Prends ce médicament après chaque repas.
Take this medicine after each meal.,Prenez ce médicament après chaque repas.
Take this medicine every six hours.,Prenez ce médicament toutes les six heures.
Talking to Tom isn't going to help.,Parler à Tom ne va pas aider.
Teaching English is his profession.,Enseigner l'anglais est sa profession.
Teaching young children isn't easy.,Enseigner à de jeunes enfants n'est pas facile.
Tears were running down her cheeks.,Des larmes coulaient sur ses joues.
Teenagers love playing video games.,Les adolescents adorent jouer aux jeux vidéo.
Tell Tom I still have his umbrella.,Dis à Tom que j'ai toujours son parapluie.
Tell me how you solved the problem.,Dis-moi comment tu as résolu le problème.
Tell me how you solved the problem.,Dis-moi comment tu as résolu ce problème.
Tell me what you have in your hand.,Dites-moi ce que vous avez dans la main.
Tell me you didn't see that coming.,Dis-moi que tu ne l'as pas vu venir.
Termites are destroying the houses.,Les termites détruisent les maisons.
Thank you for asking me to do this.,Je vous remercie de m'avoir demandé de faire ça.
Thank you for telling me the truth.,Merci de m'avoir dit la vérité.
Thank you for the pleasant evening.,Merci pour cette agréable soirée.
Thank you for the wonderful dinner.,Merci pour le merveilleux dîner.
Thank you in advance for your help.,Je vous remercie d'avance pour votre aide.
Thank you in advance for your help.,Je te remercie d'avance pour ton aide.
Thank you very much for everything.,Merci beaucoup pour tout.
That attack killed thirteen people.,Cette attaque a fait treize morts.
That attack killed thirteen people.,Cette attaque a tué treize personnes.
That can have serious consequences.,Cela peut avoir de sérieuses conséquences.
That can have serious consequences.,Ça peut avoir de graves conséquences.
That cost me a lot in the long run.,Cela m'a beaucoup coûté sur le long terme.
That decision hasn't yet been made.,Cette décision n'a pas encore été prise.
That distinction was well-deserved.,Cette distinction a été fort méritée.
That doesn't give us a lot of time.,Cela ne nous donne pas beaucoup de temps.
That doesn't really make any sense.,Cela n'a pas vraiment de sens.
That doesn't scare me in the least.,Cela ne m'effraie pas le moins du monde.
That doesn't sound very convincing.,Ça ne semble pas très convainquant.
"That flower is beautiful, isn't it?","Cette fleur est belle, n'est-ce pas ?"
"That happens every day, doesn't it?","Ça arrive tous les jours, non ?"
That is the house where I was born.,Ceci est la maison où je suis né.
That is the worst thing you can do!,C'est la pire chose que tu puisses faire !
That is the worst thing you can do!,C'est la pire chose que vous puissiez faire !
That is why he was late for school.,Voilà pourquoi il était en retard à l'école.
That jacket is way too big for you.,Cette veste est beaucoup trop large pour toi.
That jacket is way too big for you.,Cette veste est beaucoup trop large pour vous.
That kind of thing isn't important.,Ce genre de choses n'est pas important.
That mountain is covered with snow.,Cette montagne est couverte de neige.
That movie was a bit disappointing.,Ce film était un peu décevant.
That movie wasn't that interesting.,Ce film n'était pas spécialement intéressant.
That movie wasn't very interesting.,Ce film n'était pas très intéressant.
That nurse is very kind and polite.,Cette infirmière est très gentille et polie.
That rich family has many servants.,Cette famille riche a beaucoup de domestiques.
That river is dangerous to swim in.,Il est dangereux de se baigner dans ce fleuve.
That rock band gives me a headache.,Ce groupe de rock me file mal au crâne.
"That student runs fast, doesn't he?",Cet étudiant court vite n'est-ce pas ?
That toy is selling like hot cakes.,Ce jouet se vend comme des petits pains.
That ugly man has a beautiful wife.,Cet homme laid a une femme belle.
"That was a big surprise, wasn't it?","C'était une grande surprise, n'est-ce pas ?"
That was exactly what she intended.,C'était exactement son intention.
That was the only thing I could do.,C'était la seule chose que je puisse faire.
That would be nice if it were true.,Ça serait bien si c'était vrai.
That would certainly make me happy.,Cela me ferait certainement plaisir.
"That would make sense, wouldn't it?","Cela aurait du sens, n'est-ce pas ?"
That's a student my father teaches.,C'est un élève auquel mon père enseigne.
That's a very interesting question.,C'est une question très intéressante.
That's all I can say at the moment.,C'est tout ce que je peux dire pour le moment.
That's an old-fashioned expression.,C'est une expression désuète.
That's completely beside the point.,C'est complètement à côté de la plaque.
That's completely beside the point.,C'est parfaitement hors de propos.
That's enough for today. I'm tired.,"C'en est assez pour aujourd'hui, je suis fatigué."
That's exactly what I want to hear.,C'est exactement ce que je veux entendre.
That's exactly what I want to know.,C'est précisément ce que je veux savoir.
That's exactly what I wanted to do.,C'est exactement ce que je voulais faire.
That's exactly what I was thinking.,C'est exactement ce que je pensais.
That's how he discovered the comet.,C'est ainsi qu'il découvrit la comète.
That's how he discovered the comet.,C'est comme ça qu'il découvrit la comète.
That's how he invented the machine.,Voilà comment il inventa la machine.
That's how he invented the machine.,C'est ainsi qu'il inventa la machine.
That's how he invented the machine.,C'est comme ça qu'il a inventé la machine.
That's never happened to me before.,Cela ne m'est jamais arrivé avant.
That's never happened to us before.,Cela ne nous est jamais arrivé avant.
That's not exactly how it happened.,Ce n'est pas exactement la manière dont ça s'est passé.
That's not exactly how it happened.,Ce n'est pas exactement la manière dont ça s'est produit.
That's not how I want things to be.,Ce n'est pas la manière dont je veux que les choses soient.
That's not how I want things to be.,Ce n'est pas comme ça que je veux que les choses soient.
That's not something to joke about.,Ce n'est pas quelque chose dont on peut plaisanter.
That's one question I can't answer.,C'est une question à laquelle je ne peux pas répondre.
That's only the tip of the iceberg.,Ce n'est que la partie visible de l'iceberg.
That's probably just a coincidence.,Ce n'est probablement qu'une coïncidence.
That's the book I bought yesterday.,C'est le livre que j'ai acheté hier.
That's the last thing I want to do.,C'est la dernière chose que je veuille faire.
That's the last thing I want to do.,C'est la dernière chose que je veux faire.
That's what I'm always telling Tom.,C'est ce que je dis toujours à Tom.
That's what I'm trying to tell you.,C'est ce que j'essaye de te dire.
That's what I'm trying to tell you.,C'est ce que j'essaye de vous dire.
That's why I'm not getting married.,C'est pourquoi je ne me marie pas.
That's why we moved back to Boston.,C'est pourquoi nous sommes retournés à Boston.
The Bible has it written like this.,C'est écrit ainsi dans la Bible.
The English lesson started at 8:30.,Le cours d'anglais commença à 8h30.
The Giants got clobbered yesterday.,Les Giants se sont pris une raclée hier.
"The Greeks, too, eat a lot of fish.",Les Grecs aussi mangent souvent du poisson.
The Japanese live on rice and fish.,Les Japonais vivent de riz et de poisson.
The Netherlands is a small country.,Les Pays-Bas sont un petit pays.
The North won the Battle of Shiloh.,C'est le Nord qui a vaincu lors de la Bataille de Shiloh.
The Queen's crown was made of gold.,La couronne de la Reine était d'or.
The Queen's crown was made of gold.,La couronne de la Reine était en or.
The Union soldiers fought fiercely.,Les soldats de l'Union combattirent énergiquement.
The accused was sentenced to death.,L'accusé a été condamné à mort.
The air was full of flying bullets.,Les balles volaient partout dans l'air.
The answer to both questions is no.,La réponse aux deux questions est non.
The army has advanced to the river.,L'armée a progressé jusqu'à la rivière.
The article was written in Russian.,L'article était écrit en russe.
The article was written in Russian.,L'article a été écrit en russe.
The baby fell asleep in the cradle.,Le bébé s'endormit dans le berceau.
The baby is sleeping in the cradle.,Le bébé dort dans le berceau.
The baby was playing with a rattle.,Le bébé jouait avec un hochet.
The banks aren't open on Saturdays.,Les banques ne sont pas ouvertes le samedi.
The bass line is highly syncopated.,La ligne de basse est grandement syncopée.
The best defense is a good offense.,La meilleure défense est une bonne attaque.
The big toe on my right foot hurts.,Le gros orteil de mon pied droit me fait mal.
The bill passed at the last moment.,Le projet de loi a été approuvé au dernier moment.
The book was better than the movie.,Le livre était meilleur que le film.
The boss just chewed him out again.,Le chef vient de le réprimander à nouveau.
The box was empty when I opened it.,La boîte était vide lorsque je l'ai ouverte.
The boy came running into the room.,Le garçon entra dans la pièce en courant.
The boy caught the cat by the tail.,L'enfant attrapa le chat par la queue.
The boy enjoyed painting a picture.,Le garçon prit plaisir à peindre un tableau.
The boy has an apple in his pocket.,Le garçon a une pomme dans sa poche.
The boy lay listening to the radio.,Le garçon était allongé en train d'écouter la radio.
The bridge connects the two cities.,Le pont joint les deux villes.
The bridge was built by the Romans.,Le pont a été construit par les Romains.
The building is under construction.,Le bâtiment est en construction.
The bus stops in front of my house.,Le bus s'arrête devant ma maison.
The camera will cost at least $500.,L'appareil-photo coûtera au moins 500 dollars.
The capital of Hungary is Budapest.,La capitale de la Hongrie est Budapest.
The cat dug its claws into my hand.,Le chat planta ses griffes dans ma main.
The cat dug its claws into my hand.,Le chat a planté ses griffes dans ma main.
The cause of the fire is not known.,La cause de l'incendie est inconnue.
The ceremony began with his speech.,La cérémonie débuta par son discours.
The child threw a stone at the dog.,L'enfant jeta une pierre au chien.
The child threw a stone at the dog.,L'enfant a jeté une pierre sur le chien.
The children broke the ancient urn.,Les enfants brisèrent l'urne antique.
The children got lost in the woods.,Les enfants perdirent leur chemin dans la forêt.
The children returned home at dusk.,Les enfants rentrèrent à la maison à la tombée de la nuit.
The children were standing in line.,Les enfants étaient debout en ligne.
The clean towels are in the drawer.,Les serviettes propres sont dans le tiroir.
The cold continued for three weeks.,Le froid continua pendant trois semaines.
The commander refused to negotiate.,Le commandant refusa de négocier.
The company abandoned that project.,La société abandonna ce projet.
The company abandoned that project.,La société a abandonné ce projet.
The company issued a press release.,L'entreprise a publié un communiqué de presse.
The concert is just about to start.,Le concert va juste commencer.
The conference ended two hours ago.,La conférence s'est achevée il y a deux heures.
The country was gearing up for war.,Le pays se préparait à la guerre.
The decision has already been made.,La décision a déjà été prise.
The decision has not yet been made.,La décision n'a pas encore été prise.
The diamond was set in a gold ring.,Le diamant était enchâssé dans une bague en or.
The diamond was set in a gold ring.,Le diamant était enchâssé dans une monture d'or.
The dictionary on the desk is mine.,Le dictionnaire qui est sur le bureau est à moi.
The disease spread in several ways.,La maladie se répandit de plusieurs manières.
The dog growled when we approached.,Le chien gronda à notre approche.
The door is locked at nine o'clock.,La porte est verrouillée à neuf heures.
The door opened and a man came out.,La porte s'ouvrit et un homme sortit.
The driver felt like taking a rest.,Le chauffeur a eu envie de prendre du repos.
The elevator is out of order today.,L'ascenseur est hors service aujourd'hui.
The enemy launched an attack on us.,L'ennemi a lancé une attaque contre nous.
The equations are very complicated.,Les équations sont très compliquées.
The exhibition was very impressive.,L'exposition était très impressionnante.
The exhibition was very impressive.,L'exposition fut très impressionnante.
The first attack missed the target.,La première attaque a manqué la cible.
The first few years were difficult.,Les quelques premières années furent difficiles.
The flood deposited a layer of mud.,La crue déposa une couche de boue.
The flowers brightened up the room.,Les fleurs ont éclairci la chambre.
The flowers brightened up the room.,Les fleurs égayaient la pièce.
The food tasted slightly of garlic.,Cette nourriture avait un petit goût d'ail.
The forest is teeming with monkeys.,Les singes pullulent dans cette forêt.
The furniture belongs to my mother.,Les meubles appartiennent à ma mère.
The garden was filled with flowers.,Le jardin était plein de fleurs.
The goods were transported by ship.,Les marchandises furent transportées par bateau.
The goods were transported by ship.,Les marchandises ont été transportées par bateau.
The hill was all covered with snow.,La colline était toute recouverte de neige.
The house Tom built is really nice.,La maison que Tom a construite est vraiment jolie.
The house has all the conveniences.,La maison est dotée de tous les équipements.
The house has been empty for years.,La maison est vide depuis des années.
The house was burned to the ground.,La maison a été réduite en cendres.
The house was burned to the ground.,La maison fut complètement brûlée.
The house was surrounded by fields.,La maison est entourée de champs.
The kids are making too much noise.,Les enfants font trop de bruit.
The king once lived in that palace.,Il fut un temps où le roi vivait dans ce palais.
The king went hunting this morning.,Le roi est allé chasser ce matin.
The lake is completely frozen over.,Le lac est complètement gelé.
The law doesn't apply to this case.,La loi ne s'applique pas à ce cas.
The law doesn't apply to this case.,La loi ne s'applique pas à cette affaire.
The library is on the second floor.,La bibliothèque est au premier étage.
The lion is the king of the beasts.,Le lion est le roi des animaux.
The lion is the king of the jungle.,Le lion est le roi de la jungle.
The market is completely saturated.,Le marché est complètement saturé.
The meat was crawling with maggots.,La viande grouillait de larves.
The medicine didn't do me any good.,Ce médicament ne m'a fait aucun bien.
The medicine didn't do me any good.,Ce médicament ne m'a été d'aucun secours.
The money has been put to good use.,L'argent a été employé à bon escient.
"The more we have, the more we want.","Plus nous avons, plus nous voulons."
The mountain has a beautiful shape.,La forme de cette montagne est belle.
The mountain was covered with snow.,La montagne était recouverte de neige.
The musician beat his drums loudly.,Le musicien jouait bruyamment sur sa batterie.
The news was unbelievably terrible.,La nouvelle était incroyablement horrible.
The next holiday falls on a Sunday.,Le prochain jour férié tombe un dimanche.
The number of students is dropping.,Le nombre d'étudiants diminue.
The nurse has given Tom a sedative.,L'infirmière a donné un sédatif à Tom.
The offer is too good to turn down.,L'offre est trop intéressante pour être rejetée.
The offer is too good to turn down.,L'offre est trop intéressante pour qu'on la rejette.
The papers didn't print this story.,Les journaux n'ont pas imprimé cette histoire.
The patient requires constant care.,Ce patient a besoin de soins constants.
The plane crash was only last week.,Le crash de l'avion ne s'est produit que la semaine dernière.
The plane gets in at eight o'clock.,L'avion arrive à huit heures.
The plane landed without a problem.,L'avion a atterri sans encombre.
The plane landed without a problem.,L'avion a atterri sans problème.
The play was based on a true story.,La pièce était tirée d'une histoire vraie.
The players scrambled for the ball.,Les joueurs luttaient pour la possession du ballon.
The police are here to talk to you.,La police est ici pour te parler.
The police are here to talk to you.,La police est ici pour vous parler.
The police aren't after us anymore.,La police ne nous pourchasse plus.
The police eventually arrested Tom.,La police arrêta finalement Tom.
The police will be here any minute.,La police sera là d'un instant à l'autre.
The policeman signaled him to stop.,Le policier lui intima de s'arrêter.
The pond is 100 meters in diameter.,L'étang fait 100 mètres de diamètre.
The postman was bitten by that dog.,Le facteur a été mordu par ce chien.
The price is three hundred dollars.,Le prix est de trois cents dollars.
The price of gold fluctuates daily.,Le prix de l'or fluctue quotidiennement.
The price of oil is down this week.,Le prix du pétrole est en baisse cette semaine.
The price of this car is very high.,Le prix de cette voiture est très élevé.
The prices go up after six o'clock.,Les prix augmentent après six heures.
The prices will remain as they are.,Les prix restent comme ils sont.
The prince succeeded to the throne.,Le prince accéda au trône.
The prisoner was given his freedom.,On rendit sa liberté au prisonnier.
The problem is being discussed now.,On est en train de parler du problème en ce moment.
The problem is you're not Canadian.,"Le problème, c'est que vous n'êtes pas canadiens."
The problem is you're not Canadian.,"Le problème, c'est que vous n'êtes pas canadiennes."
The problem is you're not Canadian.,"Le problème, c'est que tu n'es pas canadien."
The problem is you're not Canadian.,"Le problème, c'est que tu n'es pas canadienne."
The problem is you're not Canadian.,"Le problème, c'est que vous n'êtes pas canadien."
The problem is you're not Canadian.,"Le problème, c'est que vous n'êtes pas canadienne."
The problem was difficult to solve.,Le problème a été difficile à résoudre.
The problem was difficult to solve.,Le problème était difficile à résoudre.
The program starts at nine o'clock.,Le programme commence à neuf heures.
The rain shows no sign of stopping.,La pluie ne montre aucun signe de répit.
The report on the meeting is ready.,Le compte-rendu de la réunion est prêt.
The result is neither good nor bad.,Le résultat n'est ni bon ni mauvais.
The results were very satisfactory.,Les résultats étaient très satisfaisants.
The river flooded the whole region.,Le fleuve a inondé toute la région.
The robber was nabbed this morning.,Le voleur a été arrêté ce matin.
The robber was nabbed this morning.,Le voleur a été attrapé ce matin.
The rumor spread all over the town.,La rumeur s'est répandue partout dans la ville.
The saying is quite familiar to us.,L'adage nous est tout à fait familier.
The scenery was beyond description.,Le paysage défiait la description.
The school was established in 1650.,Cette école a été fondée en 1650.
The school was established in 1650.,Cette école fut fondée en 1650.
The situation gets worse and worse.,La situation ne fait qu'empirer.
The situation resulted in violence.,La situation se solda par la violence.
The sky is clear and full of stars.,Le ciel est clair et plein d'étoiles.
The sky was clear when I left home.,Le ciel était clair lorsque j'ai quitté mon domicile.
The sky was clear when I left home.,Le ciel était clair lorsque je quittai mon domicile.
The smell of raw fish nauseates me.,L'odeur du poisson cru m'écœure.
The smell of roses filled the room.,Le parfum de roses emplit la pièce.
The soldier was wounded in the leg.,Le soldat fut blessé à la jambe.
The sound came from that direction.,Le son venait de cette direction.
The store is open from nine to six.,Le magasin est ouvert de neuf heures à dix-huit heures.
The storm became even more violent.,La tempête devint encore plus violente.
The storm destroyed the whole town.,La tempête a détruit toute la ville.
The storm developed into a typhoon.,La tempête évolua en un typhon.
The storm developed into a typhoon.,La tempête a évolué en un typhon.
The street is clogged with traffic.,La rue est encombrée par la circulation.
The streets were covered with snow.,Les rues étaient couvertes de neige.
The summer vacation begins in July.,Les vacances d'été commencent en juillet.
The sushi at this shop tastes good.,Les sushis dans ce magasin sont bons.
The suspect is armed and dangerous.,Le suspect est armé et dangereux.
The suspect is armed and dangerous.,La suspecte est armée et dangereuse.
The tape recorder was on the table.,Le magnétophone était sur la table.
The teacher allowed him to go home.,L'instituteur l'autorisa à rentrer chez lui.
The teacher and I sat face to face.,L'instituteur et moi étions assis face à face.
The telephone was invented by Bell.,Le téléphone a été inventé par Bell.
The tickets sold out within a week.,Les tickets furent épuisés en une semaine.
The train departs here at 9:00 a.m.,Le train part d'ici à 9 h 00 du matin.
The train is 10 minutes late today.,Le train a 10 minutes de retard aujourd'hui.
The train is 10 minutes late today.,Le train est aujourd'hui dix minutes en retard.
The trip will take at least a week.,Le voyage prendra au moins une semaine.
The two men were business partners.,Les deux hommes étaient partenaires en affaires.
The two sides hold talks this week.,Les deux parties ont des pourparlers cette semaine.
The two sides hold talks this week.,Les deux parties ont des discussions cette semaine.
The view is beautiful beyond words.,La vue est d'une beauté indescriptible.
The waiters bumped into each other.,Les serveurs se sont téléscopés.
The wall was splattered with blood.,Le mur était taché de sang.
The walls were painted light brown.,Les murs étaient peints de couleur sable.
The walls were painted light brown.,Les murs étaient peints de couleur ocre.
The walls were painted light brown.,Les murs étaient peints de couleur bistre.
The whole thing doesn't make sense.,Rien de tout ça n'a de sens.
The wind is blowing from the north.,Le vent souffle du nord.
"The word ""theory"" is often misused.",Le vocable « théorie » est souvent employé de travers.
The work has been almost completed.,Le travail a été presque achevé.
The world is changing every minute.,Le monde change à chaque minute.
Their baby is able to walk already.,Leur bébé sait déjà marcher.
Their intimacy grew with the years.,Leur intimité s'accrut avec les années.
Their rude behavior makes me angry.,Leur comportement insultant m'a énervé.
There are a lot of fish in the sea.,Il y a beaucoup de poissons dans la mer.
There are a lot of parks in London.,Il y a beaucoup de parcs à Londres.
There are a lot of parks in London.,Il y a de nombreux parcs à Londres.
There are exceptions to every rule.,Toute règle a ses exceptions.
There are five fish in my aquarium.,Il y a cinq poissons dans mon aquarium.
There are going to be consequences.,Il va y avoir des conséquences.
There are lots of eggs in that box.,"Dans cette boîte, il y a beaucoup d'œufs."
There are many craters on the moon.,Il y a de nombreux cratères sur la lune.
There are many unresolved problems.,Il y existe beaucoup de problèmes non résolus.
There are many urgent things to do.,Il y a de nombreuses choses urgentes à faire.
There are only 28 days in February.,Il n'y a que vingt-huit jours en février.
There are six people including him.,"Il y a six personnes, lui inclus."
There are thirty names on the list.,Il y a trente noms sur la liste.
There aren't a lot of cookies left.,Il ne reste plus beaucoup de biscuits.
There is a military base near here.,Il y a une base militaire à proximité.
There is a path through the fields.,Il y a un chemin à travers les champs.
There is a television in this room.,Il y a une télévision dans cette pièce.
There is a television in this room.,Dans cette pièce se trouve un poste de télévision.
There is an error in this sentence.,Il y a une erreur dans cette phrase.
There is an urgent message for you.,Il y a un message urgent pour vous.
There is more water than is needed.,Il y a beaucoup plus d'eau que nécessaire.
There is more water than is needed.,Il y a plus d'eau qu'il n'en faut.
There is no cure for schizophrenia.,Il n'y a pas de remède à la schizophrénie.
There is no significant difference.,Il n'y a pas de différence significative.
There is nothing new under the sun.,Rien de nouveau sous le soleil.
There is nothing new under the sun.,Il n'y a rien de nouveau sous le soleil.
There must be some kind of problem.,Ça doit être sérieux.
There used to be a large park here.,"Un grand parc se trouvait ici, autrefois."
There was a car accident yesterday.,"Il y a eu un accident de la route, hier."
There was a lot of housework to do.,Certes il y avait du travail domestique à faire.
There was a ton of pressure on him.,Il y avait sur lui une tonne de pression.
There wasn't much else we could do.,Nous ne pouvions plus faire grand chose de plus.
There were no radios in those days.,"En ce temps-là, il n'y avait pas de radios."
There were soldiers on these ships.,Sur ces navires se trouvaient des soldats.
There will be a math test tomorrow.,Il y aura un contrôle de math demain.
There's a peacock in the courtyard.,Il y a un paon dans la cour.
There's a sucker born every minute.,Un jobard naît à chaque minute.
There's been a death in his family.,Il y a eu un décès dans sa famille.
There's no logical reason for this.,Il n'y a pas de raison logique à ceci.
There's no salt in the salt shaker.,Il n'y a pas de sel dans la salière.
There's nothing else I have to buy.,Je ne dois acheter rien d'autre.
There's nothing else I need to buy.,Il n'y a rien d'autre que je doive acheter.
There's nothing else I want to buy.,Il n'y a rien d'autre que je veuille acheter.
There's nothing else we have to do.,Il n'y a rien d'autre que nous devons faire.
There's nothing good on television.,Il n'y a rien de bien à la télévision.
There's nothing we can do about it.,Il n'y a rien que nous y puissions faire.
There's nothing we can do about it.,Il n'y a rien que nous puissions y faire.
There's really nothing else to say.,Il n'y a vraiment rien d'autre à dire.
There's so much I want to show you.,Il y a tant que je veuille te montrer !
There's so much I want to show you.,Il y a tant que je veuille vous montrer !
There's so much I want to tell you.,Il y a tant que je veuille te dire !
There's so much I want to tell you.,Il y a tant que je veuille vous dire !
There's someone I want you to meet.,Il y a quelqu'un que je veux que tu rencontres.
There's someone I want you to meet.,Il y a quelqu'un que je veux que vous rencontriez.
There's someone else I want to see.,Il y a quelqu'un d'autre que je veux voir.
There's something strange going on.,Il se passe quelque chose de bizarre.
There's something you have to know.,Il y a quelque chose que vous devez savoir.
There's something you have to know.,Il y a quelque chose que tu dois savoir.
There's still room for improvement.,Les choses peuvent encore s'améliorer dans ce domaine.
There's too much salt in this soup.,Cette soupe est trop salée.
"These are my friends, Tom and Mary.","Voici mes amis, Tom et Mary."
These articles cannot be exchanged.,Ces articles ne sont pas échangeables.
These implements are in common use.,Ces ustensiles sont d'usage courant.
These light bulbs can't all be bad.,Ces ampoules ne peuvent pas toutes être mauvaises.
These new immigrants had no skills.,Les nouveaux immigrants n'étaient pas qualifiés.
These pictures were painted by him.,Ces tableaux ont été peints par lui.
These pills come in a blister pack.,Ces comprimés se présentent sous forme de plaquettes.
These shirts are all the same size.,Ces chemises sont toutes de la même taille.
They all stood up at the same time.,Ils se levèrent tous en même temps.
They are aware of the difficulties.,Ils sont conscients des difficultés.
They are disappointed in their son.,Ils sont déçus par leur fils.
They are facing financial problems.,Ils se voient confrontés à des difficultés financières.
They are proud of their clever son.,Ils sont fiers de l'intelligence de leur fils.
They arrived here safely yesterday.,Ils sont arrivés ici sains et saufs hier.
They arrived in England a week ago.,Ils sont arrivés en Angleterre il y a une semaine.
They brought trouble on themselves.,Ils se sont attirés des ennuis.
They brush their teeth twice a day.,Ils se brossent les dents deux fois par jour.
They brush their teeth twice a day.,Elles se brossent les dents deux fois par jour.
They caught the robbers red-handed.,Ils ont attrapé les voleurs la main dans le sac.
They climbed to the top of a cliff.,Ils escaladèrent jusqu'en haut de la falaise.
They collected shells on the beach.,Ils ramassèrent des coquillages sur la plage.
They collected shells on the beach.,Elles ramassèrent des coquillages sur la plage.
They collected shells on the beach.,Ils ont ramassé des coquillages sur la plage.
They crossed the border into Spain.,Ils ont traversé la frontière espagnole.
They did not have much food to eat.,Ils n'avaient guère à manger.
They don't sell what you need here.,Ils ne vendent pas ici ce dont tu as besoin.
They had trouble finding the place.,Ils eurent du mal à trouver l'endroit.
They have elected a new government.,Ils ont élu un nouveau gouvernement.
They hid themselves in the shadows.,Ils se dissimulèrent dans l'obscurité.
They kissed inside the planetarium.,Ils s'embrassèrent au planétarium.
They live in deplorable conditions.,Ils vivent dans des conditions déplorables.
They never pay any attention to me.,Ils ne me prêtent jamais aucune attention.
They never pay any attention to me.,Elles ne me prêtent jamais aucune attention.
They ran through the streets naked.,Ils coururent nus à travers les rues.
They ran through the streets naked.,Elles coururent nues à travers les rues.
They rescued the boy from drowning.,Ils ont sauvé le garçon de la noyade.
They say that he will never return.,Ils disent qu'il ne reviendra jamais plus.
They say that old house is haunted.,Ils disent que cette vieille maison est hantée.
They say this old house is haunted.,On dit que cette vieille maison est hantée.
They sell that at a hardware store.,Ils le vendent en quincaillerie.
They stood talking for a long time.,Ils restèrent debout à parler pendant un long moment.
They want me to organize the party.,Ils veulent que j'organise une fête.
They want me to organize the party.,Elles veulent que j'organise une fête.
They want to know what's happening.,Elles veulent savoir ce qui se passe.
They want us to come in right away.,Ils veulent que nous entrions immédiatement.
They want us to come in right away.,Ils veulent que nous entrions de suite.
They want us to come in right away.,Elles veulent que nous entrions immédiatement.
They want us to come in right away.,Elles veulent que nous entrions de suite.
They went on a trip a few days ago.,Ils sont partis en voyage il y a quelques jours.
They were all hoarse from shouting.,Ils avaient tous la voix rauque après avoir tant crié.
They were having marriage problems.,Ils avaient des problèmes de couple.
They were on vacation last October.,Ils étaient en vacances en octobre dernier.
They were satisfied with the meals.,Ils étaient satisfaits de leur repas.
They will survey the desert island.,Ils vont inspecter cette île déserte.
They're back where they want to be.,Ils sont de retour là où ils veulent être.
They're back where they want to be.,Elles sont de retour là où elles veulent être.
They're painting the cemetery wall.,Ils peignent le mur du cimetière.
They're sunbathing around the pool.,Ils bronzent autour de la piscine.
They're sunbathing around the pool.,Elles bronzent autour de la piscine.
Things are only going to get worse.,Les choses ne vont faire qu'empirer.
Things are only going to get worse.,Les choses ne vont qu'empirer.
Thirteen homes have been destroyed.,Treize maisons ont été détruites.
This bag is 4 kilograms overweight.,Il y a un excédent de bagages de quatre kilos.
This bicycle belongs to my brother.,Ce vélo appartient à mon frère.
This bomb can kill a lot of people.,Cette bombe peut tuer beaucoup de personnes.
This book contains a lot of photos.,Ce livre contient beaucoup de photos.
This book is selling like hotcakes.,Ce livre se vend comme des petits pains.
This broken vase can't be repaired.,Ce vase cassé ne peut pas être réparé.
This broken vase can't be repaired.,Ce vase brisé est irréparable.
This building belongs to my family.,Ce bâtiment appartient à ma famille.
This building is about to collapse.,Cet édifice menace de s'effondrer.
This car is very economical on gas.,Cette voiture est très économique en essence.
This clock gains two minutes a day.,Cette horloge avance de deux minutes par jour.
This conversation is a masterpiece.,Cette conversation est un chef-d'œuvre.
This dictionary is by far the best.,Ce dictionnaire est de loin le meilleur.
This doesn't taste like pork to me.,"Ça n'a pas, selon moi, le goût de porc."
"This flower is beautiful, isn't it?","Cette fleur est belle, n'est-ce pas ?"
This fruit has an unpleasant smell.,Ce fruit a une odeur désagréable.
This has become a yearly tradition.,C'est devenu une tradition annuelle.
This is a support group for widows.,C'est un groupe de soutien pour veuves.
This is a very informative article.,C'est un article très informatif.
This is a very time-consuming task.,C'est une tâche très consommatrice de temps.
This is a very time-consuming task.,C'est une tâche chronophage.
This is all a big misunderstanding.,Tout ça est un grand malentendu.
This is always the way it has been.,Il en a toujours été ainsi.
This is an international community.,C'est une communauté internationale.
This is our last chance to do that.,C'est notre dernière chance de le faire.
This is someone I want you to meet.,C'est quelqu'un que je veux que tu rencontres.
This is someone I want you to meet.,C'est quelqu'un que je veux que vous rencontriez.
This is the best restaurant I know.,C'est le meilleur restaurant que je connaisse.
This is the best season for hiking.,C'est la meilleure saison pour la randonnée.
This is the dress I made last week.,C'est la robe que j'ai confectionnée la semaine dernière.
This is the girl you wanted to see.,C'est la fille que tu voulais voir.
This is the hospital I was born in.,Voici l'hôpital dans lequel je suis né.
This is the house where I was born.,C'est la maison dans laquelle je suis né.
This is the house where I was born.,Ceci est la maison où je suis né.
This is the house where I was born.,C'est la maison où je suis né.
This is the house where I was born.,Ceci est la maison où je suis née.
This is the place I told Tom about.,C'est l'endroit dont j'ai parlé à Tom.
This is the place I told you about.,C'est l'endroit dont je t'ai parlé.
This is the tallest tower in Japan.,C'est la plus grande tour au Japon.
This is the town where he was born.,C'est la ville où il est né.
This is the very best way to do it.,C'est la toute meilleure manière de le faire.
This is what I've been waiting for.,C'est ce que j'attendais.
This is what you're supposed to do.,Voici ce que vous êtes supposé faire.
This is what you're supposed to do.,Voici ce que vous êtes supposée faire.
This is what you're supposed to do.,Voici ce que vous êtes supposés faire.
This is what you're supposed to do.,Voici ce que vous êtes supposées faire.
This is what you're supposed to do.,Voici ce que tu es supposé faire.
This is what you're supposed to do.,Voici ce que tu es supposée faire.
This is worse than everything else.,C'est pire que tout.
"This isn't too hard for you, is it?","Ceci n'est pas trop difficile pour vous, n'est-ce pas ?"
"This isn't too hard for you, is it?","Ce n'est pas trop dur pour toi, n'est-ce pas ?"
This job isn't as easy as it looks.,Ce boulot n'est pas aussi facile qu'il n'y paraît.
This lake is deepest at this point.,Le lac est le plus profond à cet endroit.
This lesson should be kept in mind.,On devrait garder cette leçon à l'esprit.
This letter isn't addressed to you.,Cette lettre ne vous est pas adressée.
This letter isn't addressed to you.,Cette lettre ne t'est pas adressée.
This medicine will reduce the pain.,Ce médicament réduira la douleur.
This might not be such a good idea.,Il se pourrait que ce ne soit pas une si bonne idée.
This movie is highly controversial.,Ce film est très polémique.
This novel consists of three parts.,Ce roman se compose de trois parties.
This park isn't open to the public.,Ce parc n'est pas ouvert au public.
This place is worth visiting twice.,Cet endroit vaut la peine d'être visité deux fois.
This problem is difficult to solve.,Ce problème est difficile à résoudre.
This region has completely changed.,Cette région s'est complètement transformée.
This river is the widest in Europe.,Ce fleuve est le plus large d'Europe.
This river runs through my village.,Cette rivière coule à travers mon village.
This safe is for keeping valuables.,Ce coffre est destiné à conserver les objets de valeur.
This song is very popular in Japan.,Cette chanson est très populaire au Japon.
This song was popular in the 1970s.,Cette chanson était populaire dans les années soixante-dix.
This suitcase is too heavy for you.,Cette valise est trop lourde pour toi.
This suitcase is too heavy for you.,Cette valise est trop lourde pour vous.
This tea isn't sweet enough for me.,Ce thé n'est pas assez sucré pour moi.
This ticket is good for three days.,Ce ticket vaut pour trois jours.
This vending machine isn't working.,Ce distributeur automatique est en panne.
This watch is better than that one.,Cette montre-ci est meilleure que celle-là.
This word is also French in origin.,Ce mot est également d’origine française.
Those are the leftovers from lunch.,Ce sont les restes du repas de midi.
Those pictures were painted by him.,Ces tableaux ont été peints par lui.
Those who want to remain may do so.,Ceux qui veulent rester le peuvent.
Those who want to remain may do so.,Celles qui veulent rester peuvent le faire.
"Though he is rich, he is not happy.","Bien qu'il soit riche, il n'est pas heureux."
Thousands of people gathered there.,Des milliers de personnes se rassemblèrent là.
Three hours is a long time to wait.,C'est long d'attendre trois heures.
Three of the attackers were killed.,Trois des attaquants ont été tués.
Three people were slightly injured.,Trois personnes ont été légèrement blessées.
Three years have passed since then.,Trois ans se sont écoulés depuis.
Tickets are available here for $30.,Des tickets sont disponibles ici pour 30$.
"To drive a car, you need a license.","Pour conduire une voiture, on a besoin d'un permis."
"To drive a car, you need a license.",On a besoin d'un permis pour conduire une voiture.
"To drive a car, you need a license.",Tu as besoin d'un permis pour conduire une voiture.
"To drive a car, you need a license.",Vous avez besoin d'un permis pour conduire une voiture.
"To drive a car, you need a license.","Pour conduire, il faut un permis."
"To err is human, to forgive divine.","Se tromper est humain, pardonner, divin."
Today both of you are staying home.,"Aujourd'hui, vous restez tous les deux à la maison."
Today is the hottest day this year.,"Aujourd'hui, c'est le jour le plus chaud de l'année."
"Today, I do not have time for this.",Je n'ai pas de temps pour ça aujourd'hui.
Tom admitted that he'd killed Mary.,Tom avoua qu'il avait tué Mary.
Tom almost always wears sunglasses.,Tom porte presque toujours des lunettes de soleil.
Tom always did his best to help me.,Tom a toujours fait de son mieux pour m'aider.
Tom always shouts when he is angry.,Tom hurle toujours lorsqu'il est en colère.
Tom and Mary are young and healthy.,Tom et Mary sont jeunes et en bonne santé.
Tom and Mary both started to laugh.,Tom et Marie ont tous les deux commencés à rire.
Tom and Mary can both speak French.,Tom et Mary parlent tous les deux français.
Tom and Mary don't know each other.,Tom et Mary ne se connaissent pas.
Tom and Mary raised three children.,Tom et Marie ont élevé trois enfants.
Tom arrived at just the right time.,Tom est arrivé juste au bon moment.
Tom asked Mary to brew some coffee.,Tom demanda à Marie de faire du café.
Tom asked Mary why she was smiling.,Tom a demandé à Mary pourquoi elle souriait.
Tom asked Mary why she was so late.,Tom demanda à Marie pourquoi elle était autant en retard.
Tom asked how much the ticket cost.,Tom demanda combien le ticket coûtait.
Tom asked me to come back tomorrow.,Tom m'a demandé de revenir demain.
Tom asked me to give you a message.,Tom m'a demandé de te transmettre un message.
Tom asked me to give you something.,Tom m'a demandé de te donner quelque chose.
Tom banged the table with his fist.,Tom a cogné la table avec son poing.
Tom barricaded himself in his room.,Tom s'est barricadé dans sa chambre.
Tom began to shiver uncontrollably.,Tom a commencé à trembler de manière incontrôlable.
Tom believes that Mary is innocent.,Tom croit que Marie est innocente.
Tom believes that Mary is innocent.,Tom croit Marie innocente.
Tom bought a gift for his daughter.,Tom a acheté un cadeau pour sa fille.
Tom broke his arm playing football.,Tom a cassé son bras en jouant au football.
Tom built an igloo in his backyard.,Tom a construit un igloo dans son jardin.
Tom came downstairs in his pajamas.,Tom vint en bas des escaliers en pyjama.
Tom came to Boston three years ago.,Tom est venu à Boston il y a trois ans.
Tom came up with an ingenious idea.,Tom a trouvé une idée ingénieuse.
Tom came up with an ingenious idea.,Tom apporta une idée ingénieuse.
Tom can explain all this in detail.,Thomas pourra t'expliquer tout cela en détail.
Tom can probably understand French.,Tom peut probablement comprendre le français.
Tom can ski as well as his brother.,Tom peut skier aussi bien que son frère.
Tom can't climb down from the tree.,Tom ne peut plus descendre de l'arbre.
Tom can't read without his glasses.,Tom ne peut pas lire sans ses lunettes.
Tom can't swim as well as Mary can.,Tom ne sait pas nager aussi bien que Marie.
Tom canceled his hotel reservation.,Tom a annulé sa réservation d'hôtel.
Tom canceled his hotel reservation.,Tom annula sa réservation d'hôtel.
Tom certainly didn't expect to win.,Tom ne s'attendait certainement pas à gagner.
Tom certainly had something to say.,Tom avait certainement quelque chose à dire.
Tom cleaned his room before dinner.,Tom a nettoyé sa chambre avant le dîner.
Tom closed the door of his bedroom.,Tom ferma la porte de sa chambre.
Tom closed the door of his bedroom.,Tom a fermé la porte de sa chambre.
Tom could do everything by himself.,Tom pouvait tout faire lui-même.
Tom could find Mary's house easily.,Tom a pu facilement trouver la maison de Mary.
Tom could see that Mary was crying.,Tom pouvait voir que Mary pleurait.
Tom couldn't help but be impressed.,Tom ne put s'empêcher d'être impressionné.
Tom couldn't persuade Mary to stay.,Tom n'a pas pu persuader Mary de rester.
Tom currently lives with his uncle.,Tom vit actuellement avec son oncle.
Tom decided to ask for Mary's help.,Tom décida de demander de l'aide auprès de Marie.
Tom denied having stolen the money.,Tom nia avoir volé l'argent.
Tom deserved the punishment he got.,Tom a mérité la punition qu'il a subi.
Tom didn't complain about anything.,Tom ne s'est plaint de rien.
Tom didn't get Mary's phone number.,Tom n'a pas obtenu le numéro de téléphone de Mary.
Tom didn't give me any alternative.,Tom ne m'a donné aucune alternative.
Tom didn't have to get up so early.,Tom ne devait pas se lever si tôt.
Tom didn't know anyone in the room.,Tom ne connaissait personne dans la pièce.
Tom didn't need to get up so early.,Tom n'avait pas besoin de se lever si tôt.
Tom didn't say where he'd met Mary.,Tom n'avait pas dit où il avait rencontré Mary.
Tom didn't seem to be very nervous.,Tom ne semblait pas très nerveux.
Tom didn't understand the question.,Tom n'a pas compris la question.
Tom didn't want to disappoint Mary.,Tom ne voulait pas décevoir Mary.
Tom died at the age of ninety-nine.,Tom est mort à l'âge de quatre-vingt-dix-neuf ans.
Tom disguised himself as a fireman.,Tom s'est déguisé en pompier.
Tom doesn't believe what Mary says.,Tom ne croit pas à ce que dit Marie.
Tom doesn't blame you for anything.,Tom ne te reproche rien.
Tom doesn't blame you for anything.,Tom ne vous reproche rien.
Tom doesn't go swimming very often.,Tom ne va pas nager très souvent.
Tom doesn't have to worry about me.,Tom n'a pas à s'inquiéter pour moi.
Tom doesn't know Mary is in Boston.,Tom ne sait pas que Mary est à Boston.
Tom doesn't know anything about it.,Tom ne sait rien de cela.
Tom doesn't know anything about it.,Tom ne sait rien à ce sujet.
Tom doesn't know how to milk a cow.,Tom ne sait pas traire une vache.
Tom doesn't know how to milk a cow.,Tom ne sait pas comment traire une vache.
Tom doesn't know that he's adopted.,Tom ne sait pas qu'il est adopté.
Tom doesn't know that he's adopted.,Tom ignore qu'il est adopté.
Tom doesn't know where he was born.,Tom ne sait pas où il est né.
Tom doesn't know who he should ask.,Tom ne sait pas à qui demander.
Tom doesn't like any kind of music.,Tom n'aime aucun genre de musique.
Tom doesn't remember what happened.,Tom ne se souvient plus de ce qui s'est passé.
Tom doesn't think before he speaks.,Tom ne réfléchit pas avant de parler.
Tom doesn't think he could do that.,Tom ne pense pas pouvoir faire ça.
Tom doesn't want Mary to touch him.,Tom ne veut pas que Mary le touche.
Tom doesn't want anything to drink.,Tom ne veut rien à boire.
Tom doesn't want to go there alone.,Tom ne veut pas y aller seul.
Tom doesn't want to live in Boston.,Tom ne veut pas vivre à Boston.
Tom doesn't want to live in Boston.,Tom ne veut pas habiter à Boston.
Tom doesn't want to read that book.,Tom ne veut pas lire ce livre.
Tom doesn't want to wait that long.,Tom ne veut pas attendre aussi longtemps.
Tom drank straight from the bottle.,Tom a bu à la bouteille.
"Tom drives a black car, doesn't he?","Tom conduit une voiture noire, n'est-ce pas ?"
Tom easily guessed Mary's password.,Tom devina facilement le mot de passe de Mary.
Tom emigrated to Australia in 2013.,Tom a émigré en Australie en 2013.
Tom expected it to cost a lot more.,Tom s'attendait à ce que cela coûte beaucoup plus cher.
Tom expects to hear from Mary soon.,Tom s'attend à avoir des nouvelles de Marie bientôt.
Tom finished the job in three days.,Tom a fini le travail en trois jours.
Tom folded his arms over his chest.,Tom croisa les bras sur sa poitrine.
Tom forgot his umbrella in his car.,Tom a oublié son parapluie dans sa voiture.
Tom forgot his umbrella on the bus.,Tom a oublié son parapluie dans le bus.
Tom gave Mary all the money he had.,Tom donna à Marie tout l'argent qu'il avait.
Tom gave Mary all the money he had.,Tom donna tout l'argent qu'il avait à Marie.
Tom goes swimming almost every day.,Tom va nager presque tous les jours.
Tom had Mary's undivided attention.,Tom avait toute l'attention de Mary.
Tom had a bandage on his left hand.,Tom portait un bandage à la main gauche.
Tom had difficulty learning French.,Tom a eu des difficultés à apprendre le français.
Tom had lipstick all over his face.,Tom avait du rouge à lèvres partout sur son visage.
Tom had never kissed anyone before.,Tom n'avait jamais embrassé quelqu'un auparavant.
Tom had never seen Mary that angry.,Tom n'avait jamais vu Marie autant en colère.
Tom had never told anyone but Mary.,Tom l’avait seulement dit à Mary.
Tom had never told anyone but Mary.,Tom ne l'avait dit à personne sauf à Mary.
Tom had no idea how tired Mary was.,Tom n'avait aucune idée de la fatigue de Marie.
Tom has a fast internet connection.,Tom a une connexion internet rapide.
Tom has a lot of money in the bank.,Tom a beaucoup d'argent en banque.
Tom has an older sister named Mary.,Tom a une sœur aînée qui s'appelle Mary.
Tom has barely said a word all day.,Tom a à peine décroché un mot de toute la journée.
Tom has been bitten by a stray dog.,Tom a été mordu par un chien errant.
Tom has been depressed for a while.,Tom est déprimé depuis longtemps.
Tom has been in jail several times.,Tom a été en prison plusieurs fois.
Tom has caused me a lot of trouble.,Tom m'a causé beaucoup d'ennuis.
Tom has decided that he'll do that.,Tom a décidé qu'il ferait ça.
Tom has decided to propose to Mary.,Tom a décidé de demander Marie en mariage.
Tom has found himself a girlfriend.,Tom s'est trouvé une copine.
Tom has friends all over the world.,Tom a des amis partout à travers le monde.
Tom has gotten used to living here.,Tom s'est habitué à vivre ici.
Tom has no intention of doing that.,Tom n'a pas l'intention de faire ça.
Tom has quite a quirky personality.,Tom a une personnalité assez originale.
Tom hasn't been home since October.,Tom n'a pas été chez lui depuis octobre.
Tom hasn't seen Mary since October.,Tom n'a pas vu Marie depuis le mois d'octobre.
Tom hasn't told me who helped Mary.,Tom ne m'a pas dit qui avait aidé Mary.
Tom hates me as much as I hate him.,Tom me déteste autant que je le déteste.
Tom helps anyone who asks for help.,Tom aide quiconque demande de l'aide.
Tom hid under the bed with the cat.,Tom s'est caché sous le lit avec le chat.
Tom hid under the bed with the cat.,Tom se cacha sous le lit avec le chat.
Tom intends to become a journalist.,Tom compte devenir journaliste.
Tom introduced himself to everyone.,Tom s'est présenté à tout le monde.
Tom is John and Mary's third child.,Tom est le troisième enfant de John et de Mary.
Tom is a much better liar than you.,Tom est un meilleur menteur que toi.
Tom is a much better liar than you.,Tom est un meilleur menteur que vous.
Tom is a nice guy with a big heart.,Tom est un mec sympa au grand cœur.
Tom is a thirty-year-old carpenter.,Tom est un menuisier de trente ans.
Tom is always one step ahead of us.,Tom a toujours une longueur d'avance sur nous.
Tom is busy preparing for his trip.,Tom est occupé à préparer son voyage.
Tom is either an idiot or a genius.,"Tom est soit un idiot, soit un génie."
Tom is exactly the same age as you.,Tom a exactement le même âge que toi.
Tom is happy to finally be at home.,Tom est content d'être enfin à la maison.
Tom is hiding something. I know it.,Tom nous cache des choses. Je le sais.
Tom is ill at ease among strangers.,Tom est mal à l'aise au milieu d'étrangers.
Tom is impulsive and self-centered.,Tom est impulsif et égocentrique.
Tom is in his room studying French.,Tom est dans sa chambre à étudier le français.
Tom is in the garden pulling weeds.,Tom arrache les mauvaises herbes dans le jardin.
Tom is probably not busy right now.,Tom n'est probablement pas occupé maintenant.
"Tom is really overweight, isn't he?","Tom a vraiment de l'embonpoint, n'est-ce-pas?"
Tom is someone I really look up to.,Tom est quelqu'un que j'admire vraiment.
Tom is taking good care of himself.,Tom prend bien soin de lui-même.
"Tom is tall, but not as tall as me.","Tom est grand, mais pas aussi grand que moi."
Tom is the person I told you about.,Tom est la personne dont je vous ai parlée.
Tom is three years older than I am.,Tom a trois ans de plus que moi.
Tom is too tired to help you today.,Tom est trop fatigué pour t'aider aujourd'hui.
Tom is too tired to help you today.,Tom est trop fatigué pour vous aider aujourd'hui.
"Tom is very tired, and he's hungry.","Tom est très fatigué, et il a faim."
Tom is working as a security guard.,Tom travaille comme agent de sécurité.
Tom is worried about Mary's safety.,Tom s'inquiète pour la sécurité de Mary.
Tom isn't going to let you do that.,Tom ne va pas te laisser faire ça.
Tom isn't going to let you do that.,Tom ne va pas vous laisser faire cela.
Tom isn't invited to parties often.,Tom n'est pas souvent invité aux fêtes.
Tom isn't invited to parties often.,Tom n'est pas souvent invité aux soirées.
Tom isn't listed in the phone book.,Tom n'est pas listé dans l'annuaire téléphonique.
Tom isn't really in love with Mary.,Tom n'est pas vraiment amoureux de Mary.
Tom isn't sure he wants to do this.,Tom n'est pas sûr de vouloir faire ceci.
Tom isn't sure this is a good plan.,Tom n'est pas sûr que ce soit un bon plan.
Tom knew he'd done something wrong.,Tom savait qu'il avait fait quelque chose de mal.
Tom knew where he had put his keys.,Tom savait où il avait mis ses clés.
Tom knows Mary is hiding something.,Tom sait que Mary cache quelque chose.
Tom knows how to tell a good story.,Tom sait comment raconter une bonne histoire.
Tom knows very little about sports.,Tom en sait très peu sur le sport.
Tom left his sunglasses in his car.,Tom a laissé ses lunettes de soleil dans sa voiture.
Tom likes Mary just the way she is.,Tom aime Mary tout simplement comme elle est.
Tom likes to do things his own way.,Tom aime faire les choses à sa façon.
Tom lives in the middle of nowhere.,Tom vit au milieu de nulle part.
Tom lives on the same street as me.,Tom habite sur la même rue que moi.
Tom looked at his appointment book.,Tom regarda son agenda.
Tom made his way through the crowd.,Tom s'est frayé un chemin à travers la foule.
Tom must've been home at that time.,Tom devait être chez lui à cette heure.
Tom must've left the water running.,Tom a dû laisser couler l'eau.
Tom needed somebody he could trust.,Tom avait besoin de quelqu'un à qui il puisse faire confiance.
Tom needs to be at today's meeting.,Tom doit être à la réunion d'aujourd'hui.
Tom never forgave himself for that.,Tom ne s'est jamais pardonné pour ça.
Tom never seems to finish anything.,Tom semble ne jamais rien terminer.
Tom never wanted to live in Boston.,Tom n'a jamais voulu vivre à Boston.
Tom obviously didn't know about it.,"De toute évidence, Tom ne le savait pas."
Tom offered to pay for the damages.,Tom a offert de payer pour les dégâts.
Tom only does that when he's tired.,Tom fait ça uniquement lorsqu'il est fatigué.
Tom only does that when he's tired.,Tom fait cela uniquement lorsqu'il est fatigué.
Tom only does that when he's tired.,Tom le fait uniquement lorsqu'il est fatigué.
Tom only knows how to speak French.,Tom ne parle que français.
Tom opened his beer and took a sip.,Tom ouvrit sa bière et prit une gorgée.
Tom opened his beer and took a sip.,Tom a ouvert sa bière et a pris une gorgée.
Tom owns a very profitable company.,Tom possède une entreprise très rentable.
Tom played a sad song on the piano.,Tom a joué une chanson triste au piano.
Tom played the piano and Mary sang.,Tom jouait du piano et Marie chantait.
Tom pointed at the security camera.,Tom montra la caméra de sécurité.
Tom poured himself a cup of coffee.,Tom se servit une tasse de café.
Tom poured more coffee for himself.,Tom s'est versé plus de café.
Tom poured some cereal into a bowl.,Tom versa des céréales dans un bol.
Tom poured some cereal into a bowl.,Tom a versé des céréales dans un bol.
Tom probably doesn't know who I am.,Tom ne sait probablement pas qui je suis.
Tom probably thought I was thirsty.,Tom pensait probablement que j'étais assoiffé.
Tom probably thought I was thirsty.,Tom pensait probablement que j'étais assoiffée.
Tom promised he'd go straight home.,Tom a promis qu'il rentrerait directement à la maison.
Tom promised me he'd pay his debts.,Tom m'a promis de payer ses dettes.
Tom pushed the raft into the water.,Tom poussa le radeau dans l'eau.
Tom put a bandage on Mary's finger.,Tom a mis un pansement sur le doigt de Mary.
Tom put his shoes on the shoe rack.,Tom a posé ses chaussures sur le meuble à chaussures.
Tom put his shoes on the shoe rack.,Tom posa ses chaussures sur le meuble à chaussures.
Tom put two sugar cubes in his tea.,Tom a mis deux morceaux de sucre dans son thé.
Tom puts too much sugar in his tea.,Tom met trop de sucre dans son thé.
Tom really wants to be your friend.,Tom veut vraiment être ton ami.
Tom refused to tell us what he did.,Tom refusa de nous dire ce qu'il avait fait.
Tom reminds me of my first husband.,Tom me rappelle mon premier mari.
Tom said he didn't know the answer.,Tom a dit qu'il ne connaissait pas la réponse.
Tom said he'd like to visit Boston.,Tom a dit qu'il aimerait visiter Boston.
Tom said that Mary wasn't Canadian.,Tom a dit que Mary n'était pas canadienne.
Tom said that the soup was too hot.,Tom a dit que la soupe était trop chaude.
Tom says he needs to talk with you.,Tom dit qu'il a besoin de te parler.
Tom says he needs to talk with you.,Tom dit qu'il a besoin de vous parler.
Tom says that he's willing to help.,Tom dit qu'il est prêt à aider.
Tom seems to know all that already.,Tom a l'air de déjà savoir tout ça.
Tom seems to want to say something.,On dirait que Tom a envie de dire quelque chose.
Tom shared a prison cell with John.,Tom partageait une cellule de prison avec John.
Tom shares a room with his brother.,Tom partage une chambre avec son frère.
Tom should have apologized to Mary.,Tom aurait dû s'excuser auprès de Mary.
Tom smiles every time he sees Mary.,Tom sourit chaque fois qu'il voit Mary.
Tom speaks French better than I do.,Tom parle français mieux que moi.
Tom spent all evening on the phone.,Tom passa toute la soirée au téléphone.
Tom spilled some wine on his shirt.,Tom renversa du vin sur sa chemise.
Tom spilled some wine on his shirt.,Tom a renversé du vin sur sa chemise.
Tom spoke in French at the meeting.,Tom a parlé en français à la réunion.
Tom spoke to the doctors in French.,Tom parla aux médecins en français.
Tom spoke to the doctors in French.,Tom a parlé aux médecins en français.
Tom started a bonfire on the beach.,Tom alluma un feu de camp sur la plage.
Tom started shaking uncontrollably.,Tom se mit à sauter partout.
Tom started to take off his jacket.,Tom commença à retirer sa veste.
Tom started to take off his jacket.,Tom a commencé à enlever sa veste.
Tom still has to pack his suitcase.,Tom doit encore faire sa valise.
Tom still sleeps with a teddy bear.,Tom dort encore avec un ours en peluche.
Tom stole a lot of money from Mary.,Tom a volé beaucoup d'argent à Marie.
Tom takes everything too seriously.,Tom prend tout trop au sérieux.
Tom taught Mary how to write songs.,Tom a appris à Mary à écrire des chansons.
Tom teaches me French twice a week.,Tom me montre le français deux fois par semaine.
Tom thinks Mary made a big mistake.,Tom pense que Mary a fait une grosse erreur.
Tom thinks you should talk to Mary.,Tom pense que tu devrais parler à Mary.
Tom thinks you should talk to Mary.,Tom pense que vous devriez parler à Mary.
Tom thought it was a terrible idea.,Tom pensait que c'était une terrible idée.
Tom told Mary an interesting story.,Tom a raconté à Marie une histoire intéressante.
Tom told Mary not to wait for John.,Tom dit à Marie de ne pas attendre John.
Tom told Mary she had a nice smile.,Tom a dit à Mary qu'elle avait un joli sourire.
Tom told me I shouldn't swim there.,Tom m'a dit que je ne devrais pas nager là-bas.
Tom told the children many stories.,Tom raconta beaucoup d'histoires aux enfants.
Tom told the children many stories.,Tom a raconté de nombreuses histoires aux enfants.
Tom told us that he had a headache.,Tom nous a dit qu'il avait un mal de tête.
Tom took a shower before breakfast.,Tom a pris une douche avant le petit-déjeuner.
Tom took out a bag of marshmallows.,Tom sortit un sac de guimauves.
Tom tossed another log on the fire.,Tom lança une autre bûche dans le feu.
Tom tried in vain to hide his pain.,Tom essaya en vain de cacher sa douleur.
Tom tried in vain to hide his pain.,Tom a essayé en vain de cacher sa douleur.
Tom turned off the air conditioner.,Tom a éteint le climatiseur.
Tom used to be a private detective.,Tom était un détective privé.
Tom used to come here all the time.,Tom avait l'habitude de venir ici tout le temps.
Tom wanted Mary to accept his gift.,Tom voulait que Marie accepte son cadeau.
Tom wanted to turn over a new leaf.,Tom voulait tourner la page.
Tom wants Mary to keep him company.,Tom veut que Mary lui tienne compagnie.
Tom wants me to stay away from him.,Tom veut que je reste éloigné de lui.
Tom wants to become a veterinarian.,Tom voudrait devenir vétérinaire.
Tom wants to buy a house in Boston.,Tom veut acheter une maison à Boston.
"Tom wants to go home, but he can't.",Tom veut retourner chez lui mais il ne peut pas.
"Tom wants to say yes, but he can't.","Tom veut dire oui, mais il ne peut pas."
Tom was apparently very convincing.,Tom était apparemment très convainquant.
Tom was in no mood to talk to Mary.,Tom n'était pas d'humeur à parler à Marie.
Tom was offended by what Mary said.,Tom a été blessé par ce que Mary a dit.
Tom was quite pleased with himself.,Tom était assez satisfait de lui-même.
Tom was sitting on the couch alone.,Tom était assis seul sur le canapé.
Tom was speaking faster than usual.,Tom parlait plus vite que d'habitude.
Tom was the first person to arrive.,Tom était la première personne à arriver.
Tom was the first person to arrive.,Tom fut la première personne à arriver.
Tom was the one who made me eat it.,Tom était celui qui me l'a fait manger.
Tom was unconscious for three days.,Tom est resté inconscient trois jours.
Tom wasn't my husband at that time.,Tom n'était pas mon mari à ce moment-là.
Tom wasn't my husband at that time.,Tom n'était pas mon mari à cette époque.
Tom will be happy to see you again.,Tom sera heureux de te revoir.
Tom will be happy to see you again.,Tom sera heureux de vous revoir.
Tom wondered why his wife left him.,Tom se demandait pourquoi sa femme l'avait quitté.
Tom works for a translation agency.,Tom travaille pour une agence de traduction.
Tom wrote a lot of letters to Mary.,Tom a écrit beaucoup de lettres à Mary.
Tom wrote down Mary's phone number.,Tom nota le numéro de téléphone de Marie.
Tom's a great guy to hang out with.,Tom est un mec super sympa avec qui traîner.
Tom's diet resulted in weight loss.,Le régime de Tom lui a fait perdre du poids.
Tom's dog is a pretty good swimmer.,Le chien de Tom est assez bon nageur.
Tom's father is a swimming teacher.,Le père de Tom est un instructeur de natation.
Tom's fingerprints were on the gun.,Les empreintes digitales de Tom étaient sur le pistolet.
Tom's funeral will be this weekend.,Les funérailles de Tom auront lieu ce weekend.
Tom's the one who broke the window.,Tom est celui qui a cassé la fenêtre.
"Tomorrow, he will land on the moon.","Demain, il va alunir."
Traffic was blocked by a landslide.,Le trafic était bloqué par un glissement de terrain.
Translate the underlined sentences.,Traduisez les phrases soulignées.
Trees are planted along the street.,Des arbres sont plantés le long de la rue.
Truer words have never been spoken.,On n'a jamais prononcé de paroles plus vraies.
Turn off the light and go to sleep.,Éteins la lumière et va te coucher.
Turn off the light and go to sleep.,Éteignez la lumière et allez dormir.
Ultraviolet rays are harmful to us.,Les rayons ultraviolets nous sont nuisibles.
"Unfortunately, it rained yesterday.","Malheureusement, il pleuvait hier."
"Unfortunately, it rained yesterday.","Malheureusement, il a plu hier."
Wait. I want to show you something.,Attends ! Je veux te montrer quelque chose.
Wait. I want to show you something.,Attendez ! Je veux vous montrer quelque chose.
Wait. I want to tell you something.,Attends ! Je veux te dire quelque chose.
Wait. I want to tell you something.,Attendez ! Je veux vous dire quelque chose.
"Waiter, please bring me some water.","Garçon ! De l'eau, je vous prie."
Walking under a ladder is bad luck.,Passer sous une échelle porte malheur.
Wanna go upstairs and have a drink?,Tu veux monter prendre un verre ?
Wanna go upstairs and have a drink?,Vous voulez monter prendre un verre ?
Was anyone hurt in the train crash?,Quelqu'un a-t-il été blessé dans l'accident ferroviaire ?
Was he still here when you arrived?,Était-il encore ici quand tu es arrivée ?
Was it really necessary to do that?,Était-il vraiment nécessaire de faire cela ?
Water pollution is another problem.,La pollution de l'eau est un autre problème.
We all need help from time to time.,Nous avons tous besoin d'aide de temps à autre.
We always have to follow the rules.,Nous devons toujours suivre les règles.
We apologize for any inconvenience.,Nous présentons nos excuses pour le moindre dérangement.
We are about to sit down to dinner.,Nous sommes sur le point de nous mettre à table pour dîner.
We are about to sit down to dinner.,Nous sommes sur le point de nous mettre à table pour souper.
We are accustomed to wearing shoes.,Nous sommes habitués à porter des chaussures.
We are accustomed to wearing shoes.,Nous sommes habituées à porter des chaussures.
We are all eager to know the truth.,Nous sommes tous avides de connaître la vérité.
We are in the era of atomic energy.,Nous sommes à l'ère de l'énergie nucléaire.
We are looking for a place to stay.,Nous sommes à la recherche d'un endroit où séjourner.
We are playing tennis this weekend.,"Nous jouons au tennis, ce week-end."
We are sorry for the inconvenience.,Nous sommes désolés pour le dérangement.
We are sorry for the inconvenience.,Nous sommes désolées pour le dérangement.
We are traveling on a tight budget.,Nous voyageons avec un budget serré.
We are traveling on a tight budget.,Nous voyageons à petit budget.
We believe in the existence of God.,Nous croyons en l'existence de Dieu.
We both know what needs to be done.,Nous savons tous les deux ce qui doit être fait.
We both know you don't belong here.,Nous savons tous les deux que tu n'as pas ta place ici.
We can talk about it in the future.,Nous pouvons en parler à l'avenir.
We can't do this without some help.,Nous n'arrivons pas à le faire sans aide.
We can't do this without some help.,Nous ne pouvons pas le faire sans aide.
We can't do this without some help.,Nous ne pouvons le faire sans aide.
We can't keep on fooling ourselves.,Nous ne pouvons pas continuer à nous abuser.
We can't put a young boy in prison.,Nous ne pouvons pas mettre un jeune garçon derrière les barreaux.
We can't put a young boy in prison.,Nous ne pouvons pas mettre un jeune garçon en prison.
We can't say any more at this time.,Nous ne pouvons pas en dire plus pour le moment.
We captured some of the terrorists.,Nous avons capturé certains des terroristes.
We didn't go to bed until midnight.,Nous ne nous sommes pas couchés avant minuit.
We didn't have any customers today.,Nous n'avons eu aucun client aujourd'hui.
We discussed the problem at length.,Nous discutâmes longuement du problème.
We discussed the problem at length.,Nous avons discuté longuement du problème.
We discussed the subject at length.,Nous discutons du sujet en détail.
We don't go to school on Saturdays.,Nous n'allons pas à l'école le samedi.
We don't have any eggs left either.,Nous non plus n'avons plus d'œufs.
We don't have to do this every day.,Nous ne sommes pas obligés de faire ça tous les jours.
We don't need to do this every day.,On n'a pas besoin de faire ça tous les jours.
We don't need to do this every day.,Nous n'avons pas besoin de faire cela tous les jours.
We don't negotiate with terrorists.,Nous ne négocions pas avec des terroristes.
We don't want to cause any trouble.,Nous ne voulons causer aucun ennui.
We don't want to do anything hasty.,Nous ne voulons rien faire de précipité.
We don't want to take the time now.,Nous ne voulons pas prendre le temps maintenant.
We don't want to take the time now.,Nous ne voulons pas en prendre le temps maintenant.
We don't want you to hurt yourself.,Nous ne voulons pas que vous vous blessiez.
We don't want you to hurt yourself.,Nous ne voulons pas que tu te blesses.
We easily figured out the password.,Nous avons facilement deviné le mot de passe.
We enjoyed ourselves at the picnic.,Nous nous sommes bien amusés au pique-nique.
We go to Boston as often as we can.,Nous allons à Boston le plus souvent possible.
"We got married on October 20, 2013.",Nous nous sommes mariés le 20 octobre 2013.
We had a heavy rainfall last night.,Nous avons eu une forte pluie la nuit dernière.
We had a lot of problems yesterday.,Nous avons eu des tas de problèmes hier.
We had a very good time last night.,Nous avons passé un très bon moment la nuit dernière.
We had a very hot summer this year.,Nous avons connu un été très chaud cette année.
We had guests for dinner yesterday.,Nous avons eu des invités pour dîner hier.
We had no alternative but to fight.,Nous n'avions pas d'autres choix que de nous battre.
We happened to meet at the station.,Il advint que nous nous rencontrâmes à la gare.
We happened to meet at the station.,Il se trouve qu'on s'est vu à la gare.
We happened to meet at the station.,Il se trouve qu'on s'est rencontré à la gare.
We happened to ride the same train.,Il advint que nous voyagions dans le même train.
We happened to take the same train.,Il se trouvait qu'on a pris le même train.
We have a good group of volunteers.,Nous avons un bon groupe de volontaires.
We have a long journey ahead of us.,Un long voyage nous attend.
We have a lot of regular customers.,Nous avons beaucoup de clients réguliers.
We have different ways of thinking.,Nous avons des façons de penser différentes.
We have four French classes a week.,Nous avons quatre cours de français par semaine.
We have known each other for years.,Nous nous connaissons depuis des années.
We have less than three hours left.,Il nous reste moins de trois heures.
We have no means of transportation.,Nous ne disposons d'aucun moyen de transport.
We have no options but to continue.,Nous n'avons pas d'autres choix que de continuer.
We have no secrets from each other.,Nous n'avons aucun secret l'un pour l'autre.
We have time to sing one more song.,On a le temps de chanter une chanson de plus.
We have to come together as a team.,Nous devons former une équipe.
We have to get you to the hospital.,Tu dois aller à l'hôpital !
We have to get you to the hospital.,Il faut qu'on t'emmène à l'hôpital.
We have to make sure they're ready.,Nous devons nous assurer qu'ils sont prêts.
We have to weigh the pros and cons.,Nous devons peser les avantages et les inconvénients.
We have walked all around the lake.,Nous avons marché tout autour du lac.
We haven't actually set a date yet.,Nous n'avons pas encore fixé de date.
We haven't even discussed that yet.,Nous n'en avons même pas encore discuté.
We haven't had any major accidents.,Nous n'avons eu aucun accident majeur.
We haven't had much rain this year.,Nous n'avons pas eu beaucoup de pluie cette année.
We haven't had time to do that yet.,Nous n'avons pas encore eu le temps de faire cela.
We haven't had time to do that yet.,"On n'a pas eu le temps de faire ça, encore."
We haven't tried doing it that way.,Nous n'avons pas essayé de le faire de cette façon.
We haven't yet had time to do that.,Nous n'avons pas eu encore le temps de le faire.
We headed for the mountain cottage.,Nous nous dirigions vers notre maison de montagne.
We just want you to tell the truth.,Nous voulons simplement que tu dises la vérité.
We just want you to tell the truth.,Nous voulons simplement que vous disiez la vérité.
We just want you to think about it.,Nous voulons juste que vous y pensiez.
We just want you to think about it.,Nous voulons juste que tu y penses.
We like to learn foreign languages.,Nous aimons apprendre des langues étrangères.
We like to learn foreign languages.,Nous aimons à apprendre des langues étrangères.
We loaded our baggage into the car.,Nous chargeâmes nos bagages dans la voiture.
We loaded our baggage into the car.,Nous avons chargé nos bagages dans la voiture.
"We made a good impression, I think.","Nous avons fait bonne impression, je pense."
We must decide by tomorrow morning.,Nous devons décider d'ici demain matin.
We must have something to live for.,Nous devons avoir une raison de vivre.
We must try to make the best of it.,Nous devons essayer d'en tirer le meilleur.
We need a bit more time to prepare.,Nous avons besoin d'un peu plus de temps pour nous préparer.
We need a firm quotation by Monday.,Nous avons besoin d'un devis ferme pour lundi.
We need to advertise on television.,Nous devons faire de la publicité à la télévision.
We never go to bed before midnight.,On ne va jamais se coucher avant minuit.
We never go to bed before midnight.,Nous n'allons jamais dormir avant minuit.
We often played chess after school.,On jouait souvent aux échecs après l'école.
We often played chess after school.,Nous jouions souvent aux échecs après l'école.
We often went skiing in the winter.,Nous allions souvent skier durant l'hiver.
We often went skiing in the winter.,Nous allions souvent skier au cours de l'hiver.
We only see each other on weekends.,Nous ne nous voyons que lors des week-ends.
We owe part of our success to luck.,Nous devons une part de notre succès à la chance.
We reached the top of the mountain.,Nous avons atteint le sommet de la montagne.
We reached the top of the mountain.,Nous atteignîmes le sommet de la montagne.
We reached the top of the mountain.,Nous parvînmes au sommet de la montagne.
We really shouldn't have done that.,Nous n'aurions vraiment pas dû faire ça.
We really shouldn't have done that.,Nous n'aurions réellement jamais dû le faire.
We saw the children enter the room.,Nous avons vu les enfants rentrer dans la pièce.
We should make something like that.,Nous devrions faire quelque chose comme ça.
We should sometimes pause to think.,Nous devrions nous arrêter pour réfléchir de temps en temps.
We should wait here for the moment.,Nous devrions attendre ici un moment.
We still have to look for the hook.,Il nous reste à chercher l'hameçon.
We talked until two in the morning.,Nous avons discuté jusqu'à deux heures du matin.
We took a walk along the riverbank.,Nous fîmes une promenade au long de la berge.
We want you to be the team captain.,Nous voulons que vous soyez le capitaine de l'équipe.
We want you to be the team captain.,Nous voulons que tu sois le capitaine de l'équipe.
We went out for a pizza last night.,On est sorti manger une pizza hier soir.
We were all present at her wedding.,Nous étions tous présents à son mariage.
We were all present at the meeting.,Nous étions tous présents à la réunion.
We were almost run over by a truck.,On a failli se faire écraser par un camion.
We were almost run over by a truck.,Nous avons failli être renversées par un camion.
We were attacked by swarms of bees.,Nous étions attaqués par un essaim d'abeilles.
We were greeted by a cute waitress.,Nous fûmes accueillis par une ravissante serveuse.
We were greeted by a cute waitress.,Nous avons été accueillis par une ravissante serveuse.
We were greeted by a cute waitress.,Nous fûmes accueillies par une ravissante serveuse.
We were greeted by a cute waitress.,Nous avons été accueillies par une ravissante serveuse.
We were on the train for ten hours.,Nous sommes restés dans le train pendant dix heures.
We were rowing against the current.,Nous ramions à contre-courant.
We were surprised to hear the news.,Nous fûmes surpris d'entendre les nouvelles.
We were surprised to hear the news.,Nous avons été surpris d'entendre les nouvelles.
We will make every effort to do so.,Nous mettrons tout en œuvre pour le faire.
We won't get off this island alive.,Nous ne sortirons pas vivants de cette île.
We won't get off this island alive.,Nous ne sortirons pas vivantes de cette île.
We won't get to you until tomorrow.,Nous ne te rejoindrons pas avant demain.
We would like to stay here tonight.,Nous aimerions passer la nuit ici.
We wouldn't want to disappoint Tom.,Nous ne voudrions pas décevoir Tom.
We'll be working on that this week.,Nous y travaillerons cette semaine.
We'll be working on that this week.,On travaillera sur ça cette semaine.
We'll have little snow this winter.,Nous aurons peu de neige cet hiver.
We'll have to postpone the meeting.,Nous allons devoir reporter la réunion.
We'll make a sailor out of you yet.,Nous finirons par faire de toi un matelot.
We'll see each other again someday.,On se reverra un jour.
We'll start whenever you are ready.,Nous commencerons dès que vous êtes prêt.
We'll start whenever you are ready.,Nous commencerons dès que tu es prêt.
We're expecting Tom any minute now.,Nous attendons Tom d'une minute à l'autre maintenant.
We're faced with many difficulties.,Nous sommes confrontés à de nombreuses difficultés.
We're getting a lot of things done.,Nous faisons beaucoup de choses.
We're getting a new car next month.,Nous aurons une nouvelle voiture le mois prochain.
We're going to buy ourselves a car.,On va s'acheter une voiture.
We're going to give it another try.,Nous allons essayer à nouveau.
We're going to give it another try.,On va essayer encore une fois.
We're going to have to verify this.,Nous allons devoir vérifier cela.
We're going to invite Tom and Mary.,On va inviter Tom et Mary.
We're interested only in the facts.,Seuls les faits nous intéressent.
We're leaving Australia next month.,Nous quittons l'Australie le mois prochain.
We're looking for a friend of ours.,Nous cherchons l'un de nos amis.
We're looking for a place to sleep.,Nous cherchons un endroit où dormir.
We're not doing this for the money.,Nous ne le faisons pas pour l'argent.
We're not going to do this anymore.,Nous n'allons plus faire ceci.
We're not going to make it in time.,On ne réussira pas à arriver à l'heure.
We're sure that it was an accident.,Nous sommes certains qu'il s'agissait d'un accident.
We're sure that it was an accident.,Nous sommes sûres que c'était un accident.
We're totally different people now.,Nous sommes désormais des gens complètement différents.
We're waiting for the right moment.,Nous attendons le bon moment.
We've accomplished a lot of things.,Nous avons accompli beaucoup de choses.
We've already covered this subject.,Nous avons déjà couvert ce sujet.
We've been friends for a long time.,Nous avons été longtemps amis.
We've been friends for a long time.,Nous avons été longtemps amies.
We've been here for a couple hours.,Nous sommes ici depuis quelques heures.
We've been married for three years.,Nous sommes mariés depuis trois ans.
We've got to get you to a hospital.,Il nous faut t'emmener dans un hôpital.
We've got to get you to a hospital.,Il nous faut vous emmener dans un hôpital.
We've known each other a long time.,Nous nous connaissons depuis longtemps.
"Well then, we still have a problem.","Eh bien alors, nous avons toujours un problème."
"Well then, what are we waiting for?","Alors, qu'est-ce qu'on attend ?"
"Well then, what are we waiting for?","Alors, qu'attendons-nous ?"
Were you able to solve the problem?,As-tu pu résoudre le problème ?
Were you able to solve the problem?,As-tu été en mesure de résoudre le problème ?
Were you able to solve the problem?,Avez-vous pu résoudre le problème ?
Were you able to solve the problem?,Avez-vous été en mesure de résoudre le problème ?
Were you the one who rung the bell?,Est-ce toi qui as sonné la cloche ?
Were you the one who rung the bell?,Est-ce vous qui avez sonné la cloche ?
Wet dogs smell worse than dry ones.,Les chiens mouillés puent plus que les secs.
What Tom did was incredibly stupid.,Ce que Tom a fait était incroyablement stupide.
What am I supposed to do with that?,Que suis-je censé en faire ?
What am I supposed to do with that?,Que suis-je censée en faire ?
What am I supposed to do with them?,Que suis-je supposé en faire ?
What am I supposed to do with them?,Que suis-je supposé faire d'eux ?
What am I supposed to do with them?,Que suis-je supposé faire d'elles ?
What am I supposed to tell Tom now?,Qu'est-ce que je suis censé dire à Tom maintenant ?
What am I supposed to tell Tom now?,Que suis-je censé dire à Tom maintenant ?
What am I supposed to tell Tom now?,Que suis-je supposé dire à Tom maintenant ?
What am I supposed to tell Tom now?,Qu'est-ce que je suis supposé dire à Tom maintenant ?
What are all these kids doing here?,Que font tous ces enfants ici ?
What are all these kids doing here?,Que font tous ces gamins ici ?
What are the doctor's office hours?,Quand le médecin tient-il sa consultation ?
What are the doctor's office hours?,Quels sont les horaires du cabinet du médecin ?
What are the terms of the contract?,Quels sont les termes du contrat ?
What are we eating for lunch today?,Que mangeons nous à midi aujourd'hui ?
What are you going to do with that?,Qu'allez-vous faire avec cela ?
What are you going to do with that?,Que vas-tu faire avec ça ?
What books have you read in French?,Quels livres as-tu lu en français ?
What can I do for you this evening?,Qu'est-ce que je peux faire pour toi ce soir ?
What did Tom get you for Christmas?,Qu'est-ce que Tom t'a offert à Noël ?
What did he do during the holidays?,Qu'a-t-il fait pendant les vacances ?
What difference would that've made?,Quelle différence est-ce que ça ferait ?
What do you have to complain about?,De quoi dois-tu te plaindre ?
What do you have to say about that?,Qu'avez-vous à dire à cela ?
What do you have to say about that?,Qu'est-ce que tu as à dire à propos de ça ?
What do you love? What do you hate?,Qu'est-ce que tu aimes ? Qu'est-ce que tu détestes ?
What do you love? What do you hate?,Qu'aimez-vous ? Que détestez-vous ?
What do you love? What do you hate?,Qu'aimes-tu ? Que détestes-tu ?
What do you say to a game of chess?,Que dirais-tu d'une partie d'échecs ?
What do you say to a game of chess?,Que diriez-vous d'une partie d'échecs ?
What do you suppose is in this box?,Que supposez-vous qu'il y ait dans cette boîte ?
What do you suppose is in this box?,Que supposes-tu qu'il y ait dans cette boîte ?
What do you think he meant by that?,Que pensez-vous qu'il voulait dire par là ?
What do you think he meant by that?,Que penses-tu qu'il voulait dire par là ?
What do you think of his new novel?,Que penses-tu de son nouveau roman ?
What do you think she is doing now?,Que penses-tu qu'elle soit en train de faire ?
What do you think she is doing now?,Que pensez-vous qu'elle soit maintenant en train de faire ?
What do you think she is doing now?,Que penses-tu qu'elle soit maintenant en train de faire ?
What do you think they'll do to me?,Que pensez-vous qu'ils me feront ?
What do you think they'll do to me?,Que penses-tu qu'ils me feront ?
What do you usually do on weekends?,"En général, vous faites quoi le week-end ?"
What do you want for your birthday?,Que veux-tu pour ton anniversaire ?
What do you want for your birthday?,Que voulez-vous pour votre anniversaire ?
What do you want for your birthday?,Que veux-tu pour ton anniversaire ?
What do you want for your birthday?,Que voulez-vous pour votre anniversaire ?
What do you want me to do about it?,Que voulez-vous que j'y fasse ?
What do you want me to do about it?,Que veux-tu que j'y fasse ?
What do you want the message to be?,Que veux-tu que le message soit ?
What do you want the message to be?,Que voulez-vous que le message soit ?
What does everyone do after school?,Que fait chacun après l'école ?
What grade did you get on the test?,Quelle note avez-vous obtenue à l'examen ?
What grade did you get on the test?,Quelle note as-tu obtenue à l'examen ?
What happened at that intersection?,Qu'est-il arrivé à ce croisement ?
What happened at that intersection?,Que c'est-il passé à ce croisement ?
What happened here was unavoidable.,Ce qu'il s'est produit ici était inévitable.
What have we gotten ourselves into?,Dans quoi nous sommes nous fourrés ?
What have you done with my luggage?,Qu'as-tu fait de mes bagages ?
What he said turned out to be true.,Ce qu'il avait dit se révéla vrai.
What is the local time in New York?,Quelle heure est-il à New York ?
What is the most popular movie now?,Quel est le film le plus populaire actuellement ?
What is the origin of the universe?,Quelle est l'origine de l'univers ?
What kind of car were they driving?,Quel genre de voiture conduisaient-ils ?
What kind of car were they driving?,Quel genre de voiture conduisaient-elles ?
What kind of insurance do you have?,Quelle sorte d'assurance possédez-vous ?
What kind of insurance do you have?,Quel genre d'assurance as-tu ?
What kind of man do you think I am?,Quelle sorte d'homme croyez-vous que je sois ?
What kind of mistakes did you make?,Quel genre d'erreurs avez-vous faites ?
What kind of mistakes did you make?,Quel genre d'erreurs as-tu faites ?
What kind of things make you angry?,Quel genre de choses t'énerve ?
What kind of things make you angry?,Quel genre de choses vous met en colère ?
What kind of training have you had?,Quelle sorte d'entraînement as-tu reçu ?
What kind of training have you had?,Quelle sorte de formation as-tu reçue ?
What kind of wine do you recommend?,Quelle sorte de vin recommandez-vous ?
What language do you speak at home?,Quelle langue parlez-vous chez vous ?
What language do you speak at home?,Quelle langue parles-tu à la maison ?
What magazines do you subscribe to?,À quels magazines t'abonnes-tu ?
What makes you think I need a loan?,Qu'est-ce qui vous fait penser que j'ai besoin d'un prêt ?
What makes you think I'm not happy?,Qu'est-ce qui te fait croire que je ne suis pas heureux ?
What makes you think I'm not happy?,Qu'est-ce qui te fait croire que je ne suis pas heureuse ?
What makes you think I'm not happy?,Qu'est-ce qui vous fait croire que je ne suis pas heureux ?
What makes you think I'm not happy?,Qu'est-ce qui vous fait croire que je ne suis pas heureuse ?
What newspaper do you subscribe to?,À quel journal es-tu abonné ?
What newspaper do you subscribe to?,À quel journal êtes-vous abonné ?
What newspaper do you subscribe to?,À quel journal êtes-vous abonnée ?
What newspaper do you subscribe to?,À quel journal êtes-vous abonnées ?
What newspaper do you subscribe to?,À quel journal êtes-vous abonnés ?
What newspaper do you subscribe to?,À quel journal es-tu abonnée ?
What payment options are available?,Quelles sont les options de paiement disponibles ?
What people say is not always true.,Ce que disent les gens n'est pas toujours vrai.
What quantity of paper do you need?,De quelle quantité de papier avez-vous besoin ?
What quantity of paper do you need?,De quelle quantité de papier as-tu besoin ?
What should I do to stop hiccoughs?,Que devrais-je faire pour arrêter un hoquet ?
What should we buy with this money?,Que devrions-nous acheter avec cet argent ?
What time are you leaving tomorrow?,À quelle heure est-ce que tu pars demain ?
What time are you leaving tomorrow?,À quelle heure partez-vous demain ?
What time did you get up yesterday?,À quelle heure est-ce que tu t'es levé hier ?
What time did you get up yesterday?,À quelle heure vous êtes-vous levés hier ?
What vegetables do you like to eat?,Quels légumes aimez-vous manger ?
What was it that brought you to me?,Qu'est-ce qui vous a mené à moi ?
What was it that brought you to me?,Qu'est-ce qui vous a menée à moi ?
What was it that brought you to me?,Qu'est-ce qui vous a menés à moi ?
What was it that brought you to me?,Qu'est-ce qui vous a menées à moi ?
What was it that brought you to me?,Qu'est-ce qui t'a mené à moi ?
What was it that brought you to me?,Qu'est-ce qui t'a menée à moi ?
What was the cause of the accident?,Quelle a été la cause de l'accident ?
What was the cause of the accident?,Quelle fut la cause de l'accident ?
What was the cause of your quarrel?,Quelle fut la cause de votre querelle ?
What were you hoping to accomplish?,Qu'est-ce que tu espérais accomplir ?
What were you hoping to accomplish?,Qu'espériez-vous accomplir ?
What would you like to do tomorrow?,Qu'aimerais-tu faire demain ?
What would you like to do tomorrow?,Qu'aimeriez-vous faire demain ?
What you don't know won't hurt you.,Ce que vous ignorez ne vous fera pas de mal.
What you don't know won't hurt you.,Ce que tu ignores ne te fera pas de mal.
What you said is absolute nonsense.,Ce que tu as dit est complètement insensé.
What you said is complete nonsense.,Ce que tu as dit n'a aucun sens.
What you said is complete nonsense.,Ce que tu as dit est totalement insensé.
What you're doing makes me nervous.,Ce que vous êtes en train de faire me rend nerveux.
What you're doing makes me nervous.,Ce que vous êtes en train de faire me rend nerveuse.
What you're doing makes me nervous.,Ce que tu es en train de faire me rend nerveux.
What you're doing makes me nervous.,Ce que tu es en train de faire me rend nerveuse.
What'll tomorrow's weather be like?,Quel temps fera-t-il demain ?
What'll you do if someone sees you?,Que feras-tu si quelqu'un te voit ?
What'll you do if someone sees you?,Que ferez-vous si quelqu'un vous voit ?
What're your plans for the weekend?,Quels sont tes plans pour le week-end ?
What're your plans for the weekend?,Quels sont vos plans pour le week-end ?
What's Tom going to do next summer?,Qu'est-ce que Tom va faire l'été prochain ?
What's going to happen to our pets?,Que va-t-il advenir de nos animaux de compagnie ?
What's going to happen to our pets?,Que va-t-il advenir de nos petits compagnons ?
What's happened here is a travesty.,Ce qui s'est produit ici est une farce.
What's the answer to that question?,Quelle est la réponse à cette question ?
What's the last thing you remember?,Quelle est la dernière chose que vous vous rappelez ?
What's the last thing you remember?,Quelle est la dernière chose dont vous vous souvenez ?
What's the real reason you're here?,Quelle la véritable raison de votre présence ici ?
What's the real reason you're here?,Quelle la véritable raison de ta présence ici ?
What's the weight of your suitcase?,Quel est le poids de votre valise ?
What's the weight of your suitcase?,Combien pèse ta valise ?
What's the weight of your suitcase?,Quel est le poids de ta valise ?
What's your area of specialization?,Quel est ton domaine de spécialisation ?
What's your area of specialization?,Quel est votre domaine de spécialisation ?
What's your favorite color of hair?,Quelle est ta couleur de cheveux préférée ?
What's your favorite kind of candy?,Quelle est ta confiserie préférée ?
What's your favorite pizza topping?,Quelle est votre garniture de pizza préférée ?
What's your favorite pizza topping?,Quelle est ta garniture de pizza préférée ?
What's your favorite radio station?,Quelle est votre station de radio préférée ?
What's your favorite way to travel?,Quelle est votre façon de voyager préférée ?
"Whatever you do, don't forget this.","Quoique tu fasses, n'oublie pas ça."
"When I bite down, this tooth hurts.","Lorsque je mords, cette dent me fait mal."
"When I heard that, I was mortified.","Quand j'ai entendu ça, j'ai été mortifié."
When are you coming back to Boston?,Quand est-ce que tu reviens à Boston ?
When did you begin studying French?,Quand avez-vous commencé à étudier le français ?
When did you get your first tattoo?,Quand t'es-tu fait faire ton premier tatouage ?
When did your daughter come of age?,Quand est-ce que ta fille a atteint sa majorité ?
"When he saw me, he started running.","Lorsqu'il me vit, il se mit à courir."
When was the last time you saw Tom?,Quand as-tu vu Tom pour la dernière fois ?
When will the world come to an end?,Quand le monde connaîtra-t-il une fin ?
When will you return my book to me?,Quand est-ce que tu vas me rendre mon livre ?
When will you return my book to me?,Quand allez-vous me rendre mon livre ?
Where are you going this afternoon?,Où vas-tu cet après-midi ?
Where are you going this afternoon?,Où vas-tu aller cette après-midi ?
Where are you going this afternoon?,Où allez-vous vous rendre cet après-midi ?
Where can I obtain a map of Europe?,Où puis-je obtenir une carte de l'Europe ?
Where did I put my reading glasses?,Où est-ce que j'ai mis mes lunettes de lecture ?
Where did you catch all those fish?,Où as-tu attrapé tout ce poisson ?
Where did you get all those plants?,Où as-tu récupéré toutes ces plantes ?
Where did you get this information?,Où as-tu eu ces informations ?
Where did you get this information?,Où as-tu eu cette information ?
Where did you get this information?,Où avez-vous obtenu cette information ?
Where did you get this information?,Où avez-vous obtenu ces informations ?
Where did you meet your girlfriend?,Où as-tu rencontré ta copine ?
Where did you meet your girlfriend?,Où as-tu rencontré ta petite-amie ?
Where did you meet your girlfriend?,Où avez-vous rencontré votre petite-amie ?
Where do you go on Monday evenings?,Où vas-tu le lundi soir ?
Where do you go on Monday evenings?,Où allez-vous les lundis soirs ?
Where do you want to sleep tonight?,Où voulez-vous dormir cette nuit ?
Where do you want to sleep tonight?,Où veux-tu dormir cette nuit ?
Where have you been all this while?,Où avez-vous été durant tout ce temps ?
Where have you been all this while?,Où as-tu été durant tout ce temps ?
Where is this play being performed?,Où est-ce joué ?
Where there is smoke there is fire.,Il n'y a pas de fumée sans feu.
Where were you yesterday afternoon?,Où étais-tu hier après-midi ?
Where were you yesterday afternoon?,Où étiez-vous hier après-midi ?
Where's the entrance to the museum?,Où se trouve l'entrée du musée ?
Which TV show do you like the most?,Quel programme de télévision appréciez-vous le plus ?
"Which do you prefer, rice or bread?","Que préfères-tu, du riz ou du pain ?"
"Which do you prefer, rice or bread?","Que préférez-vous, du riz ou du pain ?"
Which one of you wasn't on the bus?,Lequel d'entre vous ne se trouvait pas dans le bus ?
Which one of you wasn't on the bus?,Laquelle d'entre vous ne se trouvait pas dans le bus ?
Which planet is closest to the sun?,Quelle est la planète la plus proche du Soleil ?
Which wine goes best with red meat?,Quel vin accompagne au mieux la viande rouge ?
"While there is life, there is hope.","Tant qu'il y a de la vie, il y a de l'espoir."
Who are you to tell us we can't go?,Qui es-tu pour nous dire que nous ne pouvons pas partir ?
Who are you to tell us we can't go?,Qui es-tu pour nous dire que nous ne pouvons pas y aller ?
Who are you to tell us we can't go?,Qui êtes-vous pour nous dire que nous ne pouvons pas partir ?
Who are you to tell us we can't go?,Qui êtes-vous pour nous dire que nous ne pouvons pas y aller ?
Who can be calling me at this hour?,Qui peut bien me téléphoner à cette heure?
Who does the cooking at your house?,Qui fait la cuisine chez vous ?
Who does this dictionary belong to?,À qui appartient ce dictionnaire ?
Who gave you permission to do that?,Qui vous a donné la permission de faire cela ?
Who gave you permission to do that?,Qui t'a donné la permission de faire ça ?
Who painted this beautiful picture?,Qui a peint ce beau tableau ?
Who told you you needed to do that?,Qui t'a dit que tu devais faire ça ?
Who wears the pants in your family?,Qui porte la culotte dans votre famille ?
Who's that boy swimming over there?,Qui est ce garçon qui nage là-bas?
Who's that girl sitting over there?,Qui est cette fille assise là-bas ?
Who's the next person on your list?,Qui est la personne suivante sur ta liste ?
Who's the next person on your list?,Qui est la personne suivante sur votre liste ?