English words/sentences,French words/sentences
Would you like to visit the White House someday?,Aimerais-tu visiter la Maison-Blanche un jour ?
Would you like to visit the White House someday?,Aimeriez-vous visiter la Maison-Blanche un jour ?
Would you mind carrying it up the stairs for me?,Voudriez-vous le porter au haut de l'escalier pour moi ?
Would you please speak a little bit more slowly?,"Pourriez-vous parler un peu plus lentement, s'il vous plaît ?"
You are not allowed to turn left on this street.,On n'a pas le droit de tourner à gauche dans cette rue.
You are the last person that I expected to meet.,Tu es la dernière personne que je m'attendais à rencontrer.
You burnt a hole in my coat with your cigarette.,Vous avez fait un trou dans mon manteau avec votre cigarette.
You can go from Washington to New York by train.,Vous pouvez aller de Washington à New York en train.
You can't just come here without an appointment.,Vous ne pouvez pas simplement venir ici sans rendez-vous.
You can't just come here without an appointment.,Tu ne peux pas simplement venir ici sans rendez-vous.
You can't just come here without an appointment.,Tu ne peux pas simplement te pointer ici sans rendez-vous.
You can't live your life under these conditions.,On ne peut mener sa vie dans ces conditions.
You cannot kill yourself by holding your breath.,Tu ne peux pas te tuer en retenant ta respiration.
"You gave Tom the money he asked for, didn't you?","Vous avez donné à Tom l'argent qu'il a demandé, n'est-ce pas ?"
"You have a choice of black tea, coffee, or milk.","Vous avez le choix entre du thé noir, du café ou du lait."
You look like you've just lost your best friend.,On dirait que tu viens de perdre ton meilleur ami.
You may catch sight of our house from the train.,Tu peux apercevoir notre maison du train.
You may catch sight of our house from the train.,Vous pouvez apercevoir notre maison du train.
You must not forget to wake me tomorrow morning.,N'oubliez pas de me réveiller demain matin.
You need another ten dollars to buy that camera.,Tu as encore besoin de dix dollars pour acheter cet appareil photo.
You need to be strong to do something like that.,Tu as besoin d’être fort pour faire quelque chose comme ça.
You need to eat something before you go to work.,Tu dois manger quelque chose avant d'aller travailler.
You need to eat something before you go to work.,Vous devez manger quelque chose avant d'aller au travail.
You should assume that Tom won't help us at all.,Tu devrais admettre que Tom ne nous aiderait pas du tout.
You should be careful in your choice of friends.,Tu devrais être circonspect dans le choix de tes amis.
You should be proud of what you've accomplished.,Tu devrais être fier de ce que tu as accompli.
You should be proud of what you've accomplished.,Vous devriez être fiers de ce que vous avez accompli.
You should be proud of what you've accomplished.,Vous devriez être fière de ce que vous avez accompli.
You should have a doctor examine your condition.,Vous devriez vous faire examiner par un docteur.
You should have a doctor examine your condition.,Vous devriez voir un docteur.
You should have introduced yourself to the girl.,Tu aurais dû te présenter à la fille.
You should have refused such an unfair proposal.,Tu aurais dû refuser une proposition aussi injuste.
You should not despise a man because he is poor.,Tu ne devrais pas mépriser un homme parce qu'il est pauvre.
You should not despise a man because he is poor.,Vous ne devriez pas mépriser un homme parce qu'il est pauvre.
You should not judge people by their appearance.,Tu ne devrais pas juger les gens sur leur apparence.
You should obey the traffic laws when you drive.,Tu devrais respecter le code de la route quand tu conduis.
You should set a good example for your children.,Vous devriez montrer le bon exemple à vos enfants.
You should spend more time studying than you do.,Tu devrais passer plus de temps à étudier que tu ne le fais.
You should spend more time studying than you do.,Tu devrais passer davantage de temps à étudier que tu ne le fais.
You should spend more time studying than you do.,Vous devriez passer plus de temps à étudier que vous ne le faites.
You should spend more time studying than you do.,Vous devriez passer davantage de temps à étudier que vous ne le faites.
You shouldn't get near my dog while he's eating.,Vous ne devriez pas vous approcher de mon chien pendant qu'il mange.
You still haven't told me when you get off work.,Tu ne m'as toujours pas dit quand tu termines ton travail.
You still haven't told me when you get off work.,Vous ne m'avez toujours pas dit quand vous terminez votre travail.
You still haven't told me when you get off work.,Vous ne m'avez pas encore dit quand vous terminez votre travail.
You still haven't told me when you get off work.,Tu ne m'as pas encore dit quand tu termines ton travail.
You still haven't told me why you quit your job.,Tu ne m'as toujours pas dit pourquoi tu as démissionné de ce poste.
You want answers to questions you shouldn't ask.,Vous voulez des réponses à des questions que vous ne devriez pas poser.
You were nodding off at times during my lecture.,Tu t'es assoupi de temps en temps pendant mon cours.
You were nodding off at times during my lecture.,"Vous vous êtes assoupi, à certains moments au long de mon sermon."
You will soon get accustomed to your new school.,Tu vas bientôt t'habituer à ta nouvelle école.
You will soon get accustomed to your new school.,Vous allez bientôt vous accoutumer à votre nouvelle école.
You will soon get used to the change of climate.,Tu vas bientôt t'habituer au changement de climat.
You won't even remember me a few years from now.,Tu ne te rappelleras même pas de moi d'ici quelques années.
You won't even remember me a few years from now.,Vous ne vous rappellerez même pas de moi d'ici quelques années.
You would have to practice the violin every day.,Tu devrais t'exercer au violon tous les jours.
You'd be surprised what you can learn in a week.,Tu serais surprise de ce que tu peux apprendre en une semaine.
You'd better sober up before the boss gets back.,Tu ferais mieux de te dégriser avant que le patron revienne.
You'll soon get accustomed to this cold weather.,Vous vous habituerez vite à ce temps froid.
You'll soon get accustomed to this cold weather.,Tu t'habitueras vite à ce temps froid.
You're not the only one who doesn't believe Tom.,Vous n'êtes pas la seule à ne pas croire Tom.
You're not the only one who doesn't believe Tom.,Vous n'êtes pas le seul à ne pas croire Tom.
You're not the only one who doesn't believe Tom.,Tu n'es pas la seule à ne pas croire Tom.
You're not the only one who doesn't believe Tom.,Tu n'es pas le seul à ne pas croire Tom.
You're the most incredible person I've ever met.,Vous êtes la personne la plus incroyable que j'aie jamais rencontrée.
You're the only person who shows me any respect.,Vous êtes la seule personne qui me témoigne un quelconque respect.
You're the only person who shows me any respect.,Vous êtes la seule personne à me témoigner un quelconque respect.
You're wasting your time trying to convince Tom.,Tu perds ton temps à essayer de convaincre Tom.
You're wasting your time trying to convince Tom.,Vous perdez votre temps à essayer de convaincre Tom.
You've got to give up gambling once and for all.,Tu dois arrêter de jouer une fois pour toutes.
Your love is the only thing that keeps me alive.,Ton amour est la seule chose qui me fais vivre.
Your singing puts professional singers to shame.,Votre chant ferait pâlir un chanteur professionnel.
"Can I use your dictionary? ""Yes, here you are.""","« Puis-je utiliser votre dictionnaire ? » « Oui, je vous en prie. »"
"May I help you? ""Yes, I'm looking for a dress.""","« Est-ce que je peux vous aider ? » « Oui, je cherche une robe. »"
"When does he study? ""He studies before dinner.""",« Quand étudie-t-il ? » « Il étudie avant le repas. »
"Will you show me your ticket? ""Yes, of course.""","« Pouvez-vous me montrer votre billet ? » « Oui, bien sûr. »"
"You've got a crush on this girl. ""No, I don't!""","« Tu en pinces pour cette fille. » « Non, c'est faux ! »"
A doctor told me that eating eggs was bad for me.,Un docteur m'a dit que manger des œufs était mauvais pour ma santé.
A good night's sleep will do you a world of good.,Une bonne nuit de sommeil te fera un bien fou.
A good night's sleep will do you a world of good.,Une bonne nuit de sommeil vous fera un bien fou.
A leap year has three hundred and sixty-six days.,Une année bissextile a trois cent soixante-six jours.
A leap year has three hundred and sixty-six days.,Une année bissextile compte trois cent soixante-six jours.
A long piece of thread easily becomes tangled up.,Un long fil s'emmêle facilement.
A lot of passengers were injured in the accident.,Beaucoup de passagers furent blessés dans l'accident.
A man who smacks his wife around is contemptible.,Un homme qui bat sa femme est méprisable.
A monument was erected in memory of the deceased.,Un monument a été érigé à la mémoire des défunts.
A monument was erected in memory of the deceased.,Un monument a été érigé à la mémoire du défunt.
A monument was erected in memory of the deceased.,Un monument a été érigé à la mémoire de la défunte.
A number of cars are parked in front of my house.,Plusieurs voitures sont garées devant chez moi.
A portrait of an old man was hanging on the wall.,Le portrait d’un vieil homme était accroché au mur.
A sneeze leaves your body at forty miles an hour.,Un éternuement est expulsé de notre corps à soixante kilomètres heure.
A trip to Hawaii will cost you about 200 dollars.,Un voyage à Hawaii coûte environ 200 dollars.
"According to the newspaper, he committed suicide.","Selon les journaux, il s'est suicidé."
"Actually, I don't like the way your hair is done.","En réalité, je n'aime pas ta coiffure."
Adding comments makes it easier to read the code.,Ajouter des commentaires facilite la lecture du code.
"After the rain, there were puddles on the street.",Après la pluie il y avait des flaques d'eau sur la route.
"After you have read it, give the book back to me.","Après l'avoir lu, rends-moi le livre."
"Against all expectations, we became good friends.","Contre toute attente, nous devînmes amis."
"Against all expectations, we became good friends.","Contre toute attente, nous devînmes amies."
"Against all expectations, we became good friends.","Contre toute attente, nous sommes devenus amis."
"Against all expectations, we became good friends.","Contre toute attente, nous sommes devenues amies."
"Against the snow, the white rabbit was invisible.",Au milieu de la neige le lapin blanc était invisible.
All that you have to do is to wait for his reply.,Tout ce que tu as à faire c'est attendre sa réponse.
All the goods for sale are set out on the tables.,Toutes les marchandises à vendre sont disposées sur les tables.
All the goods for sale are set out on the tables.,Toutes les marchandises en vente étaient étalées sur les tables.
All the money put together still won't be enough.,Tout l'argent réuni ne suffira pas.
"All the money spent, we started looking for work.","Une fois tout l'argent dépensé, on commença à chercher du travail."
"All things considered, she is a fairly good wife.","En prenant tout en considération, elle est une assez bonne épouse."
All this bickering is starting to fray my nerves.,Toutes ces querelles m'usent les nerfs.
And with that we finish the activities for today.,Nous terminons ainsi les activités d'aujourd'hui.
Anything that is too stupid to be spoken is sung.,Tout ce qui est trop stupide pour être dit est chanté.
Anything the group decides is OK is fine with me.,Quoi que le groupe approuve me va bien.
Anything you're good at contributes to happiness.,N'importe quoi auquel vous êtes bon contribue au bonheur.
Anything you're good at contributes to happiness.,N'importe quoi auquel tu es bon contribue au bonheur.
Anything you're good at contributes to happiness.,N'importe quoi auquel on est bon contribue au bonheur.
"Apparently, the murder happened in a locked room.","Apparemment, le meurtre a eu lieu en chambre close."
Are both of your sisters as beautiful as you are?,Est-ce que tes deux sœurs sont aussi belles que toi ?
Are both of your sisters as beautiful as you are?,Vos deux sœurs sont-elles aussi belles que vous ?
Are you doing something special on your birthday?,Faites-vous quelque chose de spécial pour votre anniversaire ?
Are you doing something special on your birthday?,Fais-tu quelque chose de spécial pour ton anniversaire ?
Are you going to do your homework this afternoon?,Vas-tu faire tes devoirs cet après-midi ?
Are you seriously thinking about eating all that?,Envisages-tu sérieusement d'ingurgiter tout ça ?
Are you still thinking about applying to Harvard?,Penses-tu toujours à candidater à Harvard ?
Are you still thinking about applying to Harvard?,Pensez-vous toujours à postuler à Harvard ?
Are you suggesting that we impersonate policemen?,Es-tu en train de suggérer que nous nous fassions passer pour des agents de police ?
Are you suggesting that we impersonate policemen?,Êtes-vous en train de suggérer que nous nous fassions passer pour des policiers ?
Are you sure that you haven't forgotten anything?,Es-tu sûr de n'avoir rien oublié ?
Are you sure that you haven't forgotten anything?,Es-tu sûre de n'avoir rien oublié ?
Are you sure that you haven't forgotten anything?,Êtes-vous sûr de n'avoir rien oublié ?
Are you sure that you haven't forgotten anything?,Êtes-vous sûre de n'avoir rien oublié ?
Are you sure that you haven't forgotten anything?,Êtes-vous sûrs de n'avoir rien oublié ?
Are you sure that you haven't forgotten anything?,Êtes-vous sûres de n'avoir rien oublié ?
Armies invaded and conquered the enemy territory.,Les armées envahissaient et conquéraient le territoire ennemi.
"As is often the case with him, he was late again.","Comme c'est souvent le cas avec lui, il était en retard, une fois de plus."
"As soon as I get to London, I'll drop you a line.","Aussitôt que j'arrive à Londres, je te laisserai un mot."
"As soon as she wakes up, we'll turn on the music.","Dès qu'elle sera réveillée, nous mettrons la musique."
"At any rate, I must finish this work by tomorrow.","En tout état de cause, je dois finir ce travail pour demain."
"Be it ever so humble, there's no place like home.",On n'est jamais aussi bien que chez soi.
Believe me when I tell you that I don't love you.,Crois-moi quand je te dis que je ne t'aime pas.
Bradford is arguably the ugliest town in Britain.,Bradford est prétendument la ville la plus laide de Grande-Bretagne.
Cambodia appealed to the United Nations for help.,Le Cambodge a demandé de l'aide aux Nations Unies.
Can a child of her age distinguish good from bad?,Une enfant de son âge peut-elle distinguer le bien du mal ?
Can anyone vouch for your whereabouts last night?,Quelqu'un peut-il se porter garant de votre localisation hier soir ?
Can you give me a geological explanation of lava?,Peux-tu me donner une explication de nature géologique concernant la lave ?
Can you tell us what the bank robber looked like?,Pouvez-vous nous dire à quoi ressemblait le braqueur ?
Can you tell us what the bank robber looked like?,Peux-tu nous dire à quoi ressemblait le braqueur ?
Can you understand the meaning of this paragraph?,Pouvez-vous comprendre la signification de ce paragraphe ?
Can you understand the meaning of this paragraph?,Peux-tu comprendre le sens de ce paragraphe ?
Children under three are admitted free of charge.,L'entrée est gratuite pour les enfants de moins de trois ans.
Close the door after you when you leave the room.,Fermez la porte derrière vous quand vous quittez la pièce.
Come closer and have a good look at this picture.,Approche-toi et regarde bien cette image.
Cost is a definite factor in making our decision.,Le coût est un facteur décisif dans la décision que nous avons prise.
Could we have a table in the non-smoking section?,Pourrions-nous avoir une table dans le coin non-fumeur ?
Could you rewrite this sentence. It is not clear.,Pourrais-tu réécrire cette phrase ? Elle n'est pas claire.
Customer satisfaction is our number one priority.,La satisfaction client est notre priorité numéro un.
"Despite all his setbacks, he remains an optimist.","Malgré tous ses revers, il reste optimiste."
"Despite all his setbacks, he remains an optimist.","Malgré tous ses revers, il demeure optimiste."
Did you check all the items on the shopping list?,As-tu vérifié tous les articles sur la liste des courses ?
Didn't I tell you that I was allergic to peanuts?,Ne vous ai-je donc pas dit que j'étais allergique aux cacahuètes ?
Didn't I tell you that I was allergic to peanuts?,Ne t'ai-je donc pas dit que j'étais allergique aux cacahuètes ?
Do you ever think before you open your big mouth?,Ne réfléchis-tu jamais avant d'ouvrir ta grande gueule ?
Do you happen to know of a cheap hotel near here?,Connaitrais-tu un hôtel bon marché à proximité ?
Do you have any idea how stupid I feel right now?,As-tu la moindre idée de combien je me sens désormais idiote ?
Do you have any other questions about the matter?,Avez-vous d'autres questions sur le sujet ?
Do you have any other questions about the matter?,As-tu d'autres questions sur le sujet ?
Do you have something that you want to say to me?,Vous avez quelque chose à me dire ?
Do you intend to eat that whole cake by yourself?,Est-ce que tu as l'intention de manger tout ce gâteau tout seul ?
Do you really hide your money under the mattress?,Caches-tu vraiment ton argent sous le matelas ?
Do you really think this is worth thirty dollars?,Penses-tu vraiment que ça vaille trente dollars ?
Do you really think this is worth thirty dollars?,Pensez-vous vraiment que ceci vaille trente dollars ?
Do you really want to put your life in her hands?,Es-tu sûr de vouloir mettre ta vie entre ses mains ?
Do you really want to put your life in her hands?,Êtes-vous sûr de vouloir mettre votre vie entre ses mains ?
Do you remember the day when we saw the accident?,Te souviens-tu du jour où nous avons vu l'accident ?
Do you think this jelly's firm enough to eat yet?,Ne crois-tu pas que cette gelée est déjà suffisamment ferme pour être mangée ?
Do you think we should import rice from the U.S.?,Pensez-vous que nous devrions importer du riz des États-Unis ?
Do you want me to tell Tom that we won't do that?,Veux-tu que je dise à Tom que nous ne le ferons pas ?
Do you want to spend the rest of your life alone?,Veux-tu passer seul le reste de ta vie ?
Do you want to spend the rest of your life alone?,Veux-tu passer seule le reste de ta vie ?
Do you want to spend the rest of your life alone?,Voulez-vous passer seul le reste de votre vie ?
Do you want to spend the rest of your life alone?,Voulez-vous passer seule le reste de votre vie ?
Does a child's musical talent depend on heredity?,Le talent d'un enfant pour la musique repose-t-il sur l'hérédité ?
Don't forget to pick me up at 6 o'clock tomorrow.,N'oubliez pas de me prendre à six heures demain.
Don't forget to pick me up at 6 o'clock tomorrow.,N'oublie pas de venir me chercher à 6 heures demain.
Don't let anything stand between you and success.,Ne laissez rien s'interposer entre vous et le succès.
Don't let anything stand between you and success.,Ne laisse rien s'interposer entre toi et le succès.
Don't let the children monopolize the television.,Ne laisse pas les enfants monopoliser la télévision.
Don't post drunk pictures on Facebook or Twitter.,Ne publiez pas de photos de beuveries sur Facebook ou Twitter.
Don't waste your time in a dead-end relationship.,Ne perds pas ton temps dans une relation vouée à l'échec.
Don't you know that he passed away two years ago?,Vous ne saviez pas qu'il est mort il y a deux ans ?
Don't you smell something burning in the kitchen?,Ne sentez-vous pas quelque chose qui brûle dans la cuisine ?
Don't you smell something burning in the kitchen?,Ne sens-tu pas quelque chose qui brûle dans la cuisine ?
Don't you think most Japanese students work hard?,Ne pensez-vous pas que la plupart des étudiants japonais travaillent dur ?
"Due to the fog, traffic is temporarily suspended.","Pour cause de brouillard, la circulation est temporairement suspendue."
"During the rush hours in Tokyo, traffic is heavy.","Pendant l'heure de pointe, la circulation à Tokyo est dense."
"Each time I went to see him, I found him at work.","Chaque fois que je suis venu le voir, je l'ai trouvé au travail."
Even God cannot make two times two not make four.,Même Dieu ne peut pas faire que deux fois deux ne fassent pas quatre.
"Even though I can speak Chinese, I can't read it.","Même si je sais parler chinois, je ne peux pas le lire."
"Even wounds that have healed, leave scars behind.",Même les blessures qui sont guéries laissent des cicatrices derrière elles.
Every boy is supposed to wear a tie at the party.,Tous les garçons sont censés porter une cravate à la soirée.
Everybody is supposed to wear a tie at the party.,Tout le monde est censé porter une cravate à cette soirée.
Everyone is entitled to be moody once in a while.,Tout le monde a le droit d'être de mauvaise humeur une fois de temps en temps.
Everyone is looking forward to watching the game.,Tous se réjouissent de voir la partie.
Everyone should be able to express their opinion.,Tout le monde doit pouvoir exprimer son opinion.
Everything is becoming more and more complicated.,Tout devient de plus en plus compliqué.
Everywhere you look you can see children playing.,"Où que tu regardes, tu peux voir des enfants jouer."
Everywhere you look you can see children playing.,"Où que vous regardiez, vous pouvez voir des enfants jouer."
"Except for leap years, February has only 28 days.","En dehors des années bissextiles, février ne compte que vingt-huit jours."
"Far from being a failure, it was a great success.","Loin d'être un échec, c'était un énorme succès."
Fewer young people know how to write in longhand.,De moins en moins de jeunes savent écrire en écriture cursive.
Fewer young people know how to write in longhand.,Moins de jeunes savent écrire en cursive.
Fish can be dry and tasteless if it's overcooked.,"Le poisson, s'il est trop cuit, peut être sec et dénué de goût."
Flaxseed is one of the healthiest foods on earth.,La graine de lin est l'un des aliments les plus sains de la planète.
Food and blankets were given out to the refugees.,De la nourriture et des couvertures ont été données aux réfugiés.
Food must be chewed well to be digested properly.,La nourriture doit être bien mastiquée pour être digérée correctement.
Forests cover around 9.4% of the earth's surface.,"Les forêts recouvrent environ 9,4% de la surface terrestre."
Four percent inflation is forecast for this year.,On a prévu quatre pour cent d'inflation pour cette année.
Full body scanners were installed at the airport.,Des scanners corporels intégraux ont été installés à l'aéroport.
Fur provides animals protection against the cold.,La fourrure fournit aux animaux une protection contre le froid.
"Generally speaking, the climate of Japan is mild.","De façon générale, le climat du Japon est plutôt doux."
"Generally speaking, the climate of Japan is mild.","Dans l'ensemble, le Japon a un climat doux."
Get a move on kids or you'll miss the school bus.,Allons-y les enfants ou vous allez manquer le car scolaire.
Give your passport number and your date of birth.,Donne ton numéro de passeport et ta date de naissance.
"Had he been there, would you have wanted to come?","S'il avait été là, aurais-tu voulu venir ?"
Half of the world’s population lives in cities.,La moitié de la population mondiale vit en ville.
Have you finished your preparations for the trip?,Avez-vous terminé vos préparatifs pour le voyage ?
Have you gotten used to eating Japanese food yet?,T'es-tu enfin accoutumé à consommer de la nourriture japonaise ?
Have you gotten used to eating Japanese food yet?,T'es-tu enfin accoutumée à consommer de la nourriture japonaise ?
Have you gotten used to eating Japanese food yet?,Vous êtes-vous enfin accoutumé à consommer de la nourriture japonaise ?
Have you gotten used to eating Japanese food yet?,Vous êtes-vous enfin accoutumée à consommer de la nourriture japonaise ?
Have you gotten used to eating Japanese food yet?,Vous êtes-vous enfin accoutumés à consommer de la nourriture japonaise ?
Have you gotten used to eating Japanese food yet?,Vous êtes-vous enfin accoutumées à consommer de la nourriture japonaise ?
Have you told everyone where the meeting will be?,As-tu annoncé à tout le monde où la réunion se tiendra ?
Have you told everyone where the meeting will be?,Avez-vous annoncé à tout le monde où la réunion se tiendra ?
He acted as a guide while I was staying in Kyoto.,"Il a servi de guide, quand j’étais à Kyoto."
He always leaves the window open while he sleeps.,Il laisse toujours la fenêtre ouverte quand il dort.
He always leaves the window open while he sleeps.,Il laisse toujours la fenêtre ouverte lorsqu'il dort.
He always speaks of the government with contempt.,Il parle toujours du gouvernement avec mépris.
He asked me if I had slept well the night before.,Il me demanda si j'avais bien dormi la nuit précédente.
He began to work to get Congress to reduce taxes.,Il s'est mis à œuvrer afin que le Congrès réduise les impôts.
He began to work to get Congress to reduce taxes.,Il se mit à œuvrer afin que le Congrès réduisît les impôts.
He calculated that it would cost him 100 dollars.,Il calcula que cela lui coûterait 100 dollars.
"He cannot afford to buy a car, much less a house.","Il ne peut pas se permettre d'acheter une voiture, encore moins une maison."
He commanded me to leave the bedroom immediately.,Il m'ordonna de quitter la chambre immédiatement.
He contracted malaria while living in the jungle.,"Il contracta la malaria, tandis qu'il vivait dans la jungle."
He couldn't get his ideas across to the students.,Il était incapable de faire passer ses idées aux étudiants.
He criticized the war after leaving the military.,Il critiqua la guerre après avoir quitté les armes.
He did not believe anyone had the right to do so.,Il ne crut pas que quiconque eut le droit de le faire.
He died a few days before his hundredth birthday.,Il mourut quelques jours avant son centenaire.
He doesn't know how to write a letter in English.,Il ne connaît pas la façon d'écrire une lettre en anglais.
He doesn't mean to be mean. It's just his nature.,Il n'est pas intentionnellement cruel. C'est juste sa nature.
He drank a cup of tea and then asked for another.,Il but un tasse de thé et en demanda une autre.
He entered the Democratic Party but soon left it.,Il entra au parti démocrate mais le quitta rapidement.
He expected that their talk was going to be long.,Il s'attendait à ce que la conversation dure longtemps.
He gave us an essay to write during the vacation.,Il nous a donné une rédaction à écrire pour les vacances.
He gets really testy when he doesn't get his way.,Il devient vraiment irritable quand il n'obtient pas ce qu'il veut.
He got up early so he'd be in time for the train.,Il se leva tôt de manière à être à l'heure pour le train.
He got very proficient in English in a few years.,"En quelques années, il est devenu très compétent en anglais."
He had a gentleness that was attractive to women.,Il avait une douceur qui attirait les femmes.
He had barely enough money to buy bread and milk.,Il avait à peine assez d'argent pour acheter du pain et du lait.
He had not even spoken to the president about it.,Il n'en avait pas même parlé au président.
He had words with his friend and then struck him.,Il eut des mots avec son ami et le frappa alors.
He hadn't eaten all day long and was very hungry.,Il n'avait pas mangé de la journée et était affamé.
He has a sufficient income to support his family.,Il a des revenus suffisants pour subvenir aux besoins de sa famille.
He has friends from many different walks of life.,Il a des amis de nombreuses professions différentes.
He has not been able to attend school for a week.,Il n'a pas pu aller à l'école pendant une semaine.
"He has retired, but he is still an actual leader.","Il a pris sa retraite, mais c'est encore lui le vrai dirigeant."
He has something to do with the traffic accident.,Il est impliqué dans l'accident de la route.
He has the habit of standing up when he is angry.,Il a l'habitude de se lever lorsqu'il est en colère.
He hurried up so that he wouldn't miss the train.,Il se pressa pour ne pas rater le train.
He is carrying out experiments in his laboratory.,Il entreprend des expériences dans son laboratoire.
He is considered the prime suspect by the police.,Il est considéré comme le suspect numéro un par la police.
He is our teacher and a person we should respect.,C'est notre professeur et il faut respecter sa personne.
He is regarded as the best doctor in the village.,Il est considéré comme le meilleur médecin du village.
He is unable to concentrate on his academic work.,Il est incapable de se concentrer sur son travail scolaire.
"He is very friendly, so I enjoy working with him.","Il est très sympathique, donc j'aime bien travailler avec lui."
He is working as a security guard at a warehouse.,Il travaille comme gardien dans un entrepôt.
He kept his sense of humor until the day he died.,Il a conservé son sens de l'humour jusqu'au jour où il est mort.
"He leaned over her and said, ""No, I'm not lying.""","Il se pencha au-dessus d'elle et dit : « Non, je ne mens pas. »"
"He looked calm, but actually he was very nervous.","Il avait l'air calme, mais en réalité, il était très nerveux."
He lost hope and killed himself by taking poison.,Il a perdu espoir et s'est suicidé en prenant du poison.
He negotiated a free trade agreement with Canada.,Il a négocié un accord de libre-échange avec le Canada.
He never fails to write to his mother every week.,Il ne manque jamais d'écrire à sa mère chaque semaine.
He never goes out fishing without taking his son.,Il ne part jamais à la pêcher sans amener son fils avec lui.
"He once knew her, but they are no longer friends.","Il la connut par le passé, mais à présent ils ne sont plus amis."
He pulled the wounded soldier to the nearby bush.,Il tira le soldat blessé jusqu’à un buisson à proximité.
He referred to his past experience in his speech.,Il se référa à son expérience passée dans son discours.
He returned home for the first time in ten years.,Il revint chez lui pour la première fois en dix ans.
He returned home for the first time in ten years.,Il est retourné chez lui pour la première fois en dix ans.
"He said he did not know the man, which was a lie.","Il a dit qu'il ne connaissait pas cet homme, ce qui était un mensonge."
"He said he did not know the man, which was a lie.","Il dit qu'il ne connaissait pas l'homme, ce qui était un mensonge."
He said that he was going home the following day.,Il a dit qu'il allait rentrer à la maison le jour suivant.
"He said that if he were there, he would help her.","Il a dit que s'il était là, il l'aiderait."
He should apologize for being rude to the guests.,Il devrait s'excuser d'avoir été impoli avec les invités.
He sits in this chair when he watches television.,Il est assis dans cette chaise quand il regarde la télévision.
He spends all his time chatting online on Jabber.,Il passe tout son temps à discuter en ligne sur Jabber.
He squashed the insect with the heel of his foot.,Il écrasa l'insecte du talon.
He started learning English at the age of eleven.,Il commença à apprendre l'anglais à l'âge de onze ans.
He thanked the host for the very enjoyable party.,Il remercia l'hôte pour la très divertissante fête.
"He tried to make his wife happy, but he couldn't.","Il essaya de rendre sa femme heureuse, mais il n'y parvint pas."
"He tried to make his wife happy, but he couldn't.","Il a essayé de rendre sa femme heureuse, mais il n'y est pas parvenu."
He was determined to finish the work at any cost.,Il était déterminé à finir le travail à n'importe quel prix.
He was smiling as if nothing had happened to him.,Il souriait comme si rien ne lui était arrivé.
He was still alive when the rescue party arrived.,Il est resté en vie quand l'équipe de secours est arrivée.
He was surprised at the long-distance phone bill.,Il a été surpris de la facture téléphonique pour l'appel longue distance.
He was writing a letter while listening to music.,Il écrivait une lettre en écoutant de la musique.
He wasn't earning a large salary when he retired.,Il ne gagnait pas un gros salaire lorsqu'il prit sa retraite.
He went on to demonstrate how to use the machine.,Il poursuivit sa démonstration de l'utilisation de la machine.
He went to New York as soon as he got the letter.,Il est allé à New York aussitôt qu'il a eu la lettre.
He will make a business trip to London next week.,Il ira en voyage d'affaire à Londres la semaine prochaine.
He wondered to himself why his wife had left him.,Il se demanda pourquoi sa femme l'avait quitté.
He would often come to see us when I was a child.,Il nous rendait souvent visite lorsque j'étais petit.
He would sit for hours reading detective stories.,Il s'assiérait des heures à lire des histoires de détectives.
"He wrote her a long letter, which he didn't mail.",Il lui a écrit une longue lettre qu'il n'a pas envoyée.
He zones out in front of the TV for hours on end.,Il traîne sans arrêt devant la télé pendant des heures.
He's not smart enough to add numbers in his head.,Il n'a pas assez de cervelle pour faire des additions de tête.
He's nothing special. Just another working stiff.,Il n'est rien en particulier. Juste un employé comme les autres.
Her birthday party will be held tomorrow evening.,Sa fête d'anniversaire se tiendra demain soir.
Her composition had no grammatical errors at all.,Sa composition ne comportait aucune erreur de grammaire.
Her hopes were dashed when she heard the verdict.,Ses espoirs furent réduits à néant lorsqu'elle entendit le verdict.
Here is a list of things you should avoid eating.,Voici une liste de choses que vous devriez éviter de manger.
Here is a list of things you should avoid eating.,Voici une liste de choses que tu devrais éviter de manger.
Here. Take this with you. It might come in handy.,Voici. Prends ceci avec toi. Ça pourrait t'être utile.
Here. Take this with you. It might come in handy.,Voici. Prenez ceci avec vous. Ça pourrait vous être utile.
"Hey man, take it easy. I'm just messing with you.","Hé vieux, le prends pas mal. Je te taquine juste."
His birthday just happens to be the same as mine.,Il se trouve que son anniversaire tombe le même jour que moi.
His birthday just happens to be the same as mine.,Son anniversaire tombe justement le même jour que le mien.
His family dates back to the seventeenth century.,Sa famille remonte au dix-septième siècle.
His older sister is older than my oldest brother.,Sa sœur ainée est plus âgée que mon frère ainé le plus âgé.
His salary is double what it was seven years ago.,Son salaire est le double de ce qu'il était il y a sept ans.
How about starting again from the very beginning?,Que dis-tu de recommencer depuis le tout début ?
How about starting again from the very beginning?,Que dis-tu de reprendre depuis le tout début ?
How about starting again from the very beginning?,Que dites-vous de recommencer depuis le tout début ?
How about starting again from the very beginning?,Que dites-vous de reprendre depuis le tout début ?
How come you know so much about Japanese history?,Comment se fait-il que tu en saches autant sur l'histoire du Japon ?
How did you reach such an interesting conclusion?,Comment êtes-vous parvenu à une conclusion si intéressante ?
How did you reach such an interesting conclusion?,Comment êtes-vous parvenue à une conclusion si intéressante ?
How did you reach such an interesting conclusion?,Comment êtes-vous parvenus à une conclusion si intéressante ?
How did you reach such an interesting conclusion?,Comment êtes-vous parvenues à une conclusion si intéressante ?
How did you reach such an interesting conclusion?,Comment es-tu parvenu à une conclusion si intéressante ?
How did you reach such an interesting conclusion?,Comment es-tu parvenue à une conclusion si intéressante ?
How many books do you think you have read so far?,Combien de livres penses-tu avoir lu jusqu'à maintenant ?
How many books do you think you have read so far?,Combien de livres crois-tu que tu as lus jusqu'à présent ?
How many hotels do you think there are in Boston?,Combien d'hôtels penses-tu qu'il y a à Boston ?
How many hotels do you think there are in Boston?,Combien d'hôtels pensez-vous qu'il y ait à Boston ?
How many hours a day do you spend in your office?,Combien d'heures quotidiennes passez-vous dans votre bureau ?
How many hours a day do you spend in your office?,Combien d'heures quotidiennes passes-tu dans ton bureau ?
How many years did it take to build the pyramids?,Combien d'années cela a-t-il pris de construire les pyramides ?
How much longer do you suggest we devote to this?,Combien de temps supplémentaire suggérez-vous que nous consacrions à ceci ?
How much time do you spend watching TV every day?,Combien de temps passes-tu à regarder la télévision chaque jour ?
Hundreds of thousands of people were out of work.,Des centaines de milliers de personnes étaient sans emploi.
"Hurry up, or you will be late for the last train.","Dépêchez-vous, ou vous serez en retard pour le dernier train."
I admit this may not be the best way of doing it.,J'admets que ce n'est peut-être pas le meilleur moyen de le faire.
"I admit, I'm not the tidiest person in the world.","J'admets, je ne suis pas la personne la plus ordonnée du monde."
I advised him not to spend all his money on food.,Je lui ai conseillé de ne pas dépenser tout son argent en nourriture.
I always carry a bottle of mineral water with me.,J'ai tout le temps une bouteille d'eau minérale sur moi.
I always drop in at her house when I go to Tokyo.,Je la dépose toujours à sa maison quand je vais à Tokyo.
I always have a couple of beach towels in my car.,J'ai toujours une paire de serviettes de plage dans ma voiture.
I always thought that Tom would become a teacher.,J'ai toujours pensé que Tom deviendrait professeur.
I am counting on you to give the opening address.,Je compte sur vous pour prononcer le discours inaugural.
I am having trouble with one thing after another.,J'ai des problèmes avec une chose après l'autre.
I am not accustomed to making speeches in public.,Je ne suis pas habitué à discourir en public.
I asked Tom if he knew anybody who taught French.,J'ai demandé à Tom s'il connaissait quelqu'un qui enseignait le français.
I believe it's my duty to protect these children.,Je crois qu'il est de mon devoir de protéger ces enfants.
I borrowed the screwdriver from a friend of mine.,J'ai emprunté le tournevis à l'un de mes amis.
I bought this at a flea market for three dollars.,J'ai acheté ça trois dollars à un marché aux puces.
I called my friend after arriving at the station.,"Une fois arrivé à la station, j’ai appelé mon ami."
I can understand why you don't want to eat there.,Je peux comprendre pourquoi vous ne voulez pas manger là.
I can understand why you don't want to eat there.,Je peux comprendre pourquoi vous ne voulez pas y manger.
I can understand why you don't want to eat there.,Je peux comprendre pourquoi tu ne veux pas manger là.
I can understand why you don't want to eat there.,Je peux comprendre pourquoi tu ne veux pas y manger.
"I can't be sure, but I think that Tom likes Mary.","Je ne peux pas en être sûr, mais je pense que Tom aime Mary."
I can't bear the thought of her with another man.,Je ne supporte pas l'idée d'elle avec un autre homme.
I can't believe that Tom wouldn't do that for me.,Je ne peux pas croire que Tom n'aurait pas fait ça pour moi.
I can't believe that she is older than my mother.,Je ne peux pas croire qu'elle soit plus âgée que ma mère.
I can't complain about the way I've been treated.,Je ne peux pas me plaindre de la façon dont j'ai été traité.
I can't explain the difference between those two.,Je ne peux expliquer la différence entre les deux.
I can't explain the difference between those two.,Je ne peux expliquer la différence entre ces deux-là.
I can't figure out why nobody comes here anymore.,Je ne comprends pas pourquoi personne ne vient plus ici.
I can't get at the exact meaning of the sentence.,Je ne peux connaître le sens exact de cette peine.
I can't help feeling something's not quite right.,Je ne peux pas m'empêcher d'avoir le sentiment que quelque chose cloche.
I can't help feeling something's not quite right.,Je ne peux m'empêcher d'avoir le sentiment que quelque chose cloche.
I can't imagine myself doing something like that.,Je ne peux pas m'imaginer faire quelque chose comme cela.
I can't necessarily agree with you on that point.,Je ne suis pas forcément d'accord avec vous sur ce point.
I can't say I share your enthusiasm for the idea.,Je ne peux pas dire que je partage votre enthousiasme pour cette idée.
I can't tell you how much I appreciate your help.,Je ne peux pas te dire combien j'apprécie ton aide.
I can't tell you how much I appreciate your help.,Je ne peux pas te dire combien je te suis reconnaissant pour ton aide.
I can't tell you how much I appreciate your help.,Je ne peux pas vous dire combien j'apprécie votre aide.
I can't tell you how much I appreciate your help.,Je ne peux pas vous dire combien je vous suis reconnaissant pour votre aide.
I can't thank you enough for what you did for me.,Je ne saurais vous remercier assez pour ce que vous avez fait pour moi.
"I can't turn it on, because the switch is broken.",Je ne peux pas l'allumer parce que l'interrupteur est cassé.
I caught Tom looking into the neighbors' windows.,J'ai surpris Tom en train de regarder par la fenêtre des voisins.
I could not catch as many fish as I had expected.,Je n'ai pas pu pêcher autant de poissons que je ne le pensais.
I could tell at a glance that she was in trouble.,J'ai vu en un coup d'œil qu'elle avait des ennuis.
I couldn't have done anything without Tom's help.,Je n'aurais rien pu faire sans l'aide de Tom.
I couldn't help laughing when I heard that story.,Je ne pus m'empêcher de rire lorsque j'entendis cette histoire.
I couldn't help laughing when I heard that story.,Je n'ai pas pu m'empêcher de rire lorsque j'ai entendu cette histoire.
I cut my finger while trying to open the package.,Je me suis coupé le doigt en tentant d'ouvrir le colis.
I didn't get a chance to introduce myself to her.,Je n'ai pas eu l'occasion de me présenter à elle.
I didn't get a chance to introduce myself to her.,Je n'eus pas l'occasion de me présenter à elle.
I didn't know I was adopted until I was thirteen.,Je ne savais pas que j'avais été adopté jusqu’à ce que j'ai trente ans.
I don't agree with segregation of people by race.,Je suis contre la ségrégation raciale.
I don't believe Tom would do something like that.,Je ne pense pas que Tom puisse faire une telle chose.
"I don't care what color ink, just bring me a pen.","La couleur m'est indifférente, apporte-moi juste un stylo."
I don't have a prejudice against foreign workers.,Je n'ai pas de préjugé contre les travailleurs étrangers.
I don't have time to help you with your homework.,Je n'ai pas le temps pour t'aider dans tes devoirs.
"I don't have to do that if I don't want to, do I?","Je n'ai pas à faire cela si je ne le veux pas, si ?"
I don't know anyone who matches that description.,Je ne connais personne qui corresponde à cette description.
I don't know what to say to make you feel better.,Je ne sais pas quoi dire pour te consoler.
I don't know whether Tom still lives here or not.,Je ne sais pas si Tom vit encore ici ou pas.
I don't know whether Tom still lives here or not.,J'ignore si Tom vit encore ici ou non.
I don't know whether Tom still lives here or not.,J'ignore si Tom vit encore ici ou pas.
I don't know whether Tom still lives here or not.,Je ne sais pas si Tom vit encore ici ou non.
I don't think anyone really expected you to help.,Je ne pense pas que quiconque ne s'attendait à ce que tu donnes un coup de main.
I don't think anyone really expected you to help.,Je ne pense pas que quiconque ne s'attendait à ce que vous donniez un coup de main.
I don't think that anybody really understands me.,Je ne pense pas que quiconque me comprenne réellement.
I don't think this is a good time to talk to Tom.,Je ne pense pas que ce soit un bon moment pour parler à Tom.
I don't think we should be talking to each other.,Je ne pense pas que nous devrions nous parler.
I don't understand what all of the fuss is about.,Je ne comprends pas pourquoi on fait tout ce foin.
I don't understand what you're trying to achieve.,Je ne comprends pas ce que vous essayez d'accomplir.
I don't understand what you're trying to achieve.,Je ne comprends pas ce que tu essaies d'accomplir.
I don't understand why you don't want to do that.,Je ne comprends pas pourquoi tu ne veux pas faire ça.
I don't understand why you don't want to do that.,Je ne comprends pas pourquoi vous ne voulez pas faire ça.
I don't want Tom making the same mistakes I made.,Je ne veux pas que Tom reproduise les mêmes erreurs que moi.
I don't want to be any more burden to my parents.,Je ne veux plus être aucune charge pour mes parents.
I don't want to be the person who tells Tom that.,Je ne veux pas être celui qui annoncera cela à Tom.
I don't want to be the person who tells Tom that.,Je ne veux pas être celle qui annoncera cela à Tom.
I don't want to hear another complaint about you.,Je ne veux plus entendre de plaintes vous concernant.
I don't want to hear another complaint about you.,Je ne veux pas entendre d'autres plaintes te concernant.
I don't want you to make the same mistake I made.,Je ne veux pas que vous commettiez la même erreur que moi.
I feel more alert after drinking a cup of coffee.,Je me sens plus alerte après avoir bu une tasse de café.
I feel sort of dizzy and I feel like throwing up.,J'ai comme la tête qui tourne et j'ai la nausée.
I feel sort of dizzy and I feel like throwing up.,J'ai comme la tête qui tourne et comme envie de vomir.
I feel the same way about you as you do about me.,J'éprouve la même chose à votre égard que vous éprouvez au mien.
I feel the same way about you as you do about me.,J'éprouve la même chose à votre endroit que vous éprouvez au mien.
I feel the same way about you as you do about me.,J'éprouve la même chose à ton égard que tu éprouves au mien.
I feel the same way about you as you do about me.,J'éprouve la même chose à ton endroit que tu éprouves au mien.
I found the book which I had lost the day before.,J'ai retrouvé le livre que j'avais perdu hier.
I found the secret compartment quite by accident.,Je découvris le compartiment secret tout à fait par accident.
"I gave him advice, to which he paid no attention.",Je lui ai donné un conseil auquel il n'a pas prêté attention.
I get the feeling you don't really want me to go.,J'ai le sentiment que vous ne voulez pas vraiment que je parte.
I get the feeling you don't really want me to go.,J'ai le sentiment que tu ne veux pas vraiment que je parte.
I got up early in order to catch the first train.,Je me suis levé tôt pour prendre le premier train.
I had a crush on you when we were in high school.,J'étais entiché de toi lorsque nous étions au lycée.
I had a crush on you when we were in high school.,J'étais entichée de toi lorsque nous étions au lycée.
I had a problem similar to that not too long ago.,J'ai eu un problème similaire il n'y a pas si longtemps.
I had not seen a lion before I was ten years old.,Je n'avais jamais vu de lion avant l'âge de mes dix ans.
I had to cancel my trip on account of the strike.,J'ai dû annuler mon voyage à cause de la grève.
I had to pay a large sum of money to get it back.,J'ai dû payer une forte somme pour le récupérer.
I hadn't planned to tell you anything about this.,Je n'avais pas prévu de vous dire quoi que ce fut à ce sujet.
I hadn't planned to tell you anything about this.,Je n'avais pas prévu de te dire quoi que ce fut à ce sujet.
"I hate to interrupt, but I need to say something.",Il me peine de vous interrompre mais il me faut dire quelque chose.
I have a friend whose father is a famous pianist.,J'ai un ami dont le père est un pianiste connu.
I have a friend whose father is an animal doctor.,J'ai un ami dont le père est vétérinaire.
I have an appointment with the professor at 1:30.,J'aurai un entretien avec le professeur à 13 h 30.
I have an old computer that I don't want anymore.,J'ai un vieil ordinateur dont je ne veux plus.
I have just had one of the worst days of my life.,Je viens d'avoir une des pires journées de ma vie.
I have never had more than $500 in my possession.,Je n'ai jamais eu plus de 500 dollars en ma possession.
I have no will power when it comes to exercising.,Je n'ai aucune force de volonté lorsqu'il s'agit de faire de l'exercice.
I have no will power when it comes to exercising.,Je ne dispose d'aucune volonté lorsqu'il s'agit de faire du sport.
I have to tell you that I don't love you anymore.,Je dois te dire que je ne t'aime plus.
I have to write a letter. Do you have some paper?,Il faut que j'écrive une lettre. Est-ce que tu as du papier ?
I have to write a letter. Do you have some paper?,Je dois écrire une lettre. As-tu du papier ?
"I have work to do, so go away and leave me alone.","J'ai du travail à faire, alors va-t'en et laisse-moi tranquille."
I haven't eaten anything since yesterday morning.,Je n'ai rien mangé depuis hier matin.
I haven't eaten anything substantial in 48 hours.,Je n'ai rien mangé de consistant depuis quarante-huit heures.
I hear a lot of girls wear bikinis at that beach.,J'entends dire que beaucoup de filles portent des bikinis sur cette plage.
I heard that there were alligators in the sewers.,J'ai entendu dire qu'il y avait des alligators dans les égouts.
I held on to the rope tightly so I wouldn't fall.,Je tins la corde fermement pour ne pas tomber.
I held on to the rope tightly so I wouldn't fall.,Je me tins fermement à la corde de sorte que je ne tombe pas.
I held on to the rope tightly so I wouldn't fall.,Je me suis fermement tenue à la corde pour ne pas tomber.
I held on to the rope tightly so I wouldn't fall.,Je me suis fermement tenu à la corde pour ne pas tomber.
I hope to have my car paid off by next September.,J'espère avoir fini de payer ma voiture pour septembre prochain.
I hope your assignment in England was successful.,J'espère que votre mission en Angleterre a été un succès.
I just felt like hearing the sound of your voice.,J'avais juste envie d'entendre le son de ta voix.
I just want you all to know you can depend on me.,Je veux simplement que vous sachiez tous que vous pouvez compter sur moi.
I just want you all to know you can depend on me.,Je veux simplement que vous sachiez toutes que vous pouvez compter sur moi.
I just want you to know that I don't believe you.,Je souhaite juste que vous sachiez que je ne vous crois pas.
I just want you to know that I don't believe you.,Je veux juste que tu saches que je ne te crois pas.
I just wanted to know what time Tom would arrive.,Je voulais juste savoir quand Tom allait arriver.
I just wanted to say thank you for all your help.,Je voulais simplement vous dire merci pour toute votre assistance.
I just wanted to say thank you for all your help.,Je voulais simplement vous exprimer mes remerciements pour toute votre assistance.
I kept him company while his wife was in surgery.,Je lui ai tenu compagnie tandis que sa femme subissait une opération chirurgicale.
I know I've said some pretty stupid things today.,"Je sais que j'ai dit des trucs assez idiots, aujourd'hui."
I know it's unrealistic to expect Tom to do that.,Je sais qu'il est irréaliste de s'attendre à se que Tom le fasse.
I like lots of butter on my toast in the morning.,J'aime mettre beaucoup de beurre sur ma tartine grillée le matin.
I like to add basil to season my spaghetti sauce.,J'aime ajouter du basilic pour relever ma sauce spaghetti.
I met some friends while I was waiting for a bus.,J'ai rencontré des amis tandis que j'attendais un bus.
I met some friends while I was waiting for a bus.,J'ai rencontré des amies tandis que j'attendais un bus.
I miss you. I need to see you. Could I come over?,Tu me manques. J'ai besoin de te voir. Puis-je venir ?
I missed my flight. Can I get on the next flight?,"J'ai raté l'avion, pourrais-je prendre le prochain ?"
I never miss the opportunity to eat Italian food.,Je ne manque jamais une occasion de manger italien.
I never thought Tom would do something like that.,Je n’aurais jamais pensé que Tom ferait une chose pareille.
I often go out for a short walk just after lunch.,Je sors souvent faire une courte promenade juste après le déjeuner.
I often visited the museum when I lived in Kyoto.,J'ai souvent visité le musée lorsque je résidais à Kyoto.
I ought to have made a hotel reservation earlier.,J'aurai dû faire une réservation d’hôtel plus tôt.
I promise to return this videotape within a week.,Je te promets de te rendre cette cassette vidéo dans une semaine.
"I ran as fast as I could, but I missed the train.",J'ai couru aussi vite que je pouvais mais j'ai manqué le train.
I received a letter written in English yesterday.,"Hier, j'ai reçu une lettre écrite en anglais."
I see no reason why I shouldn't accept her offer.,Je ne vois pas de raison pour laquelle je ne devrais pas accepter son offre.
I shouldn't have to tell you to do your homework.,Je ne devrais pas avoir à te dire de faire tes devoirs.
I shouldn't have to tell you to do your homework.,Je ne devrais pas avoir à vous dire de faire vos devoirs.
"I slept all day yesterday, because it was Sunday.","J'ai dormi toute la journée hier, parce que c'était dimanche."
"I slept all day yesterday, because it was Sunday.","Comme hier c'était dimanche, j'ai dormi toute la journée."
"I slept all day yesterday, because it was Sunday.",Hier j'ai dormi toute la journée car c'était dimanche.
I sometimes hear my father singing in the shower.,J'entends parfois mon père chanter dans la douche.
I spend a few hours a day maintaining my website.,Je passe quelques heures par jour à entretenir mon site web.
I spent all yesterday afternoon cleaning my room.,J'ai passé tout l’après-midi d'hier à nettoyer ma chambre.
I spent the whole evening trying to find my keys.,J'ai passé toute l'après-midi à chercher mes clés.
I stayed in bed all day instead of going to work.,Je suis resté au lit toute la journée au lieu d'aller travailler.
I talked to him on the telephone yesterday night.,Je lui ai parlé au téléphone hier soir.
I think I understand the pressures you are under.,Je pense que je comprends la pression que tu subis.
I think it must've been Tom who broke the window.,Je pense que ça a dû être Tom qui a brisé la fenêtre.
I think it must've been Tom who broke the window.,Selon moi ça a dû être Tom qui a cassé la vitre.
I think it would be a good idea to go home early.,Je pense que ce serait une bonne idée de rentrer tôt chez toi.
I think it's a little too cold to go on a picnic.,Je pense qu'il fait un peu trop froid pour faire un pique-nique.
I think it's strange that he didn't speak to you.,Je pense qu'il est étrange qu'il ne vous ait pas parlé.
I think it's strange that he didn't speak to you.,Je pense qu'il est étrange qu'il ne t'ait pas parlé.
I think it's time for me to contact him by phone.,Je pense qu'il est temps que je le contacte par téléphone.
I think it's time for me to give her a ride home.,Je pense qu'il est temps que je la conduise chez elle.
I think it's time for me to start cooking dinner.,Je pense qu'il est temps que je commence à préparer le dîner.
I think it's time for me to start cooking dinner.,Je pense qu'il est temps que je commence à préparer le souper.
I think it's time for me to throw a little party.,Je pense qu'il est temps que j'organise une petite fête.
I think it's time for us to come to an agreement.,Je pense qu'il est temps pour nous de parvenir à un accord.
I think it's time for us to come to an agreement.,Je pense qu'il est temps que nous parvenions à un accord.
I think my daughter's coming down with something.,Je pense que ma fille souffre de quelque chose.
I think that a lot of people will be there today.,Je pense que beaucoup de gens seront là aujourd'hui.
I think we should ask Tom where he wants to live.,Je pense que nous devrions demander à Tom où il veut habiter.
I think you had better stick to your present job.,Je pense que vous feriez mieux de vous accrocher à votre emploi actuel.
I think you ought to pay more attention in class.,Je pense que tu devrais prêter plus d'attention en cours.
I think you ought to pay more attention in class.,Je pense que vous devriez prêter plus d'attention en cours.
I think you'll regret it if you don't go with us.,Je pense que tu regretteras de ne pas être venu avec nous.
I think you'll regret it if you don't go with us.,Je pense que tu regretteras de ne pas être venue avec nous.
I think you'll regret it if you don't go with us.,Je pense que vous regretterez de ne pas être venu avec nous.
I think you'll regret it if you don't go with us.,Je pense que vous regretterez de ne pas être venue avec nous.
I think you'll regret it if you don't go with us.,Je pense que vous regretterez de ne pas être venus avec nous.
I think you'll regret it if you don't go with us.,Je pense que vous regretterez de ne pas être venues avec nous.
I thought you and Tom were going to go to Boston.,Je pensais que Tom et toi iriez à Boston.
I told you the truth when I told you I loved you.,Je t'ai dit la vérité quand je t'ai dit que je t'aimais.
"I understand it, but I still don't agree with it.",Je le comprends mais je ne suis tout de même pas d'accord.
I use the Internet as a resource for my research.,J'utilise Internet comme ressource pour mes recherches.
I used to tell people I knew how to speak French.,Je disais au gens que je savais parler français.
I usually buy my clothes at the department store.,J'achète habituellement mes vêtements au grand magasin.
I want a boat that'll take me far away from here.,Je veux un bateau qui m'emmènera loin d'ici.
I want a boat that'll take me far away from here.,Je veux un bateau qui m'emmènera très loin d'ici.
I want my children to reach their full potential.,Je veux que mes enfants atteignent leur plein potentiel.
I want to be certain you are who you say you are.,Je veux être certaine que vous êtes celui que vous déclarez être.
I want to be certain you are who you say you are.,Je veux être certain que vous êtes celui que vous déclarez être.
I want to be certain you are who you say you are.,Je veux être certaine que vous êtes celle que vous déclarez être.
I want to be certain you are who you say you are.,Je veux être certain que vous êtes celle que vous déclarez être.
I want to be certain you are who you say you are.,Je veux être certaine que vous êtes ceux que vous déclarez être.
I want to be certain you are who you say you are.,Je veux être certain que vous êtes ceux que vous déclarez être.
I want to be certain you are who you say you are.,Je veux être certaine que vous êtes celles que vous déclarez être.
I want to be certain you are who you say you are.,Je veux être certain que vous êtes celles que vous déclarez être.
I want to be certain you are who you say you are.,Je veux être certaine que tu es celle que tu déclares être.
I want to be certain you are who you say you are.,Je veux être certaine que tu es celui que tu déclares être.
I want to be certain you are who you say you are.,Je veux être certain que tu es celle que tu déclares être.
I want to be certain you are who you say you are.,Je veux être certain que tu es celui que tu déclares être.
I want to make sure you're going to be all right.,Je veux m'assurer que tu vas aller bien.
I want to make sure you're going to be all right.,Je veux m'assurer que tu vas bien aller.
I want to make sure you're going to be all right.,Je veux m'assurer que vous allez bien aller.
I want to see you in your office in half an hour.,Je veux vous voir dans votre bureau dans une demi-heure.
I want to see you in your office in half an hour.,Je veux te voir dans ton bureau dans une demi-heure.
I want to thank all of you for coming here today.,Je veux tous vous remercier d'être venus ici aujourd'hui.
I wanted to know where the voice was coming from.,Je voulais savoir d'où la voix provenait.
I wanted to talk to you because I need your help.,Je voulais vous parler car j'ai besoin de votre aide.
I wanted to talk to you because I need your help.,Je voulais te parler car j'ai besoin de ton aide.
I was going to suggest the following possibility.,J'allais proposer la possibilité suivante.
I was wondering if I could borrow your newspaper.,Je me demandais si je pourrais emprunter votre journal.
I wasn't able to remember the title of that song.,J'étais incapable de me rappeler le titre de cette chanson.
I wasn't able to remember the title of that song.,Je fus incapable de me rappeler le titre de cette chanson.
I wasn't able to remember the title of that song.,J'ai été incapable de me rappeler le titre de cette chanson.
"I went to his house at 3 o'clock, but he was out.",Je me suis rendu chez lui à 3 heures mais il était sorti.
I will do everything within my power to help you.,Je ferai tout ce qui est en mon pouvoir pour vous aider.
I will have my sister pick you up at the station.,Je vais vous faire chercher à la gare par ma sœur.
I will have spent all this money in three months.,J'aurai dépensé tout cet argent en trois mois.
I will never forget the day when I first met him.,Je n'oublierai jamais le jour où je l'ai rencontré pour la première fois.
I will provide you all the necessary information.,Je vous fournirai toutes les informations nécessaires.
I will tell him about it when he comes next time.,Je le lui dirai quand il vient la prochaine fois.
I will tell him about it when he comes next time.,Je lui en parlerai la prochaine fois qu'il vient.
I wish I could figure out how to make more money.,J'aimerais trouver comment faire plus d'argent.
I wish I could figure out how to make more money.,Je voudrais savoir comment faire plus d'argent.
I wish I could play the guitar as well as you do.,J'aimerais pouvoir jouer de la guitare aussi bien que toi.
I wish I could play the guitar as well as you do.,J'aimerais pouvoir jouer de la guitare aussi bien que vous.
I wish I were rich enough to buy a car like that.,J'aimerais être assez riche pour acheter une voiture comme cela.
I wish I were rich enough to buy a car like that.,Je voudrais être assez riche pour acheter une voiture comme cela.
I wish him the very best in his future endeavors.,Je lui souhaite le meilleur dans ses futures entreprises.
I wonder if exchange students can join this club.,Je me demande si les étudiants étrangers peuvent rejoindre ce cercle.
I wonder what it is like to travel through space.,Je me demande ce que cela fait de voyager dans l'espace.
I wonder whether or not Tom will have to do that.,Je me demande si Tom devra le faire ou non.
I wonder why there are so many people here today.,Je me demande pourquoi il y a tant de monde ici aujourd'hui.
I would like to check yesterday's stock prices...,Je voudrais vérifier les cours des actions d'hier...
I would like to improve my English pronunciation.,J'aimerais améliorer ma prononciation de l'anglais.
I would like to thank you for your collaboration.,J'aimerais vous remercier pour votre coopération.
I'd be delighted if you could join us for dinner.,Je serais ravi si vous pouviez vous joindre à nous pour déjeuner.
I'd be delighted if you could join us for dinner.,Je serais ravie si vous pouviez vous joindre à nous pour déjeuner.
I'd be delighted if you could join us for dinner.,Je serais ravi si tu pouvais te joindre à nous pour déjeuner.
I'd be delighted if you could join us for dinner.,Je serais ravie si tu pouvais te joindre à nous pour déjeuner.
I'd like to determine the value of this painting.,J'aimerais déterminer la valeur de ce tableau.
I'd like to explain this in a little more detail.,J'aimerais expliquer ça avec un peu plus de détail.
I'd like to explain this in a little more detail.,J'aimerais expliquer ça d'une manière un peu plus détaillée.
I'd like to forget the whole thing ever happened.,J'aimerais oublier que tout ça est arrivé.
I'd like to forget the whole thing ever happened.,J'aimerais oublier que tout ça est survenu.
I'd like to forget the whole thing ever happened.,J'aimerais oublier que tout ça s'est produit.
I'd like to know the exact exchange rate for yen.,J'aimerais savoir le taux exact du change pour le yen.
I'd like to leave the city and rediscover nature.,J'aimerais quitter la ville et redécouvrir la nature.
I'd like you to look after my dog while I'm away.,J'aimerais que tu t'occupes de mon chien en mon absence.
I'd like you to translate this book into English.,Je voudrais que tu traduises ce livre en anglais.
I'd rather stay home if it's all the same to you.,J'aimerais autant rester à la maison si ça ne te fait rien.
I'd rather stay home than go out in this weather.,Je ferais mieux de rester à la maison plutôt que de sortir par ce temps-là.
I'll be back in Australia the day after tomorrow.,Je serai de retour en Australie après-demain.
I'll be singing a song at Tom and Mary's wedding.,Je pousserai la chansonnette au mariage de Tom et Marie.
I'll be singing a song at Tom and Mary's wedding.,Je chanterai une chanson au mariage de Tom et Marie.
I'll be thinking of you every day while I'm away.,Je penserai chaque jour à toi pendant que je serai parti.
I'll be thinking of you every day while I'm away.,Je penserai chaque jour à vous pendant que je serai au loin.
I'll give him this message the moment he arrives.,Je lui passerai ce message dès qu'il arrivera.
I'll go to Paris when I have the money necessary.,J'irai à Paris quand j'aurai assez d'argent.
I'll lend you the tools that you need to do that.,Je te prêterai les outils dont tu as besoin pour faire cela.
I'll lend you the tools that you need to do that.,Je vous prêterai les outils dont vous avez besoin pour faire cela.
I'll let you know if I find anything interesting.,Je te ferai savoir si je trouve quoi que ce soit d'intéressant.
I'll talk to him at the earliest possible moment.,Je compte parler avec lui dès que l'occasion se présentera.
I'll talk to him at the earliest possible moment.,Je lui parlerai dès que possible.
I'll travel across Europe by bicycle this summer.,"Je voyagerai à travers l'Europe en vélo, cet été."
I'm afraid we won't be able to help you tomorrow.,Je crains que nous ne soyons pas en mesure de t'aider demain.
I'm afraid we won't be able to help you tomorrow.,Je crains que nous ne soyons pas en mesure de vous aider demain.
I'm anxious whether I'll do well at this new job.,Je m'inquiète de savoir si je vais réussir dans ce nouvel emploi.
I'm beginning to understand why Tom loves Boston.,Je commence à comprendre pourquoi Tom aime Boston.
I'm fairly certain that's what's going to happen.,Je suis assez certain que c'est ce qui va se produire.
I'm fixing the radio that I found on my way home.,Je répare la radio que j'ai trouvée sur le chemin vers chez moi.
I'm going to do an internship at a local company.,Je vais faire un stage dans une entreprise locale.
I'm going to stop trying to be friendly with you.,Je vais arrêter d'essayer d'être amical avec toi.
I'm going to stop trying to be friendly with you.,Je vais arrêter d'essayer d'être amicale avec toi.
I'm going to stop trying to be friendly with you.,Je vais arrêter d'essayer d'être amical avec vous.
I'm going to stop trying to be friendly with you.,Je vais arrêter d'essayer d'être amicale avec vous.
I'm going to stop trying to be friendly with you.,Je vais arrêter d'essayer d'être amical à votre égard.
I'm going to stop trying to be friendly with you.,Je vais arrêter d'essayer d'être amicale à votre égard.
I'm going to stop trying to be friendly with you.,Je vais arrêter d'essayer d'être amical à ton égard.
I'm going to stop trying to be friendly with you.,Je vais arrêter d'essayer d'être amicale à ton égard.
I'm going to the supermarket to do some shopping.,Je me rends au supermarché pour effectuer quelques courses.
I'm going to the supermarket to do some shopping.,Je me rends au supermarché pour effectuer quelques emplettes.
I'm having some problems compiling this software.,J'ai quelques difficultés à compiler ce programme.
I'm looking for someone who can speak Portuguese.,Je cherche quelqu'un qui puisse parler portugais.
I'm looking for someone who can speak Portuguese.,Je cherche quelqu'un pouvant parler portugais.
I'm looking forward to going to the zoo with you.,J'ai hâte d'aller au zoo avec toi.
I'm looking forward to going to the zoo with you.,J'ai hâte d'aller au zoo avec vous.
I'm not willing to cook dinner for twenty people.,Je n'ai pas l'intention de préparer à diner pour vingt personnes.
I'm one of the thirty people who have to do that.,Je suis l'une des trente personnes qui doivent le faire.
I'm one of the thirty people who need to do that.,Je suis l'une des trente personnes qui ont besoin de le faire.
I'm one of the thirty people who want to do that.,Je suis l'une des trente personnes qui veulent le faire.
I'm pretty sure I told you before not to do that.,Je suis assez sûr de t'avoir dit auparavant de ne pas faire ça.
I'm pretty sure Tom has fallen in love with Mary.,Je suis assez sûr que Tom est tombé amoureux de Mary.
I'm sick and tired of eating zucchinis every day.,Je n'en peux vraiment plus de manger des courgettes tous les jours.
I'm so mad I want to scream and break everything!,Je suis si furieux que je veux hurler et tout casser !
"I'm sorry, but I can't find the book you lent me.",Je suis désolé mais je n'arrive pas à trouver le livre que tu m'as prêté.
"I'm sorry, but I don't feel like going out today.","Désolé, mais je n'ai pas envie de sortir aujourd'hui."
I'm studying French because I need it for my job.,J'étudie le français car j'en ai besoin pour mon travail.
I've been very busy since I returned from abroad.,J'ai été très occupé depuis que je suis rentré de l'étranger.
I've never seen so many birds at one time before.,Je n'avais encore jamais vu autant d'oiseaux en même temps auparavant.
I've never seen this kind of thing happen before.,Je n'ai jamais vu ce genre de choses auparavant.
I've paid parking fines a number of times myself.,J'ai moi-même payé des tas de fois des amendes pour stationnement interdit.
I've told you over and over again not to do that.,Je t'ai sans cesse répété de ne pas faire ça.
I've translated three French novels into English.,J'ai traduit trois romans français en anglais.
"If I were in your place, I would lend him a hand.","Si j'étais à ta place, je lui prêterais main forte."
"If I were in your place, I would lend him a hand.","Si j'étais à votre place, je lui prêterais main forte."
"If he doesn't accept the job, somebody else will.","S'il n'accepte pas le poste, quelqu'un d'autre le fera."
"If he finds out, certainly he will be very angry.","S'il s'en aperçoit, il sera certainement très en colère."
"If he had been honest, I would have employed him.","S'il avait été honnête, je l'aurais employé."
"If he had worked harder, he could have succeeded.","S'il avait travaillé avec davantage d'application, il aurait pu réussir."
If it happens to rain tomorrow I'll stay at home.,Je resterai à la maison s'il pleut demain.
"If it sounds too good to be true, it probably is.","Si ça a l'air trop beau pour être vrai, ça l'est probablement."
"If it were not for the air, planes could not fly.","S'il n'y avait pas d'air, les avions ne pourraient pas voler."
"If we had more space, we could get a grand piano.","Si nous avions plus d'espace, nous pourrions avoir un piano à queue."
"If you buy me an ice cream, I'll give you a kiss.","Si tu me paies une glace, je te donnerai un baiser."
"If you could assist me, it would be a great help.","Si tu pouvais me prêter main forte, ça m'aiderait beaucoup."
"If you could loan me some money, I'd be grateful.","Si vous pouviez me prêter de l'argent, j'en serais reconnaissant."
"If you don't believe me, go and see for yourself.","Si tu ne me croies pas, va voir par toi-même."
"If you don't eat fast, you'll be late for school.","Si tu ne manges pas rapidement, tu seras en retard à l'école!"
"If you don't leave, I'm going to call the police.","Si vous ne partez pas, je vais appeler la police."
"If you don't leave, I'm going to call the police.","Si tu ne pars pas, je vais appeler la police."
"If you don't like the service, don't leave a tip.","Si vous n'êtes pas satisfait du service, ne laissez pas de pourboire."
"If you don't like the service, don't leave a tip.","Si tu n'es pas satisfait du service, ne laisse pas de pourboire."
"If you don't like this, you don't have to eat it.","Si tu n'aimes pas ça, tu n'es pas obligé de le manger."
"If you don't like this, you don't have to eat it.","Si vous n'aimez pas ça, vous n'êtes pas obligés de le manger."
"If you eat at this time of night, you'll get fat.","Si tu manges à cette heure de la nuit, tu vas grossir."
"If you eat at this time of night, you'll get fat.","Si vous mangez à cette heure de la nuit, vous allez grossir."
"If you have any questions, don't hesitate to ask.","Si vous avez des questions, n'hésitez pas à demander."
"If you have any questions, don't hesitate to ask.","Si tu as des questions, n'hésite pas à demander."
"If you have questions, don't hesitate to jump in.","Si vous avez des questions, n'hésitez pas à intervenir."
"If you have questions, don't hesitate to jump in.","Si tu as des questions, n'hésite pas à intervenir."
"If you touch that wire, you will receive a shock.","Si tu touches à ce câble, tu vas prendre une décharge."
"If you want to participate, you have to register.","Si vous souhaitez participer, il faut vous inscrire."
"If you want to participate, you have to register.","Si tu souhaites participer, il faut t'inscrire."
"In Japan, there is no lake bigger than Lake Biwa.",Au Japon il n'y a pas de lac plus grand que le lac Biwa.
"In any case, I must finish this work by tomorrow.","En tout cas, je dois finir ce travail pour demain."
"In case I am late, you don't have to wait for me.","Au cas où je serais en retard, vous n'avez pas besoin de m'attendre."
"In case I am late, you don't have to wait for me.","Au cas où je serais en retard, tu n'as pas besoin de m'attendre."
"In general, consumers prefer quantity to quality.",En général les consommateurs préfèrent la quantité à la qualité.
"In his free time, he likes to be on the Internet.","Pendant son temps libre, il aime être sur Internet."
"In the Southern region, sales were up 47 percent.","Dans les régions méridionales, les ventes ont augmenté de 47 pour cent."
"In the desert, water is worth its weight in gold.","Dans le désert, l'eau vaut son pesant d'or."
"In those days, sugar was less valuable than salt.","À cette époque, le sucre avait moins de valeur que le sel."
"In those days, sugar was less valuable than salt.","En ce temps-là, le sucre avait moins de valeur que le sel."
Inhabitants were not permitted to enter the area.,Les habitants n'avaient pas le droit de pénétrer la zone.
Is it OK to drink beer on your university campus?,Est-il autorisé de boire de la bière sur le campus de votre université ?
Is it OK to drink beer on your university campus?,Est-il admis de boire de la bière sur le campus de ton université ?
Is it true that you breast-fed all your children?,C'est vrai que tu as allaité tous tes enfants ?
Is there somewhere in Europe you'd like to visit?,Y a-t-il un endroit en Europe que tu veuilles visiter ?
It is impossible for him to finish it in an hour.,Il lui est impossible de finir ça en une heure.
It is impossible for me to do the work in a week.,Il m'est impossible d'accomplir ce travail en une semaine.
It is irresponsible of you to break your promise.,Rompre ta promesse est irresponsable de ta part.
It is morning. The children are eating breakfast.,C'est le matin. Les enfants prennent leur petit-déjeuner.
It is necessary to have a license to drive a car.,Il est nécessaire d'avoir un permis pour conduire une voiture.
It is not clear what the writer is trying to say.,Ce que l'auteur essaie de dire n'est pas clair.
It is not necessary for us to attend the meeting.,Il ne nous est pas nécessaire d'assister à la réunion.
It is regrettable that you did not start earlier.,Il est regrettable que tu n'aies pas commencé plus tôt.
It looks like Tom was able to get what he wanted.,On dirait que Tom a été capable d'obtenir ce qu'il voulait.
It looks like Tom was able to get what he wanted.,Il semble que Tom a pu obtenir ce qu'il voulait.
It looks like your luggage is on the next flight.,On dirait que vos bagages sont sur le prochain vol.
It looks like your luggage is on the next flight.,Il semble que vos bagages soient sur le prochain vol.
"It might sound like I'm complaining, but I'm not.","On pourrait croire que je me plains, mais non."
It seems that Tom is unable to solve the problem.,Il semble que Tom soit incapable de résoudre le problème.
It seems that you aren't having a good time here.,Il semble que vous ne vous amusiez pas ici.
It seems that you aren't having a good time here.,Il semble que vous ne passiez un bon moment ici.
It seems that you're not having a good time here.,Il semble que vous ne vous amusiez pas ici.
It seems that you're not having a good time here.,Il semble que vous ne passiez un bon moment ici.
It seems to me that I heard a noise in the attic.,Je crois avoir entendu un bruit au grenier.
It takes a lot of electricity to power a country.,Il faut beaucoup d'électricité pour satisfaire les besoins énergétiques d'un pays.
It took me a long time to recover from pneumonia.,Il a fallu longtemps pour guérir de la pneumonie.
It took me more than a month to get over my cold.,Ça m'a pris plus d'un mois pour guérir de mon rhume.
It took me some time to learn how to drive a car.,Cela m'a pris quelque temps d'apprendre à conduire une voiture.
It took them some time to get used to each other.,Cela leur a pris un moment avant de s'habituer les uns aux autres.
It turned out not to be so easy to live with him.,Vivre avec lui ne s'avéra pas si facile.
It was just an accident that we met at the store.,Nous nous sommes vraiment rencontrés au magasin par hasard.
It was no use trying to take her to the hospital.,Il était inutile de tenter de l'emmener à l'hôpital.
It was not until yesterday that we knew about it.,On ne l'a pas su avant hier.
It'll be easy to find someone to rent this house.,Il sera aisé de trouver quelqu'un pour louer cette maison.
It's a waste of time to study when you're sleepy.,C'est une perte de temps d'étudier quand tu as sommeil.
It's been five years since my father passed away.,Cela fait cinq ans que mon père est décédé.
It's convenient for me to see you at ten tonight.,C'est pratique pour moi de te voir ce soir à dix heures.
It's easier to make plans than to carry them out.,Il est plus facile de tirer des plans que de les exécuter.
It's easier to spend a lot than to save a little.,Il est plus facile de beaucoup dépenser que d'épargner un peu.
It's foolish for you to swim when it's this cold.,C'est fou de ta part de nager quand il fait si froid.
It's horrible to get caught in rush hour traffic.,"Se faire coincer dans les bouchons aux heures de pointe, c’est affreux."
It's my custom to go for a walk before breakfast.,J'ai l'habitude de faire une promenade avant le petit déjeuner.
It's never too late to make amends for harm done.,Il n'est jamais trop tard pour réparer le mal qui a été fait.
It's never too late to make amends for harm done.,Il n'est jamais trop tard pour se repentir du mal qui a été fait.
It's never too late to make amends for harm done.,Il n'est jamais trop tard pour expier le mal qui a été fait.
It's really not as hard to do as you think it is.,Ce n'est vraiment pas aussi difficile à faire que tu le penses.
It's sometimes difficult to control our feelings.,C'est parfois difficile de contrôler nos sentiments.
It's supposed to get colder and snow later today.,Ça devrait se refroidir et neiger plus tard dans la journée.
It's very hard to see yourself as others see you.,Il est très difficile de se voir soi-même tel que les autres nous voient.
It's very hard to see yourself as others see you.,Il est très difficile de nous voir nous-même tel que les autres nous voient.
It's very hard to see yourself as others see you.,Il est très difficile de vous voir vous-même tel que les autres vous voient.
Japan has produced more cars than ever this year.,Le Japon a produit plus de voitures que jamais cette année.
Jet planes fly much faster than propeller planes.,Les avions à réaction volent beaucoup plus vite que les avions à hélice.
"Judging from his appearance, he may be a soldier.","D'après son apparence, il est peut-être militaire."
"Judging from his expression, he is in a bad mood.","De par son expression, il est de mauvaise humeur."
Just promise me that you won't do anything silly.,Promets-moi simplement que tu ne feras pas de bêtises.
Keep an eye on my suitcase while I buy my ticket.,Garde un œil sur ma valise pendant que j'achète mon ticket.
"Last week I was at the beach, but today I'm home.","La semaine dernière, j'étais à la plage, mais aujourd'hui je suis chez moi."
Last week she gave birth to a beautiful daughter.,La semaine dernière elle donna naissance à une jolie fille.
Let's unfold the map on the table and discuss it.,Déplions la carte sur la table et discutons-en.
Lincoln was a good politician and a smart lawyer.,Lincoln était un bon politicien et un avocat intelligent.
London is one of the largest cities in the world.,Londres est une des villes les plus grandes du monde.
"London, the capital of England, is on the Thames.","Londres, la capitale de l'Angleterre, est située sur la Tamise."
Look and see how much the cash register rings up.,Regarde et lis quel montant indique la caisse enregistreuse.
Look me in the eyes and tell me you didn't do it.,Regarde-moi dans les yeux et dis-moi que tu ne l'as pas fait.
Look me in the eyes and tell me you didn't do it.,Regardez-moi dans les yeux et dites-moi que vous ne l'avez pas fait.
Look me in the eyes and tell me you didn't do it.,Regardez-moi dans les yeux et dites-moi que vous ne l'avez pas faite.
Look me in the eyes and tell me you didn't do it.,Regarde-moi dans les yeux et dis-moi que tu ne l'as pas faite.
Los Angeles is one of the places I want to visit.,Los Angeles est un des endroits que je souhaite visiter.
Make sure you stick together so no one gets lost.,Assurez-vous de rester groupés pour que personne ne se perde.
Man is the only animal that blushes. Or needs to.,L'homme est le seul animal qui rougit. Ou qui ait besoin de le faire.
Man is the only animal that can make use of fire.,L'Homme est le seul animal qui peut utiliser le feu.
Many countries have abolished capital punishment.,Beaucoup de pays ont aboli la peine de mort.
Many fantasy novels depict worlds with two moons.,De nombreux romans fantastiques décrivent des mondes avec deux lunes.
Married people are happier than unmarried people.,Les gens mariés sont plus heureux que les célibataires.
Mary had a ring on every finger of her left hand.,Mary avait une bague à chaque doigt de sa main gauche.
Mary had been knitting for an hour when I called.,Mary tricotait depuis une heure quand j'ai appelé.
Mass production lowers the cost of certain goods.,La production en masse baisse le prix de certains produits.
May I call on you at your house tomorrow morning?,"Puis-je te rendre visite à ton domicile, demain matin ?"
May I call on you at your house tomorrow morning?,"Puis-je vous rendre visite à votre domicile, demain matin ?"
May I charge my cell phone somewhere around here?,Puis-je charger mon téléphone portable quelque part ici ?
Most Swiss citizens speak two or three languages.,La plupart des Suisses parlent deux ou trois langues.
Mother insists that I should eat more vegetables.,Ma mère insiste sur le fait que je devrais manger plus de légumes.
Mr. Jackson gives us a lot of homework every day.,M. Jackson nous donne beaucoup de devoirs tous les jours.
My brother earns half as much money as my father.,Mon frère gagne moitié moins d'argent que mon père.
My decision to study abroad surprised my parents.,Ma décision d'étudier à l'étranger a surpris mes parents.
My father disapproved of my going to the concert.,Mon père s'est opposé à ce que j'aille au concert.
My father was about to leave when the phone rang.,Mon père était sur le point de partir quand le téléphone sonna.
My father was about to leave when the phone rang.,Mon père était sur le point de partir quand le téléphone a sonné.
My friend told me that he had bought a new watch.,Mon ami m'a dit qu'il avait acheté une nouvelle montre.
My grandfather made the company what it is today.,Mon grand-père a fait de l'entreprise ce qu'elle est aujourd'hui.
My grandmother is always complaining of the cold.,Ma grand-mère se plaint toujours du froid.
My grandmother lived to be ninety-five years old.,Ma grand-mère a vécu jusqu'à quatre-vingt-quinze ans.
My grandmother never changed her style of living.,Ma grand-mère n'a jamais changé de style de vie.
My grandmother passed away peacefully last night.,Ma grand-mère est décédée paisiblement la nuit dernière.
My sister married him in spite of our objections.,Ma sœur s'est mariée avec lui malgré nos objections.
My teacher encouraged me to fulfill my ambitions.,Mon professeur m'a encouragé à réaliser mes ambitions.
My uncle died of cancer of the stomach yesterday.,"Mon oncle est mort d'un cancer de l'estomac, hier."
My uncle died of cancer of the stomach yesterday.,Mon oncle est mort hier d’un cancer à l’estomac.
My uncle was standing there with his arms folded.,"Mon oncle se tenait là-bas, debout, les bras croisés."
My weight hasn't changed in the last three years.,Mon poids n'a pas changé durant les trois dernières années.
My younger brother swims every day in the summer.,Mon frère cadet nage tous les jours durant l'été.
"Needless to say, he was late for school as usual.","Inutile de le préciser, il est en retard à l'école comme d'habitude."
Never take a blind man's arm. Let him take yours.,Ne prenez jamais le bras d'un aveugle. Laissez-le prendre le vôtre.
"No matter what happens, you must be here by nine.","Peu importe ce qu'il se passe, tu dois être ici avant neuf heures."
"No matter what happens, you must be here by nine.","Peu importe ce qu'il se passe, vous devez être ici avant neuf heures."
No one found any reason to criticize his actions.,Personne ne trouva une quelconque raison de critiquer son action.
No one knows how many people died in that battle.,Personne ne sait combien de gens sont morts dans cette bataille.
No one seems to have the guts to do that anymore.,Personne ne semble plus avoir les tripes de faire ça.
Nobody told me where the meeting was going to be.,Personne ne m'a dit où la réunion allait se dérouler.
None of us had any idea what was going to happen.,Aucun de nous n'avait la moindre idée de ce qui allait arriver.
None of us had any idea what was going to happen.,Aucune d'entre nous n'avait la moindre idée de ce qui allait se passer.
None of you have any idea what I've been through.,Aucun d'entre vous n'a idée de ce que j'ai traversé.
Nonstop flights are almost always more expensive.,Les vols directs sont presque toujours plus coûteux.
"Once upon a time, there was a beautiful princess.",Il était une fois une belle princesse...
"Once you have made a promise, you should keep it.","Une fois que vous avez fait une promesse, vous vous devez de la tenir."
"Once you have made a promise, you should keep it.","Une fois une promesse faite, il faut la respecter."
"One of the twins is alive, but the other is dead.","L'un des jumeaux est en vie, mais l'autre est mort."
One third of the friends I grew up with are dead.,Un tiers des amis avec lesquels j'ai grandi sont morts.
Only young children and old fools tell the truth.,Il n'y a que les enfants et les vieux fous qui disent la vérité.
Our ancestors came to this country 150 years ago.,Nos ancêtres arrivèrent dans ce pays il y a 150 ans.
Our company's showroom was a hit with the ladies.,Le hall d'exposition de notre société a été un succès auprès des dames.
Our country is running short of energy resources.,Les ressources énergétiques de notre pays s'épuisent.
Our dorm's heating system isn't working properly.,Le chauffage de notre dortoir ne fonctionne pas correctement.
Our dorm's heating system isn't working properly.,Le système de chauffage de notre résidence universitaire ne fonctionne pas correctement.
Our math teacher drew a circle on the blackboard.,Notre professeur de mathématiques traça un cercle au tableau.
Paris wouldn't be Paris without the Eiffel Tower.,Paris ne serait pas Paris sans la Tour Eiffel.
Participants in a seance try to contact the dead.,Les participants à la séance tentent d'entrer en contact avec les morts.
People can't do a lot of things at the same time.,Les gens ne peuvent pas faire beaucoup de choses en même temps.
People who break their promises can't be trusted.,On ne peut pas avoir confiance en ceux qui trahissent leurs promesses.
"Perseverance, as you know, is the key to success.","La persévérance, comme vous le savez, est la clé du succès."
Please give me a pencil and some sheets of paper.,"S'il vous plait, donnez-moi un stylo et du papier."
Please inform me of any changes in the situation.,"S'il vous plaît, informez-moi de tout changement de situation."
Please let me pick up your sister at the station.,Veuillez me laisser aller prendre votre sœur à la gare.
Please let me pick up your sister at the station.,"Laisse-moi aller prendre ta sœur à la gare, s'il te plait."
Please take your time before deciding what to do.,"S'il te plait, prends ton temps avant de décider quoi faire."
Please take your time before deciding what to do.,"Prenez, s'il vous plait, votre temps, avant de décider ce qu'il faut faire."
Please take your time before deciding what to do.,"Veuillez prendre votre temps, avant de décider de ce qu'il faut faire."
Please tell me what you think about this article.,Veuillez me dire ce que vous pensez de cet article.
Please tell me what you think about this article.,"Dis-moi, s'il te plait, ce que tu penses de cet article."
Pregnant women often experience morning sickness.,Les femmes enceintes ont souvent des nausées le matin.
Prizes will be awarded at the end of the contest.,Les prix seront décernés au terme de la compétition.
Prizes will be awarded at the end of the contest.,Les lots seront attribués à la fin du concours.
Push the red button if something strange happens.,Appuyez sur le bouton rouge si quelque chose d'étrange se produit.
Push the red button if something strange happens.,Appuie sur le bouton rouge si quelque chose d'étrange survient.
Quite a few people came to the meeting yesterday.,Pas mal de gens sont venus à la réunion hier.
"Quito, Ecuador, is a little south of the equator.","Quito, Équateur est situé un peu au sud de l'équateur."
Rainforests provide the earth with many benefits.,La forêts pluviales apportent de nombreux bienfaits à la terre.
Reaction is not always the best course of action.,La réaction n'est pas toujours la meilleure manière d'agir.
Read this passage and translate it into Japanese.,Lisez ce passage et traduisez-le en japonais.
Repetition does not transform a lie into a truth.,La répétition ne transforme pas un mensonge en vérité.
Rice is cultivated in several parts of the world.,Le riz est cultivé en plusieurs points du monde.
Schools and roads are services paid for by taxes.,Les écoles et les routes sont des services payés par les impôts.
Shanghai is referred to as the Paris of the East.,Shanghai est surnommée le Paris de l'Orient.
She advised him of the date for the next meeting.,Elle l'a informé de la date de la prochaine réunion.
She advised him to stay in bed for two more days.,Elle lui conseilla de rester au lit deux jours de plus.
She advised him to stay in bed for two more days.,Elle lui a conseillé de rester au lit deux jours de plus.
She asked him if he was a student at this school.,Elle lui a demandé s'il était étudiant à cette école.
She asked him if he was a student at this school.,Elle lui demanda s'il était étudiant à cette école.
She asked me whether she could use the telephone.,Elle m'a demandé si elle pouvait utiliser le téléphone.
She asked me whether she could use the telephone.,Elle m'a demandé la permission d'utiliser le téléphone.
"She bought him a sweater, but he hated the color.",Elle lui acheta un chandail mais il en détesta la couleur.
"She bought him a sweater, but he hated the color.",Elle lui a acheté un chandail mais il en déteste la couleur.
She changed her hairstyle during summer vacation.,Elle changea son style de coiffure pendant les vacances d’été.
She divorced him after many years of unhappiness.,Elle a divorcé après de longues années de tristesse.
She divorced him after many years of unhappiness.,Elle divorça après de longues années de tristesse.
She dreaded having to tell him what had happened.,Elle appréhendait de devoir lui dire ce qui s'était passé.
She dumped him because she thought he was a jerk.,Elle le laissa tomber parce qu'elle pensait qu'il était un pauvre type.
She dumped him because she thought he was a jerk.,Elle l'a laissé tomber parce qu'elle pensait qu'il était un pauvre type.
She dumped him because she thought he was a jerk.,Elle l'a balancé parce qu'elle pensait que c'était un pauvre type.
She followed him home to find out where he lived.,Elle le suivit chez lui pour voir où il vivait.
She followed him home to find out where he lived.,Elle le suivit chez lui pour déterminer où il vivait.
She followed him home to find out where he lived.,Elle l'a suivi chez lui pour voir où il vivait.
She followed him home to find out where he lived.,Elle l'a suivi chez lui pour déterminer où il vivait.
She gave her entire life to the study of physics.,Elle a consacré sa vie entière à l'étude de la physique.
She got all the more angry because I kept silent.,Mon silence n'a fait que l'énerver encore plus.
"She grew up near the sea, yet she hates swimming.","Elle a grandi au bord de la mer, et pourtant elle a horreur de nager."
She grew up to be a lovely woman like her mother.,Elle a grandi pour devenir une jolie femme comme sa mère.
She had her heavy suitcase carried by the porter.,Elle fit porter sa lourde valise par le porteur.
She handed me the letter without saying anything.,Elle m'a remis la lettre sans rien dire.
She has a claim on her deceased husband's estate.,Elle a un droit sur la propriété de son défunt mari.
She has to change clothes before tonight's party.,Elle doit changer de vêtements avant la fête de ce soir.
She herself helped him because no one else would.,Elle l'a elle-même aidé car personne d'autre ne voulait le faire.
She herself helped him because no one else would.,Elle l'aida elle-même car personne d'autre ne voulait le faire.
She herself helped him because no one else would.,Elle l'a elle-même aidé car personne d'autre ne le ferait.
She hid the secret from her husband all her life.,Elle cacha le secret à son mari toute sa vie.
She is no longer the cheerful woman she once was.,Elle n'est plus la femme gaie qu'elle était.
She is no longer the cheerful woman she once was.,Elle n'est plus la femme enjouée qu'elle fut auparavant.
She is very shy and feels ill at ease at parties.,Elle est très timide et se sent mal à l'aise dans les fêtes.
She lost her father when she was three years old.,Elle a perdu son père lorsqu'elle avait trois ans.
She makes excellent meals in the blink of an eye.,Elle prépare d'excellents repas en un tour de main.
She might have been beautiful when she was young.,Peut-être aurait-elle pu être belle lorsqu'elle était jeune.
She pleaded with him to stay a little bit longer.,Elle le supplia de rester un petit peu plus longtemps.
She stared at him and that made him very nervous.,Elle le fixa et cela le rendit très nerveux.
She started pursuing him before he became famous.,Elle a commencé à lui courir après avant qu'il ne devienne célèbre.
She told me that she would go to Paris in August.,Elle m'a dit qu'elle irait à Paris en août.
She took off her glasses and put her contacts in.,Elle retira ses lunettes et mit ses lentilles.
She used to wash her hair before going to school.,Elle avait l'habitude de se laver les cheveux avant d'aller à l'école.
She wanted him to say that he would pay the bill.,Elle voulait qu'il dise qu'il paierait l'addition.
She was able to solve the problem in ten minutes.,Elle était capable de résoudre le problème en dix minutes.
She was asked to convince him to paint the house.,Elle fut requise de le convaincre de peindre la maison.
Simmer the butter and garlic in a small saucepan.,Faites mijoter le beurre et l'ail dans une petite casserole.
"Since it stopped raining, he went out for a walk.","Après qu'il se fut arrêté de pleuvoir, il sortit faire une promenade."
"Since it stopped raining, he went out for a walk.","Après qu'il se fut arrêté de pleuvoir, il est sorti faire une promenade."
"Sister, don't let this patient out of your sight.","Ma sœur, ne quittez pas ce patient des yeux."
Some of the books that he has are English novels.,Certains des livres qu'il a sont des romans anglais.
"Some people laugh at his jokes, but others don't.","Quelques personnes rient de ses plaisanteries, mais d'autres ne le font pas."
Some people still believe that the world is flat.,Certaines personnes croient encore que le monde est plat.
Something like this wouldn't happen in Australia.,Une chose comme ça n'arriverait pas en Australie.
Stop pretending that everything's okay. It's not.,Arrête de faire comme si tout allait bien ! Ce n'est pas le cas.
Tell me if you're going to give it to him or not.,Dis-moi si tu vas le lui donner ou pas.
Tell me if you're going to give it to him or not.,Dites-moi si vous allez le lui donner ou pas.
"Tell me what you eat, I'll tell you what you are.","Dites-moi ce que vous mangez, je vous dirai qui vous êtes."
Ten people were slightly injured in the accident.,Dix personnes furent légèrement blessées dans l'accident.
Thanks for bringing me up to date on this matter.,Merci de m’informer de la progression de cette affaire.
"Thanks to the bad weather, the game was canceled.","Grâce au mauvais temps, le match a été annulé."
That brings up another point I'd like to discuss.,Ça soulève un autre point que j'aimerais discuter.
That took much more time than I thought it would.,Cela a pris bien plus de temps que je ne le pensais.
That was the hardest thing I ever did in my life.,C'est la chose la plus difficile que j'aie jamais faite au cours de ma vie.
That's one of the weirdest things I've ever seen.,Voilà une des choses les plus bizarres qu'il m'ait été donné de voir.
That's the computer he used to write the article.,C'est l'ordinateur sur lequel il écrit son article.
That's the most ridiculous thing I've ever heard.,C'est la chose la plus ridicule que j'aie jamais entendue.
The English Channel separates England and France.,La Manche sépare la France de l'Angleterre.
The accident took place the day before yesterday.,L'accident s'est produit avant-hier.
The administration is opposed to these new taxes.,L'administration s'oppose à ces nouvelles taxes.
"The baby is in his crib, sucking on his pacifier.","Le bébé est dans son berceau, à sucer sa tétine."
The beach is an ideal place for children to play.,La plage est un endroit idéal pour les enfants pour s'amuser.
The bishop took pity on the desperate immigrants.,L'évêque eu pitié des étrangers dans le désespoir.
The boy pressed his face against the shop window.,Le garçon appuya sa tête contre la vitrine du magasin.
The boy pressed his face against the shop window.,Le garçon a appuyé sa tête contre la vitrine du magasin.
The boy pressed his face against the shop window.,Le garçon a collé son visage contre la vitrine.
The boy said that the taxi vanished into the fog.,Le garçon déclara que le taxi avait disparu dans le brouillard.
The children were so noisy that I couldn't study.,Les enfants faisaient tant de bruit que je ne pus étudier.
The children were so noisy that I couldn't study.,Les enfants faisaient tant de bruit que je n'ai pas pu étudier.
The company spends a lot of money on advertising.,La société dépense beaucoup d'argent en publicité.
"The company was started with $100,000 in capital.",La société a été fondée avec un capital de 100 000$.
The cops are searching for the missing documents.,Les flics recherchent les documents manquants.
The dead fish on the beach are starting to smell.,Le poisson mort sur la plage commence à sentir.
The death toll from the hurricane climbed to 200.,Le nombre de morts causées par l'ouragan a grimpé jusqu'à 200.
The death toll from the hurricane climbed to 200.,Le nombre de morts engendré par l'ouragan a grimpé jusqu'à 200.
The doctor examined over fifty patients that day.,Le docteur examina plus de 50 patients ce jour-là.
The doctor thinks Tom's problem is psychological.,Le médecin pense que le problème de Tom est psychologique.
The door swung open and Tom walked into the room.,La porte s'ouvrit et Tom entra dans la pièce.
The door will lock automatically when you go out.,La porte se verrouillera automatiquement quand vous sortirez.
The food at that restaurant is too greasy for me.,Le menu de ce restaurant est trop gras pour moi.
The garden is separated from the road by a fence.,Le jardin est séparé du chemin par une clôture.
The government is trying to get rid of pollution.,Le gouvernement essaie de se débarrasser de la pollution.
The grass always seems greener on the other side.,L'herbe paraît toujours plus verte de l'autre côté.
The group was made up of six girls and four guys.,Le groupe était composé de 6 jeunes filles et 4 garçons.
The hard rain spoiled our hike through the woods.,La pluie drue gâcha notre excursion à travers bois.
The heavy snow made them put off their departure.,Les fortes chutes de neige leur ont fait repousser leur départ.
"The higher we go up, the thinner the air becomes.","Plus haut nous montons, plus l'air se raréfie."
The history of China is older than that of Japan.,L'histoire de la Chine est plus ancienne que celle du Japon.
The house stood out because of its unusual shape.,La maison se distingue par sa forme inhabituelle.
The house was more expensive than I had expected.,La maison était plus coûteuse que je ne l'avais espéré.
The instrument panel has a very ergonomic layout.,Le panneau de commandes de l'instrument a une disposition très ergonomique.
The invention of the transistor marked a new era.,L'invention du transistor a marqué une nouvelle ère.
The job earns him half a million yen every month.,Le boulot lui rapporte un demi million de yens par mois.
The king and his family live in the royal palace.,Le roi et sa famille vivent au palais royal.
The king reigned over his people for forty years.,Le roi a régné sur son peuple pendant quarante ans.
The lamp was suspended from the branch of a tree.,La lampe était suspendue à la branche d'un arbre.
The mail train lost most of its mail in the fire.,Le train postal a perdu une bonne partie de son courrier dans l'incendie.
The man driving the bus is a good friend of mine.,L'homme qui conduit le bus est un bon ami à moi.
The mayor didn't like what the journalists wrote.,Ce qu'écrivirent les journalistes déplut au maire.
The mayor didn't like what the journalists wrote.,Ce qu'écrivirent les journalistes déplut au bourgmestre.
The mayor didn't like what the journalists wrote.,L'édile n'apprécia pas ce que les journalistes écrivirent.
The mayor presented him with the key to the city.,Le maire lui offrit les clés de la ville.
The media blew the whole thing out of proportion.,Les médias ont monté toute cette affaire en épingle.
The money should be distributed to those in need.,L'argent devrait être distribué à ceux qui sont dans le besoin.
The new bridge will have been completed by March.,Le nouveau pont sera terminé d'ici le mois de mars.
The newspaper is on the table next to the window.,Le journal est sur la table à côté de la fenêtre.
The old woman climbed the stairs with difficulty.,La vieille femme monta les escaliers avec difficulté.
"The older we grow, the poorer our memory becomes.","Plus on devient vieux, plus notre mémoire est défaillante."
The only thing that matters is that you are safe.,La seule chose qui importe est que tu sois en sécurité.
The only thing that matters is that you are safe.,La seule chose qui compte est que vous soyez en sécurité.
The outcome depends entirely on your own efforts.,Le résultat dépend entièrement de tes propres efforts.
The outcome depends entirely on your own efforts.,Le résultat dépend entièrement de vos propres efforts.
The police found the politician dead in his room.,La police retrouva l'homme politique mort dans sa chambre.
The policeman demanded their names and addresses.,Le policier a exigé leurs noms et adresses.
The policeman promised to investigate the matter.,La police a promis d'enquêter sur le sujet.
The poor young man finally became a great artist.,Le pauvre jeune homme devint finalement un grand artiste.
The population of China is 8 times that of Japan.,La population de la Chine est huit fois celle du Japon.
The priest's cassock billowed gently in the wind.,La soutane du prêtre gonflait doucement au vent.
The princess begged forgiveness from the emperor.,La princesse implora le pardon de l'empereur.
The problem was that I had nothing to say to him.,"Le problème, c'est que je n'avais rien à lui dire."
The professor treated her as one of his students.,Le professeur la considérait comme une de ses élèves.
The property was divided equally among the heirs.,Les biens furent repartis équitablement entre les héritiers.
The red lines on the map represent railway lines.,Les lignes rouges sur la carte représentent les chemins de fer.
The red lines on the map represent railway lines.,Les lignes rouges sur la carte représentent les voies de chemin de fer.
The river which flows through Paris is the Seine.,Le fleuve qui traverse Paris s'appelle la Seine.
The river which flows through Paris is the Seine.,La rivière qui coule à travers Paris est la Seine.
The rocket ought to have reached the moon by now.,La fusée devrait avoir atteint la Lune maintenant.
The salesman demonstrated how to use the machine.,Le vendeur a fait la démonstration de l'utilisation de la machine.
The sentence doesn't have any grammatical errors.,La phrase ne comporte aucune faute de grammaire.
"The soccer game will be played, even if it rains.","Le match de foot sera disputé, même s'il doit pleuvoir."
The soldiers were ready to die for their country.,Les soldats étaient prêts à mourir pour leur pays.
The station is situated in between the two towns.,La gare est située entre les deux villes.
The stock price index soared to an all-time high.,L'indice boursier a atteint des sommets.
The stockholders are making money hand over fist.,Les actionnaires s'en mettent plein les poches.
The street in front of my house is pretty narrow.,La rue devant ma maison est assez étroite.
"The students are happy, but the teachers are not.","Les élèves sont contents, mais pas les professeurs."
The students are making good progress in English.,Les étudiants font de bons progrès en anglais.
The suitcase contained nothing but dirty clothes.,La valise ne contenait rien d'autre que des vêtements sales.
The suspect was holed up in an abandoned factory.,Le suspect était réfugié dans une usine abandonnée.
The thermometer says it's thirty degrees in here.,Le thermomètre indique qu'il fait trente degrés là-dedans.
The time has come when I must tell you the truth.,Il est temps pour moi de te dire la vérité.
The train will arrive at the station before noon.,Le train arrivera à la gare avant midi.
The train will arrive at the station before noon.,Le train entrera en gare avant midi.
The tree was felled with one hard blow of his ax.,L'arbre fut abattu d'un seul fort coup de sa hache.
The weather forecast is not necessarily reliable.,Les prévisions météo ne sont pas nécessairement fiables.
The weather was so cold that the lake froze over.,Le temps était si froid que le lac gela.
The whole neighborhood was surprised at the news.,Tout le voisinage fut surpris par cette nouvelle.
"There are a few apples on the tree, aren't there?","Il y a quelques pommes sur cet arbre, n'est-ce pas ?"
There are a lot of beautiful roses in our garden.,Il y a beaucoup de jolies roses dans notre jardin.
There are a lot of things I have to do this week.,Il y a beaucoup de choses que je dois faire cette semaine.
There are a number of nice restaurants near here.,Il y a de nombreux restaurants sympathiques près d'ici.
There are many new programs to watch this spring.,Il y a beaucoup de nouveaux programmes à regarder ce printemps.
There are more stars in the sky than I can count.,Il y a plus d'étoiles dans le ciel que je ne peux en compter.
There are seven men and four women in my section.,Il y a sept hommes et quatre femmes dans ma section.
There is a strong bond of affection between them.,Il y a un fort lien d'affection entre eux.
There is an urgent need for better communication.,Il y a un besoin urgent de meilleure communication.
"There is little, if any, hope of his being alive.","Il a peu d'espoirs, si ce n'est aucun, qu'il soit en vie."
There is nothing that can't be bought with money.,Il n'y a rien que l'argent ne puisse acheter.
There isn't much butter left in the refrigerator.,Il ne reste plus beaucoup de beurre dans le frigo.
There was a Brazilian girl in my class last year.,Il y avait une brésilienne dans ma classe l'année dernière.
"There was a car accident near here, wasn't there?","Il y a eu un accident de voiture près d'ici, n'est-ce pas?"
There was an overpowering smell of dirty laundry.,Il y avait une odeur prenante de linge sale.
There wasn't much news in last night's newspaper.,Il n'y avait pas beaucoup de nouvelles dans le journal de la nuit dernière.
There were three empty wine bottles on the table.,Il y avait trois bouteilles de vin vides sur la table.
There's a policeman outside who wants to see you.,Il y a un policier dehors qui veut vous voir.
There's no need to hurry. We have plenty of time.,Il n'est pas nécessaire de se presser. Nous disposons de plein de temps.
There's no need to panic. There's plenty of time.,Pas besoin de paniquer. Il reste beaucoup de temps.
There's not enough light in this room for sewing.,Il n'y a pas assez de lumière dans cette pièce pour coudre.
There's really no reason for you to go to Boston.,Il n'y a vraiment aucune raison pour toi d'aller à Boston.
There's really no reason for you to go to Boston.,Il n'y a vraiment aucune raison pour vous d'aller à Boston.
There's something I'd like you to take a look at.,Il y a quelque chose que je voudrais vous montrer.
These are just routine questions we ask everyone.,Ce sont juste des questions de routine que nous posons à tout le monde.
"These days, most clothing is imported from China.","De nos jours, la plupart des vêtements sont importés de Chine."
These problems will be solved in the near future.,Ces problèmes seront résolus dans un proche avenir.
They are collecting contributions for the church.,Ils collectent des dons pour l'église.
They are hardly likely to come at this late hour.,Il est très peu probable qu'ils viennent à cette heure tardive.
They are used to the humid climate of the summer.,Ils sont accoutumés au climat humide de l'été.
They came up with a plan after a long discussion.,Ils ont imaginé un plan après une longue discussion.
They checked to see if the machine was defective.,Ils vérifièrent si la machine était défectueuse.
They dug through the mountain and built a tunnel.,Ils creusèrent à travers la montagne et construisirent un tunnel.
They know the importance of protecting the earth.,Ils connaissent l'importance de protéger la terre.
They might pay me more if I could use a computer.,Il se pourrait qu'ils me paient plus si je savais utiliser un ordinateur.
They say that you never get over your first love.,On dit qu'on ne se remet jamais de son premier amour.
They were transferred from one office to another.,Ils étaient renvoyés d'un bureau à l'autre.
They will tear down the old building in two days.,Ils vont démolir le vieux bâtiment en deux jours.
Things just haven't been the same since you left.,Les choses n'ont simplement plus été pareilles depuis que tu es parti.
Things just haven't been the same since you left.,Les choses n'ont simplement plus été pareilles depuis que tu es partie.
Things just haven't been the same since you left.,Les choses n'ont simplement plus été pareilles depuis que vous êtes parti.
Things just haven't been the same since you left.,Les choses n'ont simplement plus été pareilles depuis que vous êtes partis.
Things just haven't been the same since you left.,Les choses n'ont simplement plus été pareilles depuis que vous êtes partie.
Things just haven't been the same since you left.,Les choses n'ont simplement plus été pareilles depuis que vous êtes parties.
This afternoon the weather is going to get worse.,"Cet après-midi, le temps va se gâter."
This afternoon the weather is going to get worse.,"Cette après-midi, le temps va empirer."
This article reminds me of something I saw on TV.,Cet article me rappelle quelque chose que j'ai vu à la télé.
This book hasn't yet been translated into French.,Ce livre n'a pas encore été traduit en français.
This book hasn't yet been translated into French.,Cet ouvrage n'a pas encore été traduit en français.
This book is much more interesting than that one.,Ce livre-ci est bien plus intéressant que celui-là.
"This book is surprisingly easy to read, isn't it?","C'est surprenant, finalement, ce livre est facile à lire, non ?"
This flower is the most beautiful of all flowers.,Cette fleur est la plus belle de toutes les fleurs.
This investment is the opportunity of a lifetime.,Ce placement est l'occasion d'une vie.
This is an institution for the criminally insane.,C'est une institution pour les fous criminels.
This is by far the tallest building in this city.,C'est de loin le plus haut bâtiment de cette ville.
This is the last time I'm telling you to do that.,C'est la dernière fois que je vous dis de faire cela.
This is the last time I'm telling you to do that.,C'est la dernière fois que je te dis de faire ça.
This is the most interesting book I've ever read.,C'est le livre le plus intéressant que j'aie jamais lu.
This is the pen that he signed the document with.,C'est le stylo avec lequel il a signé le document.
"This one's crowded, so let's take the next train.","Celui-ci est bondé, prenons donc le train suivant."
This part of the library is closed to the public.,Cette zone de la bibliothèque est fermée au public.
This piano has probably not been tuned for years.,Ce piano n'a probablement pas été accordé depuis des années.
This rug was made without the use of child labor.,Ce tapis est confectionné sans employer d'enfants.
This stone was so heavy that I could not lift it.,Cette pierre était si lourde que je n'ai pas pu la soulever.
This story is far more interesting than that one.,Cette histoire-ci est bien plus intéressante que celle-là.
This tastes a lot better than what I usually eat.,Ça a bien meilleur goût que ce que je bouffe d'habitude.
This will be one of the best memories of my life.,Ça sera l'un des meilleurs souvenirs de ma vie.
"To make a long story short, everything went fine.","En un mot, tout s'est bien passé."
"To tell the truth, I'm not in favor of it at all.","À dire vrai, je n'approuve pas du tout."
"Today, many people worry about losing their jobs.","De nos jours, beaucoup de personnes craignent de perdre leur emploi."
Tom always drinks his coffee black with no sugar.,Tom prend toujours son café noir et sans sucre.
Tom always walks to school when it isn't raining.,Tom va toujours à l'école à pied quand il ne pleut pas.
Tom and I couldn't agree on what we needed to do.,Tom et moi n'arrivions pas à nous mettre d'accord sur ce que nous devions faire.
Tom and I usually talked to each other in French.,Tom et moi nous parlons généralement en français.
Tom and Mary are getting married in three months.,Tom et Mary se marient dans trois mois.
Tom and Mary both left the room at the same time.,Tom et Mary ont tous les deux quitté la pièce au même moment.
Tom and Mary have adopted a minimalist lifestyle.,Tom et Marie ont adopté un mode de vie minimaliste.
Tom and Mary have different philosophies of life.,Tom et Marie ont des philosophies de vie différentes.
Tom and Mary spent the night out under the stars.,Tom et Marie ont passé la nuit à la belle étoile.
Tom asked Mary to go out to have dinner with him.,Tom a demandé à Marie de sortir pour dîner avec lui.
Tom asked Mary whether she'd like to go shopping.,Tom a demandé à Mary si elle aimerait aller faire les courses.
Tom asked Mary whether she'd like to go shopping.,Tom a demandé à Mary si elle aimerait aller faire du shopping.
Tom couldn't afford to buy the bicycle he wanted.,Tom ne pouvait pas se permettre d'acheter le vélo qu'il voulait.
Tom didn't know he was supposed to do that today.,Tom ne savait pas qu'il devait faire ça aujourd'hui.
"Tom didn't know how to say ""thank you"" in French.","Tom ne savait pas comment dire ""merci"" en français."
Tom didn't know where Mary had put her suitcases.,Tom ne savait pas où Marie avait mis ses valises.
Tom didn't know whether he should do that or not.,Tom ne savait pas s'il devrait le faire ou pas.
Tom didn't say why he wasn't happy with our work.,Tom n'a pas dit pourquoi il n'était pas content de notre travail.
Tom didn't tell anyone that he'd won the lottery.,Tom n'a dit à personne qu'il avait gagné au loto.
Tom didn't think he'd ever get used to Thai food.,Tom ne pensait pas s'habituer à la nourriture thaïlandaise un jour.
Tom didn't think that anyone would recognize him.,Tom ne pensait pas que quiconque puisse le reconnaître.
"Tom didn't want to come here, but he came anyway.",Tom ne voulait pas venir ici mais il est tout de même venu.
Tom doesn't have enough time for a cup of coffee.,Tom n'a pas le temps de prendre un café.
Tom doesn't have the qualities of a good teacher.,Tom n'a pas les qualités d'un bon professeur.
Tom doesn't know where Mary learned how to drive.,Tom ne sait pas où Mary a appris à conduire.
Tom doesn't spend much time thinking about money.,Tom ne passe pas beaucoup de temps à penser à l'argent.
Tom doesn't think I'm interested in what he does.,Tom ne pense pas que je sois intéressée par ce qu'il fait.
Tom doesn't want Mary to go anywhere without him.,Tom veut que Marie n'aille nulle part sans lui.
Tom doesn't want to go to such a dangerous place.,Tom ne veut pas aller dans un endroit aussi dangereux.
Tom forgot to tell us not to drink the tap water.,Tom a oublié de nous dire de ne pas boire l'eau du robinet.
Tom gave Mary a gift certificate on her birthday.,Tom a donné un chèque-cadeau à Marie pour son anniversaire.
Tom got out of the bathtub and dried himself off.,Tom sortit de la baignoire et se sécha.
Tom got out of the bathtub and dried himself off.,Tom est sorti de la baignoire et s'est séché.
Tom grabbed Mary's right hand with his left hand.,Tom attrapa la main droite de Marie avec sa main gauche.
Tom had his wallet stolen while he was in Boston.,Tom s'est fait voler son portefeuille quand il était à Boston.
Tom hardly spoke any French when I first met him.,Tom ne parlait quasiment pas français quand je l'ai rencontré pour la première fois.
Tom has a history of arrests for drunken driving.,Tom n'en est pas à sa première arrestation pour conduite en état d'ébriété.
Tom has already told Mary not to do that anymore.,Tom a déjà dit à Marie de ne plus faire cela.
Tom has lived in Australia for over thirty years.,Tom vit en Australie depuis plus de trente ans.
Tom has written many magazine articles on whales.,Tom a écrit de nombreux articles de magazine sur les baleines.
Tom is going out with a Chinese exchange student.,Tom sort avec une étudiante d'échange chinoise.
Tom is our oldest child and Mary is the youngest.,Tom est notre plus vieux enfant et Marie est la plus jeune.
Tom kicked down the door and entered Mary's room.,Tom fracassa la porte et pénétra dans la chambre de Mary.
"Tom knows that he's wrong, but he won't admit it.","Tom sait qu'il a tort, mais il ne l'admettra pas."
Tom must be aware that Mary is John's girlfriend.,Tom doit être conscient que Mary est la petite amie de John.
Tom promised Mary that he wouldn't do that again.,Tom a promis à Mary qu'il ne referait plus cela.
Tom put the first aid kit back where he found it.,Tom a remis la trousse de premiers soins là où il l'a trouvée.
Tom said he didn't even want to think about that.,Tom a dit qu'il ne voulait même pas penser à ça.
Tom said he just had to eat something right away.,Tom a dit qu'il devait juste manger quelque chose tout de suite.
Tom said he wouldn't buy any of Mary's paintings.,Tom a dit qu'il n'achèterait aucun tableau de Mary.
Tom said he'd like to have another cup of coffee.,Tom a dit qu'il aimerait une autre tasse de café.
Tom said that he isn't used to this kind of food.,Tom a dit qu'il n'était pas habitué à ce genre de nourriture.
Tom said that he won't do that unless I help him.,Tom a dit qu'il ne fera pas cela sauf si je l'aide.
Tom says he's planning on buying a gift for Mary.,Tom dit qu'il prévoit d'acheter un cadeau pour Mary.
Tom seems to be able to speak French fairly well.,Tom semble pouvoir parler français plutôt bien.
Tom seldom makes mistakes when writing in French.,Tom fait rarement des erreurs quand il écrit en français.
Tom showed Mary how to boil water in a paper cup.,Tom montra à Mary comment faire bouillir de l'eau dans un gobelet en carton.
Tom spends all his free time playing video games.,Tom passe tout son temps libre à jouer aux jeux vidéo.
Tom still isn't used to the way things work here.,Tom n'est toujours pas habitué à la façon dont les choses fonctionnent.
Tom takes the trash out every day at six o'clock.,Tom sort les poubelles tous les jours à six heures.
Tom told me he didn't take French in high school.,Tom m'a dit qu'il n'avait pas pris français au lycée.
Tom walked across the room and opened the window.,Tom a traversé la pièce et a ouvert la fenêtre.
Tom walked across the room and opened the window.,Tom traversa la pièce et ouvrit la fenêtre.
Tom wanted to take Mary in his arms and kiss her.,Tom voulait prendre Mary dans ses bras et l'embrasser.
Tom was arrested as a suspect in a criminal case.,Tom a été arrêté car il est suspecté dans une affaire de meurtre.
Tom was probably the shortest person in the room.,Tom fut probablement la plus petite personne de la pièce.
Tom was the one who taught me how to milk a goat.,C'est Tom qui m'a appris à traire une chèvre.
Tom was trying to control his own violent temper.,Tom essayait de contrôler son propre tempérament violent.
Tom wasn't aware of the gravity of the situation.,Tom n'était pas conscient de la gravité de la situation.
Tom's face feels rough because he needs to shave.,Le visage de Tom est rugueux car il a besoin de se raser.
Tom's parents usually speak French to each other.,Les parents de Tom se parlent en français.
Two years went by before I could find a good job.,Deux ans se sont écoulés avant que j'aie pu trouver un bon travail.
"Under normal circumstances, I'd agree to do that.","Dans des conditions normales, je serais d'accord pour le faire."
Unfortunately she already has a steady boyfriend.,"Malheureusement, elle a déjà un petit copain attitré."
"Unfortunately, I already have plans for that day.","Malheureusement, j'ai déjà quelque chose de prévu ce jour-là."
"Unfortunately, they didn't listen to my warnings.","Malheureusement, ils n'ont pas écouté mes avertissements."
We all knew that it would happen sooner or later.,Nous savions tous que ça arriverait tôt ou tard.
We all need to learn to deal with this situation.,Il nous faut tous apprendre à faire face à cette situation.
We are bound to each other by a close friendship.,Une amitié étroite nous lie.
We are still clinging to the dreams of our youth.,Nous nous raccrochons encore aux rêves de notre jeunesse.
We arrived at the museum after a ten-minute walk.,Nous sommes arrivés au musée après dix minutes de marche.
We confirmed the hotel reservations by telephone.,Nous avons confirmé les réservations à l'hôtel par téléphone.
We demanded that she should make up for the loss.,Nous exigeâmes qu'elle compense la perte.
We demanded that she should make up for the loss.,Nous avons exigé qu'elle compense la perte.
We had to postpone the gathering because of rain.,Nous dûmes remettre la réunion à cause de la pluie.
We have a lot of good restaurants here in Boston.,Nous avons beaucoup de bons restaurants ici à Boston.
We have more important things we need to discuss.,Nous avons des choses plus importantes à discuter.
We have to bring our teaching methods up to date.,Nous devons mettre à jour notre méthode pédagogique.
We have to make sure that we never do this again.,Nous devons nous assurer de ne jamais refaire cela.
We hurried to the airport only to miss the plane.,Nous nous précipitâmes à l'aéroport pour finalement manquer l'avion.
We learn something new about ourselves every day.,Nous apprenons chaque jour quelque chose de nouveau sur nous-mêmes.
"We looked at the sky, but couldn't see any stars.","Nous avons regardé le ciel, mais n'avons pas pu voir d'étoiles."
We must see the matter in its proper perspective.,Nous devons considérer l'affaire sous sa perspective intrinsèque.
We need a large amount of money for this project.,Ce projet nécessite des fonds financiers importants.
We need to add some statistics to the PowerPoint.,Nous devons ajouter quelques statistiques à la présentation Powerpoint.
We need to remember to mail this letter tomorrow.,Nous devons nous rappeler de poster cette lettre demain.
We pointed out to him the error in his reasoning.,Nous lui pointâmes l'erreur de son raisonnement.
We rented an apartment when we lived in New York.,Nous louions un appartement lorsque nous vivions à New York.
We rented an apartment when we lived in New York.,Nous avons loué un appartement quand nous vivions à New York.
We sat in lawn chairs and stared at the mountain.,Nous étions assis dans des chaises longues et contemplions la montagne.
We sat in lawn chairs and stared at the mountain.,Nous étions assises dans des chaises longues et contemplions la montagne.
We saved a lot of time by going down Park Street.,Nous avons gagné beaucoup de temps en passant par la rue du Parc.
We should ban advertising aimed towards children.,Nous devrions interdire la publicité à destination des enfants.
We should be able to finish this in a day or two.,On devrait pouvoir finir ça en un jour ou deux.
We shouldn't impose our opinions on other people.,Nous ne devrions pas imposer nos opinions aux autres.
We sometimes judge others based on their actions.,Nous jugeons parfois les autres sur leurs actes.
We spent a lot of time looking for a parking lot.,Nous avons passé beaucoup de temps à chercher un parking.
We were glad when we saw a light in the distance.,Nous avons été heureux d'apercevoir une lumière au loin.
We were supposed to help Tom yesterday afternoon.,Nous étions censés aider Tom hier après-midi.
We were supposed to help Tom yesterday afternoon.,On était supposé aider Tom hier après-midi.
We'll allow a 5 percent discount off list prices.,Nous allons autoriser une remise de 5% sur le tarif.
We're looking for an apartment with two bedrooms.,Nous recherchons un appartement avec deux chambres.
We've decided to move the meeting to next Sunday.,Nous avons décidé de déplacer la réunion à dimanche prochain.
We've done something similar to that in the past.,Nous avons fait quelque chose comme cela dans le passé.
Wearing glasses makes you look more intellectual.,Porter des lunettes vous fait paraître plus intellectuel.
What are some foods you usually eat with a spoon?,Quels sont les aliments que tu manges habituellement avec une cuillère ?
What are some foods you usually eat with a spoon?,Quels sont les aliments que vous mangez habituellement avec une cuillère ?
What are some foods you usually eat with a spoon?,Quels sont les aliments qu'on mange habituellement avec une cuillère ?
What are you doing buying a house that expensive?,Qu'est-ce qui te prend d'acheter une maison aussi onéreuse ?
What difference would it make if people did that?,Quelle différence cela ferait-il si les gens faisaient cela ?
What do you think of when you look at this photo?,À quoi penses-tu lorsque tu regardes cette photo ?
What do you think of when you look at this photo?,À quoi pensez-vous lorsque vous regardez cette photo ?
What if I told you I really want to be a teacher?,Et si je te disais que je veux vraiment être enseignant ?
What if I told you I really want to be a teacher?,Et si je vous disais que je souhaite vraiment devenir enseignante ?
What is the best way to learn a foreign language?,Quel est le meilleur moyen d'apprendre une langue étrangère ?
What language do they speak in the United States?,Quelle langue parle-t-on aux USA ?
What language do they speak in the United States?,Quelle langue parle-t-on aux États-Unis ?
"What they did next was bad, even by my standards.","Ce qu'ils firent ensuite fut mauvais, même selon mes normes."
"What they did next was bad, even by my standards.","Ce qu'elles firent ensuite fut mauvais, même selon mes normes."
"What they did next was bad, even by my standards.","Ce qu'ils ont fait ensuite a été mauvais, même selon mes normes."
"What they did next was bad, even by my standards.","Ce qu'elles ont fait ensuite a été mauvais, même selon mes normes."
What'll you do if I don't give you my permission?,Que feras-tu si je ne te donne pas mon autorisation ?
What's the fastest way to get to the post office?,Quel est le moyen le plus rapide pour se rendre au bureau de poste ?
What's the most dangerous thing you've ever done?,Quelle est la chose la plus dangereuse que tu aies jamais faite ?
What's the most dangerous thing you've ever done?,Quelle est la chose la plus dangereuse que vous ayez jamais faite ?
What's the real reason you don't want to do this?,Quelle est la véritable raison pour laquelle vous ne voulez pas faire ceci ?
What's the real reason you don't want to do this?,Quelle est la vraie raison pour laquelle tu ne veux pas faire ça ?
"When I give an order, I expect it to be followed.","Quand je donne un ordre, je m'attends à ce qu'il soit suivi."
"When I hear that song, I think about my hometown.","Lorsque j'entends cette chanson, je pense à ma ville natale."
When was the last time you had a really good cry?,Quand as-tu pleuré un bon coup pour la dernière fois ?
"Whether you like it or not, you'll have to do it.","Que cela te plaise ou non, il faudra que tu le fasses."
"Which do you like better, white wine or red wine?",Lequel préfères-tu : le vin blanc ou le vin rouge ?
Who do you think you are to speak to me that way?,Qui êtes-vous pour m'adresser la parole de la sorte ?
Who is currently the richest person in the world?,Qui est actuellement la personne la plus riche au monde ?
Who is currently the richest person in the world?,Quelle est actuellement la personne la plus riche au monde ?
Why are you sorry for something you haven't done?,Pourquoi es-tu désolée pour quelque chose que tu n'as pas fait ?
Why do you always want to do things the hard way?,Pourquoi veux-tu toujours faire les choses de façon compliquée ?
Why do you always want to do things the hard way?,Pourquoi voulez-vous toujours faire les choses de façon compliquée ?
Why don't you meet me out front in a few minutes?,"Et si vous me retrouviez devant, à l'extérieur, dans quelques minutes ?"
Why don't you meet me out front in a few minutes?,"Et si tu me retrouvais devant, à l'extérieur, dans quelques minutes ?"
Why don't you start by telling us where you went?,Pourquoi ne commencez-vous pas par nous dire où vous êtes allé ?
Why don't you start by telling us where you went?,Pourquoi ne commencez-vous pas par nous dire où vous êtes allés ?
Why don't you start by telling us where you went?,Pourquoi ne commencez-vous pas par nous dire où vous êtes allées ?
Will she forgive him for forgetting her birthday?,Lui pardonnera-t-elle d'avoir oublié son anniversaire ?
Winning a lottery is an easy way of making money.,Remporter une loterie est un moyen facile de gagner de l'argent.
Would you be interested in having dinner with me?,Vous intéresserait-il de souper avec moi ?
Would you be willing to help me clean the garage?,Seriez-vous prêt à m'aider à nettoyer le garage ?
Would you be willing to help me clean the garage?,Seriez-vous prêts à m'aider à nettoyer le garage ?
Would you be willing to help me clean the garage?,Seriez-vous prête à m'aider à nettoyer le garage ?
Would you be willing to help me clean the garage?,Seriez-vous prêtes à m'aider à nettoyer le garage ?
Would you be willing to help me clean the garage?,Serais-tu prêt à m'aider à nettoyer le garage ?
Would you be willing to help me clean the garage?,Serais-tu prête à m'aider à nettoyer le garage ?
Would you like me to teach you how to play chess?,Voudrais-tu que je t'apprenne à jouer aux échecs ?
Would you like me to teach you how to play chess?,Voudriez-vous que je vous apprenne à jouer aux échecs ?
Would you like to go to the theater this evening?,Voulez-vous aller au théâtre ce soir ?
Would you mind if we put this off until tomorrow?,Verriez-vous un inconvénient à ce que nous remettions ceci à demain ?
Would you mind if we put this off until tomorrow?,Verrais-tu un inconvénient à ce que nous remettions ceci à demain ?
Wring those clothes well before you hang them up.,Essorez soigneusement ces vêtements avant de les suspendre.
"Yes, it's true, but he doesn't need to know that.","Oui, c'est vrai, mais il n'a pas besoin de le savoir."
"You always have to have the last word, don't you?","Tu dois toujours avoir le dernier mot, hein ?"
"You always have to have the last word, don't you?","Vous devez toujours avoir le dernier mot, n'est-ce pas ?"
You are free to do as you please with your money.,Vous êtes libre de faire ce que bon vous semble avec votre argent.
You can get from Washington to New York by train.,Vous pouvez aller de Washington à New York en train.
You can get from Washington to New York by train.,Vous pouvez vous rendre de Washington à New York en train.
You can get from Washington to New York by train.,Vous pouvez vous rendre de Washington à New York par le rail.
You can use margarine as a substitute for butter.,Vous pouvez utiliser de la margarine comme substitut au beurre.
You can't be too careful in situations like this.,On ne saurait être trop prudent dans de telles situations.
You can't be too careful in situations like this.,On ne saurait être trop prudente dans de telles situations.
You can't buy anything interesting in this store.,Tu ne peux rien acheter d'intéressant dans ce magasin.
You can't drink seawater because it is too salty.,Tu ne peux pas boire l'eau de mer car elle est trop salée.
You can't hurt me any more than you already have.,Tu ne peux pas me blesser davantage que tu l'as déjà fait.
You can't hurt me any more than you already have.,Vous ne pouvez pas me blesser davantage que vous l'avez déjà fait.
You can't just make up the rules as you go along.,Vous ne pouvez pas juste inventer les règles en cours de route.
You can't leave until you've said goodbye to Tom.,Tu ne peux pas partir tant que tu n'as pas dit au revoir à Tom.
You can't leave until you've said goodbye to Tom.,Vous ne pouvez pas partir tant que vous n'avez pas dit au revoir à Tom.
You can't make an omelette without breaking eggs.,On ne peut pas faire d'omelette sans casser des œufs.
You can't make me do anything I don't want to do.,Tu ne peux pas me forcer à faire quoi que ce soit que je ne veux pas faire.
"You don't get up as early as your sister, do you?","Tu ne te lèves pas aussi tôt que ta sœur, n'est-ce pas ?"
You don't understand how worried I was about you.,Tu ne comprends pas combien j'étais soucieuse à ton sujet.
You don't understand how worried I was about you.,Tu ne comprends pas combien j'étais soucieux à ton sujet.
You don't understand how worried I was about you.,Vous ne comprenez pas combien j'étais soucieuse à votre sujet.
You don't understand how worried I was about you.,Vous ne comprenez pas combien j'étais soucieux à votre sujet.
You don't understand how worried I was about you.,Vous ne comprenez pas combien je me faisais de souci à votre sujet.
You don't understand how worried I was about you.,Tu ne comprends pas combien je me faisais de souci à ton sujet.
You have the freedom to travel wherever you like.,Tu as la liberté de voyager où bon te semble.
You have to work harder to make up for lost time.,Tu dois redoubler d'effort pour rattraper le temps perdu.
You may take either the big box or the small one.,Vous pouvez prendre la grosse boîte ou bien la petite.
You may take either the big box or the small one.,Vous pouvez prendre la grande boîte ou la petite.
You must accept the king of Spain as your leader.,Tu dois reconnaître le Roi d'Espagne comme souverain.
You must bear in mind what I've just said to you.,Tu dois garder à l'esprit ce que je viens de te dire.
"You must do the work, even if you do not like it.","Tu dois faire le travail, même s'il ne te plait pas."
You must pay attention to what your teacher says.,Tu dois faire attention à ce que dit ton professeur.
You need to be careful when you're driving a car.,Il faut que tu sois prudent quand tu conduis une voiture.
You need to be careful when you're driving a car.,Il faut que tu sois prudente quand tu conduis une voiture.
You need to calm down and pull yourself together.,Il te faut te calmer et reprendre tes esprits.
You need to calm down and pull yourself together.,Il vous faut vous calmer et reprendre vos esprits.
You promised me that you would take care of them.,Tu m'as promis que tu prendrais soin d'eux.
"You see that tall building over there, don't you?","Tu vois ce bâtiment là-bas, n'est-ce pas ?"
"You see that tall building over there, don't you?","Vous voyez ce bâtiment là-bas, n'est-ce pas ?"
You should apologize to her for being so distant.,"Tu devrais t'excuser auprès d'elle, pour ta distance."
You should have told me about the problem sooner.,Vous auriez dû me parler du problème plus tôt.
You should have told me about the problem sooner.,Tu aurais dû me parler du problème plus tôt.
You should inform your mother as soon as you can.,Tu devrais informer ta mère dès que possible.
You should practice playing the violin every day.,Tu devrais t'exercer au violon tous les jours.
You should really come and visit us in Australia.,Vous devriez vraiment venir nous voir en Australie.
You shouldn't drink so much coffee late at night.,Tu ne devrais pas boire autant de café tard dans la nuit.
You shouldn't take the things Tom says seriously.,Tu ne devrais pas prendre ce que Tom dit au sérieux.
You shouldn't take the things Tom says seriously.,Vous ne devriez pas prendre les choses que Tom dit au sérieux.
You shouldn't take the things Tom says seriously.,Vous ne devriez pas prendre ce que Tom dit au sérieux.
You will miss Japanese food in the United States.,La nourriture japonaise va te manquer aux États-Unis.
You'd better eat everything that's on your plate.,Tu ferais mieux de manger tout ce qui est dans ton assiette.
You'd better eat everything that's on your plate.,Vous feriez mieux de manger tout ce qui se trouve dans votre assiette.
You'd better eat everything that's on your plate.,Tu ferais mieux de manger tout ce qui se trouve dans ton assiette.
You'd better eat everything that's on your plate.,Vous feriez mieux de manger tout ce qui est dans votre assiette.
You'll be able to see the difference very easily.,Vous pourrez voir la différence très facilement.
You'll get into trouble if your parents find out.,Tu vas avoir des ennuis si tes parents découvrent ça.
You'll get into trouble if your parents find out.,Tu vas avoir des ennuis si tes parents le découvrent.
You'll get into trouble if your parents find out.,Vous allez avoir des ennuis si vos parents découvrent ça.
You'll get into trouble if your parents find out.,Vous allez avoir des ennuis si vos parents le découvrent.
You're still too young to get a driver's license.,Tu es trop jeune encore pour obtenir un permis de conduire.
You're the best thing that's ever happened to me.,Vous êtes la meilleure chose qui me soit jamais arrivée.
You're the best thing that's ever happened to me.,C'est vous qui êtes la meilleure chose qui me soit jamais arrivée.
"You're the one who decided to do this job, right?","C'est toi qui as décidé d'effectuer ce boulot, pas vrai ?"
You've got to be crazy to do something like that.,Il faut être cinglé pour faire quelque chose comme ça.
Your father's friends aren't his only supporters.,Les partisans de ton père ne se réduisent pas à ses amis.
Your stupid remark just added fuel to the flames.,Ta remarque idiote n'a fait qu'attiser les flammes.
Your tea will get cold if you don't drink it now.,Ton thé va refroidir si tu ne le bois pas maintenant.
Zurich is considered to be a major financial hub.,Zurich est considérée comme une métropole financière.
"How long will the meeting last? ""For two hours.""",«Combien de temps va durer la réunion ?» «Deux heures.»
"Shall I heat this up? ""No thank you, it's fine.""","« Dois-je réchauffer ça ? » « Non merci, c'est bon. »"
"When do you watch TV? ""I watch TV after dinner.""",« Quand regardes-tu la télévision ? » « Après avoir dîné. »
"Why aren't you going? ""Because I don't want to.""",« Pourquoi tu n'y vas pas ? » « Parce que je ne veux pas. »
"Why aren't you going? ""Because I don't want to.""",« Pourquoi ne viens-tu pas ? » « Parce que je ne veux pas. »
"Will he pass the examination? ""I am afraid not.""",« Réussira-t-il son examen ? » « Je crains que non. »
A bad cold prevented her from attending the class.,Un mauvais rhume l'empêcha d'assister au cours.
A bad writer's prose is full of hackneyed phrases.,La prose d'un mauvais écrivain est pleine de phrases éculées.
A bird in the hand is better than two in the bush.,Un tiens vaut mieux que deux tu l'auras.
A bird in the hand is better than two in the bush.,Mieux vaut un oiseau dans la main que cent dans les airs.
A boy of seventeen is often as tall as his father.,Un adolescent de 17 ans est souvent aussi grand que son père.
A doctor tried to remove the bullet from his back.,Un docteur tenta d'extraire une balle de son dos.
A fallen leaf floated on the surface of the water.,Une feuille morte flottait à la surface de l'eau.
A gang of three robbed the bank in broad daylight.,Un groupe de trois individus a dévalisé la banque en plein jour.
A good many people have told me to take a holiday.,Beaucoup de gens m'ont dit de prendre des vacances.
A green carpet will not go with this blue curtain.,Un tapis vert n'ira pas avec ce rideau bleu.
A lack of sleep affected the singer's performance.,Un manque de sommeil affecta la prestation du chanteur.
"A piano is expensive, but a car is more expensive.","Un piano est cher, mais une voiture est plus chère."
A poor rice harvest will get us into real trouble.,Une mauvaise récolte de riz nous mettra en sérieuse difficulté.
A trip to Mars may become possible in my lifetime.,Voyager sur Mars pourrait devenir possible au cours de mon existence.
"According to the thermometer, it's thirty degrees.","Selon le thermomètre, il fait trente degrés."
"According to the thermometer, it's thirty degrees.","D'après le thermomètre, il fait trente degrés."
Advances in science don't always benefit humanity.,Les progrès de la science ne profitent pas toujours au genre humain.
"After they had finished their work, they went out.","Après qu'ils eurent achevé leur travail, ils sortirent."
"After working all week, we took it easy on Sunday.","Après avoir travaillé toute la semaine, nous nous sommes bien reposés dimanche."
All of the apples that fall are eaten by the pigs.,Toutes les pommes qui tombent au sol sont mangées par les porcs.
All of the students have to wear the same uniform.,Tous les élèves doivent porter le même uniforme.
All of the students have to wear the same uniform.,Toutes les élèves doivent porter le même uniforme.
All of the students have to wear the same uniform.,Tous les élèves doivent revêtir le même uniforme.
All passengers are required to show their tickets.,Tous les passagers sont priés de présenter leurs tickets.
All the members of the committee hate one another.,Tous les membres du comité se haïssent l'un l'autre.
"Although I may be unhappy, I won't commit suicide.","Même si je suis peut-être malheureux, je ne me suiciderai pas."
Americans are frank enough to say what they think.,Les Américains disent franchement ce qu'ils pensent.
An accident prohibited his attending the ceremony.,Un accident l'empêcha d'assister à la cérémonie.
An animal can be much more dangerous when wounded.,Un animal peut être bien plus dangereux lorsqu'il est blessé.
An individual is the smallest unit of the society.,Un individu est la plus petite unité de la société.
Are you content with your position in the company?,Êtes-vous satisfait de votre situation dans la société ?
Are you doing anything special for New Year's Eve?,Faites-vous quelque chose de particulier pour le réveillon du Nouvel An ?
Are you doing anything special for New Year's Eve?,Fais-tu quelque chose de particulier pour le réveillon du Nouvel An ?
Are you seriously thinking about getting involved?,Pensez-vous sérieusement à vous impliquer ?
Are you seriously thinking about getting involved?,Penses-tu sérieusement à t'impliquer ?
Are you sure you don't want to wait till tomorrow?,Es-tu sûre de ne pas vouloir attendre jusqu'à demain ?
Are you sure you don't want to wait till tomorrow?,Es-tu sûr de ne pas vouloir attendre jusqu'à demain ?
Are you sure you don't want to wait till tomorrow?,Êtes-vous sûres de ne pas vouloir attendre jusqu'à demain ?
Are you sure you don't want to wait till tomorrow?,Êtes-vous sûrs de ne pas vouloir attendre jusqu'à demain ?
Are you sure you don't want to wait till tomorrow?,Êtes-vous sûre de ne pas vouloir attendre jusqu'à demain ?
Are you sure you don't want to wait till tomorrow?,Êtes-vous sûr de ne pas vouloir attendre jusqu'à demain ?
"As a boy, he would go to the seaside every summer.","Enfant, il allait à la mer tous les étés."
"As long as we love each other, we'll be all right.","Tout ira bien, tant qu'on s'aimera."
"As more paper money came into use, the value fell.","Puisque plus de monnaie-papier est entrée en usage, la valeur a chuté."
"As soon as it gets dark, the fireworks will start.","Dès qu'il fera nuit, les feux d'artifice commenceront."
"As strange as it may sound, what Tom said is true.","Aussi étrange que cela puisse paraître, Tom disait vrai."
"At a young age, I had to learn to fend for myself.","Jeune, il a fallu que je me débrouille par moi-même."
"At first, they were all convinced he was innocent.","Dans un premier temps, ils étaient tous convaincus qu'il était innocent."
Black smoke spewed out of the third-story windows.,De la fumée noire s'exhalait par les fenêtres du troisième étage.
Both drinking and smoking are bad for your health.,L'alcool et le tabac sont tous deux mauvais pour la santé.
Both of us began to smile almost at the same time.,Nous avons tous les deux commencé à sourire presque en même temps.
"By the time we got there, it was already too late.","Le temps que nous y parvenions, c'était déjà trop tard."
"By the way, what happened to the money I lent you?","Au fait, qu'est-il arrivé à l'argent que je t'ai prêté ?"
Can I have the paper when you're finished with it?,Puis-je avoir le journal une fois que vous en aurez terminé ?
Can I have the paper when you're finished with it?,Puis-je avoir le journal une fois que tu en auras terminé ?
Can you at least pretend you're enjoying yourself?,Peux-tu au moins faire semblant de t'amuser ?
Can you at least pretend you're enjoying yourself?,Pouvez-vous au moins faire semblant de vous amuser ?
Can you give me a ride to the office on Wednesday?,Tu pourras me poser au bureau mercredi ?
Can you make it so she can get on that TV program?,Peux-tu arranger le coup pour qu'elle figure dans cette émission de télé ?
Can you please tell me what time the train leaves?,"Pouvez-vous me dire à quelle heure le train part, s'il vous plaît ?"
Can you remember how slow the Internet used to be?,Te rappelles-tu comme Internet était lent ?
Can you remember the first time we met each other?,Peux-tu te rappeler la première fois que nous nous sommes rencontrés ?
Can you remember the first time we met each other?,Pouvez-vous vous rappeler la première fois que nous nous sommes rencontrés ?
Can you touch your toes without bending your legs?,Arrives-tu à te toucher les orteils sans plier les jambes ?
Canada is really big and there are lots of people.,Le Canada est vraiment grand et il y a beaucoup de monde.
Certain details of the crime were not made public.,Certains détails du crime n'ont pas été rendus publics.
Christians view human nature as inherently sinful.,Les chrétiens considèrent la nature humaine comme intrinsèquement coupable.
Circumstances forced us to cancel our appointment.,Les circonstances nous forcèrent à annuler notre rendez-vous.
"Compared to you, I'm just a beginner at this game.","Comparé à vous, je ne suis qu'un débutant à ce jeu."
"Compared to you, I'm just a beginner at this game.","Comparée à vous, je ne suis qu'une débutante à ce jeu."
"Compared to you, I'm just a beginner at this game.","Comparé à toi, je ne suis qu'un débutant à ce jeu."
"Compared to you, I'm just a beginner at this game.","Comparée à toi, je ne suis qu'une débutante à ce jeu."
"Compared to you, I'm only a beginner at this game.","Comparé à vous, je ne suis qu'un débutant à ce jeu."
"Compared to you, I'm only a beginner at this game.","Comparée à vous, je ne suis qu'une débutante à ce jeu."
"Compared to you, I'm only a beginner at this game.","Comparé à toi, je ne suis qu'un débutant à ce jeu."
"Compared to you, I'm only a beginner at this game.","Comparée à toi, je ne suis qu'une débutante à ce jeu."
Could you keep an eye on my suitcase for a moment?,Pourriez-vous garder l'œil sur ma valise un moment ?
Could you please tell me again who your father is?,Pourrais-tu me dire à nouveau qui est ton père ?
Could you please tell me again who your father is?,Pourriez-vous me dire à nouveau qui est votre père ?
Could you verify that your computer is plugged in?,Pourriez-vous vérifier que votre ordinateur est bien branché ?
Daily exercise is effective in overcoming obesity.,L'exercice journalier est efficace pour vaincre l'obésité.
Declawing cats is forbidden in the European Union.,Arracher les griffes des chats est interdit dans l'Union Européenne.
Did you pick up on that strange tone in his voice?,As-tu remarqué cette intonation bizarre dans sa voix ?
Did you pick up on that strange tone in his voice?,Avez-vous remarqué cette intonation bizarre dans sa voix ?
Do you have any idea what Tom was doing in Boston?,As-tu une idée de ce que Tom faisait à Boston ?
Do you have any idea what Tom was doing in Boston?,Avez-vous une idée de ce que Tom faisait à Boston ?
Do you know Tom well enough to ask him to do this?,Connais-tu Tom suffisamment pour lui demander de faire ceci?
Do you know anyone who was on that ship that sunk?,Connais-tu qui que ce soit qui se trouvait sur ce navire qui a coulé ?
Do you know anyone who was on that ship that sunk?,Connaissez-vous qui que ce soit qui se trouvait sur ce navire qui a coulé ?
Do you know anyone who was on that ship that sunk?,Connais-tu qui que ce soit qui se trouvait sur ce vaisseau qui a coulé ?
Do you know anyone who was on that ship that sunk?,Connaissez-vous qui que ce soit qui se trouvait sur ce vaisseau qui a coulé ?
Do you know where I might find small cowboy boots?,Savez-vous où je pourrais trouver des petites bottes de cowboy ?
Do you know where I'll end up if I take this road?,"Savez-vous où je me retrouverai, si je prends cette route ?"
Do you know who that tall blonde girl in green is?,Sais-tu qui est cette grande fille blonde habillée en vert ?
Do you really want to put your money in that bank?,Veux-tu vraiment mettre ton argent dans cette banque ?
Do you really want to put your money in that bank?,Voulez-vous vraiment mettre votre argent dans cette banque ?
Do you think I can use my cellphone in the shower?,Penses-tu que je puisse utiliser mon téléphone portable dans la douche ?
Do you think I can use my cellphone in the shower?,Pensez-vous que je puisse utiliser mon téléphone portable dans la douche ?
Do you think it's wise to wear your uniform today?,Penses-tu qu'il soit avisé de porter ton uniforme aujourd'hui ?
Do you think it's wise to wear your uniform today?,Pensez-vous qu'il soit avisé de porter votre uniforme aujourd'hui ?
Do you think that handguns should be made illegal?,Penses-tu que les armes de poing devraient être rendues illégales ?
Do you think that handguns should be made illegal?,Pensez-vous que les armes de poing devraient être rendues illégales ?
Do you want the long version or the short version?,Veux-tu la version longue ou la version courte?
Do you want the long version or the short version?,Veux-tu la version longue ou abrégée?
Don't be so greedy or you'll wind up with nothing.,Ne soyez pas si gourmand ou vous finirez sans rien.
Don't disappoint me the way you did the other day.,Ne me déçois pas comme tu l'as fait l'autre jour.
Don't feel obligated to talk if you don't want to.,Ne te sens pas obligé de parler si tu ne veux pas.
Don't forget to turn off the gas before going out.,N'oubliez pas de couper le gaz avant de sortir.
Don't forget to turn off the gas before going out.,N'oubliez pas d'éteindre le gaz en sortant.
Don't tell your father you want to become a clown.,Ne dis pas à ton père que tu veux devenir clown.
Don't worry about your dog. I'll take care of him.,Ne vous faites pas de souci pour votre chien. J'en prendrai soin.
Don't worry about your dog. I'll take care of him.,Ne t'en fais pas pour ton chien. Je m'occuperai de lui.
Dozens of young people attended the demonstration.,Des dizaines de jeunes ont assisté à la manifestation.
"Even if I were rich, I wouldn't give money to him.","Même si j'étais riche, je ne lui donnerais pas d'argent."
Every day my dad leaves for work at eight o'clock.,Chaque jour mon père part au travail à huit heures.
"Every time I see this photo, I think of my father.","À chaque fois que je vois cette photo, je pense à mon père."
Father suddenly got sick and we sent for a doctor.,Père s'est soudainement senti malade et nous avons appelé un docteur.
Father translated the German letter into Japanese.,Père traduisit la lettre allemande en japonais.
Few people can speak a foreign language perfectly.,Peu de gens parlent parfaitement une langue étrangère.
Few students are interested in reading this novel.,Peu d'étudiants sont intéressés par la lecture de ce roman.
Fill in this application form and send it at once.,Remplissez ce formulaire de candidature et envoyez-le immédiatement.
"For certain tasks, my computer can be very useful.","Pour certaines tâches, mon ordinateur peut être bien utile."
France has a higher birthrate than most of Europe.,La France a un taux de natalité plus élevé que la plupart des autres pays européens.
"From now on, there is no reason to worry any more.","Désormais, il n'y a plus d'inquiétude à avoir."
Get me all the information you can on this matter.,Rapporte-moi toutes les informations que tu peux sur cette affaire.
Girls are often judged by how attractive they are.,On juge souvent les filles sur leur séduction.
Gladiators fought with lions inside the Colosseum.,Les gladiateurs combattaient des lions à l'intérieur du Colisée.
"Grades are important, but they are not everything.","Les notes sont importantes, mais elles ne sont pas tout."
"Had he heard the news, he might have been shocked.","S'il avait entendu les nouvelles, il aurait pu être choqué."
"Had he heard the news, he might have been shocked.","Eût-il entendu les nouvelles, il aurait pu être choqué."
Have there been any signs of the missing children?,Y a-t-il eu le moindre signe des enfants disparus ?
Have you ever served as a witness in a court case?,As-tu jamais été témoin d'une affaire en justice ?
Have you heard from him since he left for America?,As-tu des nouvelles de lui depuis qu'il est parti en Amérique?
Have you seen a little girl with short black hair?,Avez-vous vu une fillette aux cheveux noirs et courts ?
He always gets home at six o'clock in the evening.,Il arrive toujours chez lui à six heures du soir.
He apologized to us for having broken his promise.,Il nous présenta ses excuses pour n'avoir pas tenu sa promesse.
He began his meal by drinking half a glass of ale.,Il commença son repas en buvant un demi verre de bière.
He betrayed us by telling the enemy where we were.,Il nous trahit en disant à l'ennemi où nous nous trouvions.
He chose not to run for the presidential election.,Il a choisi de ne pas se présenter à l'élection présidentielle.
He cleared his throat before starting the lecture.,Il s'éclaircit la gorge avant de commencer le cours.
He confirmed that it was the wreck of the Titanic.,Il a confirmé que c'était l'épave du Titanic.
He described the accident in detail to the police.,Il a décrit l'accident en détail à la police.
"He didn't know what to say, so he remained silent.","Il ne savait pas quoi dire, alors il resta silencieux."
"He didn't know what to say, so he remained silent.","Il ne savait pas quoi dire, alors il est resté silencieux."
"He didn't say so, but he implied that I was lying.",Il ne l'a pas dit mais il a insinué que je mentais.
He doesn't even remember what happened last night.,Il ne se souvient même pas de ce qui est arrivé hier soir.
He doesn't even remember what happened last night.,Il ne se souvient même pas de ce qui est arrivé hier au soir.
He doesn't even remember what happened last night.,Il ne se souvient même pas de ce qui s'est passé hier soir.
He doesn't even remember what happened last night.,Il ne se souvient même pas de ce qui s'est passé hier au soir.
He doesn't even remember what happened last night.,Il ne se souvient même pas de ce qui s'est passé la nuit dernière.
He doesn't even remember what happened last night.,Il ne se souvient même pas de ce qui est arrivé la nuit dernière.
He doesn't even remember what happened last night.,Il ne se souvient même pas de ce qui est arrivé la nuit passée.
He doesn't even remember what happened last night.,Il ne se souvient même pas de ce qui s'est passé la nuit passée.
He doesn't have the necessary skills for that job.,Il ne dispose pas des compétences nécessaires à cet emploi.
"He drove the car, listening to music on the radio.","Il a conduit la voiture, en écoutant de la musique à la radio."
He failed in his attempt to swim across the river.,Il a échoué dans sa tentative de traverser la rivière à la nage.
He failed to become a cabinet member at that time.,"Aujourd'hui, il a échoué à devenir un membre du cabinet."
He fashioned a walking stick from a fallen branch.,Il façonna une branche tombée en un bâton de marche.
He finished drinking one beer and ordered another.,Il finit de boire une bière et en commanda une autre.
He gave me all the money he was carrying with him.,Il me donna tout l'argent qu'il transportait.
He got all his information from secondary sources.,Il a obtenu toutes ses informations de sources officieuses.
He got his arm broken while he was playing soccer.,Il s'est cassé le bras en jouant au football.
He got his arm broken while he was playing soccer.,Il s'est cassé le bras pendant qu'il jouait au foot.
He has not come yet. He may have missed the train.,Il n'est pas encore venu. Peut-être a-t-il manqué le train.
He has to have his blood pressure taken every day.,On doit lui prendre sa pression artérielle chaque jour.
He intimated that all is not well in his marriage.,Il laissa entendre que tout n'est pas rose dans son mariage.
He is busy preparing for the entrance examination.,Il est occupé à préparer son examen d'entrée.
He is capable of teaching both English and French.,Il peut enseigner le français et l'anglais.
He is looking at what used to be my father's desk.,Il regarde ce qui fut le bureau de mon père.
He is not a patient but a doctor in this hospital.,"Ce n'est pas un patient, il est médecin dans cet hôpital."
He is one of the American presidential candidates.,Il est un des candidats aux présidentielles américaines.
He is one of the American presidential candidates.,Il est l'un des candidats aux présidentielles étatsuniennes.
He is one of the greatest scientists in the world.,C'est l'un des plus éminents scientifiques au monde.
He is the only one of my friends that is talented.,C'est le seul de mes amis qui a du talent.
He is well acquainted with the history of England.,Il connaît bien l'histoire de l'Angleterre.
"He is, without question, the best man for the job.",C'est certainement la personne la plus apte pour ce travail.
"He is, without question, the best man for the job.","Il est, sans conteste, le plus qualifié pour ce travail."
He laid down his pen and leaned back in his chair.,Il reposa son stylo et se laissa aller contre le dossier de sa chaise.
He memorized that poem when he was five years old.,Il a mémorisé ce poème quand il avait cinq ans.
He memorized that poem when he was five years old.,Il mémorisa ce poème quand il avait cinq ans.
He must be crazy to go out in this stormy weather.,Il doit être fou pour sortir par ce temps orageux.
He never fails to write to his mother every month.,Il ne manque jamais d’écrire chaque mois à sa mère.
He never takes any notice of what his father says.,Il ne tient jamais compte de ce que lui dit son père.
He picked up the rifle and aimed it at the target.,Il a pris le fusil puis a visé la cible.
He placed emphasis on the importance of education.,Il a mis l'accent sur l'importance de l'éducation.
He said that he had told you to speak more slowly.,Il a dit qu'il t'avait demandé de parler plus lentement.
"He said that his father was ill, but it was a lie.","Il dit que son père était malade, mais c'était un mensonge."
He spoke slowly enough for everyone to understand.,Il parlait suffisamment lentement pour que chacun comprenne.
"He thinks he is somebody, but really he is nobody.","Il croit qu'il est quelqu'un, mais en vérité il n'est personne."
He told us such a funny story that we all laughed.,Il nous raconta une histoire tellement bizarre que nous avons tous ri.
He told us such a funny story that we all laughed.,Il nous a raconté une histoire tellement drôle que nous avons tous ri.
He tried with all his might to push the door open.,Il essaya de toutes ses forces d'ouvrir la porte en la poussant.
He used a headache as an excuse for leaving early.,Il a pris prétexte d’un mal de tête pour rentrer plus tôt.
He waited for several seconds and opened the door.,Il attendit plusieurs secondes et ouvrit la porte.
He was angry because I wouldn't give him any help.,Il était en colère car je refusais de l'aider.
He was elected to the Senate in the last election.,Aux dernières élections il a été élu au sénat.
He was in the habit of taking a walk after supper.,Il avait l'habitude de se promener après souper.
He was one of the unsung heroes of the revolution.,Il était l'un des héros méconnus de la révolution.
He went on talking as though nothing had happened.,Il continua de parler comme si de rien n'était.
He will not change his mind in spite of my advice.,"Malgré mon conseil, il ne changera pas d'avis."
His father passed away last night in the hospital.,Son père est décédé la nuit dernière à l'hôpital.
His helplessness appeals to her motherly sympathy.,Son impuissance éveille sa compassion maternelle.
His house is within a stone's throw of his school.,Sa maison est à un jet de pierre de son école.
His sisters as well as he are now living in Kyoto.,"Ses sœurs, tout comme lui, vivent maintenant à Kyoto."
His supervisor gave him a sterling recommendation.,Son chef de rayon lui donna un conseil en or.
Hokkaido is located in the northern part of Japan.,Hokkaïdo est située dans la partie nord du Japon.
Hoover was born in the farm state of Iowa in 1874.,Hoover est né en 1874 dans l'État agricole de l'Iowa.
Hope of finding the child alive is fading rapidly.,L'espoir de trouver l'enfant vivant s'estompe rapidement.
How could you take that job without consulting me?,Comment as-tu pu accepter cet emploi sans me consulter ?
How long does it take to get to the train station?,Combien de temps cela prend-il pour arriver à la station ?
How many medals did the Japanese athletes collect?,Combien de médailles les athlètes japonais ont-ils récoltées ?
How many of Shakespeare's tragedies have you read?,Combien de tragédies de Shakespeare avez-vous lues ?
How much money did you spend on your last holiday?,Combien d'argent as-tu claqué pour tes dernières vacances ?
How much money did you spend on your last holiday?,Combien d'argent avez-vous dépensé pour vos dernières vacances ?
How much money did you spend on your last holiday?,Combien d'argent as-tu dépensé pour tes dernières vacances ?
How much oil is spilled into the ocean every year?,Quelle quantité de pétrole est déversée dans les océans chaque année ?
How old were you when you started studying French?,Quel âge avais-tu quand tu as commencé à apprendre le français ?
How old were you when your family moved to Boston?,Quel âge avais-tu quand ta famille a déménagé à Boston ?
How old were you when your family moved to Boston?,Quel âge aviez-vous quand votre famille a déménagé à Boston ?
"Hurry up, and you will be able to catch the train.",Dépêche-toi et tu ne rateras pas le train.
I absolutely must know what you're planning to do.,Il me faut absolument savoir ce que vous prévoyez de faire.
I absolutely must know what you're planning to do.,Il me faut absolument savoir ce que tu prévois de faire.
I am afraid things will take a turn for the worse.,Je crains que les choses n'empirent.
I am grateful to you for inviting me to the party.,Je vous suis redevable de m'avoir invité à la fête.
"I am not sure, but I think I want to be a teacher.","Je ne suis pas sûr, mais je pense vouloir être enseignant."
I am not used to being spoken to in that rude way.,Je n'ai pas l'habitude de parler de cette vulgaire manière.
I am of the opinion that this is the way to do it.,Je pense que c'est la bonne manière de le faire.
I am of the opinion that this is the way to do it.,Je pense qu'on doit le faire ainsi.
I am surprised that she refused such a good offer.,Je suis étonné qu'elle ait refusé une si bonne offre.
I am very happy that you have agreed to that plan.,Je suis très heureux que vous ayez souscrit à ce projet.
I am very surprised that she became a Diet member.,Je suis très surpris qu'elle soit devenue membre de la Diète.
I arrived at the bus stop just after the bus left.,Je suis arrivée à l'arrêt de bus juste après que le bus est parti.
"I asked Tom to come yesterday, but he didn't come.","J'ai demandé à Tom de venir hier, mais il n'est pas venu."
"I asked Tom to lend me some money, but he refused.",J'ai demandé à Tom de me prêter de l'argent mais il a refusé.
I ate lunch at around eleven because I was hungry.,J'ai déjeuné vers onze heures parce que j'avais faim.
I beg to point out that your calculation is wrong.,Je m'excuse d'indiquer que votre calcul est faux.
I beg your pardon. I didn't quite catch your name.,"Je vous demande pardon, je n'ai pas bien compris votre nom."
I came across this book in a secondhand bookstore.,Je suis tombé sur cet ouvrage chez un bouquiniste.
"I came near being drowned, trying to rescue a boy.",Je me suis presque noyé en essayant de sauver un garçon.
I came to the conclusion that something was wrong.,J'en suis arrivé à la conclusion que quelque chose était étrange.
I can drive to Boston and back on one tank of gas.,Je peux rouler jusqu'à Boston et faire le retour avec un plein d'essence.
I can't afford to rent a house like this in Tokyo.,Je ne peux pas me permettre de louer une telle maison à Tokyo.
I can't afford to shop at such an expensive store.,Je n'ai pas les moyens de faire mes courses dans un magasin aussi cher.
I can't believe he renounced his U.S. citizenship.,Je n'arrive pas à croire qu'il ait renoncé à sa nationalité étasunienne !
I can't believe you did all this without any help.,Je n'arrive pas à croire que vous ayez fait tout cela sans aucune aide.
I can't believe you did all this without any help.,Je n'arrive pas à croire que vous ayez fait tout cela sans aide aucune.
I can't believe you did all this without any help.,Je n'arrive pas à croire que tu aies fait tout cela sans aucune aide.
I can't believe you did all this without any help.,Je n'arrive pas à croire que tu aies fait tout cela sans une aide quelconque.
I can't believe you weren't as impressed as I was.,Je n'arrive toujours pas à croire que tu n'as pas été aussi impressionné que je l'ai été.
"I can't remember how to say ""Thank you"" in German.","Je ne me rappelle plus comment dire ""Merci"" en allemand."
I can't stand being laughed at in front of others.,Je ne supporte pas qu'on se moque de moi devant les autres.
I can't understand why you are so critical of him.,Je ne peux pas comprendre pourquoi tu es si critique à son égard.
I can't understand why you are so critical of him.,Je ne peux pas comprendre pourquoi vous êtes si critique à son égard.
I can't understand why you are so critical of him.,Je ne peux pas comprendre pourquoi vous êtes si critiques à son égard.
I cannot help thinking that my son is still alive.,Je ne peux pas m'empêcher de penser que mon fils est toujours en vie.
I caught a glimpse of him as he turned the corner.,Je l'aperçus tandis qu'il tournait au coin.
I copied a passage from the book into my notebook.,J'ai recopié un passage du livre sur mon cahier.
"I could really make things hard for you, you know.","Je pourrais vraiment vous rendre les choses difficiles, vous savez."
"I could really make things hard for you, you know.","Je pourrais vraiment te rendre les choses difficiles, tu sais."
I didn't factor those variables into the equation.,Je n'ai pas pris en compte ces variables dans l'équation.
"I didn't have chains for my car, so I stayed home.","Je n'avais pas de chaînes pour ma voiture, donc je suis resté chez moi."
"I didn't have chains for my car, so I stayed home.","Je n'avais pas de chaînes pour ma voiture, donc je suis restée chez moi."
I didn't know Tom could play the trombone so well.,Je ne savais pas que Tom pouvait jouer du trombone aussi bien.
I didn't know that Tom didn't know how to do that.,Je ne savais pas que Tom ne savait pas le faire.
I didn't know that we weren't supposed to do that.,Je ne savais pas que nous n'étions pas censés le faire.
I didn't know that we weren't supposed to do that.,Je ne savais pas que nous n'étions pas censées le faire.
I don't care why Tom did it. I'm just glad he did.,Ça m'est égal de savoir pourquoi Tom l'a fait. Mais je suis bien content qu'il l'ait fait.
I don't have the authority to give you permission.,Je n'ai pas l'autorité pour vous donner la permission.
I don't know if we're going to be able to do that.,Je ne sais pas si on va pouvoir faire ça.
I don't know what would happen if I ever lost you.,Je ne sais pas ce qu'il se passerait si jamais je te perdais.
"I don't like her, because she always puts on airs.","Je ne l'aime pas, parce qu'elle fait toujours de l'esbroufe."
I don't mind helping you clean up after the party.,Ça ne me dérange pas de t'aider à nettoyer après la fête.
I don't mind helping you clean up after the party.,Ça ne me dérange pas de vous aider à nettoyer après la fête.
I don't switch on the light in my studio at night.,Je n'allume pas la lumière dans mon studio la nuit.
I don't think I could ever get used to this smell.,Je ne pense pas que j'arriverai un jour à m'habituer à cette odeur.
I don't think I'll have the time to do that today.,Je ne pense pas que j'aurai le temps de faire cela aujourd'hui.
I don't think I've heard that word in a long time.,Je ne pense pas avoir entendu ce mot depuis bien longtemps.
I don't think Tom knows where Mary parked her car.,Je ne crois pas que Tom sache où Mary a garé sa voiture.
I don't think there's any harm in telling you now.,Je ne pense pas qu'il y ait de mal à te le dire maintenant.
I don't think there's any harm in telling you now.,Je ne pense pas qu'il y ait de mal à vous le dire maintenant.
I don't want to be a disappointment to my parents.,Je ne veux pas être une déception pour mes parents.
I don't want to hear about all your ex-boyfriends.,Je ne veux pas entendre parler de tous tes ex-petits amis.
I don't want to hear about your personal problems.,Je ne veux pas entendre parler de vos problèmes personnels.
I don't want to hear about your personal problems.,Je ne veux pas entendre parler de tes problèmes personnels.
I don't want to hear any more of your complaining.,Je ne veux plus t'entendre te plaindre.
I don't want to work at a supermarket all my life.,Je ne veux pas travailler dans un supermarché toute ma vie.
I don't worry about those kinds of things anymore.,Je ne m'inquiète plus de ce genre de choses.
I don't yet know whether I need to do that or not.,Je ne sais pas encore si j'ai besoin de le faire ou pas.
I entered Tom's office after knocking on the door.,J'entrai dans le bureau de Tom après avoir frappé à la porte.
I expect him to get over the shock of his failure.,J'ai l'espoir qu'il se remettra du choc de son échec.
I felt like singing loudly when the exam was over.,J'avais envie de chanter à gorge déployée à la fin de l'examen.
I felt my hands shaking and my heart beating fast.,Je sentais mes mains trembler et mon cœur s'emballer.
I forgot I was supposed to bring a bottle of wine.,J'ai oublié que j'étais supposé apporter une bouteille de vin.
I forgot my lunch and bought a sandwich at school.,J'ai oublié mon déjeuner et j'ai acheté un casse-croûte à l'école.
I found a pair of sunglasses by the swimming pool.,J'ai trouvé une paire de lunettes de soleil autour de la piscine.
I found a pair of sunglasses by the swimming pool.,J'ai trouvé une paire de lunettes de soleil aux abords de la piscine.
I fully intend to do everything I said I would do.,J'ai parfaitement l'intention de faire tout ce que j'ai dit que je ferais.
I gained back the weight I'd lost over the summer.,J'ai repris le poids que j'avais perdu au cours de l'été.
I gave my sister a pearl necklace on her birthday.,J'ai donné un collier de perles à ma sœur pour son anniversaire.
I get the feeling you don't really want me to win.,J'ai le sentiment que vous ne voulez pas vraiment que je gagne.
I get the feeling you don't really want me to win.,J'ai le sentiment que vous ne voulez pas vraiment que je l'emporte.
I get the feeling you don't really want me to win.,J'ai le sentiment que tu ne veux pas vraiment que je gagne.
I get the feeling you don't really want me to win.,J'ai le sentiment que tu ne veux pas vraiment que je l'emporte.
I got to the bus stop just after the bus had left.,Je suis arrivé à l'arrêt de bus juste après qu'il soit parti.
I had difficulty getting a ticket for the concert.,J'eus des difficultés à me procurer un billet pour le concert.
I had difficulty getting a ticket for the concert.,J'ai eu des difficultés à me procurer un billet pour le concert.
I had never seen a giraffe till I visited the zoo.,Je n'avais jamais vu de girafe avant d'aller au zoo.
I had no idea it would put you to so much trouble.,Je n'avais aucune idée que cela te causerait autant de problèmes.
I had no other choice but to take him at his word.,Je n'avais d'autre choix que de le prendre au mot.
I hate it when you pretend like you don't know me.,Je déteste que tu fasses semblant de ne pas me connaître.
I hate when other people make me wait a long time.,Je déteste que les autres gens me fassent attendre pendant longtemps.
I have a few things to finish up before I go home.,J'ai quelques trucs à terminer avant d'aller à la maison.
I have a friend whose father is a famous novelist.,J'ai un ami dont le père est un célèbre romancier.
I have a friend whose father is a famous novelist.,J'ai un ami dont le père est un romancier célèbre.
I have a headache and I am suffering from a cough.,J'ai mal à la tête et je souffre de toux.
I have an appointment I don't want to be late for.,J'ai un rendez-vous auquel je ne veux pas être en retard.
I have an older brother who's the same age as you.,J'ai un grand frère du même âge que toi.
I have not had anything to eat since this morning.,Je n'ai rien eu à manger depuis ce matin.
I have nothing to say with regard to that problem.,"Je n'ai rien à dire, concernant ce problème."
I have nothing to say with regard to that problem.,"Je n'ai rien à dire, en ce qui concerne ce problème."
I have nowhere to sleep. Can I crash on your sofa?,Je n'ai nulle part où dormir. Est-ce que je peux squatter ton canapé ?
I have the feeling you had something else in mind.,J'ai le sentiment que vous aviez autre chose en tête.
I have the feeling you had something else in mind.,J'ai le sentiment que tu avais autre chose en tête.
I have the feeling you had something else in mind.,J'ai le sentiment que vous aviez autre chose à l'esprit.
I have the feeling you had something else in mind.,J'ai le sentiment que tu avais autre chose à l'esprit.
I have to keep my mind on this important question.,Je dois garder à l'esprit cette importante question.
I have to take the book back to the library today.,Je dois rendre le livre aujourd'hui à la bibliothèque.
I have two dogs. One is white and the other black.,"J'ai deux chiens. L'un est blanc, l'autre est noir."
I hope he'll be able to come! I'd like to see him.,Pourvu qu'il puisse venir ! J'aimerais le voir.
I hope we have better weapons than the enemy does.,J'espère que nous sommes mieux armés que l'ennemi.
I just assumed that everything was going to be OK.,J'ai simplement supposé que tout irait bien.
I just got up. Give me a few minutes to get ready.,Je viens de me lever. Donne-moi quelques minutes pour me préparer.
I just got up. Give me a few minutes to get ready.,Je viens de me lever. Donnez-moi quelques minutes pour me préparer.
I just want to tell Tom before somebody else does.,Je veux simplement parler à Tom avant que quelqu'un d'autre le fasse.
I just want you to think about me once in a while.,Je veux simplement que vous pensiez à moi de temps à autre.
I just want you to think about me once in a while.,Je veux simplement que tu penses à moi de temps à autre.
"I know her by sight, but I've never spoken to her.","Je la connais de vue, mais je ne lui ai jamais parlé."
"I know that tune, but I can't remember the lyrics.",Je connais cet air mais je n'arrive pas à me rappeler des paroles.
I know the boy who is sitting closest to the door.,Je connais le garçon qui est assis le plus près de la porte.
I know you don't want to talk about what happened.,Je sais que tu ne veux pas parler de ce qui s'est passé.
I know you don't want to talk about what happened.,Je sais que tu ne veux pas parler de ce qui s'est produit.
I know you don't want to talk about what happened.,Je sais que tu ne veux pas parler de ce qui a eu lieu.
I know you don't want to talk about what happened.,Je sais que vous ne voulez pas parler de ce qui s'est passé.
I know you don't want to talk about what happened.,Je sais que vous ne voulez pas parler de ce qui s'est produit.
I know you don't want to talk about what happened.,Je sais que vous ne voulez pas parler de ce qui a eu lieu.
I like to spread honey on my toast in the morning.,J'aime tartiner du miel sur mon toast le matin.
I made a list of things I needed to bring with me.,J'ai dressé une liste des choses qu'il me fallait emporter.
I made a list of things I needed to bring with me.,Je dressai une liste des choses qu'il me fallait emporter.
I made an appointment to see him at seven o'clock.,J'ai pris rendez-vous pour le voir à sept heures.
I managed to acquire the book after a long search.,Je me suis débrouillé pour acquérir l'ouvrage après une longue recherche.
I met an American who was interested in Noh plays.,J'ai rencontré un Américain qui s'intéressait au théâtre Nô.
I mistook her for Minako. They look so much alike.,Je l'ai prise pour Minako. Elles se ressemblent tellement.
I must get my work done by the day after tomorrow.,Je dois finir mon travail pour après-demain.
I need help translating this document into French.,J'ai besoin d'aide pour traduire ce document en français.
I need to find something to open this bottle with.,Il me faut trouver quelque chose pour ouvrir cette bouteille.
I need to know everything that you know about Tom.,J'ai besoin de savoir tout ce que vous connaissez à propos de Tom.
I need to understand the meaning of this sentence.,Il me faut comprendre la signification de cette phrase.
I never stay anywhere long enough to make friends.,Je ne reste jamais où que ce soit assez longtemps pour me faire des amis.
I never stay anywhere long enough to make friends.,Je ne reste jamais où que ce soit assez longtemps pour me faire des amies.
I only eat meat about three or four times a month.,Je ne mange de la viande que trois ou quatre fois par mois.
I only have American coins in my pocket right now.,Je n'ai que des pièces américaines dans ma poche pour le moment.
I owe you a big one for getting me out of the jam.,Je te dois une fière chandelle de m'avoir sorti de ce pétrin.
I pay most of my bills on the first of each month.,Je paie la plupart de mes factures le premier du mois.
I pay most of my bills on the first of each month.,Je paie la plupart de mes factures au premier du mois.
I persuaded the policeman not to shoot the monkey.,J'ai persuadé le policier de ne pas abattre le singe.
I persuaded the policeman not to shoot the monkey.,J'ai persuadé le policier de ne pas tirer sur le singe.
I played video games after I finished my homework.,J'ai joué à des jeux vidéo après avoir fini mes devoirs.
I read in the newspaper that he had been murdered.,J'ai lu dans le journal qu'il avait été assassiné.
I really don't want to go out on a date with Mary.,Je ne veux vraiment pas aller au rendez-vous avec Mary.
I really don't want to sit in the back of the bus.,Je ne veux vraiment pas m'asseoir à l'arrière du bus.
I remember his face but I can't remember his name.,"Je me souviens de son visage, mais je ne peux pas me souvenir de son nom."
I repeated what he said exactly as he had said it.,"J'ai répété ce qu'il disait, exactement comme il l'avait dit."
"I said ""good night"" to my parents and went to bed.",J'ai dit bonne nuit à mes parents et suis allé me coucher.
I should go home before my parents start to worry.,Je devrais rentrer à la maison avant que mes parents ne commencent à s'inquiéter.
I should turn in. I need my beauty sleep you know.,"Je devrais aller me coucher. J'ai besoin de dormir tôt, tu sais."
I spent the whole afternoon chatting with friends.,J’ai passé tout l’après-midi à bavarder avec des amis.
I spent the whole weekend at home on the computer.,J'ai passé tout le week-end chez moi sur l'ordinateur.
I stayed at home all day instead of going to work.,Je suis resté à la maison toute la journée au lieu d'aller travailler.
I still have a lot of questions I want to ask you.,J'ai encore beaucoup de questions que je veux te poser.
I still think it's unlikely that he'll come today.,Je continue à penser qu'il est improbable qu'il vienne aujourd'hui.
I stood on a chair so I could reach the top shelf.,Je suis monté sur une chaise pour pouvoir atteindre l'étagère du haut.
I suspected that something like this might happen.,J'ai soupçonné qu'une telle chose pouvait arriver.
I talked with my parents about my studying abroad.,J'ai parlé à mes parents de mon projet d'aller étudier à l'étranger.
I think Tom would've stayed longer if he could've.,"Je pense que Tom serait resté plus longtemps, s'il avait pu."
"I think it might rain today, but I could be wrong.","Je pense qu'il pourrait pleuvoir aujourd'hui, mais je peux me tromper."
I think it's time for me to confront that problem.,Je pense qu'il est temps pour moi d'affronter ce problème.
I think it's time for me to get a bit of exercise.,Je pense qu'il est temps que je prenne un peu d'exercice.
I think it's time for me to make some new friends.,Je pense qu'il est temps que je me fasse de nouveaux amis.
I think the prices in this store are way too high.,Je pense que les prix dans ce magasin sont bien trop hauts.
I think there has been some misunderstanding here.,Je pense qu'il y a eu comme un malentendu.
I think this project is moving on the right track.,Je pense que ce projet est sur la bonne voie.
I think we can come up with better plan than this.,Je pense que nous pouvons concevoir un meilleur plan que celui-ci.
I think you need to find yourself a part-time job.,Je pense qu'il te faut trouver un emploi à temps partiel.
I think you need to find yourself a part-time job.,Je pense qu'il te faut trouver un boulot à temps partiel.
I think you need to find yourself a part-time job.,Je pense qu'il vous faut trouver un emploi à temps partiel.
I think you need to find yourself a part-time job.,Je pense qu'il vous faut trouver un boulot à temps partiel.
I think you want this more than you want to admit.,Je pense que tu veux ceci plus que tu veux ne l'admettre.
I think your father hoped you would go to college.,Je pense que ton père espérait que tu irais au lycée.
I thought Tom and Mary were married to each other.,Je croyais que Tom et Mary étaient mariés l'un l'autre.
I thought maybe I'd better not go home right away.,Je pensais que peut-être je ferais mieux de ne pas rentrer chez moi immédiatement.
I thought she wouldn't notice that he wasn't here.,Je pensais qu'elle ne remarquerait pas qu'il n'était pas là.
I thought you'd been killed. I'm glad I was wrong.,Je pensais que tu serais tué. Je me réjouis d'avoir eu tort.
I thought you'd been killed. I'm glad I was wrong.,Je pensais que tu serais tuée. Je me réjouis d'avoir eu tort.
I thought you'd been killed. I'm glad I was wrong.,Je pensais que vous seriez tué. Je me réjouis d'avoir eu tort.
I thought you'd been killed. I'm glad I was wrong.,Je pensais que vous seriez tuée. Je me réjouis d'avoir eu tort.
I thought you'd been killed. I'm glad I was wrong.,Je pensais que vous seriez tués. Je me réjouis d'avoir eu tort.
I thought you'd been killed. I'm glad I was wrong.,Je pensais que vous seriez tuées. Je me réjouis d'avoir eu tort.
"I told her not to let go of the rope, but she did.","Je lui ai dit de ne pas lâcher la corde, mais c'est ce qu'elle a fait."
I took a taxi from the train station to the hotel.,J'ai pris un taxi de la gare à l'hôtel.
I took it for granted that he would keep his word.,J'ai considéré comme acquis qu'il tiendrait sa parole.
I took it for granted that you would come with us.,J'étais convaincu que vous viendriez avec nous.
I took it for granted that you would come with us.,J'étais convaincu que tu viendrais avec nous.
I took it for granted that you would come with us.,Je pensais qu'il était clair que vous nous accompagneriez.
I took my shoes off and threw them out the window.,J'ai enlevé mes chaussures et les ai jetées par la fenêtre.
I understand now why he didn't go to a university.,Maintenant je comprends pourquoi il n'est pas allé à l'université.
I want my children to have the best of everything.,Je veux que mes enfants aient le meilleur de tout.
I want some beautiful flowers to put on the table.,Je veux quelques belles fleurs à mettre sur la table.
I want the whole world to know that we're in love.,Je veux que le monde entier sache que nous sommes amoureux.
I want to find somewhere I can sit down and relax.,Je veux trouver quelque part où je puis m'asseoir et me détendre.
I want to get Tom something nice for his birthday.,Je veux trouver pour Tom quelque chose de joli pour son anniversaire.
I want to keep doing this for as long as possible.,Je veux continuer à faire ceci aussi longtemps que ceci.
I want to know how much time Tom spent doing that.,Je veux savoir combien de temps a passé Tom à faire ça.
I want to know when my baggage is going to arrive.,Je veux savoir quand mes bagages arriveront.
I want to show you something I've been working on.,Je veux vous montrer quelque chose sur lequel j'ai travaillé.
I want to show you something I've been working on.,Je veux te montrer quelque chose sur lequel j'ai travaillé.
I want you to know that I can't be there tomorrow.,Je veux que tu saches que je ne peux pas être là demain.
I want you to know that I meant every word I said.,Je veux que tu saches que j'ai voulu dire chaque mot que j'ai dit.
I want you to say you're not going back to Boston.,Je veux que tu dises que tu ne retournes pas à Boston.
I want you to take care of Tom for a little while.,Je veux que tu prennes soin de Tom pendant un petit moment.
I want you to tell me what you really think of me.,Je veux que tu me dises ce que tu penses vraiment de moi.
I want you to treat me a little nicer from now on.,Je veux que tu me traites un peu plus gentiment à partir de maintenant.
I wanted to apologize for what happened yesterday.,Je voulais m'excuser pour ce qui c'est passé hier.
I wanted to apologize for what happened yesterday.,Je voulais m'excuser pour ce qui est survenu hier.
I wanted to make sure we didn't cause the problem.,Je voulais être sûr que nous n'avons pas causé le problème.
I wanted you to understand what you're up against.,Je voulais que tu comprennes ce que tu affrontes.
I was ashamed of what I had done to my benefactor.,Je fus honteux de ce que j'avais fait à mon bienfaiteur.
"I was going to call him, but thought better of it.","J'étais sur le point de l'appeler, mais je me suis ravisé."
I was just wondering what languages you can speak.,Je me demandais juste quelles langues tu parles.
"I was planning to go there by bike, but it rained.","J'avais prévu d'y aller en vélo, mais il a plu."
I was so afraid that no one would ask me to dance.,J'étais tellement effrayée que personne ne voulut m'inviter à danser.
I was watching television when the telephone rang.,J'étais en train de regarder la télé quand le téléphone a sonné.
"I went on vacation, and my plants are still alive.","Je suis parti en vacances, et mes plantes sont encore en vie."
I went to the supermarket and bought a bag a rice.,Je suis allé au supermarché et j'ai acheté un sac de riz.
I will return to Australia the day after tomorrow.,Je retourne en Australie après-demain.
I will see to it that everything is ready in time.,Je veillerai à ce que tout soit prêt à temps.
I will wait for you in front of the radio station.,Je t'attendrai devant la station de radio.
"I wish I could go with you, but as it is, I can't.","Je voudrais pouvoir partir avec toi, mais tel que c'est, je ne peux pas."
I wish he would make up his mind one way or other.,"Je souhaite qu'il puisse se décider, d'une manière ou d'une autre."
I wish the subway wasn't so crowded every morning.,J'aimerais que le métro ne soit pas si bondé tous les matins.
I wonder what could have made him change his mind.,Je me demande ce qui a pu le faire changer d'avis.
I wonder why people always want to know the truth.,Je me demande pourquoi les gens veulent toujours connaître la vérité.
"I would buy this watch, except it's too expensive.","J'aurais bien acheté cette montre, sauf qu'elle est trop chère."
I would have bought that car if I'd had the money.,J'aurais acheté cette voiture si j'avais eu les moyens.
I would never have guessed that Tom couldn't swim.,Je n'aurais jamais deviné que Tom ne pouvait pas nager.
I would've never guessed that Tom was from Boston.,Je n'aurais jamais deviné que Tom était de Boston.
I wouldn't do that for all the money in the world.,Je ne le ferais pas pour tout l'or du monde.
I wrote a song about what happened here last year.,"J'ai écrit une chanson à propos de ce qui s'est passé, ici, l'an dernier."
I wrote a song about what happened here last year.,"J'ai écrit une chanson au sujet de ce qui s'est produit, ici, l'année dernière."
I wrote down his phone number on a scrap of paper.,Je notai son numéro de téléphone sur un morceau de papier.
I wrote down his phone number on a scrap of paper.,J'ai noté son numéro de téléphone sur un morceau de papier.
I wrote down his phone number on a scrap of paper.,Je notai son numéro de téléphone sur un bout de papier.
I wrote down his phone number on a scrap of paper.,J'ai noté son numéro de téléphone sur un bout de papier.
I wrote him a letter asking him to come home soon.,Je lui ai écrit une lettre pour lui demander de bientôt rentrer à la maison.
I'd like Tom to spend some time with our children.,Je voudrais que Tom passe un peu de temps avec nos enfants.
I'd like to make an appointment to see the doctor.,J'aimerais prendre rendez-vous pour voir le docteur.
I'd like to sing a song for you that I just wrote.,J'aimerais te chanter une chanson que je viens d'écrire.
I'd like to talk to the doctor alone for a moment.,Je voudrais parler au médecin seul pendant un moment.
I'll be grateful to you if you can do that for me.,Je te serais reconnaissant si tu peux faire ça pour moi.
I'll be grateful to you if you can do that for me.,Je vous serais reconnaissant si vous pouviez faire ça pour moi.
I'll never forget having a good time with you all.,Je n'oublierai jamais que j'ai passé un bon moment avec vous.
I'll never forget your kindness as long as I live.,"Je n'oublierai jamais votre gentillesse, aussi longtemps que je vivrai."
I'm getting along with my mother-in-law very well.,Je m'entends très bien avec ma belle-mère.
I'm getting pretty tired of driving every morning.,Je me lasse pas mal de conduire tous les matins.
I'm getting sick and tired of all your complaints.,J'en ai plus qu'assez de toutes tes récriminations.
I'm going to lay aside that money for emergencies.,Je vais mettre cet argent de côté en cas de besoin.
I'm going to wear these shoes on our date tonight.,Je vais porter ces chaussures à notre rencard ce soir.
I'm not going to do anything you don't want me to.,Je ne vais rien faire que tu ne veux pas que je fasse.
I'm not the least bit worried about losing my job.,Je ne suis pas inquiet de perdre mon travail.
I'm not the least bit worried about losing my job.,Je ne suis pas le moins du monde préoccupé de perdre mon boulot.
I'm not very likely to be arrested for doing that.,Il est très peu probable que je sois arrêté pour avoir fait ça.
I'm not very likely to be arrested for doing that.,Il est très peu probable que je sois arrêtée pour avoir fait ça.
"I'm sorry to say, but the service isn't very good.","Je suis désolé de le dire, mais le service n'est pas très bon."
I'm sure we can figure out a way to get this done.,Je suis sûr qu'on peut trouver un moyen d'y arriver.
I've been dyeing my hair for the last three years.,Je me suis teint les cheveux ces trois dernières années.
I've been looking for them for more than one hour.,Je les ai cherchés pendant plus d'une heure.
I've been looking for them for more than one hour.,Je les ai cherchées pendant plus d'une heure.
I've been waiting here for him since this morning.,Je l'ai attendu ici depuis ce matin.
I've got to go to another dreary meeting tomorrow.,"Je dois aller à un autre rendez-vous ennuyeux, demain."
"If I could afford it, I would buy an electric car.","Si j'en avais les moyens, j'achèterais une voiture électrique."
"If I could, I would let every caged bird fly free.","Si je pouvais, je laisserais s'envoler librement tous les oiseaux en cage."
"If he hadn't wasted time, he'd be finished by now.","S'il n'avait pas perdu de temps, il aurait terminé à l'heure qu'il est."
"If it were not for your help, I might have failed.","N'eût été grâce à votre aide, j'aurais pu échouer."
"If my brother were here, he would know what to do.","Si mon frère était là, il saurait quoi faire."
"If she had told me the truth, I wouldn't be angry.","Si elle m'avait dit la vérité, je ne serais pas en colère."
"If there was no sun, we would not be able to live.","S'il n'y avait pas de soleil, nous ne pourrions pas vivre."
"If you can't solve this problem, ask your teacher.","Si tu n'arrives pas à résoudre ce problème, demandes à ton professeur."
"If you do it this way, you can save several hours.","En le faisant de cette façon, vous pouvez gagner plusieurs heures."
"If you do it this way, you can save several hours.","Si tu le fais de cette façon, tu peux gagner plusieurs heures."
"If you don't study harder, you'll definitely fail.","Si tu n'étudies pas plus dur, tu échoueras sans aucun doute."
"If you follow my advice, you will have no trouble.","Si vous suivez mon conseil, vous n'aurez aucun souci."
"If you have a minute, you might want to read this.","Si tu as une minute, tu pourrais vouloir lire ceci."
"If you have something to say, go ahead and say it.","Si tu as quelque chose à dire, vas-y et dis-le."
"If you look, you'll notice that he's turning left.","Si vous regardez, vous remarquerez qu'il tourne à gauche."
"If you want to be happy, make somebody else happy.","Si tu veux être heureux, rends quelqu'un d'autre heureux."
"If you want to be happy, make somebody else happy.","Si vous voulez être heureux, rendez quelqu'un d'autre heureux."
"If you're not careful, you might have an accident.","Si tu n'es pas prudent, tu pourrais avoir un accident."
"If you're not careful, you might have an accident.","Si tu n'es pas prudente, tu pourrais avoir un accident."
"If you're not careful, you might have an accident.","Si vous n'êtes pas prudent, vous pourriez avoir un accident."
"If you're not careful, you might have an accident.","Si vous n'êtes pas prudente, vous pourriez avoir un accident."
"If you're not careful, you might have an accident.","Si vous n'êtes pas prudents, vous pourriez avoir un accident."
"If you're not careful, you might have an accident.","Si vous n'êtes pas prudentes, vous pourriez avoir un accident."
"If you're not listening to the radio, turn it off.","Si tu n'écoutes pas la radio, éteins-la."
"If you're not listening to the radio, turn it off.","Si vous n'écoutez pas la radio, éteignez-la."
"In Singapore, it is a crime to spit on the ground.","À Singapour, c'est un crime de cracher par terre."
"In clear weather, we can see the island from here.","Par beau temps, on peut voir l'île d'ici."
"In her free time, she likes to be on the Internet.","Pendant son temps libre, elle aime être sur Internet."
In my job I have to deal with all kinds of people.,"Dans mon travail, j'ai affaire à toutes sortes de gens."
"In my opinion, French is a hard language to learn.","Selon moi, le français est une langue difficile à apprendre."
"In spite of the heavy traffic, we arrived on time.","En dépit de la circulation dense, nous arrivâmes à l'heure."
Individual freedom is the foundation of democracy.,La liberté individuelle est la base de la démocratie.
Is it all right to take pictures in this building?,A-t-on le droit de prendre des photos dans ce bâtiment ?
Is this the first time you've eaten Japanese food?,Est-ce la première fois que tu manges japonais ?
Is this the first time you've eaten Japanese food?,Est-ce la première fois que vous mangez de la nourriture japonaise ?
It cost me a thousand yen to get my bicycle fixed.,Ça m'a coûté mille yens pour faire réparer mon vélo.
"It is cheap, but on the other hand it is not good.","C'est bon marché, mais d'un autre côté, la qualité est mauvaise."
It is difficult planning meals for so many people.,C'est difficile de prévoir à manger pour autant de gens.
It is difficult to shoot a bird flying in the air.,C'est difficile de tirer sur un oiseau en plein vol.
It is extremely hot and humid in Bali in December.,Il fait extrêmement chaud et humide à Bali en décembre.
"It is true that she is pretty, but she is selfish.","C'est vrai qu'elle est jolie, mais elle est égoïste."
It is very careless of you to leave the door open.,C'est très inconsidéré de ta part de laisser la porte ouverte.
It isn't easy to understand why you want to leave.,Il n'est pas facile de comprendre pourquoi tu veux partir.
It looked like no one could stop President Reagan.,Il semblait que personne ne pouvait arrêter le Président Reagan.
It never occurred to him that she would get angry.,Il n'avait jamais pensé qu'elle se mettrait en colère.
It never occurred to me that I might get arrested.,Il ne m'est jamais venu à l'esprit que je pourrais être arrêté.
It rained so hard that the shrine was washed away.,Il plut si fort que le sanctuaire fut emporté.
It seems like the cat caught the scent of a mouse.,On dirait que le chat a détecté l'odeur d'une souris.
It took a whole month to break in those new shoes.,Ça a pris tout un mois de casser ces nouvelles chaussures.
It was a pity that Tom couldn't come to our party.,C'était dommage que Tom ne puisse pas venir à notre fête.
It was at that very moment that the bomb went off.,C'est à ce moment précis que la bombe s'est désactivée.
It was mad of him to try to swim in the icy water.,C'était folie de sa part de tenter de nager dans l'eau glacée.
It was nice of you to come all this way to see me.,C'était chouette de ta part de faire tout ce chemin pour me voir.
It was nice of you to come all this way to see me.,C'était chouette de votre part de faire tout ce chemin pour me voir.
It was nice of you to come all this way to see me.,C'était sympa de ta part de faire tout ce chemin pour me voir.
It was nice of you to come all this way to see me.,C'était sympa de votre part de faire tout ce chemin pour me voir.
It was raining heavily when I got up this morning.,Il pleuvait fort quand je me suis levé ce matin.
It was raining when I got on the bus this morning.,Il pleuvait quand je suis monté dans le bus ce matin.
It was very hard for her to suppress her emotions.,Il lui était très difficile de réprimer ses émotions.
It was wise of you to take your umbrella with you.,C'était judicieux de ta part de prendre un parapluie avec toi.
It will only take a moment to answer the question.,Cela prendra seulement un instant pour répondre à la question.
It would be counter-productive to do such a thing.,Faire une telle chose serait contre-productif.
It would be counter-productive to do such a thing.,Il serait contre-productif de faire une telle chose.
It would be great if you could join us for dinner.,Ça serait vraiment bien si tu pouvais te joindre à nous pour déjeuner.
It would be great if you could join us for dinner.,Ça serait vraiment bien si tu pouvais te joindre à nous pour dîner.
It would be great if you could join us for dinner.,Ça serait vraiment bien si vous pouviez vous joindre à nous pour déjeuner.
It would be great if you could join us for dinner.,Ça serait vraiment bien si vous pouviez vous joindre à nous pour dîner.
It would take a long time to tell the whole story.,Cela prendrait beaucoup de temps de raconter toute l'histoire.
It'll take some time to get used to wearing a wig.,Ça prendra un peu de temps pour s'habituer à porter une perruque.
"It'll take us three, maybe four weeks at the most.","Cela nous prendra trois, peut-être quatre semaines tout au plus."
It's an absolute waste of time to wait any longer.,Ce serait perdre entièrement notre temps que d'attendre une seconde de plus.
It's been a long time since I've written anything.,Il y a longtemps que j'ai écrit quoi que ce soit.
It's difficult to get out of bed on cold mornings.,Il est difficile de sortir du lit les matins où il fait froid.
It's gotten dark. Please turn on the light for me.,Ça s'est obscurci. Merci d'allumer la lumière pour moi.
It's possible that he came here when he was young.,Il est possible qu'il soit venu ici quand il était jeune.
It's said that nothing is more precious than time.,On dit qu'il n'est rien de plus précieux que le temps.
It's supposed to rain every day for the next week.,Il est sensé pleuvoir tous les jours jusqu'à la semaine prochaine.
It's thanks to his father that he owns this hotel.,C'est grâce à son père qu'il dirige cet hôtel.
It's very kind of you to help me with my homework.,C'est très gentil de ta part de m'aider à faire mes devoirs.
Japan today is not what it was even ten years ago.,Le Japon d'aujourd'hui n'est plus le même que celui d'il y a seulement dix ans.
Jupiter is the largest planet in the Solar System.,Jupiter est la plus grosse planète du système solaire.
"Just as I was about to go out, it started raining.","Juste au moment où j'étais sur le point de sortir, il se mit à pleuvoir."
Just listening to that song makes me think of you.,Rien que d'écouter cette chanson me fait penser à toi.
Just promise me that you won't do anything stupid.,Promets-moi seulement que tu ne feras rien de stupide.
Just tell me the truth. I promise I won't get mad.,Dis-moi juste la vérité. Je promets de ne pas me mettre en colère.
Just tell me the truth. I promise I won't get mad.,Dites-moi juste la vérité. Je promets de ne pas me mettre en colère.
Let me take you to someplace where you'll be safe.,Je vais vous emmener dans un lieu sûr.
"Let me think it over, and I'll let you know later.",Laisse-moi y réfléchir et je te le ferai savoir plus tard.
Let's approach the problem from a different angle.,Approchons le problème d'un angle différent.
"Listen to your heart, and you will know it's true.","Écoute ton cœur, et tu sauras que c'est la vérité."
Loneliness and being alone are not the same thing.,Le sentiment de solitude et le fait d'être seul ne sont pas la même chose.
Many TV programs have a bad influence on children.,Beaucoup d'émissions ont une mauvaise influence sur les enfants.
Many flights were canceled because of the typhoon.,De nombreux vols furent annulés en raison du typhon.
Many flights were canceled because of the typhoon.,De nombreux vols ont été annulés en raison du typhon.
Many people believe acupuncture can cure diseases.,Beaucoup croient que l'acupuncture peut guérir les maladies.
Many people encouraged me to fulfill my ambitions.,De nombreuses personnes m'ont encouragé à réaliser mes ambitions.
Many people pushed their way toward the rear exit.,De nombreuses personnes se frayèrent un chemin vers la sortie de derrière.
Many young people are out of work in that country.,Beaucoup de jeunes sont sans emploi dans ce pays.
Mary and Alice both married men younger than them.,Mary et Alice ont toutes les deux épousé des hommes plus jeunes qu'elles.
Mary cut herself while she was chopping up onions.,Marie s'est coupée alors qu'elle hachait des oignons.
Mary slipped off her robe and got into the shower.,Mary retira sa robe alla prendre une douche.
"May I have your name and telephone number, please?",Pourrais-je avoir votre nom et numéro de téléphone s'il vous plait ?
Moral leadership is more powerful than any weapon.,L'autorité morale est plus puissante que n'importe quelle arme.
Most French people are against capital punishment.,La plupart des Français sont contre la peine capitale.
My alarm clock didn't work. That's why I was late.,Mon radio réveil ne s'est pas déclenché. C'est pour cette raison que je suis en retard.
My big brother finished his homework very quickly.,Mon grand frère a fini ses devoirs très rapidement.
My brother was threatened by someone waving a gun.,Mon frère a été menacé par quelqu'un qui brandissait une arme.
My brother went to the United States to study law.,Mon frère est parti aux États-Unis pour étudier le droit.
My father goes to Sydney twice a year on business.,Les affaires appellent mon père à Sydney deux fois par an.
My father planted this tree on the day I was born.,Mon père a planté cet arbre le jour où je suis né.
My father planted this tree on the day I was born.,Mon père a planté cet arbre le jour où je suis née.
My grandmother on my mother's side lives in Osaka.,Ma grand-mère maternelle vit à Osaka.
My husband was probably drunk when he signed this.,Mon mari était probablement ivre quand il a signé ça.
My little sister asked me to teach her how to ski.,Ma petite sœur m'a demandé de lui apprendre à skier.
My mother has sold everything that is dear to her.,Ma mère a vendu tout ce qui lui était cher.
My mother is constantly forgetting people's names.,Ma mère oublie constamment le nom des gens.
My mother objected to my going to the Middle East.,Ma mère s'est opposée au fait que j'aille au Moyen-Orient.
My mother was so tired that she went to bed early.,Ma mère était si fatiguée qu'elle se couchait tôt.
My sister has made remarkable progress in English.,Ma sœur a fait des progrès remarquables en anglais.
My sister married a high school teacher last June.,Ma sœur s'est mariée avec un enseignant de lycée en juin dernier.
My teeth are totally healthy and free of problems.,Mes dents sont totalement en bonne santé et sans problèmes.
"My uncle lived in Washington, D. C. for two years.",Mon oncle a vécu à Washington pendant deux ans.
My uncle who lives in Boston visited us last week.,Mon oncle qui vit à Boston nous a rendu visite la semaine dernière.
Napoleon was exiled to the island of Elba in 1814.,Napoléon a été exilé à l'île d'Elbe en 1814.
Napoleon was exiled to the island of Elba in 1814.,Napoléon fut exilé à l'île d'Elbe en 1814.
Never put off till tomorrow what you can do today.,Ne remets pas à demain ce que tu peux faire aujourd'hui.
Nobody cares how much the dinner is going to cost.,Personne ne s'inquiète de combien va coûter le déjeuner.
Nobody cares how much the dinner is going to cost.,Personne ne s'inquiète de combien va coûter le dîner.
"Not only did he teach school, but he wrote novels.","Il ne faisait pas qu'enseigner à l'école, Il écrivait aussi des romans."
"Now that you are an adult, you should know better.","Maintenant que tu es adulte, tu devrais le savoir."
"Now that you are an adult, you should know better.","Maintenant que vous êtes adultes, vous devriez le savoir."
"Once she starts talking, there is no stopping her.","Une fois qu'elle commence à parler, on ne peut plus l'arrêter."
One of my favorite tunes was playing on the radio.,L'une de mes chansons préférées passait à la radio.
Only one person knows the answer to this question.,Seule une personne connaît la réponse à cette question.
Our bike tour of the French Alps lasted two weeks.,Notre tour à bicyclette dans les Alpes françaises a duré deux semaines.
Our bike tour of the French Alps lasted two weeks.,Notre tour des Alpes françaises à bicyclette dura deux semaines.
Our bike tour of the French Alps lasted two weeks.,Notre tour des Alpes françaises à vélo dura deux semaines.
Our city is rather small in comparison with Tokyo.,Notre ville est plutôt petite en comparaison de Tokyo.
Our teacher often overlooked his name on the list.,Notre instituteur sautait souvent son nom sur la liste.
"Paris, which is on the Seine, is a beautiful city.","Paris, qui est traversé par la Seine, est une ville magnifique."
Pay attention to what others around you are doing.,Fais attention à ce que font les autres autour de toi !
Pay attention to what others around you are doing.,Faites attention à ce que font les autres autour de vous !
People are more educated now than they used to be.,Les gens sont plus éduqués qu'ils ne l'étaient avant.
People say I look about the same age as my sister.,Les gens disent que j'ai l'air d'avoir à peu près le même âge que ma sœur.
Playing Russian roulette isn't really a good idea.,Jouer à la roulette russe n'est pas vraiment une bonne idée.
Please be sure to take one dose three times a day.,Assurez-vous de prendre une dose trois fois par jour.
Please clean up this room before everyone arrives.,"S'il te plaît, nettoie cette pièce avant que tout le monde n'arrive."
Please clean up this room before everyone arrives.,"S'il vous plaît, nettoyez cette pièce avant que tout le monde n'arrive."
Please come pick up your package at the reception.,Veuillez venir récupérer vos colis à la réception.
Please fill in your name and address on this form.,"S'il vous plait, remplissez ce formulaire avec votre nom et votre adresse."
Please forward this to as many people as possible.,Je vous prie de rediriger ceci à autant de gens que possible.
Please forward this to as many people as possible.,Je te prie de rediriger ceci à autant de gens que possible.
Please leave your message on my answering machine.,S'il vous plait laissez un message sur mon répondeur.
Please let me see your passport and boarding pass.,"Veuillez me présenter votre passeport et votre carte d'embarquement, s'il vous plait."
Please tell me which of the two cameras is better.,Veuillez m'indiquer quel appareil photo est le meilleur.
Please turn off the light when you leave the room.,Merci d'éteindre la lumière lorsque vous quitterez la pièce.
Please turn off the light when you leave the room.,Merci d'éteindre la lumière lorsque vous quittez la pièce.
Please turn off the light when you leave the room.,Merci d'éteindre la lumière lorsque tu quitteras la pièce.
Please turn off the light when you leave the room.,Merci d'éteindre la lumière lorsque tu quittes la pièce.
Plutonium-244 has a half-life of 80 million years.,Le plutonium 244 possède une demi-vie de quatre-vingt millions d'années.
Racial profiling is a controversial police tactic.,Le profilage racial est une tactique policière controversée.
Railroad service was suspended because of the fog.,Le trafic ferroviaire a été interrompu à cause du brouillard.
Recreational drug use inspires many urban legends.,L'utilisation occasionnelle de drogues alimente la rumeur populaire.
Remember to mail the letter on your way to school.,Pense à poster la lettre sur le chemin de l'école.
Remember to mail the letter on your way to school.,Pensez à poster la lettre sur le chemin de l'école.
Revolutions that don't succeed are soon forgotten.,Les révolutions qui échouent sont vite oubliées.
She accepts criticism from anyone but her parents.,Elle accepte les critiques de n'importe qui sauf de ses parents.
She advised him not to go out by himself at night.,Elle lui conseilla de ne pas sortir seul la nuit.
She advised him to talk about his life in America.,Elle lui conseilla de parler de sa vie en Amérique.
She advised him to talk about his life in America.,Elle lui a conseillé de parler de sa vie en Amérique.
She always lets her children do what they want to.,Elle laisse toujours ses enfants faire ce qu'ils veulent.
She apologized to his father for coming home late.,Elle s'excusa auprès de son père pour être rentrée si tard.
"She asked him to call her later, but he forgot to.","Elle lui demanda de l'appeler plus tard, mais il oublia."
"She asked him to call her later, but he forgot to.","Elle lui a demandé de l'appeler plus tard, mais il a oublié."
She asked him to help her father clean the garage.,Elle lui demanda d'aider son père à nettoyer le garage.
She asked him to help her father clean the garage.,Elle lui a demandé d'aider son père à nettoyer le garage.
She belted out tune after tune at the karaoke bar.,Elle entonna chanson après chanson au karaoké.
She complained that the picture was too revealing.,Elle se plaignit que la photo était trop suggestive.
She complained that the picture was too revealing.,Elle s'est plainte que la photo était trop suggestive.
She couldn't convince him to write a song for her.,Elle ne put le convaincre d'écrire une chanson pour elle.
She couldn't convince him to write a song for her.,Elle ne put le convaincre d'écrire une chanson à son intention.
She couldn't convince him to write a song for her.,Elle n'a pas réussi à le convaincre d'écrire une chanson pour elle.
She goes to the beauty salon at least once a week.,Elle va au salon de beauté au moins 1 fois par semaine.
She got him to do everything she wanted him to do.,Elle obtint qu'il fasse tout ce qu'elle voulait.
She got him to do everything she wanted him to do.,Elle a obtenu qu'il fasse tout ce qu'elle voulait.
"She heard him scream, so she ran into his bedroom.",Elle l'entendit hurler et elle courut donc dans sa chambre.
"She heard him scream, so she ran into his bedroom.",Elle l'a entendu hurler et a donc couru dans sa chambre.
She helped her father with the work in the garden.,Elle aida son père à faire le travail dans le jardin.
She is going to visit her grandmother on Saturday.,Elle va rendre visite à sa grand-mère samedi.
She knows ten times as many English words as I do.,Elle connaît dix fois plus de mots en anglais que moi.
She made up her mind to graduate from high school.,Elle se décida à passer son bac.
She married him only because her parents made her.,Elle l'épousa seulement parce que ses parents la contraignirent.
She promised that she would meet him after school.,Elle lui promit qu'elle le rencontrerait après l'école.
She promised that she would meet him after school.,Elle lui a promis qu'elle le rencontrerait après l'école.
She raised an important objection to his argument.,Elle souleva une objection importante à son argument.
She sat on the bed as her mother braided her hair.,Elle était assise sur le lit tandis que sa mère lui tressait les cheveux.
She seems to have a tendency to exaggerate things.,Elle a l'air d'avoir tendance à exagérer.
She seems to have something to do with the affair.,Il semble qu'elle ait quelque chose à voir avec cette affaire.
She spends time with her grandmother every Sunday.,"Elle passe du temps avec sa grand-mère, chaque dimanche."
She spends time with her grandmother every Sunday.,Elle passe chaque dimanche du temps avec sa grand-mère.
She spoke out strongly against cruelty to animals.,Elle a parlé avec force contre la cruauté envers les animaux.
She tasted the cake to see if it was sweet enough.,Elle goûta le gâteau pour voir s'il était assez sucré.
She told him that she had seen me there last week.,Elle lui a dit qu'elle m'y avait vu la semaine passée.
She told him that she had seen me there last week.,Elle lui a dit qu'elle m'y avait vu la semaine dernière.
She told me that her mother had bought it for her.,Elle me dit que sa mère l'avait acheté pour elle.
She warned the children not to play on the street.,Elle avertit les enfants de ne pas jouer dans la rue.
She was indignant at the way she had been treated.,Elle fut indignée par la manière avec laquelle elle a été traitée.
She was kind enough to lend me large sum of money.,Elle m'avait gentiment prêté une grosse somme d'argent.
She was looking forward to going sailing with him.,Elle se réjouissait d'aller faire de la voile avec lui.
She was looking forward to spending time with him.,Elle attendait avec impatience de passer du temps avec lui.
She was playing the piano when the guests arrived.,Elle était en train de jouer du piano lorsque les invités arrivèrent.
She was ready to help him with cleaning the house.,Elle était prête à l'aider au nettoyage de la maison.
She was standing on a ladder painting the ceiling.,"Elle se tenait sur une échelle, en train de peindre le plafond."
She was the most beautiful woman he had ever seen.,Elle était la plus belle femme qu'il avait jamais vue.
She waved at me before she got on board the plane.,Elle me fit signe avant d'entrer à bord de l'avion.
She will make a business trip to London next week.,"Elle a planifié un voyage d'affaire à Londres, la semaine prochaine."
She wished she had been born twenty years earlier.,Elle aurait voulu être née vingt ans plus tôt.
She wrote to him to tell him how wonderful he was.,Elle lui écrivit pour lui dire combien il était merveilleux.
She wrote to him to tell him how wonderful he was.,Elle lui a écrit pour lui dire combien il était merveilleux.
Smoking is now prohibited on all domestic flights.,Fumer est désormais interdit sur tous les vols intérieurs.
Some birds are sitting on the branch of that tree.,Des oiseaux sont posés sur la branche de cet arbre.
Some families spend their vacation near the beach.,Certaines familles passent leurs vacances près de la plage.
Some flowers bloom in spring and others in autumn.,Certaines fleurs fleurissent au printemps et d'autres en automne.
Some kids broke into Tom's house and ransacked it.,Des enfants ont fait irruption dans la maison de Tom et l'ont saccagé.
"Some of them are teachers, and some are engineers.","Certains d'entre eux sont professeurs, et certains sont ingénieurs."
Some people are never content with what they have.,Certaines personnes ne sont jamais contentes de ce qu'elles ont.
Some people believe in God and other people don't.,Des gens croient en Dieu et d'autres non.
Some people say Japan is a male-dominated society.,Certaines personnes disent que le Japon est une société dominée par la gent masculine.
Somebody has to be held accountable for his death.,Quelqu'un doit porter le chapeau pour sa mort.
Sometimes trying your best just isn't good enough.,"Parfois, faire de son mieux ne suffit tout simplement pas."
Sometimes trying your best just isn't good enough.,"Parfois, faire de son mieux n'est tout simplement pas suffisant."
"Sooner or later, Tom will likely agree to help us.","Tôt ou tard, Tom acceptera sûrement de nous aider."
Stop beating around the bush and get to the point.,Arrête de tourner autour du pot et viens-en au fait.
Take your shoes off before you come into the room.,Ôte tes chaussures avant d'entrer dans la chambre.
Tell me why you were absent from school yesterday.,Dites-moi pourquoi vous étiez absents de l'école hier.
Tell me why you were absent from school yesterday.,Dites-moi pourquoi vous étiez absentes de l'école hier.
Tell me why you were absent from school yesterday.,Dites-moi pourquoi vous étiez absente de l'école hier.
Tell me why you were absent from school yesterday.,Dites-moi pourquoi vous étiez absent de l'école hier.
Tell me why you were absent from school yesterday.,Dis-moi pourquoi tu étais absent de l'école hier.
Tell me why you were absent from school yesterday.,Dis-moi pourquoi tu étais absente de l'école hier.
"Thanks to his advice, I have saved a lot of money.","Grâce à ses conseils, j'ai économisé beaucoup d'argent."
That dry-cleaning business is a front for the mob.,Cette affaire de teinturerie est une façade pour la maffia.
That house is the only one that survived the fire.,Cette maison est la seule qui a survécu à l'incendie.
That is the same umbrella that I found on the bus.,C'est le même parapluie que celui que j'ai trouvé dans le bus.
That last round of chemo really sapped his energy.,Cette dernière séance de chimio a réellement vidé mon énergie.
That mountain is about three thousand meters high.,Cette montagne a une altitude d'environ 3.000 mètres.
That psychiatrist specialized in eating disorders.,Ce psychiatre s'est spécialisé dans les désordres alimentaires.
That tower you see over there is the Eiffel Tower.,La tour que vous pouvez voir est la tour Eiffel.
That type of person almost never asks for a raise.,Ce genre de personne ne demande presque jamais d'augmentation.
That's the worst thing that could possibly happen.,C'est la pire chose qui pouvait se produire.
The Coliseum was the former arena in ancient Rome.,Le Colisée était l'ancienne grande salle de spectacle dans la Rome antique.
The Eiffel Tower is taller than Tour Montparnasse.,La tour Eiffel est plus haute que la tour Montparnasse.
The English Channel separates France from England.,La Manche sépare la France de l'Angleterre.
The French president is to visit Japan next month.,Le président français va visiter le Japon le mois prochain.
The French president is to visit Japan next month.,Le président français visitera le Japon le mois prochain.
The Kiso River is often called the Rhine of Japan.,La rivière Kiso est souvent appelée le Rhin du Japon.
The accent of this word is on the second syllable.,L'accent sur ce mot est placé sur la deuxième syllabe.
The actress said that she was engaged to a banker.,L'actrice a dit qu'elle était mariée à un banquier.
The airline sent my suitcase to Boston by mistake.,La compagnie aérienne a envoyé mes bagages à Boston par erreur.
The architecture in this part of the city is ugly.,L'architecture dans cette partie de la ville est affreuse.
The assignment took me longer than I had expected.,Cette tâche me prit plus de temps que je n'avais prévu.
"The big, yellow bus came hurtling down the street.",Le gros bus jaune dégringola la rue.
The bill was approved by an overwhelming majority.,Le projet de loi a été approuvé par une majorité écrasante.
The boy who lives next door often comes home late.,Le garçon d'à côté ne rentre souvent que tard à la maison.
The children watched TV as Tom was cooking dinner.,Les enfants regardaient la télévision pendant que Tom préparait le dîner.
The cloning of human embryos is prohibited by law.,Le clonage d'embryons humains est interdit par la loi.
The company has unofficially decided to employ me.,L'entreprise a officieusement décidé de m'employer.
The company manufactures a variety of paper goods.,L'entreprise fabrique des produits en papier divers.
The conflict began over a simple misunderstanding.,Le conflit commença sur un simple malentendu.
The criticism of the actor's performance was just.,La critique de la représentation de l'acteur était juste.
The doctors did everything they could to save Tom.,Les médecins ont fait tout ce qu'ils pouvaient pour sauver Tom.
The eerie silence struck terror into their hearts.,Le silence sinistre a fait trembler leurs cœurs.
The egg is a universal symbol of life and rebirth.,L'œuf est un symbole universel de vie et de renaissance.
The entrance is on the other side of the building.,L'entrée est de l'autre côté du bâtiment.
The government clamped down on the minority group.,Le gouvernement a sévit contre le groupe minoritaire.
The government's investment will create many jobs.,L'investissement du gouvernement créera de nombreux emplois.
The green lampshade casts a warm glow in the room.,L'abat-jour vert jette une lueur chaude dans la pièce.
The guitar is so expensive that I can't afford it.,La guitare est tellement chère que je ne peux pas me la payer.
The house is too small for five people to live in.,La maison est trop petite pour y vivre à cinq.
The local coffee shop was replaced by a Starbucks.,Le café du coin a été remplacé par un Starbucks.
The loss adds up to more than one million dollars.,La perte s'élève à plus d'un million de dollars.
The mere thought of it is enough to make me happy.,Le simple fait d'y penser suffit à me rendre heureux.
The mere thought of it is enough to make me happy.,Le simple fait d'y penser suffit à me rendre heureuse.
The monthly staff meeting is never held on Monday.,La réunion mensuelle du personnel n'est jamais tenue les lundis.
The monthly staff meeting is never held on Monday.,La réunion mensuelle du personnel ne se tient jamais le lundi.
"The more chocolate you eat, the fatter you'll get.","Plus tu manges de chocolat, plus gros tu deviens."
"The more chocolate you eat, the fatter you'll get.","Plus vous mangez de chocolat, plus gros vous devenez."
The mosque was torched in the middle of the night.,La mosquée a été incendiée au milieu de la nuit.
The neighbors' son won the spelling bee at school.,Le fils des voisins a remporté le concours d'orthographe de l'école.
The new tunnel will link Great Britain and France.,Le nouveau tunnel reliera la Grande-Bretagne et la France.
The news of the mayor's resignation traveled fast.,L'annonce de la démission du maire se propagea rapidement.
The official dinner took place at the White House.,Le dîner officiel a eu lieu à la Maison Blanche.
The official dinner took place at the White House.,C'est le dîner officiel qui a eu lieu à la Maison Blanche.
The old man is always accompanied by his grandson.,Le vieil homme est toujours accompagné de son petit-fils.
The only thing that matters is that you are alive.,La seule chose qui importe est que tu sois en vie.
The only thing that matters is that you are alive.,La seule chose qui compte est que vous soyez en vie.
The outdoor concert was canceled due to the storm.,Le concert en plein air a été annulé en raison de la tempête.
"The plane climbed to an altitude of 10,000 meters.",L'avion est monté à une altitude de 10.000 mètres.
The police are going to catch you sooner or later.,La police t'attrapera tôt ou tard.
The police are going to catch you sooner or later.,La police te chopera à un moment ou à un autre.
The police found Tom's fingerprint on the trigger.,La police a trouvé l'empreinte digitale de Tom sur la gâchette.
"The price is low, but the quality isn't very good.",Le prix est bas mais la qualité n'est pas très bonne.
"The price is low, but the quality isn't very good.",Le prix est bas mais la qualité est médiocre.
The price of rice rose by more than three percent.,Le prix du riz augmenta de plus de trois pour cent.
The problem is that solar energy is too expensive.,Le problème est que l'énergie solaire est trop chère.
The product is guaranteed to be free from defects.,Le produit est garanti exempt de défauts.
The road up and the road down is one and the same.,La route qui monte et celle qui descend n'en forment qu'une.
The students divided themselves into three groups.,Les étudiants se divisèrent en trois groupes.
The swimmer raised his head and gasped for breath.,Le nageur dressa la tête et chercha après l'air.
The talks will deal with the problem of pollution.,Les discussions traiteront du problème de la pollution.
The teacher has three times as many books as I do.,Le professeur a trois fois plus de livres que moi.
"The telephone is ringing, but nobody is answering.",Le téléphone sonne mais personne ne répond.
The thick fog prevented the plane from taking off.,L'épais brouillard a empêché l'avion de décoller.
The time has come for you to play your trump card.,C'est le moment pour toi de jouer ton atout.
The time has come for you to play your trump card.,C'est le moment pour vous de jouer votre carte maîtresse.
The time will come when your dream will come true.,Le moment viendra où ton rêve s'incarnera.
The time will come when your dream will come true.,Le moment viendra où votre rêve s'incarnera.
The train had already left when we got to station.,Le train était déjà parti lorsque nous sommes arrivés à la gare.
The trip was canceled because of a terrible storm.,Le voyage a été annulé à cause d'une terrible tempête.
The very idea of being sent abroad delighted them.,L'idée même d'être envoyés à l'étranger les ravissait.
The village in which he was born is far from here.,Le village dans lequel il est né est loin d'ici.
The wedding ceremony was performed in the morning.,La cérémonie de mariage a eu lieu le matin.
The wedding will be held in a 17th century church.,Le mariage aura lieu dans une église du XVIIe siècle.
The whale shark is the largest shark in the world.,Le requin-baleine est le plus grand requin du monde.
The woman managed the drunk as if he were a child.,La femme prit en charge le poivrot comme s'il était un enfant.
"The workmen arrived early, bringing their ladders.","Les ouvriers sont arrivés tôt, en amenant leurs échelles."
There are about seven billion people in the world.,Environ sept milliards d'hommes vivent dans le monde.
There are certainly some points worth considering.,Il y a certainement quelques points qui méritent réflexion.
There are thirty students in the beginner's group.,Il y a trente étudiants dans le groupe des commençants.
There are times when I'd like to be more like you.,Il y a des fois où j'aimerais être davantage comme vous.
There are times when I'd like to be more like you.,Il y a des fois où j'aimerais être davantage comme toi.
There is no admission fee for children under five.,Il n'y a pas de frais d'admission pour les enfants de moins de cinq ans.
There was a large audience at yesterday's concert.,Il y a eu un public très nombreux au concert d'hier.
There will be an energy crisis in the near future.,Il y aura une crise énergétique dans l'avenir proche.
There will be an energy crisis in the near future.,Il y aura une crise de l'énergie dans un avenir proche.
There's a fine line between bravery and stupidity.,La frontière est ténue entre la bravoure et la stupidité.
There's no denying the harmful effects of smoking.,On ne peut nier les méfaits de la tabagie.
There's no reason for you to fear for your safety.,Vous n'avez pas de raison de craindre pour votre sécurité.
There's no reason for you to fear for your safety.,Tu n'as pas de raison de craindre pour ta sécurité.
There's something else I need to discuss with you.,Il y a autre chose dont j'ai besoin de parler avec toi.
There's something else I need to discuss with you.,Il y a autre chose dont j'ai besoin de parler avec vous.
These are the names of the people I'm looking for.,Ce sont les noms des personnes que je cherche.
These are the steps that lead straight to failure.,Ce sont les étapes qui mènent droit à l'échec.
These shoes are so tight that I can't put them on.,Ces chaussures sont si serrées que je ne peux pas les mettre.
"They aren't children any more, but not adults yet.","Ce ne sont plus des enfants, mais pas encore des adultes."
They awarded her a gold metal for her achievement.,Ils lui attribuèrent une médaille d'or pour sa réalisation.
They awarded her a gold metal for her achievement.,Ils lui attribuèrent une médaille d'or pour son accomplissement.
They gave him both material and spiritual support.,Ils lui procurèrent à la fois un soutien matériel et spirituel.
They had to find the strongest candidate possible.,Ils devaient trouver le meilleur candidat possible.
They prefer the shadows rather than the spotlight.,Ils préfèrent l'ombre à la lumière des projecteurs.
They prefer the shadows rather than the spotlight.,Elles préfèrent l'ombre à la lumière des projecteurs.
They were able to identify him by his wrist watch.,Ils réussirent à l'identifier grâce à son bracelet-montre.
This hat is too small. Please show me another one.,"Ce chapeau est trop petit. Apportez-m'en un autre, s'il vous plaît."
This hat is too small. Please show me another one.,"Ce chapeau est trop petit. Montre-moi-z'en un autre, s'il te plait."
This is a lot more fun than I thought it would be.,C'est beaucoup plus amusant que je ne le pensais.
This is a lot more fun than I thought it would be.,C'est bien plus amusant que je ne le pensais.
This is longer than any other bridge in the world.,C'est plus long que n'importe quel autre pont au monde.
This is the dictionary I told you about yesterday.,C'est le dictionnaire dont je t'ai parlé hier.
This is the man that I see every day on the train.,C'est l'homme que je vois tous les jours dans le train.
This is the very dictionary I've been looking for.,C'est précisément le dictionnaire que je cherchais.
This mountain is covered with snow all year round.,Cette montagne est couverte de neige tout au long de l'année.
This piece of information is very important to us.,Cette information nous est très importante.
This theory is too difficult for me to comprehend.,Cette théorie est trop difficile pour que je puisse la comprendre.
This vending machine takes only hundred-yen coins.,Ce distributeur n'accepte que les pièces de 100 yen.
"Those grapes look sweet, but in fact they're sour.","Ces raisins ont l'air sucré, mais en fait ils sont acides."
"To my surprise, she could not answer the question.","À ma surprise, elle n'arriva pas à répondre à la question."
Tom and Mary don't like the same kind of TV shows.,Tom et Marie n'aiment pas le même genre d'émissions de télévision.
Tom and Mary never took their eyes off each other.,Tom et Mary ne se sont jamais quittés des yeux.
Tom and Mary spent all morning cleaning the house.,Tom et Mary passèrent la matinée entière à nettoyer la maison.
Tom and Mary were surprised to see John and Alice.,Tom et Mary furent surpris de voir John et Alice.
Tom asked Mary if she wanted him to walk her home.,Tom a demandé à Mary si elle voulait qu'il la raccompagne chez elle.
Tom asked Mary if she wanted him to walk her home.,Tom demanda à Mary si elle voulait qu'il la raccompagne chez elle.
Tom asked Mary whether she planned to swim or not.,Tom a demandé à Mary si elle pensait aller nager ou non.
Tom asked me for more money than he really needed.,Tom m'a demandé plus d'argent qu'il n'en avait réellement besoin.
Tom asked me if I had a black tie he could borrow.,Tom m'a demandé s'il pouvait m'emprunter une cravate noire.
Tom began living by himself at the age of sixteen.,Tom a commencé à vivre seul à l'âge de seize ans.
Tom began to suspect something wasn't quite right.,Tom a commencé à soupçonner que quelque chose n'était pas normal.
Tom certainly had a lot of time to think about it.,Tom avait certainement beaucoup de temps pour y penser.
Tom could barely hear what Mary was trying to say.,Tom pouvait à peine entendre ce que Mary s'efforçait de dire.
Tom decided to give Mary everything she asked for.,Tom décida de donner à Mary tout ce qu'elle voulait.
Tom didn't commit the crimes he's been accused of.,Tom n'a pas commis les crimes dont il a été accusé.
Tom didn't get home until after 2:30 this morning.,Tom n'est rentré à la maison qu'après 02h30 ce matin.
Tom didn't pay me as much as he promised he would.,Tom ne m'a pas payé autant qu'il l'a promis.
Tom doesn't believe a word of what Mary just said.,Tom ne croit pas un mot de ce que vient de dire Mary.
Tom doesn't brush his teeth as often as he should.,Tom ne se brosse pas les dents aussi souvent qu'il le devrait.
Tom doesn't earn enough money to support a family.,Tom ne gagne pas assez d'argent pour subvenir aux besoins d'une famille.
Tom had bruises all over his body after the fight.,Tom avait des ecchymoses sur tout le corps après le combat.
Tom had bruises all over his body after the fight.,Tom avait des bleus sur tout le corps après le combat.
Tom had never seen such a beautiful garden before.,Tom n'avait auparavant jamais vu un si beau jardin.
Tom had the only pool in town with a diving board.,Tom avait la seule piscine de la ville avec un plongeoir.
Tom helped his mother decorate the Christmas tree.,Tom aida sa mère à décorer le sapin de Noël.
Tom helped his mother decorate the Christmas tree.,Tom a aidé sa mère à décorer le sapin de Noël.
Tom is living in a small apartment on Park Street.,"Tom vit dans un petit appartement, rue du Parc."
Tom is so intelligent that he stands out in class.,Tom est tellement intelligent qu'il se distingue en classe.
Tom is very unpredictable when he's been drinking.,Tom devient vraiment imprévisible lorsqu'il a bu.
Tom is wearing his wedding ring on the wrong hand.,Tom porte sa bague de mariage sur la mauvaise main.
Tom is wearing the sunglasses he bought yesterday.,Tom porte les lunettes de soleil qu'il a achetées hier.
Tom isn't really as rich as everyone thinks he is.,Tom n'est pas aussi riche que tout le monde le pense.
Tom isn't really sick. He's just pretending to be.,Tom n'est pas vraiment malade. Il prétend seulement l'être.
Tom isn't the only one here that can speak French.,Tom n'est pas le seul ici qui peut parler français.
Tom lives in a small town not too far from Boston.,Tom vit dans une petite ville non loin de Boston.
Tom mistakenly ate his entree with his salad fork.,Tom a mangé par erreur son entrée avec sa fourchette à salade.
Tom often eats popcorn when he's watching a movie.,Tom mange souvent du pop-corn quand il regarde un film.
Tom opened the book and flipped through the pages.,Tom a ouvert le livre et l'a feuilleté.
Tom opened the book and flipped through the pages.,Tom ouvrit le livre et le feuilleta.
Tom opened the door even though I told him not to.,Tom a ouvert la porte malgré le fait que je lui ai dit de ne pas le faire.
Tom probably doesn't know what Mary hopes he does.,Tom ne sait probablement pas ce que Mary espère qu'il fasse.
Tom said he regretted not following Mary's advice.,Tom a dit qu'il regrettait de ne pas avoir suivi les conseils de Marie.
Tom said that he couldn't sleep at all last night.,Tom a dit qu'il n'a pas pu du tout dormir la nuit dernière.
Tom says we can park on either side of the street.,Tom a dit que nous pouvons garer notre voiture sur l'un des deux côtés de la rue.
Tom sent a dozen roses to Mary on Valentine's Day.,Tom a envoyé une douzaine de roses à Mary pour la Saint-Valentin.
Tom sent a dozen roses to Mary on Valentine's Day.,Tom envoya une douzaine de roses à Mary pour la Saint-Valentin.
Tom sent money to help Mary care for her children.,Tom a envoyé de l'argent pour aider Marie à prendre soin de ses enfants.
Tom skipped dinner saying he was too tired to eat.,Tom sauta le dîner en disant qu'il était trop fatigué pour manger.
Tom thinks women in America wear too much perfume.,Tom pense que les américaines mettent trop de parfum.
Tom told Mary that he didn't believe in astrology.,Tom a dit à Mary qu'il ne croyait pas à l'astrologie.
Tom turned on the small lamp on his bedside table.,Tom a allumé la petite lampe sur sa table de chevet.
Tom usually gives easy-to-understand explanations.,Tom donne souvent des explications faciles à comprendre.
Tom wanted Mary to stay at home with the children.,Tom voulait que Mary reste à la maison avec les enfants.
Tom wants to live in the country after he retires.,Tom veut habiter à la campagne après la retraite.
Tom was apparently murdered while he was sleeping.,Tom aurait été assassiné alors qu'il dormait.
Tom was obviously worried about what might happen.,Tom était évidemment inquiet de ce qui pourrait arriver.
Tom was stabbed to death by someone on the subway.,Tom a été poignardé à mort par quelqu'un dans le métro.
Tom was there for me when I really needed someone.,"Tom était là pour moi, quand j'avais vraiment besoin de quelqu'un."
Tom was there for me when I really needed someone.,"Tom fut là pour moi, quand j'eus vraiment besoin de quelqu'un."
Tom went to the drugstore to buy some cough syrup.,Tom est allé à la pharmacie acheter du sirop pour la toux.
Tom will leave the company at the end of the year.,Tom quittera l'entreprise à la fin de l'année.
Tom's gotten fatter since the last time I saw him.,Tom est devenu plus gros depuis la dernière que je l'ai vu.
Tom's injuries aren't considered life-threatening.,Les blessures de Tom ne sont pas considérées comme une menace pour sa vie.
Tom's injuries aren't considered life-threatening.,Les blessures de Tom ne sont pas considérées comme menaçant son pronostic vital.
Tom's parents got divorced when he was very young.,Les parents de Tom ont divorcé quand il était encore très jeune.
"Tomorrow, God willing, we'll be with your parents.","Demain, si Dieu le veut, nous serons avec tes parents."
"Tomorrow, God willing, we'll be with your parents.","Demain, si Dieu veut, nous serons avec tes parents."
"Tomorrow, God willing, we'll be with your parents.","Demain, si Dieu le veut, nous serons avec vos parents."
Use your common sense in that kind of a situation.,Fais preuve de bon sens dans une situation de ce genre.
"Walking down the street, I ran into an old friend.","En descendant la rue, je tombai sur un vieil ami."
"Water freezes at zero degrees Celsius, doesn't it?","L'eau gèle à zéro degré, n'est-ce pas ?"
We already have three events booked for next week.,Nous avons déjà trois événements réservés pour la semaine prochaine.
We are sorry we are unable to accept your request.,"Nous sommes désolés, nous ne sommes pas en mesure d'accepter votre demande."
We are studying hard in preparation for the exams.,Nous étudions beaucoup pour nous préparer aux examens.
We become very shorthanded at the end of the year.,Nous sommes vraiment à court de personnel en fin d'année.
We bought our plane tickets two months in advance.,Nous avons acheté nos billets d'avion deux mois à l'avance.
We came to the conclusion that he should be fired.,Nous sommes arrivés à la conclusion qu'il devrait être licencié.
We can't begin the meeting until we have a quorum.,Nous ne pouvons commencer la réunion tant que nous n'avons pas atteint le quorum.
"We can't change history, but we can learn from it.","Nous ne pouvons changer l'histoire, mais nous pouvons apprendre d'elle."
We can't stay here. The roof is about to collapse!,Nous ne pouvons pas rester là. Le toit est sur le point de s'effondrer !
We had less snow this winter than we had expected.,Nous avons eu moins de neige cet hiver que nous en attendions.
We had less snow this winter than we had expected.,Nous avons eu moins de neige cet hiver que ce que nous attendions.
We had less snow this winter than we had expected.,Nous avons eu moins de neige cet hiver que nous l'attendions.
We had to gear our lives to the new circumstances.,Il nous a fallu adapter nos vies aux nouvelles circonstances.
We have a lot of work to do before we can go home.,Il nous reste beaucoup de travail à faire avant de pouvoir rentrer à la maison.
We have waited more than a week for your response.,Nous attendons depuis déjà plus d'une semaine votre réponse.
We need to decide what's important and what isn't.,Nous devons décider ce qui est important et ce qui ne l'est pas.
We only have enough food and water for three days.,Nous avons seulement assez de nourriture et d'eau pour trois jours.
We see each other at the supermarket now and then.,On se voit au supermarché de temps en temps.
We should get away from here as quickly as we can.,Nous devrions déguerpir d'ici aussi vite que possible.
We should have paid attention to the announcement.,On aurait dû faire attention à l'annonce.
We should not impose our opinions on other people.,Nous ne devrions pas imposer nos opinions aux autres.
We shouldn't accept his explanation at face value.,Nous ne devrions pas prendre son explication pour argent comptant.
We spent hours trying to figure out how to fix it.,Nous avons passé des heures à chercher comment régler ceci.
We were hoping something interesting would happen.,Nous espérions que quelque chose d'intéressant surviendrait.
We were late for school because it rained heavily.,"En raison de la forte pluie, nous arrivâmes trop tard à l'école."
We were reading a book and it was a very good one.,Nous lisions un livre qui était très bon.
We woke up very early in order to see the sunrise.,Nous nous levâmes tôt pour voir le lever du soleil.
"We wouldn't want to disobey the teacher, would we?","Nous n'aimerions pas désobéir au professeur, n'est-ce pas ?"
We're here to make sure that doesn't happen again.,Nous sommes ici pour nous assurer que cela ne se reproduise pas.
We're looking for somebody who can use a computer.,Nous recherchons quelqu'un qui sache se servir d'un ordinateur.
We've been through tougher times than this before.,On a connu des temps bien plus durs.
What accounts for the fact that women outlive men?,Qu'est-ce qui rend compte du fait que les femmes vivent plus longtemps que les hommes ?
What are some foods you usually eat with red wine?,Quels sont les aliments qu'on mange habituellement avec du vin rouge ?
What are some foods you usually eat with red wine?,Quels sont les aliments que tu manges habituellement avec du vin rouge ?
What are some foods you usually eat with red wine?,Quels sont les aliments que vous mangez habituellement avec du vin rouge ?
What did you think of the movies we saw yesterday?,Qu'as-tu pensé des films que nous avons vus hier ?
What did you think of the movies we saw yesterday?,Qu'avez-vous pensé des films que nous avons vus hier ?
What is the main purpose of your studying English?,Quel est l'objectif principal de votre apprentissage de l'anglais ?
What is the poorest country in the European Union?,Quel est le pays le plus pauvre de l'Union Européenne ?
What movie was it that you told me I should watch?,Quel film m'as-tu dit que je devrais voir ?
What movie was it that you told me I should watch?,Quel est ce film dont vous m'avez dit que je devrais le voir ?
What number should I call in case of an emergency?,Quel numéro dois-je appeler en cas d'urgence ?
What sort of people hang out at a place like this?,Quel genre de personnes traîne dans un endroit pareil ?
What time will the washing machine repairman come?,À quelle heure le réparateur de machines à laver viendra-t-il ?
What was the first instrument you learned to play?,Quel était le premier instrument auquel vous avez appris à jouer ?
What was the first instrument you learned to play?,Quel était le premier instrument auquel tu as appris à jouer ?
What was your favorite book when you were a child?,Quel était ton livre préféré quand tu étais enfant ?
What was your favorite book when you were a child?,Quel était votre livre préféré quand vous étiez enfant ?
What you are is more important than what you have.,Ce que tu es importe davantage que ce que tu as.
What's obvious is that you're not very happy here.,"Ce qui est évident, c'est que tu n'es pas très heureuse ici."
What's obvious is that you're not very happy here.,"Ce qui est évident, c'est que tu n'es pas très heureux ici."
What's that strange smell coming from the kitchen?,C'est quoi cette drôle d'odeur qui vient de la cuisine ?
What's the difference between a star and a planet?,Quelle est la différence entre une étoile et une planète ?
What's wrong with running around your house naked?,Qu'y a-t-il de mal à courir nu autour de sa maison ?
"When I lived in Rome, I took the subway every day.","Quand j'habitais à Rome, je prenais chaque jour le métro."
"When I was your age, I walked to school every day.","Quand j'avais ton âge, j'allais à l'école à pied tous les jours."
"When Mary was a girl, she was as cute as a button.","Quand Marie était petite, elle était mignonne comme un cœur."
"When angry, count to four. When very angry, swear.","Si tu es en colère, compte jusqu'à quatre. Si tu es très en colère, sors une bordée de jurons."
"When the last customer leaves, we close the doors.","Lorsque le dernier client s'en va, nous fermons les portes."
When was the last time you went to an art gallery?,Quand as-tu été dans une galerie d'art pour la dernière fois ?
When was the last time you went to an art gallery?,Quand avez-vous été dans une galerie d'art pour la dernière fois ?
When will that picture I wanted enlarged be ready?,Quand la photo que je voulais faire agrandir sera-t-elle prête ?
Where is the boarding gate for Japan Airlines 124?,Où est la porte d'embarquement pour le Japan Airlines 124 ?
"Whether we succeed or not, we have to do our best.","Que nous réussissions ou non, nous devons faire de notre mieux."
Which is the most difficult language in the world?,Quel est la langue la plus difficile au monde ?
Whoever gets home first starts cooking the supper.,Celui qui arrive à la maison en premier commence à préparer le dîner.
Why do so many people suffer from low self-esteem?,Pourquoi tant de gens souffrent-ils d'un déficit d'amour-propre ?
Why do you want to know what we're thinking about?,Pourquoi voulez-vous savoir ce que nous pensons ?
Why don't you ask me what you really want to know?,Pourquoi ne me demandes-tu pas ce que tu veux vraiment savoir ?
Why don't you ask me what you really want to know?,Pourquoi ne me demandez-vous pas ce que vous voulez vraiment savoir ?
Why have the apes evolved more than other animals?,Pourquoi les singes ont-ils évolué plus que les autres animaux ?
Will you entertain the guests while I get dressed?,Veux-tu bien aller t'occuper des invités pendant que je m'habille ?
Willingness to correct is an indication of wisdom.,L'empressement à se corriger est une indication de sagesse.
"Women are meant to be loved, not to be understood.","Les femmes sont censées être aimées, pas comprises."
Women who seek to be equal with men lack ambition.,Les femmes qui cherchent à égaler les hommes manquent d'ambition.
Would you be so kind as to answer a few questions?,"Voulez-vous répondre à quelques questions, s'il vous plaît ?"
Would you like me to drive you back to your hotel?,Aimeriez-vous que je vous reconduise à votre hôtel ?
Would you like to get together again next weekend?,Voudrais-tu qu'on se revoie le week-end prochain ?
Would you like to go camping with us next weekend?,Aimerais-tu aller camper avec nous le week-end prochain ?
Would you like to go camping with us next weekend?,Aimeriez-vous aller camper avec nous le week-end prochain ?
Would you like to go fishing with me this weekend?,Voudriez-vous aller pêcher avec moi ce week-end ?
Would you like to go fishing with me this weekend?,Est-ce que tu voudrais aller pêcher avec moi ce week-end ?
Would you like to have dinner at my place tonight?,Voulez-vous dîner chez moi ce soir?
Would you like to have tea with us this afternoon?,Voudriez-vous prendre le thé avec nous cet après-midi ?
Would you like to have tea with us this afternoon?,Voudriez-vous prendre le thé avec nous cette après-midi ?
Would you like to have tea with us this afternoon?,Voudrais-tu prendre le thé avec nous cet après-midi ?
Would you like to have tea with us this afternoon?,Voudrais-tu prendre le thé avec nous cette après-midi ?
Would you mind if I poured myself a cup of coffee?,Verriez-vous un inconvénient à ce que je me serve moi-même une tasse de café ?
Would you mind leaving us alone for a few minutes?,Pourriez-vous nous laisser seuls quelques minutes?
Wouldn't it be a better idea to cancel everything?,Ne serait-il pas plus sage de tout annuler ?
"Yesterday night, I shared a cab with Paris Hilton.","Hier soir, j'ai partagé un taxi avec Paris Hilton."
"You already know who I'm talking about, don't you?","Tu sais déjà de qui je parle, hein ?"
"You already know who I'm talking about, don't you?","Vous savez déjà de qui je parle, n'est-ce pas ?"
You are no better at remembering things than I am.,Tu n'es pas meilleur que moi pour te souvenir de choses.
You are the kind of guitarist I like to sing with.,Tu es le genre de guitariste avec qui j'aime chanter.
You are very fortunate that you have such friends.,Vous avez beaucoup de chance d'avoir de tels amis.
You are very fortunate that you have such friends.,Tu as beaucoup de chance d'avoir de tels amis.
"You aren't really going to join the army, are you?","Tu ne vas pas vraiment t'enrôler dans l'armée, si ?"
You can get a car license after you turn eighteen.,On peut obtenir un permis de conduire après avoir eu dix-huit ans.
You can make your dream come true by working hard.,Vous pouvez faire prendre corps à votre rêve en travaillant dur.
You catch more flies with honey than with vinegar.,On n'attrape pas des mouches avec du vinaigre.
You don't have an alibi for the day of the murder.,Vous n'avez pas d'alibi pour le jour du meurtre.
You don't have the qualifications to lead a group.,Tu n'as pas les qualifications pour diriger un groupe.
You don't need to thank me. I'm here to serve you.,Il ne vous est point nécessaire de me remercier. Je suis ici pour vous servir.
You don't need to thank me. I'm here to serve you.,Tu n'as pas besoin de me remercier. Je suis là pour te servir.
You have provided me with some very useful advice.,Tu m'as fourni des conseils très utiles.
You have provided me with some very useful advice.,Vous m'avez fourni quelques précieux conseils.
You haven't told me why you asked me to come here.,Tu ne m'as pas dit pourquoi tu voulais que je vienne ici.
You look like somebody I went to high school with.,Vous ressemblez à quelqu'un avec qui j'ai été au lycée.
You look like somebody I went to high school with.,Tu ressembles à quelqu'un avec qui j'ai été au lycée.
You must be blind as a bat if you couldn't see it.,Tu dois être myope comme une taupe si tu ne pouvais pas le voir.
You must be blind as a bat if you couldn't see it.,Tu dois être aveugle comme une chauve-souris si tu ne pouvais pas le voir.
You need to stop ignoring email messages from Tom.,Vous devez arrêter d'ignorer les e-mails de Tom.
You seem to have mistaken me for my older brother.,Vous semblez m'avoir confondu avec mon grand frère.
You seem to want me to talk you out of doing that.,Il semble que tu veuilles que je te persuade de ne pas le faire.
You seem to want me to talk you out of doing that.,Il semble que vous vouliez que je vous persuade de ne pas le faire.
You should be careful not to become overconfident.,Tu devrais faire attention de ne pas devenir trop sûr de toi-même.
You should be careful not to become overconfident.,Vous devriez faire attention de ne pas devenir trop sûr de vous-même.
You should do all you can to help your neighbours.,Tu dois faire tout ton possible pour aider tes voisins.
You should do all you can to help your neighbours.,On doit faire tout ce qu'on peut pour aider ses voisins.
You should eat something a little more nutritious.,Tu devrais manger quelque chose d'un peu plus nutritif.
You should eat something a little more nutritious.,Vous devriez manger quelque chose d'un peu plus nutritif.
You should know better than to ask a lady her age.,Vous devriez savoir qu'on ne demande pas son âge à une dame.
You should not have done it without my permission.,Tu n'aurais pas dû le faire sans mon accord.
You should protect your eyes from direct sunlight.,Tu devrais te protéger les yeux de la lumière directe du soleil.
You should protect your eyes from direct sunlight.,Vous devriez vous protéger les yeux de la lumière directe du soleil.
You should take an umbrella with you this morning.,Tu devrais prendre un parapluie avec toi ce matin.
You should take an umbrella with you this morning.,Vous devriez prendre un parapluie avec vous ce matin.
You should try not to scratch your mosquito bites.,Tu devrais essayer de ne pas gratter tes piqûres de moustique.
You shouldn't go around telling lies about people.,Tu ne devrais pas raconter des mensonges sur les gens à la cantonade.
You shouldn't have gone to such a dangerous place.,Tu n'aurais pas dû aller à un endroit aussi dangereux.
You shouldn't have said that kind of thing to him.,Tu n'aurais pas dû lui dire une telle chose.
You spend too much time in front of your computer.,Tu passes trop de temps devant ton ordinateur.
"You tried to stop Tom from doing that, didn't you?","Vous avez essayé d'empêcher Tom de faire ça, n'est-ce pas ?"
"You tried to stop Tom from doing that, didn't you?","Tu as voulu empêcher Tom de passer à l'acte, n'est-ce pas ?"
"You tried to stop Tom from doing that, didn't you?","Tu as voulu stopper Tom avant qu'il ne le fasse, pas vrai ?"
"You were working yesterday afternoon, weren't you?","Tu travaillais, hier après-midi, n'est-ce pas ?"
"You were working yesterday afternoon, weren't you?","Tu étais en train de travailler, hier après-midi, n'est-ce pas ?"
"You were working yesterday afternoon, weren't you?","Vous travailliez, hier après-midi, n'est-ce pas ?"
"You were working yesterday afternoon, weren't you?","Vous étiez en train de travailler, hier après-midi, n'est-ce pas ?"
You would look stupid wearing your mother's dress.,T'aurais l'air idiot à porter la robe de ta mère.
You would look stupid wearing your mother's dress.,T'aurais l'air idiote à porter la robe de ta mère.
You'd better go to see your family doctor at once.,Tu ferais mieux d'aller voir ton médecin de famille tout de suite.
You'd better go to see your family doctor at once.,Vous feriez mieux d'aller voir votre médecin de famille immédiatement.
You'll be missed by your friends when you're gone.,Vous allez manquer à vos amis.
You'll find it difficult to meet her requirements.,Vous aurez du mal à répondre à ses exigences.
You're never going to believe what happened today.,Tu ne vas jamais croire ce qui est arrivé aujourd'hui.
You're the one who suggested buying this computer.,C’est toi qui as suggéré d’acheter cet ordinateur.
You're the one who suggested buying this computer.,C’est vous qui avez suggéré d’acheter cet ordinateur.
You're the only person who ever comes to visit me.,Vous êtes la seule personne à jamais me rendre visite.
Young children shouldn't watch so much television.,Les jeunes enfants ne devraient pas tant regarder la télévision.
"Your plan is a good one, but mine is a better one.",Votre projet est bon mais le mien est meilleur.
Your sister is lazier than all the other students.,Ta sœur est plus fainéante que tous les autres étudiantes.
"Are these your books? ""No, they're not my books.""","« Est-ce que ce sont vos livres ? » « Non, ce ne sont pas mes livres. »"
"You had better not wear the red dress. ""Why not?""",« Tu ferais mieux de ne pas mettre cette robe rouge. » « Pourquoi cela ? »
A child whose parents are dead is called an orphan.,Un enfant dont les parents sont morts est un orphelin.
"A few days ago, you didn't even want to talk to me.","Il y a quelques jours, tu ne voulais même pas m'adresser la parole."
A great deal of energy is locked up in the nucleus.,Il y a beaucoup d'énergie emprisonnée dans le noyau.
A horseshoe and a four-leaf clover bring good luck.,Un fer-à-cheval et un trèfle à quatre feuilles portent bonheur.
A hundred years have passed since the Titanic sank.,Cent ans ont passé depuis que le Titanic a coulé.
A hypochondriac imagines maladies where none exist.,Un hypocondriaque imagine des maladies là où elles n'existent pas.
A long spell of rainy weather is harmful to plants.,Une longue période de temps pluvieux est néfaste pour les plantes.
A magnet can pick up and hold many nails at a time.,Un aimant peut soulever et maintenir de nombreux clous en même temps.
A meal without wine is like a day without sunshine.,Un repas sans vin est comme une journée sans soleil.
A mother must protect her child's teeth from decay.,Une mère se doit de protéger les dents de ses enfants des caries.
A new building is being built in front of my house.,Un nouveau bâtiment est en construction en face de chez moi.
A person who chases two rabbits won't catch either.,Une personne qui pourchasse deux lapins n'en attrapera aucun.
A puppet does not know that it is being controlled.,Une marionnette ne sait pas qu'elle est manipulée.
A room without books is like a body without a soul.,Une pièce sans livres est comme un corps sans âme.
A sensible man wouldn't say such a thing in public.,Un homme sensé ne dirait pas une telle chose en public.
A sentence doesn't have to be long to be beautiful.,Une phrase n'a pas besoin d'être longue pour être belle.
A ship that transports oil is called an oil tanker.,Un bateau qui transporte du pétrole est appelé un tanker.
A sprain like this should heal within a week or so.,Une entorse comme celle-ci devrait guérir en une semaine tout au plus.
Accidents will happen when they are least expected.,Les accidents arrivent lorsqu'on s'y attend le moins.
"According to our teacher, she entered the hospital.","Selon notre enseignant, elle est entrée à l'hôpital."
"According to the newspapers, he will be here today.","D'après les journaux, il sera là aujourd'hui."
Activists try to prevent disease in poor countries.,Des activistes tentent de prévenir les maladies dans les pays pauvres.
"After a ten-minute break, we resumed our rehearsal.","Après une pause de dix minutes, nous avons repris notre répétition."
"After he heard the news, Tom was in seventh heaven.","Après avoir entendu la nouvelle, Tom était au septième ciel."
Agriculture is an important industry in California.,L'agriculture est une activité importante en Californie.
Air pollution is a serious problem in this country.,La pollution de l'air est un sérieux problème dans ce pays.
"All of a sudden, I felt a sharp pain in my stomach.","Tout à coup, je ressentis une vive douleur à l'estomac."
All the cherry trees in the park are in full bloom.,Tous les cerisiers du parc sont en fleurs.
Anyone can do their bit to protect the environment.,Chacun peut apporter sa pierre à la protection de l'environnement.
"Apart from his parents, no one knows him very well.",Personne ne le connaît très bien à part ses parents.
Approximately 300 houses were built here last year.,Environ 300 maisons ont été construites ici l'année dernière.
Are you seriously thinking about becoming involved?,Penses-tu sérieusement à t'engager ?
Are you seriously thinking about driving all night?,Envisages-tu sérieusement de conduire toute la nuit ?
Are you seriously thinking about getting a divorce?,Penses-tu sérieusement à divorcer ?
Are you seriously thinking about getting a divorce?,Pensez-vous sérieusement à divorcer ?
Are you seriously thinking about quitting your job?,Penses-tu sérieusement à quitter ton emploi ?
Are you seriously thinking about quitting your job?,Pensez-vous sérieusement à quitter votre emploi ?
Aren't you the only one who has a key to this door?,N'êtes-vous pas le seul à avoir une clé de cette porte ?
Aren't you the only one who has a key to this door?,N'es-tu pas la seule à avoir une clé de cette porte ?
"As far as I know, he has never made such a mistake.","Pour autant que je sache, il n'a jamais fait une telle erreur."
"As soon as I've finished doing that, I'll help you.","Dès que j'ai terminé de faire ça, je t'aiderai."
"As soon as I've finished doing that, I'll help you.","Aussitôt que j'ai terminé de faire ça, je vous aiderai."
"As soon as he was left alone, he opened the letter.","Dès qu’il fut seul, il ouvrit la lettre."
"As soon as she saw me, she greeted me with a smile.","Dès qu'elle me vit, elle me salua d'un sourire."
"As soon as we got to the lake, we started swimming.","À peine arrivés au lac, nous sommes allés nager."
"As usual, he was the last to arrive at the theater.","Comme d'habitude, il était le dernier à arriver au théâtre."
At least you'll have something to write home about.,Au moins auras-tu quelque chose à raconter aux tiens.
At least you'll have something to write home about.,Au moins aurez-vous quelque chose à raconter aux vôtres.
"Being too nervous to reply, he stared at the floor.","Trop énervé pour répondre, il fixa le sol."
"Besides being an actress, she was a famous painter.","En plus d'être une actrice, elle était un peintre célèbre."
Better the devil you know than the devil you don't.,Le diable que tu connais vaut mieux que le diable que tu ne connais pas.
Both my father and my brother work in this factory.,Mon père et mon frère travaillent tous les deux dans cette usine.
Bring me a clean plate and take the dirty one away.,Apportez-moi une assiette propre et emmenez la sale.
"By the time she gets there, it will be nearly dark.","À l'heure à laquelle elle va arriver, il fera presque noir."
"By the time she gets there, it will be nearly dark.","Le temps qu'elle arrive, il fera presque nuit."
Can you imagine what the 21st century will be like?,Peux-tu imaginer ce à quoi le 21e siècle aura l'air ?
Can you introduce me to a lawyer who speaks French?,Pouvez-vous me présenter à un avocat parlant français ?
Can you introduce me to a lawyer who speaks French?,Est-ce que tu peux me présenter un avocat qui parle français ?
Can you jump over a chair from a standing position?,Es-tu capable de sauter par dessus une chaise à partir de la station debout ?
Can you jump over a chair from a standing position?,Êtes-vous capable de sauter par dessus une chaise à partir de la station debout ?
Can you jump over a chair from a standing position?,Êtes-vous capables de sauter par dessus une chaise à partir de la station debout ?
Can't you hear all the car horns honking behind us?,Ne peux-tu pas entendre tous les klaxons des voitures derrière nous ?
Can't you hear all the car horns honking behind us?,Ne pouvez-vous pas entendre tous les klaxons des voitures derrière nous ?
Can't you keep your dog from coming into my garden?,Vous ne pouvez pas empêcher votre chien d'entrer dans mon jardin ?
Canada and Mexico both share a border with the USA.,Le Canada et le Mexique sont situés le long des frontières américaines.
Carbon monoxide poisoning can cause hallucinations.,L'intoxication par le monoxyde de carbone peut provoquer des hallucinations.
Children's laughter could be heard in the distance.,"On pouvait entendre les rires des enfants, au loin."
China is about twenty-five times as large as Japan.,La Chine est à peu près 25 fois plus grande que le Japon.
Coffee prices have jumped almost 50% in six months.,Les prix du café ont bondi de presque cinquante pour cent en six mois.
Could you please tell me how to get to the station?,Pourriez-vous m'indiquer le chemin de la gare ?
Could you tell me how to get to the subway station?,Pourriez-vous me dire comment parvenir à la station de métro ?
Crows all but destroyed the farmer's field of corn.,Des corneilles ont presque détruit le champ de maïs du fermier.
Crows all but destroyed the farmer's field of corn.,Les corneilles ont presque détruit le champ de maïs du fermier.
Do not count your chickens before they are hatched.,Ne comptez pas vos poussins avant qu'ils ne soient éclos.
"Do not fear the unexpected, but be prepared for it.",Ne craignez pas l'imprévu mais soyez-y prêts.
"Do what you can, with what you have, where you are.","Fais ce que tu peux, avec ce que tu as, là où tu es."
Do you have any children you haven't told me about?,As-tu le moindre enfant dont tu ne m'aies pas parlé ?
Do you have any children you haven't told me about?,Avez-vous le moindre enfant dont vous ne m'ayez pas parlé ?
Do you know which room the meeting will be held in?,Savez-vous dans quelle salle se tiendra la réunion ?
Do you still want me to give Tom your old computer?,Veux-tu toujours que je donne ton ancien ordinateur à Tom ?
Do you want to go see a movie after dinner tonight?,Veux-tu aller voir un film après le dîner ce soir ?
Do you want to go see a movie after dinner tonight?,Voulez-vous aller voir un film après avoir dîné ce soir ?
Don't complicate the problem by raising new issues.,Ne complique pas le problème en soulevant de nouveaux points.
Don't just stand there. Come over here and help us.,Ne reste pas planté là ! Viens par ici nous aider.
Don't let the truth get in the way of a good story.,Ne laissez pas la vérité entraver une bonne histoire.
Don't mind me. Just keep doing what you were doing.,Ne fais pas attention à moi. Continue ce que tu étais en train de faire.
Don't people tell you you look like Audrey Hepburn?,Les gens ne vous disent-ils pas que vous ressemblez à Audrey Hepburn ?
Don't put off until tomorrow what you can do today.,Ne remettez pas à demain ce que vous pouvez faire aujourd'hui.
Don't trust people who praise you in your presence.,Ne te fie pas aux gens qui font ton éloge en ta présence.
Don't trust people who praise you in your presence.,Ne vous fiez pas aux gens qui font votre éloge en votre présence.
Don't you think we should at least give Tom a call?,Ne penses-tu pas qu'on devrait au moins appeler Tom ?
Draw two concentric circles of differing diameters.,Tracez deux cercles concentriques de diamètres différents.
Driving on a slippery road can lead to a car wreck.,Conduire sur une route glissante peut mener à l'accident.
"During hot weather, be sure to drink lots of water.","Pendant les fortes chaleurs, n'oublie pas de boire beaucoup d'eau."
"During the war, people went through many hardships.",Pendant la guerre les gens ont traversé bien des épreuves.
Either stop talking or say something worth hearing.,"Soit tu te tais, soit tu dis quelque chose d'intéressant."
Either stop talking or say something worth hearing.,"Soit vous vous taisez, soit vous dites quelque chose d'intéressant."
Elephants are the largest land animals alive today.,Les éléphants sont les plus gros animaux terrestres vivant actuellement.
Empty your pockets and put everything on the table.,Vide tes poches et met tout sur la table.
"Even if you are busy, you should keep your promise.","Même si tu es occupé, tu devrais tenir ta promesse."
"Even though he was tired, he went on with his work.","Même s'il était fatigué, il continua son travail."
"Even though she was a heavy woman, she danced well.","Bien qu'elle fût une grosse femme, elle dansait très bien."
"Every time I went to his house, he was not at home.","À chaque fois que j'allais chez lui, il n'était pas là."
Everyone ought to be the master of his own destiny.,Chacun devrait être maître de son destin.
Everything in this room is going to be thrown away.,"Dans cette pièce, tout va être jeté."
"Excuse me, does this train go to Washington Square?","Excusez-moi, ce train va-t-il à Washington Square ?"
Expensive meals can't compensate for lack of sleep.,Des repas onéreux ne compensent en rien le manque de sommeil.
"For me, being a doctor isn't a job, it's a calling.","Pour moi, être médecin n'est pas un emploi, c'est une vocation."
For some reason the microphone didn't work earlier.,"Pour une raison quelconque, le microphone ne fonctionnait pas tout à l'heure."
"Friends are easy to find, but they're hard to keep.",Les amis sont faciles à trouver mais difficiles à garder.
"From our point of view, his proposal is reasonable.","De notre point de vue, sa proposition est acceptable."
"Generally speaking, boys like girls with long hair.","En général, les garçons aiment les filles aux cheveux longs."
"Generally speaking, little girls are fond of dolls.","De manière générale, les petites filles adorent les poupées."
Gestures are very important in human communication.,Les gestes sont très importants dans la communication entre humains.
Go change quickly or else I won't take you with me.,"Vas te changer rapidement, sinon je ne t'emmène pas avec moi."
"Had I known the truth, I would have told it to you.","Si j'avais su la vérité, je te l'aurais dite."
"Had it not been for your help, I would have failed.",Sans ton aide j'aurais échoué.
Have you given any more thought to what I told you?,As-tu réfléchis à ce que je t'ai dit ?
Have you read the leading article in today's paper?,Avez-vous lu l'éditorial du journal de ce matin ?
Have you read the leading article in today's paper?,Avez-vous lu l'éditorial du journal du matin ?
He abandoned his family and went to live in Tahiti.,Il a abandonné sa famille et il est parti vivre à Tahiti.
He asked me to return the money to him immediately.,Il me demanda de lui rendre l'argent immédiatement.
He became the company president when he was thirty.,Il devint président de la société à l'âge de trente ans.
He belittles others to make himself feel important.,Il rabaisse les autres pour se sentir important.
He belittles others to make himself feel important.,Il déprécie les autres pour se sentir important.
He came all the way to talk over a problem with me.,Il a fait tout le chemin pour trouver une solution à un problème en discutant avec moi.
"He can't chew well, because he has a toothache now.","Il ne peut pas bien mâcher parce qu'il a mal aux dents, en ce moment."
He confided in me things he would tell no one else.,Il me confiait des choses qu'il n'aurait dites à personne d'autre.
He confirmed that something was wrong with his car.,Il confirma que quelque chose n'allait pas avec sa voiture.
He couldn't attend the meeting because he was sick.,Il n'a pu aller à la réunion parce qu'il était malade.
He dedicated his whole life to helping poor people.,Il a consacré sa vie entière à soutenir les pauvres gens.
He denounced all forms of dishonesty in government.,Il dénonça toutes formes de malhonnêteté dans le gouvernement.
"He didn't answer the phone, so I sent him an email.","Comme il n'a pas répondu au téléphone, je lui ai envoyé un courriel."
He didn't make public what he had discovered there.,Il ne rendit pas public ce qu'il y avait découvert.
"He doesn't even drink beer, not to mention whiskey.","Il ne boit même pas de bière, alors encore moins du whisky."
He doesn't have the necessary skills for that task.,Il ne dispose pas des compétences nécessaires à cette tâche.
"He doesn't work here now, but he used to work here.","Il ne travaille plus ici maintenant, mais avant il travaillait bien ici."
He felt himself seized by a strong arm from behind.,Il se sentit agrippé par l'arrière par un bras puissant.
He finally made a name for himself as a politician.,Finalement il s'est fait un nom comme homme politique.
"He flinches whenever he hears a loud, sudden noise.",Il tressaille chaque fois qu'il entend un bruit fort et soudain.
He gave me his office telephone number and address.,Il m'a donné le numéro de téléphone de son bureau et son adresse.
He got up and left in the middle of the discussion.,Il s'est levé et est parti au milieu de la discussion.
He got up and left in the middle of the discussion.,Il se leva et partit au milieu de la discussion.
He had been reading for two hours when she came in.,"Au moment où elle entra, il lisait depuis deux heures."
He had led the Republican Party with great success.,Il avait dirigé la Parti Républicain avec beaucoup de succès.
He had little experience with international issues.,Il avait peu d'expérience des problèmes internationaux.
He has given up smoking for the sake of his health.,Il a arrêté de fumer pour préserver sa santé.
He has no right to interfere in our family affairs.,Il n'a pas le droit d'interférer dans nos affaires de famille.
He has only a superficial knowledge of the subject.,Il n'a qu'une connaissance superficielle du sujet.
He has squandered every opportunity I've given him.,Il a gâché toutes les chances que je lui ai données.
He introduced me to his relatives at the reception.,"À la réception, il m'a présenté à sa famille."
He is a type of a person who calls a spade a spade.,"C'est le genre de personne à appeler un chat, un chat."
He is always dwelling on the pleasures of the past.,Il est constamment perdu dans des pensées nostalgiques.
He is extremely pessimistic and has no aspirations.,Il est extrêmement pessimiste et n'a pas d'ambitions.
He is going to stay with his uncle for the weekend.,Il va rester avec son oncle pour le weekend.
He is in charge of entertaining the foreign guests.,Il est chargé de divertir les invités étrangers.
He is not aggressive enough to succeed in business.,Il n'est pas suffisamment agressif pour réussir dans les affaires.
He is proud that his father was a famous scientist.,Il est fier de ce que son père était un grand scientifique.
He kicked his shoes off without untying them first.,Il se débarrassa de ses chaussures d'un coup de pied sans préalablement les délacer.
He left the office without saying a word to anyone.,Il a quitté le bureau sans rien dire à personne.
He makes it a rule to write in his diary every day.,Il se fait une règle d'écrire dans son journal tous les jours.
He postponed leaving for Hokkaido until next month.,Il a repoussé son départ pour Hokkaido au mois prochain.
He refused our offer to arrange a press conference.,Il refusa notre proposition d'organiser une conférence de presse.
He requested that I come here again this afternoon.,Il me demanda de revenir ici cet après-midi.
"He said he would give me a call, but he hasn't yet.",Il a dit qu'il m'appellerait mais il ne l'a pas encore fait.
He succeeded in business at the cost of his health.,Il a réussi en affaires au prix de sa santé.
He went to Italy for the purpose of studying music.,Il est allé en Italie pour étudier la musique.
He went to see her in the hospital every other day.,Il alla la voir à l'hôpital tous les deux jours.
He will never live up to his parent's expectations.,Il ne satisfera jamais aux ambitions de ses parents.
He will never live up to his parent's expectations.,Il ne satisfera jamais aux attentes de ses parents.
He wrote a book about his adventures in the jungle.,Il a écrit un livre sur ses aventures dans la jungle.
He's the new CEO from the parent company in France.,Il est le nouveau PDG de la société mère en France.
Her condition took a turn for the worse last night.,Sa santé s'est soudain aggravée la nuit dernière.
His car spun out of control going around the curve.,Sa voiture se mit à tournoyer dans le virage.
His fake moustache started to peel off on one side.,Sa fausse moustache commença à se décoller d'un côté.
His income is now double what it was ten years ago.,Ses revenus sont à présent le double de ce qu'ils étaient il y a dix ans.
His story was too ridiculous for anyone to believe.,Son histoire était trop ridicule pour que quiconque y croie.
How dare you tell me what I should or shouldn't do!,Comment oses-tu me dire ce que je dois ou ne dois pas faire !
How do you help someone who doesn't want your help?,Comment aides-tu quelqu'un qui ne veut pas de ton aide ?
How do you remove red wine stains from your carpet?,Comment retire-t-on les taches de vin de son tapis ?
How do you remove red wine stains from your carpet?,Comment retire-t-on les taches de vin de sa moquette ?
How long has it been since you played with a yo-yo?,Depuis quand n'as-tu pas joué au yoyo ?
How many hours a day does she spend in the kitchen?,Combien d'heures passe-t-elle par jour dans la cuisine ?
How many hours a day does she spend in the kitchen?,Combien d'heures passe-t-elle par jour à la cuisine ?
How many hours a day does she spend in the kitchen?,Combien d'heures passe-t-elle quotidiennement à la cuisine ?
How many letters are there in the English alphabet?,Combien y a-t-il de lettres dans l'alphabet anglais ?
How many letters are there in the English alphabet?,Combien de lettres y a-t-il dans l'alphabet anglais ?
How many of the words on this list do you not know?,Combien de mots de cette liste ne connais-tu pas ?
How many of the words on this list do you not know?,Combien de mots de cette liste ne connaissez-vous pas ?
How many people does it take to change a lightbulb?,Combien de gens cela prend-il de changer une ampoule ?
How much do you know about artificial intelligence?,Combien en sais-tu sur l'intelligence artificielle ?
How much do you know about artificial intelligence?,Combien en savez-vous sur l'intelligence artificielle ?
How much time does she need to translate this book?,De combien de temps a-t-elle besoin pour traduire ce livre ?
"However hard you try, you can't finish it in a day.","Aussi dur que tu essaies, tu ne peux pas le finir en un jour."
"However hard you try, you can't finish it in a day.","Aussi dur que vous essayiez, vous ne pouvez pas le terminer en un jour."
Huge numbers of soldiers and civilians were killed.,Des quantités énormes de soldats et de civils furent tués.
I addressed the envelope containing the invitation.,J'inscrivis l'adresse sur l'enveloppe contenant l'invitation.
I advise you not to borrow money from your friends.,Je vous conseille de ne pas emprunter d'argent à vos amis.
I agree with your interpretation to a large extent.,"Je suis d'accord avec votre interprétation, dans une large mesure."
I always drink a glass of milk before going to bed.,Je bois toujours un verre de lait avant d'aller au lit.
I am sure I can get in touch with him by telephone.,Je suis sûr de pouvoir le contacter par téléphone.
I am surprised that your family has a Japanese car.,Je suis étonnée que votre famille ait une voiture japonaise.
I am wondering if I could be of any service to you.,Je me demandais si je pouvais vous être utile.
I appreciate your answering my enquiry so promptly.,J'apprécie que vous ayez aussi promptement répondu à mon enquête.
I borrowed my father's hammer to build a dog house.,J'ai emprunté le marteau de mon père pour construire une niche.
I came here to discuss a personal problem with you.,Je suis venu ici pour discuter d'un problème personnel avec vous.
I can assure you that honesty pays in the long run.,Je t'assure que l'honnêteté paie sur le long terme.
I can draw you a picture of that if you want me to.,Je peux te le dessiner si tu le souhaites.
I can't believe that you actually got into Harvard.,Je n'arrive pas à croire que tu aies vraiment réussi à rentrer à Harvard.
I can't believe that's what's really bothering Tom.,Je ne peux pas croire que ce soit cela qui ennuie vraiment Tom.
I can't believe that's what's really troubling Tom.,Je ne peux pas croire que ce soit ce qui trouble réellement Tom.
I can't believe we've finally finished the project.,Je n'arrive pas à croire que nous ayons finalement terminé le projet.
I can't believe you'd do something like that to me.,Je n'arrive pas à croire que tu me ferais quelque chose comme ça.
I can't buy this because I don't have enough money.,Je ne peux pas acheter ceci car je n'ai pas assez d'argent.
I can't buy this because I don't have enough money.,Je ne peux pas l'acheter car je n'ai pas assez d'argent.
I can't get over how different the weather is here.,Je n'arrive pas à me faire à l'idée que le temps est si différent ici.
I can't remember the last time I laughed this much.,Je ne me rappelle pas la dernière fois que j'ai autant ri.
I can't study anywhere in my house. It's too noisy.,Je n'arrive à étudier nulle part chez moi; il y a trop de bruit.
I can't tell you how much your support means to us.,Je ne peux pas te dire combien ton soutien signifie pour nous.
I can't tell you how much your support means to us.,Je ne peux pas vous dire combien votre soutien signifie pour nous.
I can't understand why she doesn't love me anymore.,Je n'arrive pas à comprendre pourquoi elle ne m'aime plus.
"I could tell you that I love you, but I'd be lying.","Je pourrais te dire que je t'aime, mais je mentirais."
I couldn't bring myself to throw your picture away.,Je n'ai pas pu me résoudre à jeter ta photo.
I couldn't bring myself to throw your picture away.,Je n'ai pas pu me résoudre à jeter votre photo.
I couldn't prevent Tom from eating all the cookies.,Je n'ai pas pu empêcher Tom de manger tous les gâteaux.
"I deal in facts and figures, not vague impressions.","Je raisonne sur des faits et des chiffres, et non pas sur de vagues impressions."
"I didn't feel very well, but I went to work anyway.",Je ne me sentais pas particulièrement bien mais allai néanmoins travailler.
I didn't know whether I wanted to go to university.,Je ne savais pas si je voulais aller à l'université.
"I didn't use to like wine, but now I like it a lot.","Je n'aimais pas le vin, mais maintenant j'aime beaucoup."
I don't earn enough money to buy clothes regularly.,Je ne gagne pas assez d'argent pour acheter des vêtements régulièrement.
I don't even want to think about what could happen.,Je ne veux même pas songer à ce qui pourrait se produire.
I don't even want to think about what could happen.,Je ne veux même pas songer à ce qui pourrait arriver.
I don't feel well today and prefer to stay at home.,Je ne me sens pas bien aujourd'hui et je préfère rester à la maison.
I don't have enough money to pay this month's rent.,Je n'ai pas assez d'argent pour payer le loyer ce mois-ci.
I don't know how you lasted five years in that job.,Je ne sais comment vous avez tenu ce poste pendant cinq ans.
I don't know how you lasted five years in that job.,Je ne sais comment tu as tenu ce poste pendant cinq ans.
I don't know if I can make it to your party or not.,J'ignore si je peux assister à votre fête ou pas.
I don't know if I can make it to your party or not.,J'ignore si je peux assister ou pas à votre fête.
I don't know if I'll be able to help you on Monday.,"Je ne sais pas si je serai en mesure de vous aider, lundi."
I don't know if I'll be able to help you on Monday.,"Je ne sais pas si je serai en mesure de t'aider, lundi."
I don't know whether he'll come by train or by car.,Je ne sais pas s'il viendra par le train ou en voiture.
I don't know whether he'll come by train or by car.,J'ignore s'il viendra en train ou en voiture.
I don't like the polluted atmosphere of big cities.,Je n'aime pas l'atmosphère polluée des grandes villes.
I don't like to take on the heavy responsibilities.,Je n'aime pas me charger de lourdes responsabilités.
I don't really want to bother you with my problems.,Je ne veux pas vraiment vous ennuyer avec mes problèmes.
I don't really want to bother you with my problems.,Je ne veux pas vraiment t'ennuyer avec mes problèmes.
I don't really want to pay that much for a new car.,Je ne veux pas vraiment payer autant pour une nouvelle voiture.
I don't recognize any of the people in the picture.,Je ne reconnais aucune des personnes sur la photo.
I don't think I could forgive myself if I did that.,Je ne pense pas que je puisse me pardonner si je faisais cela.
I don't think I could forgive myself if I did that.,Je ne pense pas pouvoir me pardonner si je faisais cela.
I don't think I could forgive myself if I did that.,Je ne pense pas que je pourrais me pardonner si je faisais cela.
I don't think I have what it takes to be a teacher.,Je ne pense pas avoir l’étoffe d’un enseignant.
I don't think I have what it takes to be a teacher.,Je ne pense pas avoir la carrure d’un enseignant.
I don't think I have what it takes to be a teacher.,Je ne pense pas avoir la carrure d’une enseignante.
I don't think I have what it takes to be a teacher.,Je ne pense pas avoir l’étoffe d’une enseignante.
I don't think that I deserved the punishment I got.,Je ne pense pas que je méritais la punition qui m'a été infligée.
I don't think that I want to study French with you.,Je ne pense pas que je veuille étudier le français avec toi.
I don't think that Tom did his homework by himself.,Je ne crois pas que Tom ait fait ses devoirs lui-même.
I don't think this is the best time to talk to Tom.,Je ne pense pas que ce soit le meilleur moment pour parler à Tom.
I don't understand why she doesn't love me anymore.,Je ne comprends pas pourquoi elle ne m'aime plus.
I don't use taxis unless it's absolutely necessary.,"Je n'utilise jamais le service de taxis, à moins que ce ne soit strictement nécessaire."
I don't want to be late for class on the first day.,Je ne veux pas être en retard en cours le premier jour.
"I don't want to see him, let alone go out with him.","Je ne veux pas le voir, encore moins sortir avec lui."
"I feel terrible, but I've just broken your ashtray.","Je suis terriblement confus, je viens de casser votre cendrier."
I fell in love with someone my parents didn't like.,Je suis tombé amoureux de quelqu'un que mes parents n'appréciaient pas.
I fell in love with someone my parents didn't like.,Je suis tombée amoureuse de quelqu'un que mes parents n'appréciaient pas.
I felt somebody patting on my shoulder from behind.,Je sentis quelqu'un me tapoter l'épaule derrière moi.
I figured you wouldn't want to go there without me.,Je me figurais que tu ne voudrais pas y aller sans moi.
I figured you wouldn't want to go there without me.,Je me figurais que vous ne voudriez pas y aller sans moi.
I find it difficult to express my meaning in words.,J'éprouve de la difficulté à exprimer mon opinion en paroles.
I found it necessary to get up early every morning.,J'ai estimé nécessaire de me lever tôt chaque matin.
I found it necessary to get up early every morning.,J'estimai nécessaire de me lever tôt chaque matin.
I found the diary that my father kept for 30 years.,J'ai trouvé le journal que mon père a tenu pendant 30 ans.
I found this book interesting from start to finish.,J'ai trouvé ce livre intéressant du début à la fin.
I get nervous when I speak before a large audience.,Je deviens nerveux quand je parle devant un large public.
I get the feeling you don't really want me to stay.,J'ai le sentiment que vous ne voulez pas vraiment que je reste.
I get the feeling you don't really want me to stay.,J'ai le sentiment que tu ne veux pas vraiment que je reste.
I go to the office by bicycle except on rainy days.,"Je me rends au bureau en vélo, à l'exception des jours de pluie."
I got a rash on my hands from dishwasher detergent.,J'ai une rougeur sur les mains à cause du détergent pour lave-vaisselle.
I got the impression you didn't believe Tom either.,J'ai eu l'impression que tu ne croyais pas Tom non plus.
I got up on the wrong side of the bed this morning.,Je me suis levé de mauvais poil ce matin.
I guess I should've known Tom wasn't going to help.,J'imagine que j'aurais dû savoir que Tom ne nous aiderait pas.
I guess I should've known Tom wasn't going to help.,Je suppose que j'aurais dû savoir que Tom n'allait pas nous aider.
I guess you heard about what happened this morning.,Je suppose que tu as ouï dire ce qui s'est passé ce matin.
I guess you heard about what happened this morning.,Je suppose que vous avez ouï dire ce qui s'est passé ce matin.
I guess you heard about what happened this morning.,Je suppose que tu as ouï dire ce qui s'est produit ce matin.
I guess you heard about what happened this morning.,Je suppose que vous avez ouï dire ce qui s'est produit ce matin.
I guess you heard about what happened this morning.,Je suppose que vous avez ouï dire ce qui est arrivé ce matin.
I guess you heard about what happened this morning.,Je suppose que tu as ouï dire ce qui est arrivé ce matin.
I guess you heard about what happened this morning.,Je suppose que tu as entendu dire ce qui s'est produit ce matin.
I guess you heard about what happened this morning.,Je suppose que vous avez entendu dire ce qui s'est produit ce matin.
I guess you heard about what happened this morning.,Je suppose que vous avez entendu dire ce qui est arrivé ce matin.
I guess you heard about what happened this morning.,Je suppose que tu as entendu dire ce qui est arrivé ce matin.
I guess you heard about what happened this morning.,Je suppose que vous avez entendu dire ce qui s'est passé ce matin.
I guess you heard about what happened this morning.,Je suppose que tu as entendu dire ce qui s'est passé ce matin.
"I guess you think you're pretty special, don't you?","Je présume que vous pensez être plutôt singulier, n'est-ce pas ?"
"I guess you think you're pretty special, don't you?","Je présume que tu penses être plutôt singulier, n'est-ce pas ?"
"I guess you think you're pretty special, don't you?","Je présume que tu penses être plutôt singulière, n'est-ce pas ?"
"I guess you think you're pretty special, don't you?","Je présume que vous pensez être plutôt singulière, n'est-ce pas ?"
"I had a couple of questions, but I didn't ask them.",J'avais quelques questions mais je ne les ai pas posées.
I had a nice long chat with my girlfriend's father.,J'ai eu une longue et agréable conversation avec le père de ma petite amie.
I had a nice long chat with my girlfriend's father.,J'ai eu une longue et agréable conversation avec le père de ma copine.
I had an interesting conversation with my neighbor.,J'ai eu une conversation intéressante avec mon voisin.
I had an interesting conversation with my neighbor.,J'ai eu une conversation intéressante avec ma voisine.
I had hardly reached the school when the bell rang.,J'étais à peine arrivé à l'école quand la sonnerie retentit.
I had some interesting experiences while traveling.,J'ai fait des expériences intéressantes en voyageant.
"I had the chance to buy that, but I decided not to.",J'ai eu l'occasion de l'acheter mais j'ai décidé de ne pas le faire.
"I had things to do, so I couldn't leave right away.","J'ai eu des choses à faire, de telle sorte que je n'ai pas pu partir immédiatement."
I had to push my bicycle because I had a flat tire.,"J'ai dû pousser mon vélo, car j'avais un pneu à plat."
I hate it when my clothes smell of cigarette smoke.,Je déteste quand mes habits sentent la clope.
I have a lot of friends that can speak French well.,J'ai beaucoup d'amis qui peuvent bien parler le français.
I have been working for this newspaper for 4 years.,Cela fait 4 ans que je travaille pour ce journal.
I have faith in your ability to do the right thing.,Je crois en ta capacité à faire ce qu'il faut.
I have practiced piano every day for fifteen years.,J'ai pratiqué le piano tous les jours pendant 15 ans.
I have to complete a paper on the Japanese economy.,Je dois terminer un article sur l'économie japonaise.
I hope it was as much fun for you as it was for me.,J'espère que tu t'es amusé autant que moi.
I hope that you won't make the same mistake as Tom.,J'espère que tu ne feras pas la même erreur que Tom.
I interpreted what he said in French into Japanese.,J'interprétais en japonais ce qu'il disait en français.
I just don't want to have people thinking I'm weak.,Je ne veux tout simplement pas que les gens pensent que je suis faible.
I just don't want to have people thinking I'm weak.,"Je ne veux pas que les gens pensent que je suis faible, un point c'est tout."
I just know that I don't want to be married to you.,Je sais tout simplement que je ne veux pas être marié avec toi.
I just know that I don't want to be married to you.,Je sais tout simplement que je ne veux pas être mariée avec toi.
I just know that I don't want to be married to you.,Je sais tout simplement que je ne veux pas être marié avec vous.
I just know that I don't want to be married to you.,Je sais tout simplement que je ne veux pas être mariée avec vous.
I just know that I don't want to be married to you.,"Je sais que je ne veux pas être marié avec toi, un point c'est tout."
I just know that I don't want to be married to you.,"Je sais que je ne veux pas être mariée avec toi, un point c'est tout."
I just know that I don't want to be married to you.,"Je sais que je ne veux pas être marié avec vous, un point c'est tout."
I just know that I don't want to be married to you.,"Je sais que je ne veux pas être mariée avec vous, un point c'est tout."
I just met the most beautiful woman I've ever seen.,Je viens juste de rencontrer la plus belle femme que j'ai jamais vue.
I just posted a great picture of wombats on Flickr.,Je viens de mettre une excellente image de wombats sur Flickr.
I just thought you might want to go skiing with us.,J'ai simplement pensé qu'il se pourrait que tu veuilles venir skier avec nous.
I just thought you might want to go skiing with us.,J'ai simplement pensé qu'il se pourrait que vous vouliez venir skier avec nous.
I just want to know what I'm getting involved with.,Je veux juste savoir dans quoi je mets les pieds.
I just want to make enough money to feed my family.,Je veux seulement faire assez d'argent pour nourrir ma famille.
I just want you to know how much I appreciate this.,Je veux juste que tu saches combien j'apprécie ça.
I knew all along that Tom wasn't telling the truth.,Je savais depuis le début que Tom ne disait pas la vérité.
I know a guy who goes fishing almost every weekend.,Je connais un type qui va pêcher presque chaque week-end.
I know that Tom might want to learn how to do that.,Je sais que Tom voudrait apprendre à le faire.
I know that plenty of guys want to go out with you.,Je sais que des tas de garçons veulent sortir avec toi.
I know that plenty of guys want to go out with you.,Je sais que des tas de garçons veulent sortir avec vous.
I know who didn't do what they were supposed to do.,Je sais qui n'a pas fait ce qu'ils étaient censés faire.
I know who didn't do what they were supposed to do.,Je sais qui n'a pas fait ce qu'elles étaient censées faire.
I know you didn't really want to come on this trip.,Je sais que vous ne vouliez pas vraiment vous joindre à ce voyage.
I know you didn't really want to come on this trip.,Je sais que tu ne voulais pas vraiment te joindre à ce voyage.
I know you've spent the last three years in prison.,Je sais que tu as passé les trois dernières années en prison.
I know you've spent the last three years in prison.,Je sais que vous avez passé les trois dernières années en prison.
I learned that in the first year of medical school.,J'ai appris ça en première année de médecine.
"I live with my mother, brother and my grandparents.","Je vis avec ma mère, mon frère et mes grands-parents."
I moved out of my parent's house to live on my own.,J'ai déménagé de chez mes parents pour vivre seul.
I need some cardboard boxes to pack my possessions.,J'ai besoin de caisses en carton pour empaqueter mes effets.
I never for a moment imagined that I'd be homeless.,À aucun moment n'ai-je imaginé que je serais sans domicile.
I never realized how hard it must be to be a woman.,Je n'ai jamais réalisé à quel point cela doit être difficile d'être une femme.
I never should've let you go home alone last night.,"Je n'aurais jamais dû te laisser rentrer chez toi seul, la nuit dernière."
I never should've let you go home alone last night.,"Je n'aurais jamais dû te laisser rentrer chez toi seule, la nuit dernière."
I never should've let you go home alone last night.,"Je n'aurais jamais dû vous laisser rentrer chez vous seul, la nuit dernière."
I never should've let you go home alone last night.,"Je n'aurais jamais dû vous laisser rentrer chez vous seule, la nuit dernière."
I never should've let you go home alone last night.,"Je n'aurais jamais dû vous laisser rentrer chez vous seuls, la nuit dernière."
I never should've let you go home alone last night.,"Je n'aurais jamais dû vous laisser rentrer chez vous seules, la nuit dernière."
I only did that because I had nothing better to do.,J'ai seulement fait ça parce que je n'avais rien de mieux à faire.
I ought to have consulted my parents on the matter.,J'aurais dû consulter mes parents au sujet de cette affaire.
I ran outside and the door locked itself behind me.,Je courus dehors et la porte se referma derrière moi.
I ran outside and the door locked itself behind me.,J'ai couru dehors et la porte s'est refermée derrière moi.
I really appreciated your help yesterday afternoon.,"J'ai vraiment apprécié votre aide, hier après-midi."
I really appreciated your help yesterday afternoon.,"J'ai vraiment apprécié ton aide, hier après-midi."
I really need to go outside and get some fresh air.,Il me faut vraiment me rendre dehors et prendre un bol d'air frais.
I reminded him of his interview with the president.,Je lui ai rappelé son entrevue avec le président.
I shouldn't have accused him of stealing the money.,Je n'aurais pas dû l'accuser de voler l'argent.
I shouldn't have done that without your permission.,Je n'aurais pas dû le faire sans ta permission.
I shouldn't have done that without your permission.,Je n'aurais pas dû le faire sans votre permission.
I sometimes hear my father singing in the bathroom.,Quelquefois j'entends mon père chanter dans la salle de bain.
I still can't believe I'm going to be on your team.,Je n'arrive toujours pas à croire que je vais être dans ton équipe.
I still don't understand what you're talking about.,Je ne comprends toujours pas de quoi tu parles.
I still don't understand what you're talking about.,Je ne comprends toujours pas de quoi vous parlez.
I suppose I'd better be more careful the next time.,Je suppose que je ferais mieux d'être plus prudent la prochaine fois.
I suppose I'd better be more careful the next time.,Je suppose que je ferais mieux d'être plus prudente la prochaine fois.
I think I must be leaving since it is getting late.,Je crois que je devrais partir car il se fait tard.
I think Tom didn't understand what you were saying.,Je pense que Tom n'a pas compris ce que vous disiez.
I think Tom didn't understand what you were saying.,Je pense que Tom n'a pas compris ce que tu disais.