English words/sentences,French words/sentences
Tom shouldn't do that kind of thing.,Tom ne devrait pas faire ce genre de choses.
Tom shouldn't have done what he did.,Tom n'aurait pas du faire ce qu'il a fait.
Tom showed us a photo of his mother.,Tom nous montra une photo de sa mère.
Tom slammed the door in Mary's face.,Tom claqua la porte au nez de Mary.
Tom slept on an inflatable mattress.,Tom a dormi sur un matelas gonflable.
Tom sold his car without hesitation.,Tom a vendu sa voiture sans hésitation.
"Tom speaks French, and so does Mary.",Tom parle français et Mary aussi.
Tom stayed in Boston for three days.,Tom est resté à Boston pendant trois jours.
Tom stayed in Boston for three days.,Tom resta à Boston pendant trois jours.
Tom still isn't taking us seriously.,Tom ne nous prend toujours pas au sérieux.
Tom takes very good care of his car.,Tom prend très soin de sa voiture.
Tom thinks this price is reasonable.,Tom pense que ce prix est raisonnable.
Tom thought Mary could speak French.,Tom pensait que Mary pouvait parler français.
Tom thought Mary would remember him.,Tom pensait que Mary se serait souvenue de lui.
Tom thought everything was in order.,Tom pensait que tout était en ordre.
Tom threw an empty beer can at Mary.,Tom a lancé une canette de bière vide à Mary.
Tom told Mary he could eat anything.,Tom a dit à Mary qu'il pouvait manger de tout.
Tom told Mary he could eat anything.,Tom dit à Mary qu'il pouvait manger de tout.
Tom told Mary he had to leave early.,Tom a dit à Mary qu'il devait partir tôt.
Tom told Mary he had to leave early.,Tom dit à Mary qu'il devait partir tôt.
Tom told Mary he had to talk to her.,Tom a dit à Mary qu'il avait à lui parler.
Tom told Mary he had to talk to her.,Tom dit à Mary qu'il avait à lui parler.
Tom told Mary he'd never lie to her.,Tom a dit à Mary qu'il ne lui mentirait jamais.
Tom told Mary he'd never lie to her.,Tom dit à Mary qu'il ne lui mentirait jamais.
Tom told Mary not to swim with John.,Tom a dit à Mary de ne pas nager avec John.
Tom told Mary that he was depressed.,Tom a dit à Mary qu'il était déprimé.
Tom told Mary to keep that a secret.,Tom a dit à Mary de garder ça secret.
Tom told Mary to keep that a secret.,Tom a dit à Mary de garder cela secret.
Tom told Mary to keep that a secret.,Tom dit à Mary de garder ça secret.
Tom told Mary to keep that a secret.,Tom dit à Mary de garder cela secret.
"Tom told a joke, but nobody laughed.","Tom a raconté une blague, mais personne n'a ri."
"Tom told a joke, but nobody laughed.","Tom raconta une blague, mais personne ne rit."
Tom told me he was looking for Mary.,Tom m'a dit qu'il cherchait Mary.
Tom told me that Mary was on a diet.,Tom m'a dit que Mary était au régime.
Tom told me that he hated Christmas.,Tom m'a avoué qu'il détestait Noël.
Tom told me that he'd already eaten.,Tom m'a dit qu'il avait déjà mangé.
Tom told me which book I should buy.,Tom m'a dit quel livre je devrais acheter.
Tom took a book down from the shelf.,Tom prit un livre sur l'étagère.
Tom took a book down from the shelf.,Tom a pris un livre sur l'étagère.
Tom took care of the kids yesterday.,Tom a pris soin des enfants hier.
Tom took his new car out for a spin.,Tom sortit sa nouvelle voiture pour faire une balade.
"Tom tried to do it, but he couldn't.","Tom a essayé de le faire, mais il n'a pas pu."
"Tom tried to do it, but he couldn't.","Tom essaya de le faire, mais il ne put pas."
Tom tried to persuade Mary to drive.,Tom a essayé de persuader Mary de conduire.
"Tom tried, unsuccessfully, to smile.","Tom essaya, sans succès, de sourire."
Tom waited for Mary for a long time.,Tom a attendu Mary pendant un long moment.
Tom waited for Mary for a long time.,Tom attendit Mary pendant longtemps.
Tom waited for Mary for three hours.,Tom attendit Mary pendant trois heures.
Tom waited for Mary for three hours.,Tom a attendu Mary pendant trois heures.
Tom walked to the front of the room.,Tom se dirigea vers l'avant de la salle.
Tom wanted Mary to have a good time.,Tom voulait que Mary passe du bon temps.
Tom wanted Mary to leave right away.,Tom voulait que Marie s’en fût allé immédiatement.
Tom wanted Mary to meet his friends.,Tom voulait que Mary rencontre ses amis.
Tom wanted Mary to meet his parents.,Tom voulait que Mary rencontre ses parents.
Tom wanted me to walk home with him.,Tom voulait que je l'accompagne chez lui à pied.
Tom wants to ask us a few questions.,Tom veut nous poser quelques questions.
Tom wants to borrow my car tomorrow.,Tom veut emprunter ma voiture demain.
Tom wants to come to Boston with us.,Tom veut venir à Boston avec nous.
Tom wants to come with us to Boston.,Tom veut venir avec nous à Boston.
Tom wants to see Mary in his office.,Tom veut voir Mary dans son bureau.
Tom was alone last night at the bar.,"Tom était hier soir, seul au bar à bières."
Tom was attacked by a swarm of bees.,Tom s'est fait attaquer par un essaim d'abeilles.
Tom was chosen among 300 applicants.,Tom a été choisi parmi 300 candidats.
Tom was here just a few minutes ago.,Tom était là il y a quelques minutes.
Tom was impatient to see Mary again.,Tom était impatient de revoir Mary.
Tom was in prison for several years.,Tom a passé plusieurs années en prison.
Tom was my neighbor for three years.,Tom était mon voisin durant trois ans.
Tom was playing tennis this morning.,Tom jouait au tennis ce matin.
Tom was trying to control his anger.,Tom essayait de contrôler sa colère.
Tom was wearing a janitor's uniform.,Tom portait un uniforme de concierge.
Tom was well-known in the community.,Tom était bien connu dans la communauté.
Tom wasn't able to sleep on the bus.,Tom n'était pas capable de dormir dans le bus.
Tom wasn't in his room this morning.,Tom n'était pas dans sa chambre ce matin.
Tom wasn't worried about his grades.,Tom n'était pas inquiet au sujet de ses notes.
Tom went swimming with us yesterday.,Tom est allé nager avec nous hier.
Tom will be angry if Mary does that.,Tom serait en colère si Mary faisait ça.
Tom will be here in fifteen minutes.,Tom sera là dans quinze minutes.
Tom will be very sad if Mary leaves.,Tom serait vraiment triste si Mary partait.
Tom will be very successful someday.,Tom connaîtra le succès un jour.
Tom will buy a house on Park Street.,Tom va acheter une maison sur la Park Street.
Tom will buy a new car next weekend.,Tom va acheter une nouvelle voiture le week-end prochain.
Tom will likely testify against you.,Tom va probablement témoigner contre toi.
Tom won't go to Boston without Mary.,Tom n'ira pas à Boston sans Mary.
Tom won't help Mary do that anymore.,Tom n'aidera plus Mary à le refaire.
Tom wondered where to hang his coat.,Tom se demandait où pendre son manteau.
Tom would never go there by himself.,Tom n'irait jamais là seul.
Tom would've been very proud of you.,Tom aurait été très fier de toi.
Tom would've been very proud of you.,Tom aurait été très fier de vous.
Tom wrote Mary's number on a napkin.,Tom nota le numéro de téléphone de Mary sur une serviette.
Tom's eyes were glued to the screen.,Les yeux de Tom étaient collés à l'écran.
Tom's flight will be arriving early.,Le vol de Tom va atterrir plus tôt que prévu.
Tom's friends tried to cheer him up.,Les amis de Tom ont essayé de lui remonter le moral.
Tom's proposal is worth considering.,La proposition de Tom vaut la peine d'être prise en compte.
"Tom, I have something to say to you.","Tom, j'ai quelque chose à te dire."
"Tomorrow morning, I'll wake up at 6.","Demain matin, je me lève à 6 heures."
Try to be more punctual from now on.,"Efforcez-vous d'être plus ponctuel, désormais."
Try to be more punctual from now on.,"Efforcez-vous d'être plus ponctuelle, désormais."
Try to be more punctual from now on.,"Efforce-toi d'être plus ponctuel, désormais."
Try to be more punctual from now on.,"Efforce-toi d'être plus ponctuelle, désormais."
Try to be more punctual from now on.,"Essaie d'être plus ponctuel, désormais."
Try to be more punctual from now on.,"Essaie d'être plus ponctuelle, désormais."
Try to be more punctual from now on.,"Essayez d'être plus ponctuel, désormais."
Try to be more punctual from now on.,"Essayez d'être plus ponctuelle, désormais."
Try to be more punctual from now on.,"Essayez d'être plus ponctuelles, désormais."
Try to be more punctual from now on.,"Essayez d'être plus ponctuels, désormais."
Try to be more punctual from now on.,"Efforcez-vous d'être plus ponctuelles, désormais."
Try to be more punctual from now on.,"Efforcez-vous d'être plus ponctuels, désormais."
Try to make it last a little longer.,Essaie de le faire durer un peu plus longtemps.
Try to make it last a little longer.,Essayez de le faire durer un peu plus longtemps.
Turn right at the next intersection.,Tourne à droite à la prochaine intersection.
Turn right at the next intersection.,Tourne à droite au prochain carrefour.
Turn right at the next intersection.,Prends à droite au prochain croisement.
Two detectives followed the suspect.,Deux détectives suivirent le suspect.
Two families live in the same house.,Deux familles vivent dans la même maison.
"Two glasses of orange juice, please.",Deux verres de jus d'orange s'il vous plaît.
Two people say they heard a gunshot.,Deux personnes disent avoir entendu une détonation.
Two people say they heard a gunshot.,Deux personnes disent avoir entendu un coup de feu.
Two people say they heard a gunshot.,Deux personnes disent qu'elles ont entendu une détonation.
Two people say they heard a gunshot.,Deux personnes disent qu'elles ont entendu un coup de feu.
"Unfortunately, I missed all the fun.","Malheureusement, j'ai loupé tout l'amusement."
"Unfortunately, it's not that simple.","Malheureusement, ce n'est pas si simple."
"Unfortunately, that wasn't the case.","Malheureusement, ce n'était pas le cas."
Was your family with you last month?,"Votre famille était-elle avec vous, le mois dernier ?"
Was your family with you last month?,"Ta famille était-elle avec toi, le mois dernier ?"
Watch out! There's a big hole there.,Attention ! Il y a un gros trou là-bas.
Watching movies is very interesting.,Regarder des films est très intéressant.
Water becomes solid when it freezes.,L'eau devient solide quand elle gèle.
Water covers about 70% of the earth.,L'eau recouvre environ 70% de la surface de la Terre.
Water is to fish what air is to man.,L'air est aux hommes ce que l'eau est aux poissons.
We apologize for this inconvenience.,Nous nous excusons pour ce désagrément.
We are going to climb that mountain.,Nous allons gravir cette montagne.
We are going to climb that mountain.,Nous avons l'intention de gravir cette montagne.
We are going to climb that mountain.,Nous allons escalader cette montagne.
We bought Tom an expensive umbrella.,Nous avons acheté à Tom un parapluie qui a coûté cher.
"We can't be sure about that, can we?","Nous ne pouvons pas être sûr à ce propos, n'est-ce pas ?"
We can't choose who our parents are.,On ne choisit pas ses parents.
We can't keep this a secret forever.,Nous ne pouvons le garder secret pour toujours.
"We did have fun together, didn't we?","On s'est bien amusé ensemble, non ?"
We didn't actually see the accident.,"En fait, nous n'avons pas vu l'accident."
"We didn't want to go, but we had to.","Nous ne voulions pas, mais nous avons dû y aller."
We don't have time to do that today.,Nous n'avons pas le temps de le faire aujourd'hui.
We don't want to give too much away.,Nous ne voulons pas donner trop.
We enjoyed playing chess last night.,On a passé un bon moment à jouer aux échecs la nuit dernière.
We found out that he was her father.,Nous avons découvert qu'il était son père.
We found the footprints in the sand.,Nous avons trouvé les empreintes de pas dans le sable.
We get applications from everywhere.,Nous recevons des applications de partout.
We had a heated discussion about it.,Nous avons eu une discussion passionnée à propos de cela.
We had a heated discussion about it.,Nous avons eu une discussion véhémente à ce propos.
We had a short vacation in February.,Nous avons eu de courtes vacances en février.
We had a traditional church wedding.,Nous avons fait un mariage traditionnel à l'église.
We happened to be on the same train.,Il advint que nous nous trouvions dans le même train.
We have a stressful day ahead of us.,Nous avons une journée stressante devant nous.
We have already finished our dinner.,Nous avons déjà fini notre dîner.
We have an important job to do here.,Nous avons un travail important à faire ici.
We have been waiting here for hours.,Ça fait des heures qu'on attend ici.
We have been waiting here for hours.,Nous attendons ici depuis des heures.
We have captured one of their spies.,Nous avons capturé un de leurs espions.
We have four classes in the morning.,Nous avons quatre cours le matin.
We have the situation under control.,Nous avons le contrôle de la situation.
We have three trees in our backyard.,Nous avons trois arbres dans notre jardin.
We have to be careful with expenses.,Nous devons faire attention à nos dépenses.
We have to be careful with expenses.,Il nous faut faire attention à nos dépenses.
We have to be prepared for anything.,Il nous faut être prêts à tout.
We have to clean the house tomorrow.,Nous devons nettoyer la maison demain.
We have to do something to help Tom.,Nous devons faire quelque chose pour aider Tom.
We have to pay attention and listen.,Nous devons être attentifs et écouter.
We haven't seen you for a long time.,Nous ne t'avons pas vu depuis longtemps.
We heard the boy playing the violin.,On a entendu le garçon jouer du violon.
We heard the boy playing the violin.,Nous avons entendu le garçon jouer du violon.
We heard what sounded like gunshots.,Nous avons entendu quelque chose ayant l'air de détonations.
We heard what sounded like gunshots.,Nous avons entendu quelque chose ayant l'air de coups de feu.
We invite you to listen to us again.,Nous vous invitons à nous écouter à nouveau.
We invited ten couples to the party.,Nous avons invité dix couples à la fête.
We look forward to seeing you again.,Il nous tarde de vous revoir.
We look forward to seeing you again.,Il nous tarde de te revoir.
We managed to swim across the river.,Nous parvînmes à traverser la rivière à la nage.
We might as well get this over with.,Nous ferions tout aussi bien de terminer ça.
We must have faith in the president.,Nous devons avoir foi dans le président.
We need something a bit more subtle.,Il nous faut quelque chose d'un peu plus subtil.
We need to find an effective method.,Nous devons trouver une méthode efficace.
We need to take this very seriously.,Nous devons prendre ça très sérieusement.
We often associate black with death.,Nous associons souvent le noir à la mort.
We really hope that you'll be there.,Nous espérons vraiment que tu seras là.
We reported the theft to the police.,Nous avons signalé le vol à la police.
We sat face to face with executives.,Nous étions assis face aux cadres.
We should always try to help others.,Nous devrions toujours essayer d'aider les autres.
We should make use of atomic energy.,Nous devrions faire usage de l'énergie nucléaire.
We should talk calmly to each other.,Nous devrions discuter calmement !
We should use the fireplace tonight.,Nous devrions utiliser le feu ouvert ce soir.
We should've thought of this before.,Nous aurions dû y songer avant.
We shouldn't have tried to help Tom.,Nous n'aurions pas dû essayer d'aider Tom.
We spent the night in a cheap hotel.,Nous passâmes la nuit dans un hôtel bon marché.
We spent the night in a cheap hotel.,Nous avons passé la nuit dans un hôtel pas cher.
We talked a lot about you yesterday.,Nous avons beaucoup parlé de vous hier.
We talked about a variety of topics.,Nous avons parlé d'une variété de sujets.
We talked about a variety of topics.,Nous discutâmes d'une variété de sujets.
We talked to each other for a while.,Nous avons parlé un moment.
We want to take your blood pressure.,Nous souhaitons mesurer votre tension artérielle.
We went on talking about the matter.,Nous avons parlé longuement du sujet.
We were crowded into the small room.,Nous nous sommes retrouvés les uns sur les autres dans la petite pièce.
We were obliged to abandon our plan.,Nous avons été contraints d'abandonner notre plan.
We were obliged to give up our plan.,Nous avons été contraints d'abandonner notre plan.
We were on the same train by chance.,Nous étions par chance dans le même train.
We were under constant surveillance.,Nous étions surveillés de façon permanente.
We weren't prepared for the assault.,Nous n'étions pas préparés pour l'assaut.
We will keep the peace at all costs.,Nous maintiendrons la paix à tout prix.
We won't have time to do that today.,Nous n'aurons pas le temps de le faire aujourd'hui.
We'd better not change the schedule.,Nous ferions mieux de ne pas modifier l'emploi du temps.
We'll get started as soon as we can.,Nous commencerons le plus tôt possible.
We'll get you back home immediately.,Nous allons vous raccompagner chez vous immédiatement.
We'll try even harder the next time.,Alors nous essaierons plus fort la prochaine fois.
We'll try to make a good impression.,Nous essaierons de faire bonne impression.
We're attempting a rescue operation.,Nous tentons une opération de sauvetage.
We're expecting lousy weather today.,"Nous attendons du mauvais temps, aujourd'hui."
We're going to do everything we can.,Nous allons faire tout ce que nous pouvons.
We're going to do everything we can.,On va faire tout ce qu'on peut.
We're going to do everything we can.,Nous allons faire ce que nous pouvons.
We're going to do everything we can.,On va faire ce qu'on peut.
We're going to get you out of there.,On va vous sortir de là.
We're having a party Friday evening.,On fait une fête vendredi soir.
We're headed in the right direction.,Nous nous dirigeons dans la bonne direction.
We're not lost. I know where we are.,Nous ne nous sommes pas perdus. Je sais où nous nous trouvons.
We're still investigating the cause.,Nous enquêtons toujours sur la cause.
We've already sent a message to Tom.,Nous avons déjà envoyé un message à Tom.
We've come here to help you do that.,Nous sommes venus ici pour vous aider à le faire.
We've done it twice in three months.,Nous l'avons fait deux fois en trois mois.
We've got a really big problem here.,On a vraiment un gros problème.
We've got bigger problems than that.,Nous avons de plus gros problèmes que ça.
We've got to take Tom to the doctor.,Nous devons emmener Tom au docteur.
"We've looked everywhere, haven't we?","Nous avons regardé partout, n'est-ce pas ?"
We've never had this problem before.,Nous n'avons jamais eu ce problème avant.
We've never tried doing it that way.,Nous n'avons jamais essayé de le faire de cette manière.
We've remade this video three times.,Nous avons refait cette vidéo trois fois.
We've started to recycle newspapers.,Nous avons commencé à recycler les journaux.
"Well, stranger things have happened.","Eh bien, des choses plus étranges sont survenues."
Were there any glasses on the table?,Y avait-il des verres sur la table ?
Whales are similar to fish in shape.,Les baleines ressemblent aux poissons dans leur forme.
What I want is some peace and quiet.,"Ce que je veux, c'est de la tranquillité et du calme."
What are the dimensions of the room?,Quelles sont les dimensions de cette pièce ?
What are you doing with these dolls?,Qu'êtes-vous en train de faire avec ces poupées ?
What are you doing with these dolls?,Qu'es-tu en train de faire avec ces poupées ?
What are you getting so upset about?,Qu'est-ce qui te préoccupe ?
What are you trying to hide from me?,Qu'essayes-tu de me cacher ?
What are your instincts telling you?,Que vous dit votre instinct ?
What are your instincts telling you?,Que te dit ton instinct ?
What are your plans for the weekend?,Quels sont tes plans pour le week-end ?
What could possibly have gone wrong?,Qu'est-ce qui a bien pu mal se passer ?
What did Tom give you for Christmas?,Que t'as offert Tom pour Noël ?
What did Tom give you for Christmas?,Qu'est-ce que Tom t'a offert à Noël ?
What did you come here so early for?,Pourquoi t'es-tu levé aussi tôt ?
What did you do during the holidays?,Qu'avez-vous fait pendant les fêtes ?
What direction does your house face?,À quelle direction votre maison fait-elle face ?
What direction does your house face?,Ta maison fait face à quelle direction ?
What do you feel like doing tonight?,Qu'as-tu envie de faire ce soir ?
What do you feel like doing tonight?,Qu'avez-vous envie de faire ce soir ?
What do you intend to do about that?,Qu'avez-vous l'intention de faire à ce sujet ?
What do you intend to do about that?,Qu'as-tu l'intention de faire pour ça ?
"What do you mean, you can't help me?",Que veux-tu dire que tu ne peux pas m'aider ?
"What do you mean, you can't help me?",Que voulez-vous dire que vous ne pouvez pas m'aider ?
What do you say to calling it a day?,Que dis-tu de nous arrêter ?
What do you say to calling it a day?,Que dites-vous de nous arrêter ?
What do you think about this outfit?,Que penses-tu de cette tenue ?
What do you think about this outfit?,Que pensez-vous de cette tenue ?
What do you think of his suggestion?,Que penses-tu de sa proposition ?
What do you think of his suggestion?,Que pensez-vous de sa suggestion ?
What does Tom want for his birthday?,Que veut Tom pour son anniversaire ?
What does it feel like to be famous?,Quelle impression cela fait-il d'être célèbre ?
What gives you the right to do that?,Qu'est-ce qui te donne le droit de faire ça ?
What gives you the right to do that?,Qu'est-ce qui vous donne le droit de faire cela ?
What happens if I press this button?,Que se passe-t-il si j'appuie sur ce bouton ?
What happens if I press this button?,Qu'arrive-t-il si j'appuie sur ce bouton ?
What happens if I press this button?,Qu'est-ce qui se produit si j'appuie sur ce bouton ?
What he said turned out to be a lie.,Ce qu'il a dit s'est avéré être un mensonge.
What is this fish called in English?,Comment nomme-t-on ce poisson en anglais ?
What kind of bread do you like best?,Quel type de pain préférez-vous ?
What kind of bread do you like best?,Quelle sorte de pain aimes-tu le plus ?
What kind of dessert would you like?,Quel genre de dessert veux-tu ?
What kind of fool do you think I am?,Vous me prenez pour un idiot ?
What kind of music do you listen to?,Quel genre de musique écoutez-vous ?
What kind of music do you listen to?,Quel genre de musique est-ce que tu écoutes ?
What on earth are you talking about?,"Mais enfin, de quoi parlez-vous donc ?"
What on earth are you trying to say?,Que diable essayez-vous de dire ?
What part of Australia are you from?,De quel coin de l'Australie venez-vous ?
What part of Australia are you from?,De quel coin de l'Australie viens-tu ?
What part of Australia are you from?,De quelle partie de l'Australie venez-vous ?
What part of Australia are you from?,De quelle partie de l'Australie viens-tu ?
What products are currently on sale?,Quels produits sont actuellement en vente ?
What sorts of weapons did they have?,Quels types d'armes possédaient-ils ?
What sorts of weapons did they have?,Quels types d'armes possédaient-elles ?
What time do you want me to be here?,À quelle heure veux-tu que je sois là ?
What time does the next train leave?,À quelle heure part le prochain train ?
What time does the next train leave?,À quelle heure part le prochain train ?
What vegetables do you usually grow?,"Quels légumes faites-vous pousser, d'ordinaire ?"
What vegetables do you usually grow?,"Quels légumes fais-tu pousser, d'ordinaire ?"
What was it that he was looking for?,Que cherchait-il ?
What was it that we were told to do?,C'est quoi qu'on nous a dit de faire ?
What was it that we were told to do?,Qu'est-ce qu'on nous a demandé de faire ?
What was the cause of the explosion?,Quelle était la cause de l'explosion ?
What were you and Tom talking about?,De quoi Tom et toi parliez-vous ?
What were you doing at the hospital?,Qu'est-ce que tu faisais à l'hôpital ?
What were you doing at the hospital?,Que faisiez-vous à l'hôpital ?
What will losing the war mean to us?,Que signifiera pour nous de perdre la guerre ?
What would I do if they really came?,Que ferais-je s'ils venaient vraiment ?
What would I do if they really came?,Que ferais-je si elles venaient vraiment ?
What would the world do without tea?,Que serait le monde sans thé ?
What would you do in this situation?,Que feriez-vous dans une telle situation ?
What would you do in this situation?,Qu'est-ce que tu ferais dans une situation pareille ?
What's the best cure for loneliness?,Quel est le meilleur remède contre la solitude ?
What's the best way to learn French?,Quelle est la meilleure façon d'apprendre le français ?
What's the combination for the safe?,Quelle est la combinaison du coffre ?
What's the destination of this ship?,Quelle est la destination de ce bateau ?
What's the difference between these?,Quelle est la différence entre ceux-ci ?
What's the difference between these?,Quelle est la différence entre celles-ci ?
What's the most fun you've ever had?,Quelle est la plus grosse rigolade que tu aies eue ?
What's the most fun you've ever had?,Quelle est la plus grosse partie de plaisir que vous ayez eue ?
What's the nature of your emergency?,Quelle est la nature de votre urgence ?
What's the world's highest mountain?,Quelle est la montagne la plus haute au monde ?
What's the world's highest mountain?,Quelle est la montagne la plus haute du monde ?
What's your favorite breakfast food?,Qu’est-ce que vous préférez manger au petit déjeuner ?
What's your favorite breakfast food?,Qu’est-ce que tu préfères manger au petit déjeuner ?
What's your favorite lipstick brand?,Quelle est ta marque de rouge à lèvres préférée ?
What's your favorite lipstick color?,Quelle est ta couleur de rouge à lèvres préférée ?
What's your favorite tongue twister?,Quel est ton virelangue préféré ?
What's your theory on what happened?,Quelle est ta théorie quant à ce qui s'est passé ?
What's your theory on what happened?,Quelle est votre théorie quant à ce qui s'est passé ?
What's your theory on what happened?,Quelle est ta théorie quant à ce qui est survenu ?
What's your theory on what happened?,Quelle est votre théorie quant à ce qui est survenu ?
What's your theory on what happened?,Quelle est ta théorie quant à ce qui a eu lieu ?
What's your theory on what happened?,Quelle est votre théorie quant à ce qui a eu lieu ?
What's your theory on what happened?,Quelle est ta théorie quant à ce qui est arrivé ?
What's your theory on what happened?,Quelle est votre théorie quant à ce qui est arrivé ?
Whatever can go wrong will go wrong.,Tout ce qui peut aller de travers le fera.
Whatever can go wrong will go wrong.,Tout ce qui peut foirer foirera.
"When I grow up, I want to be a king.","Lorsque je serai grand, je veux être roi."
"When I heard that, I started to cry.","Quand j'ai entendu cela, j'ai commencé à pleurer."
When did you begin studying English?,Quand as-tu commencé à apprendre l'anglais ?
When did you begin studying English?,Quand avez-vous commencé à apprendre l'anglais ?
When did you begin to learn English?,Quand as-tu commencé à apprendre l'anglais ?
When did you begin to learn English?,Quand avez-vous commencé à apprendre l'anglais ?
When did you start wearing contacts?,Quand as-tu commencé à porter des lentilles de contact ?
When did you start wearing contacts?,Quand avez-vous commencé à porter des lentilles de contact ?
When will the new magazine come out?,Quand le nouveau magazine paraîtra-t-il ?
When will you get through with work?,Quand en aurez-vous terminé avec le travail ?
When will you get through with work?,Quand en auras-tu terminé avec le travail ?
When would it be convenient for you?,Quand est-ce que ça vous arrangera ?
When would it be convenient for you?,Quand est-ce que ça vous arrange ?
"When you love what you do, it shows.","Quand tu aimes ce que tu fais, ça se voit."
"Whenever I see this, I remember him.","Chaque fois que je vois ça, je me souviens de lui."
Where did you find such an ugly hat?,Où as-tu dégoté un chapeau aussi laid ?
Where did you get that orange scarf?,Où as-tu eu cette écharpe orange ?
Where did you get that orange scarf?,Où est-ce que tu as eu cette écharpe orange ?
Where did you learn to speak French?,Où as-tu appris à parler français ?
Where did you learn to speak French?,Où avez-vous appris à parler français ?
Where is the nearest police station?,Où est le poste de police le plus proche ?
"Where there's a will, there's a way.",Vouloir c'est pouvoir.
"Where there's a will, there's a way.","Là où il y a une volonté, il y a un chemin."
"Wherever you go, you'll be welcomed.","Où que vous alliez, vous serez bienvenu."
"Wherever you go, you'll be welcomed.","Partout où tu iras, tu seras bienvenu."
"Wherever you go, you'll be welcomed.","Où que vous alliez, vous serez bienvenue."
"Wherever you go, you'll be welcomed.","Partout où tu iras, tu seras bienvenue."
"Wherever you go, you'll be welcomed.","Où que vous alliez, vous serez bienvenus."
"Wherever you go, you'll be welcomed.","Où que vous alliez, vous serez bienvenues."
Which applications do you like best?,Quelles applications préférez-vous ?
Which applications do you like best?,Quelles applications préfères-tu ?
Which plan do you believe is better?,"Quel est le meilleur plan, selon toi ?"
Which shoes are you going to put on?,Quelles chaussures vas-tu mettre ?
Which shoes are you going to put on?,Quelles chaussures allez-vous mettre ?
"While reading a book, I fell asleep.","En lisant un livre, je me suis endormi."
Who are you spending Christmas with?,Avec qui passes-tu Noël ?
Who are you spending Christmas with?,Avec qui passez-vous Noël ?
Who are you? What're you doing here?,Qui es-tu ? Que fais-tu ici ?
Who are you? What're you doing here?,Qui êtes-vous ? Que faites-vous ici ?
Who could resist an offer like that?,Qui pourrait résister à une offre pareille ?
Who could resist an offer like that?,Qui pourrait résister à une offre comme ça ?
"Who kissed Tom first, Mary or Alice?","Qui a embrassé Tom la première, Mary ou Alice ?"
Who told you that we should do that?,Qui vous a dit que nous devrions faire cela ?
Who told you that we should do that?,Qui t'a dit qu'on devrait faire ça ?
Who was the man you were talking to?,Qui est l'homme à qui vous parliez ?
Who was the man you were talking to?,Qui est l'homme à qui tu parlais ?
Who would you recommend for the job?,Qui recommanderais-tu pour le travail ?
Who would you recommend for the job?,Qui recommanderiez-vous pour le travail ?
Who's Tom? Is he your new boyfriend?,Qui est Tom? C'est ton nouveau copain ?
Who's the composer of this symphony?,Qui est le compositeur de cette symphonie ?
Who's the girl in a yellow raincoat?,Qui est la fille avec l'imperméable jaune ?
Why are people afraid of the police?,Pourquoi les gens ont-ils peur de la police ?
Why are people scared of the police?,Pourquoi les gens ont-ils peur de la police ?
Why are we still talking about this?,Pourquoi en parlons-nous encore ?
Why are we still talking about this?,Pourquoi parlons-nous encore de ça ?
Why are you looking at me like that?,Pourquoi me regardez-vous ainsi ?
Why are you looking at me like that?,Pourquoi me regardes-tu ainsi ?
Why are you picking a fight with me?,Pourquoi me cherchez-vous querelle ?
Why are you picking a fight with me?,Pourquoi me cherches-tu querelle ?
Why are you staring at me like that?,Pourquoi me fixes-tu comme ça ?
Why are you trying to make me laugh?,Pourquoi essaies-tu de me faire rire ?
Why are you trying to make me laugh?,Pourquoi essayez-vous de me faire rire ?
Why did you become a police officer?,Pourquoi êtes-vous devenu agent de police ?
Why did you go over my head on this?,Pourquoi m'es-tu passé par-dessus pour ça ?
Why did you invite Tom to the party?,Pourquoi as-tu invité Tom à la fête ?
Why did you wait so long to kiss me?,Pourquoi as-tu attendu si longtemps pour m'embrasser ?
Why did you wait so long to kiss me?,Pourquoi avez-vous attendu si longtemps pour m'embrasser ?
Why didn't you tell me that earlier?,Pourquoi ne m'as-tu pas dit cela plus tôt ?
Why didn't you tell me that earlier?,Pourquoi ne m'avez-vous pas dit cela plus tôt ?
Why do we have to decide this today?,Pourquoi devons-nous décider ceci aujourd'hui ?
Why do we have to do this right now?,Pourquoi devons-nous faire ceci immédiatement ?
Why don't they just come and get us?,Pourquoi ne viennent-ils pas simplement nous arrêter ?
Why don't they just come and get us?,Pourquoi ne viennent-elles pas simplement nous prendre ?
Why don't we just sit here and talk?,Pourquoi ne nous asseyons-nous pas ici pour parler ?
Why don't we start at the beginning?,Pourquoi ne commençons-nous pas par le début ?
Why don't we start at the beginning?,Pourquoi ne commençons-nous pas au commencement ?
Why don't you play something for me?,Pourquoi ne joues-tu pas quelque chose pour moi ?
Why don't you play something for me?,Pourquoi ne jouez-vous pas quelque chose pour moi ?
Why don't you play something for me?,Pourquoi ne me joues-tu pas quelque chose ?
Why don't you play something for me?,Pourquoi ne me jouez-vous pas quelque chose ?
Why don't you sing something for me?,Pourquoi ne chantes-tu pas quelque chose pour moi ?
Why don't you sing something for me?,Pourquoi ne chantez-vous pas quelque chose pour moi ?
Why don't you sit down for a moment?,Pourquoi ne t'assieds-tu pas un moment ?
Why don't you sit down for a moment?,Pourquoi ne vous asseyez-vous pas un moment ?
Why don't you take your temperature?,Pourquoi ne prends-tu pas ta température ?
Why is alternative energy important?,Pourquoi les énergies alternatives sont-elles importantes ?
Why is it that you hate Tom so much?,Pourquoi est-ce que tu détestes tant Tom ?
Why is this knife not in the drawer?,Pourquoi ce couteau n'est-il pas dans le tiroir ?
Why not try some of that white wine?,Pourquoi ne pas essayer un peu de ce vin blanc ?
Why would anyone do that on purpose?,Pourquoi quiconque ferait-il cela à dessein ?
Why would anyone do that on purpose?,Pourquoi quiconque le ferait-il exprès ?
Will there be any food at the party?,Y aura-t-il la moindre nourriture à la fête ?
Will you give me a ride to my hotel?,M'accompagneras-tu à mon hôtel ?
Will you give me a ride to my hotel?,M'accompagnerez-vous à mon hôtel ?
Will you give me something to drink?,Me donnerez-vous quelque chose à boire ?
Will you glance through this report?,Jetterez-vous un œil sur ce rapport ?
Will you glance through this report?,Jetteras-tu un œil sur ce rapport ?
Will you lend your dictionary to me?,Tu me prêtes ton dictionnaire ?
Will you please check these figures?,"Peux-tu vérifier ces chiffres, s'il te plaît?"
Will you please put the baby to bed?,"Veux-tu mettre le bébé au lit, je te prie ?"
Will you please put the baby to bed?,"Voulez-vous mettre le bébé au lit, je vous prie ?"
Will you teach me how to play chess?,Pourriez-vous m'apprendre à jouer aux échecs ?
"Without your help, I have no chance.","Sans votre aide, je n'ai aucune chance."
"Without your help, I have no chance.","Sans ton aide, je n'ai aucune chance."
Would you excuse me just one moment?,Voudriez-vous m'excuser un moment ?
Would you like another piece of pie?,Voudriez-vous un autre part de tarte ?
Would you like another piece of pie?,Voudriez-vous un autre part de tourte ?
Would you like me to call you a cab?,Voudrais-tu que je t'appelle un taxi ?
Would you like me to tell the truth?,Voulez-vous que je dise la vérité ?
Would you like me to tell the truth?,Veux-tu que je dise la vérité ?
Would you like more mashed potatoes?,Voudriez-vous davantage de purée de pommes-de-terre ?
Would you like more mashed potatoes?,Voudrais-tu davantage de purée de pommes-de-terre ?
Would you like to eat lunch with me?,Souhaitez-vous déjeuner avec moi ?
Would you like to go hiking with us?,Tu veux faire une randonnée avec nous ?
Would you like to have a cup of tea?,Voulez-vous une tasse de thé ?
Would you like to have another beer?,Voudriez-vous une autre bière ?
Would you like to have another beer?,Voudrais-tu une autre bière ?
Would you mind if I went home early?,Verrais-tu un inconvénient à ce que je rentre tôt à la maison ?
Would you mind if I went home early?,Verriez-vous un inconvénient à ce que je rentre tôt chez moi ?
Would you mind speaking more slowly?,Pourriez-vous parler un peu plus lentement ?
Would you mind telling me one thing?,Cela te dérangerait-il de me dire un truc ?
Would you mind telling me one thing?,Cela vous dérangerait-il de me dire un truc ?
Would you please fill out this form?,"Veuillez, s'il vous plait, remplir ce formulaire ?"
Would you please show me that skirt?,"Pourriez-vous me montrer cette jupe, s'il vous plaît ?"
Would you sing us a song in English?,Voudriez-vous nous chanter une chanson en anglais ?
Would you sing us a song in English?,Voudrais-tu nous chanter une chanson en anglais ?
"Would you speak more slowly, please?","Peux-tu parler un peu plus lentement, s'il te plaît ?"
Wouldn't you like to drink some tea?,Ne voulez-vous pas boire un peu de thé ?
Wouldn't you like to drink some tea?,Tu ne voudrais pas boire un peu de thé ?
"Write with a pen, not with a pencil.","Écris avec un stylo, non avec un crayon."
Writers often refer to a dictionary.,Les écrivains se réfèrent souvent à un dictionnaire.
"You and Tom are good friends, right?","Tom et toi êtes de bons amis, non ?"
You and Tom are made to be together.,Tom et toi êtes faits pour être ensemble.
You and Tom are made to be together.,"Tom et toi, vous êtes faits pour être ensemble."
You are doing very well. Keep it up.,Tu te débrouilles très bien. Continue.
You are going to have to pay for it.,Il va falloir que vous le payiez.
You are responsible for what you do.,Tu es responsable de ce que tu fais.
You are responsible for what you do.,Vous êtes responsables de ce que vous faites.
You are responsible for what you do.,Vous êtes responsable de ce que vous faites.
"You both want the same thing, right?","Vous souhaitez tous les deux la même chose, non ?"
"You both want the same thing, right?","Vous souhaitez toutes les deux la même chose, non ?"
You can eat lunch here in this room.,Tu peux déjeuner ici dans cette chambre.
You can have this watch for nothing.,Vous pouvez avoir cette montre pour rien.
You can't be too careful these days.,"On ne saurait être trop prudent, de nos jours."
You can't be too careful these days.,"On ne saurait être trop prudente, de nos jours."
You can't both be telling the truth.,Vous ne pouvez pas tous les deux dire la vérité.
You can't buy it anywhere but there.,Vous ne pouvez l'acheter à d'autre endroit que là.
You can't judge a book by its cover.,On ne peut pas juger un livre sur sa couverture.
You can't judge a book by its cover.,On ne doit pas juger un livre sur sa reliure.
You can't judge a book by its cover.,On ne doit pas juger un livre d'après sa reliure.
You can't just leave me here to die.,Vous ne pouvez pas simplement me laisser mourir ici.
You can't just leave me here to die.,Tu ne peux pas simplement me laisser mourir ici.
You can't really blame Tom for that.,Vous ne pouvez pas blâmer Tom pour cela.
You can't really blame Tom for that.,Tu ne peux pas reprocher ça à Tom.
You did something incredibly stupid.,Tu as fait quelque chose d'incroyablement stupide.
You did something incredibly stupid.,Vous avez fait quelque chose d'incroyablement stupide.
"You didn't come here alone, did you?","Vous n'êtes pas venu ici seul, si ?"
"You didn't come here alone, did you?","Vous n'êtes pas venue ici seule, si ?"
"You didn't come here alone, did you?","Tu n'es pas venu ici seul, si ?"
"You didn't come here alone, did you?","Vous n'êtes pas venues ici seules, si ?"
"You didn't come here alone, did you?","Vous n'êtes pas venus ici seuls, si ?"
"You didn't come here alone, did you?","Tu n'es pas venue ici seule, si ?"
You didn't tell the story very well.,Tu n'as pas très bien raconté l'histoire.
You didn't tell the story very well.,Vous n'avez pas très bien raconté l'histoire.
"You don't have a lot to say, do you?","Vous n'avez pas grand-chose à dire, non ?"
"You don't have a lot to say, do you?","Tu n'as pas grand-chose à dire, non ?"
"You don't have to buy water, do you?","Il ne vous faut pas acheter d'eau, si ?"
"You don't have to buy water, do you?","Il ne te faut pas acheter d'eau, si ?"
You don't have to do it immediately.,Tu n'as pas besoin de le faire tout de suite.
You don't have to do it immediately.,Tu n'es pas obligé de le faire immédiatement.
You don't kick a man when he's down.,On ne frappe pas un homme à terre.
"You don't know what this is, do you?","Tu ne sais pas ce que c'est, n'est-ce pas ?"
"You don't know what this is, do you?","Vous ignorez ce dont ils s'agit, n'est-ce pas ?"
"You don't know what this is, do you?","Vous ne savez pas ce que c'est, n'est-ce pas ?"
You don't need millions to be happy.,Vous n'avez pas besoin de gagner des millions pour être heureux.
You don't need millions to be happy.,On n'a pas besoin de millions pour être heureux.
You don't need to flatter your boss.,Tu n'as pas besoin de flatter ton patron.
You don't need to suffer in silence.,Tu ne dois pas souffrir en silence.
You don't realize how lucky you are.,Tu ne connais pas ta chance.
"You don't think I can do it, do you?","Tu ne penses pas que je puisse le faire, n'est-ce pas ?"
"You don't think I can do it, do you?","Vous ne pensez que je puisse le faire, n'est-ce pas ?"
You don't want to go down this road.,Tu ne veux pas t'embarquer là-dedans.
"You got what you wanted, didn't you?","Tu as eu ce que tu voulais, n'est-ce pas ?"
"You got what you wanted, didn't you?","Vous avez eu ce que vous vouliez, n'est-ce pas ?"
"You guys love each other, don't you?","Vous vous aimez, n'est-ce pas ?"
You have overstepped your authority.,Tu as outrepassé ton autorité.
You have overstepped your authority.,Vous avez outrepassé votre autorité.
"You have such beautiful, hazel eyes.",Vous avez de si beaux yeux châtains.
You have the right to remain silent.,Vous avez le droit de garder le silence.
You have to allow for the boy's age.,Vous devez considérer l'âge du garçon.
You have to be home by nine o'clock.,Tu dois rentrer pour 21 h 00.
You have to choose your own destiny.,Il te faut choisir ton propre destin.
You have to choose your own destiny.,Il te faut choisir ta propre destinée.
You have to choose your own destiny.,Il vous faut choisir votre propre destin.
You have to choose your own destiny.,Il vous faut choisir votre propre destinée.
You have to learn how to compromise.,Vous devez apprendre à faire des compromis.
You have to learn how to compromise.,Tu dois apprendre à faire des compromis.
You have too many irons in the fire.,Vous avez trop de fers au feu.
You have too many irons in the fire.,Tu as trop de fers au feu.
"You know this is illegal, don't you?","Tu sais que c'est illégal, n'est-ce pas ?"
"You know this is illegal, don't you?","Vous savez que c'est illégal, n'est-ce pas ?"
"You like classical music, don't you?","Tu aimes la musique classique, n'est-ce pas ?"
You may bring whoever wants to come.,Tu peux emmener qui veut venir.
You may never be able to walk again.,Tu ne pourras peut-être plus jamais remarcher.
You may never be able to walk again.,Vous ne serez peut-être plus jamais en mesure de marcher à nouveau.
You must gather further information.,Vous devez recueillir des informations complémentaires.
You must keep the promises you make.,Tu dois tenir les promesses que tu fais.
You must keep the promises you make.,Vous devez tenir les promesses que vous faites.
You must think I'm a complete idiot.,Vous devez penser que je suis un parfait idiot.
You must think I'm a complete idiot.,Vous devez penser que je suis une parfaite idiote.
You must think I'm a complete idiot.,Tu dois penser que je suis un parfait idiot.
You must think I'm a complete idiot.,Tu dois penser que je suis une parfaite idiote.
You need a keycard to open the door.,Il te faut une carte magnétique pour ouvrir la porte.
You need a keycard to open the door.,Il vous faut une carte magnétique pour ouvrir la porte.
You need to be here for your family.,Il faut que vous soyez là pour votre famille.
You need to be here for your family.,Il faut que tu sois là pour ta famille.
You need to focus on your strengths.,Il vous faut vous concentrer sur vos points forts.
You need to focus on your strengths.,Il te faut te concentrer sur tes points forts.
You never know when you'll need one.,On ne sait jamais quand on aura besoin de quelqu'un.
You never told me about this before.,Tu ne m'as jamais parlé de ça avant.
You never told me about this before.,Vous ne m'en avez jamais parlé auparavant.
You never told me you had a brother.,Tu ne m'as jamais dit que tu avais un frère.
You never told me you had a brother.,Vous ne m'aviez jamais dit que vous aviez un frère.
You ought to have been more careful.,Tu aurais dû être plus prudent.
You ought to have been more careful.,Vous auriez dû faire montre de davantage de prudence.
You promised me that you would help.,Tu m'as promis que tu aiderais.
You promised me that you would help.,Vous m'avez promis que vous aideriez.
You really should enter the contest.,Vous devriez vraiment participer au concours.
You really should enter the contest.,Tu devrais vraiment participer au concours.
You really shouldn't have done that.,Tu n'aurais vraiment pas dû faire ça.
You really shouldn't have done that.,Vous n'auriez vraiment pas dû faire cela.
You should acknowledge your failure.,Tu devrais reconnaître ton échec.
You should be ashamed of yourselves.,Vous devriez avoir honte de vous.
You should buy an answering machine.,Vous devriez acheter un répondeur.
You should buy yourself a new knife.,Tu devrais t'acheter un nouveau couteau.
You should buy yourself a new knife.,Vous devriez vous acheter un nouveau couteau.
You should go out and have some fun.,Tu devrais sortir et t'amuser.
You should go out and have some fun.,Vous devriez sortir et vous amuser.
You should have accepted his advice.,Tu aurais dû accepter son conseil.
You should have accepted his advice.,Vous aurez dû accepter son conseil.
You should have breakfast every day.,Vous devriez prendre un petit-déjeuner tous les jours.
You should have breakfast every day.,Tu devrais prendre un petit-déjeuner tous les jours.
You should have taken a chance then.,"Tu aurais dû saisir la chance, alors."
You should have told me that before.,Tu aurais dû me dire ça avant.
You should have told me that before.,Vous auriez dû me dire ça avant.
You should learn from your mistakes.,On devrait apprendre de ses erreurs.
You should learn from your mistakes.,Tu devrais apprendre de tes erreurs.
You should learn from your mistakes.,Vous devriez apprendre de vos erreurs.
You should not give him up for lost.,Vous ne devriez pas le tenir pour perdu.
You should not give him up for lost.,Tu ne devrais pas le tenir pour perdu.
You should take the time to do that.,Vous devriez prendre le temps de faire cela.
You should take the time to do that.,Tu devrais prendre le temps de faire ça.
You should think of their religions.,Vous devriez penser à leurs religions.
You should turn off your cell phone.,Tu devrais éteindre ton téléphone portable.
You should turn off your cell phone.,Vous devriez éteindre votre téléphone portable.
You should've come a little earlier.,Tu aurais dû venir un peu plus tôt.
You should've come a little earlier.,Vous auriez dû venir un peu plus tôt.
You should've done that by yourself.,Tu aurais pu faire ça tout seul.
You should've done that by yourself.,Vous auriez pu faire ça toutes seules.
You still haven't told me who he is.,Tu ne m'as pas encore dit qui il est.
You still haven't told me who he is.,Tu ne m'as toujours pas dit qui il est.
You still haven't told me who he is.,Vous ne m'avez toujours pas dit qui il est.
You still haven't told me who he is.,Vous ne m'avez pas encore dit qui il est.
"You take me for a sucker, don't you?","Tu me prends pour un con, non ?"
"You take me for a sucker, don't you?","Vous me prenez pour un con, non ?"
"You were hoping to win, weren't you?","Tu espérais gagner, n'est-ce pas ?"
"You were hoping to win, weren't you?","Vous espériez gagner, n'est-ce pas ?"
You were the last person to see Tom.,Vous étiez la dernière personne à avoir vu Tom.
You will soon cease to think of her.,Bientôt tu ne penseras plus à elle.
You will soon cease to think of her.,Tu cesseras bientôt de penser à elle.
You won't believe who came by today.,Tu ne croiras pas qui est venu aujourd'hui.
You won't believe who came by today.,Vous ne croirez pas qui est venu aujourd'hui.
You'd make a good private detective.,Tu ferais une bonne détective privée.
You'd make a good private detective.,Vous feriez un bon détective privé.
You'll find the book in the library.,Vous trouverez le livre à la bibliothèque.
You're always finding fault with me.,Tu trouves toujours des reproches à me faire.
You're always finding fault with me.,Tu as toujours quelque chose à me reprocher.
You're always finding fault with me.,Vous avez toujours quelque chose à me reprocher.
You're comparing apples and oranges!,Tu compares des choux et des carottes !
You're comparing apples and oranges.,Tu compares des choux et des carottes !
You're going to be very proud of me.,Tu vas être très fier de moi.
"You're hiding something, aren't you?","Tu me caches quelque chose, toi."
"You're in love with Tom, aren't you?","Tu es amoureux de Tom, n'est-ce pas?"
You're kind of cute when you're mad.,Tu es assez mignonne quand tu es en colère.
You're kind of cute when you're mad.,Vous êtes assez mignonne quand vous êtes en colère.
You're kind of cute when you're mad.,Vous êtes assez mignon quand vous êtes en colère.
You're kind of cute when you're mad.,Vous êtes assez mignonnes quand vous êtes en colère.
You're kind of cute when you're mad.,Vous êtes assez mignons quand vous êtes en colère.
You're kind of cute when you're mad.,Tu es assez mignon quand tu es en colère.
You're lucky nobody saw you do that.,Tu es chanceux que personne ne t'ait vu faire ça.
You're lucky nobody saw you do that.,Tu es chanceuse que personne ne t'ait vue faire ça.
You're lucky nobody saw you do that.,Vous êtes chanceux que personne ne vous ait vu faire ça.
You're lucky nobody saw you do that.,Vous êtes chanceuse que personne ne vous ait vue faire ça.
You're the only one who can do this.,Tu es le seul à pouvoir faire ça.
You're the only one who can help me.,Vous êtes le seul à pouvoir m'aider.
You're the only one who can help me.,Tu es le seul à pouvoir m'aider.
You're the only one who can help me.,Tu es la seule à pouvoir m'aider.
You're the only one who can help me.,Vous êtes la seule à pouvoir m'aider.
You're the only one who can help me.,Tu es le seul qui puisse m'aider.
You're three years younger than Tom.,Tu as trois ans de moins que Tom.
You're too clever for your own good.,Vous êtes trop intelligent pour votre sécurité.
You've barely said a word all night.,Tu n'as pas décroché un mot de toute la nuit.
You've got to take care of yourself.,Il vous faut prendre soin de vous.
You've got to take care of yourself.,Il te faut prendre soin de toi.
You've got to tell Tom how you feel.,Tu dois dire à Tom ce que tu ressens.
You've got to tell Tom how you feel.,Vous devez dire à Tom ce que vous ressentez.
You've never seen a genuine diamond.,Tu n'as jamais vu un véritable diamant.
"You've read the report, haven't you?","Tu as lu le rapport, non ?"
"You've read the report, haven't you?","Vous avez lu le rapport, n'est-ce pas ?"
Your advice is always helpful to me.,Votre conseil m'est toujours utile.
Your brother wasn't at school today.,Ton frère n'était pas à l'école aujourd'hui.
Your brother wasn't at school today.,Votre frère n'était pas à l'école aujourd'hui.
Your children are very well behaved.,Vos enfants sont très bien élevés.
Your conduct is absolutely shameful.,Ta conduite est absolument honteuse.
Your conduct is absolutely shameful.,Votre conduite est absolument honteuse.
Your handwriting is similar to mine.,Votre écriture est semblable à la mienne.
Your handwriting is similar to mine.,Ton écriture est semblable à la mienne.
"Your name and flight number, please?","Vos nom et numéro de vol, s'il vous plaît ?"
Your name was dropped from the list.,Ton nom a été retiré de la liste.
Your name was dropped from the list.,Votre nom a été retiré de la liste.
Your saxophone isn't as old as mine.,Ton saxophone n'est pas aussi ancien que le mien.
Your saxophone isn't as old as mine.,Votre saxophone n'est pas aussi ancien que le mien.
Your sudden appearance surprised me.,Ta soudaine apparition m'a étonné.
Your theory has no scientific basis.,Ta théorie n'a pas de fondement scientifique.
Your theory has no scientific basis.,Votre théorie n'a pas de fondement scientifique.
"Do you like traveling? ""Yes, I do.""",« Tu aimes voyager ? » « Oui. »
"Do you speak German? ""No, I don't.""","«Parlez-vous l'allemand ?» «Non, je ne le parle pas.»"
"Does he like music? ""Yes, he does.""","« Aime-t-il la musique ? » « Oui, il aime ça. »"
"I'll be back in a minute, he added.","Je reviens dans une minute, ajouta-t-il."
What should I do? I said to myself.,« Que devrais-je faire ? » me dis-je.
"When do you swim? ""I swim in July.""",« Quand vas-tu nager ? » « En juillet. »
"Why are you angry? ""I'm not angry!""",« Pourquoi es-tu en colère ? » «Je ne suis pas en colère ! »
"Why are you angry? ""I'm not angry!""",« Pourquoi es-tu fâché ? » «Je ne suis pas fâché ! »
"Why are you angry? ""I'm not angry!""",« Pourquoi êtes-vous en colère ? » «Je ne suis pas en colère ! »
"Why are you angry? ""I'm not angry!""",« Pourquoi êtes-vous fâché ? » «Je ne suis pas fâché ! »
A calamity was avoided by sheer luck.,Une calamité a été évitée par pure chance.
A crowd collected to watch the fight.,Une foule se massa pour regarder le combat.
A dollar is equal to a hundred cents.,Un dollar est égal à cent cents.
A fire broke out on the second floor.,Un feu s'est déclaré au premier étage.
A forest fire broke out in this area.,Un feu de forêt se déclara dans cette zone.
A gentleman is always kind to others.,Un gentleman est toujours prévenant envers les autres gens.
A gentleman wouldn't do such a thing.,Un gentleman ne ferait pas une chose pareille.
A girl drowned in the pond yesterday.,Une fille s'est noyée dans la mare hier.
A heavy rain prevented me from going.,Une forte pluie m'a empêché d'y aller.
A hideous monster used to live there.,Un monstre hideux vivait là-bas auparavant.
A lot of tourists invaded the island.,Un groupe de touristes a envahi l'île.
A luxurious carpet covered the floor.,Un luxueux tapis recouvrait le sol.
A mile is equal to about 1600 meters.,Un mile fait environ 1600 mètres.
A mouse went for a walk on the table.,Une souris est allée se promener sur la table.
A problem shared is a problem halved.,Un problème partagé est réduit de moitié.
A sleeping child looks like an angel.,Un enfant endormi ressemble à un ange.
A team is composed of eleven players.,Une équipe est composée de onze joueurs.
A truck was careering along the road.,Un camion roulait à toute vitesse sur la route.
A wise man would not act in that way.,Un homme sage n'agirait pas de cette manière.
A year has passed since he came here.,Une année est passée depuis qu'il est venu ici.
After lunch we have two more classes.,"Après le déjeuner, nous avons deux autres classes."
After lunch we have two more classes.,Nous avons encore deux cours après le déjeuner.
"After the meal, I asked for the bill.","Après le repas, j'ai demandé l'addition."
"After the meal, I asked for the bill.","Après le repas, je demandai l'addition."
All I want for Christmas is a guitar.,"Tout ce que je veux pour Noël, c'est une guitare."
All I want is what's rightfully mine.,Tout ce que je veux est ce qui me revient de droit.
All big cities have traffic problems.,Toutes les grandes villes connaissent des problèmes de circulation.
All contributions are tax deductible.,Toutes les contributions sont déductibles des impôts.
All inventions grow out of necessity.,Toutes les inventions surgissent de la nécessité.
All journeys begin with a first step.,Tous les voyages commencent par un premier pas.
"All of a sudden, a dog began barking.","Tout à coup, un chien se mit à aboyer."
All of these meetings are in English.,L'ensemble de ces réunions sont en anglais.
All the good seats are already taken.,Toutes les bonnes places sont déjà prises.
All the good seats are already taken.,Tous les bons sièges sont déjà pris.
All you have to do is to concentrate.,Tout ce qu'il te faut faire est de te concentrer.
Allow me to introduce my wife to you.,Permettez-moi de vous présenter ma femme.
Almost all the students like English.,À peu près tous les étudiants aiment l'anglais.
"Although he is rich, he is not happy.","Bien qu'il soit riche, il n'est pas heureux."
Always being honest is no easy thing.,Être toujours honnête n'est pas quelque chose de simple.
Always keep your workplace organized.,Garde toujours ton espace de travail en ordre.
Always try to see the best in people.,Essaye toujours de voir le meilleur chez les gens.
Always try to see the best in people.,Essayez toujours de voir le meilleur des gens.
Am I supposed to believe any of that?,Suis-je supposé en gober quoi que ce soit ?
Am I supposed to believe any of that?,Suis-je supposée en gober quoi que ce soit ?
America is ahead in space technology.,L'Amérique est en avance sur la technologie spatiale.
An apple a day keeps the doctor away.,Une pomme par jour tient le docteur au loin.
An apple a day keeps the doctor away.,Une pomme par jour et la santé toujours.
An apple a day keeps the doctor away.,Une pomme par jour éloigne le médecin pour toujours.
An earthquake can happen at any time.,Un tremblement de terre peut survenir à tout moment.
An earthquake destroyed the building.,Un tremblement de terre détruisit le bâtiment.
An old man sat next to me on the bus.,Un vieil homme s'est assis à côté de moi dans le bus.
Any student can answer that question.,N'importe quel étudiant peut répondre à cette question.
Anyone can do it as long as they try.,N'importe qui peut le faire du moment qu'il essaie.
Apes rank above dogs in intelligence.,Les grands singes ont un niveau d'intelligence supérieur à celui des chiens.
"Apparently, we have to do that today.",Apparemment on doit faire ça aujourd'hui.
Arabic is written from right to left.,On écrit l'arabe de droite à gauche.
Are all of these people your friends?,Tous ces gens sont-ils vos amis ?
Are all of these people your friends?,Tous ces gens sont-ils tes amis ?
Are there enough chairs for everyone?,Y a-t-il assez de chaises pour tout le monde ?
Are there enough chairs to go around?,Y a-t-il suffisamment de chaises pour tout le monde ?
Are there many flowers in the garden?,Y a-t-il beaucoup de fleurs dans le jardin ?
Are we allowed to take pictures here?,Est-il permis de prendre des photos ici ?
Are we allowed to take pictures here?,Sommes-nous autorisés à prendre des photos ici ?
Are you brushing your teeth properly?,Te brosses-tu bien les dents ?
Are you brushing your teeth properly?,Te brosses-tu correctement les dents ?
Are you certain that's what you want?,Es-tu certain que c'est ce que tu veux ?
Are you certain that's what you want?,Êtes-vous certaine que c'est ce que vous voulez ?
Are you going to have dinner at home?,Prenez-vous votre dîner à la maison ?
Are you going to sell Tom your house?,Tu vas vendre ta maison à Tom ?
Are you going to stay in bed all day?,As-tu l'intention de rester au lit toute la journée ?
Are you going to stay in bed all day?,Est-ce que vous allez rester au lit toute la journée ?
Are you going to the concert tonight?,Vas-tu au concert ce soir ?
Are you going to the concert tonight?,Allez-vous au concert ce soir ?
Are you going to the theater tonight?,Allez-vous au théâtre ce soir ?
Are you going to the theater tonight?,Vas-tu au théâtre ce soir ?
Are you having any trouble breathing?,Avez-vous des difficultés à respirer ?
Are you having any trouble breathing?,Est-ce que tu as des difficultés à respirer ?
Are you interested in Japanese music?,Est-ce que tu t'intéresses à la musique japonaise ?
Are you really trying to lose weight?,Est-ce que tu essayes vraiment de perdre du poids ?
Are you still buying lottery tickets?,Achètes-tu toujours des tickets de loterie ?
Are you still in love with your wife?,Aimez-vous toujours votre femme ?
Are you still in love with your wife?,Aimes-tu encore ta femme ?
Are you still in love with your wife?,Aimez-vous encore votre femme ?
Are you sure everyone's already left?,Es-tu sûr que tout le monde est déjà parti ?
Are you sure this is the right train?,Es-tu sûr que c'est le bon train ?
Are you sure this is the right train?,Êtes-vous sûr que c'est le bon train ?
Are you sure you don't want anything?,Es-tu sûr de ne rien vouloir ?
Are you sure you don't want anything?,Êtes-vous sûr que vous ne voulez rien ?
Are you sure you don't want anything?,Es-tu sûre que tu ne veux rien ?
Are you sure you don't want anything?,Êtes-vous sûres de ne rien vouloir ?
Are you sure you don't want to drive?,Tu es sûr que tu ne veux pas conduire ?
Are you sure you don't want to drive?,Vous êtes sûre de ne pas vouloir conduire ?
Are you the girl Tom has been dating?,Es-tu la fille que Tom a fréquentée ?
Are you the one who caused this mess?,Êtes-vous celle qui a causé cette pagaille ?
Are you the one who caused this mess?,Est-ce que tu es celui qui a causé ce bordel ?
Are you thinking about getting a job?,Penses-tu à obtenir un emploi ?
"Art is not a luxury, but a necessity.","L'art n'est pas un luxe, mais une nécessité."
"As far as I know, she is a kind girl.",D'après ce que je sais c'est une gentille fille.
"As soon as I got home, I went to bed.","Dès que je fus à la maison, j'allai au lit."
"As the proverb says, ""Time is money.""","Comme dit le proverbe, le temps, c'est de l'argent."
"As the sun rose, the fog disappeared.","En se levant, le soleil a dissipé le brouillard."
Ask at the police station over there.,Demandez au poste de police là-bas.
"At first, I couldn't play the guitar.","Au début, je n'arrivais pas à jouer de la guitare."
"At last, I caught up with my friends.","Enfin, je rattrapai mes amis."
"At last, I caught up with my friends.","Enfin, j'ai rattrapé mes amis."
"At last, I caught up with my friends.","Enfin, je rattrapai mes amies."
"At last, I caught up with my friends.","Enfin, j'ai rattrapé mes amies."
At least thirty students were absent.,Au moins trente étudiants étaient absents.
At times I feel like quitting my job.,"À certains moments, j'ai envie de plaquer ce boulot."
At times I feel like quitting my job.,"Parfois, j'ai envie de quitter ce travail."
Be careful or you'll strip the gears.,Fais gaffe ou tu vas abîmer la boîte de vitesse !
Be careful or you'll strip the gears.,Faites gaffe ou vous allez abîmer la boîte de vitesse !
Be careful when you cross the street.,Fais attention quand tu traverses la rue.
Be on your guard against pickpockets.,Sois sur tes gardes quant aux pickpockets.
Be on your guard against pickpockets.,Soyez attentif aux pickpockets.
Be on your guard against pickpockets.,Soyez attentif aux voleurs à la tire.
Be on your guard against pickpockets.,Soyez attentifs aux voleurs à la tire.
Be on your guard against pickpockets.,Soyez attentive aux voleurs à la tire.
Be on your guard against pickpockets.,Soyez attentives aux voleurs à la tire.
Being handsome also has its downside.,Être beau a aussi son revers.
"Being very tired, I soon fell asleep.","Étant très fatigué, je m'endormis bientôt."
"Being very tired, I soon fell asleep.","Étant très fatigué, je me suis bientôt endormi."
"Being very tired, I soon fell asleep.","Étant très fatiguée, je me suis bientôt endormie."
"Being very tired, I soon fell asleep.","Étant très fatiguée, je m'endormis bientôt."
Better to err on the side of caution.,Autant pécher par excès de prudence.
Birds are natural enemies of insects.,Les oiseaux sont les ennemis naturels des insectes.
Both Tom and Mary don't like spinach.,Tom et Mary n'aiment pas les épinards.
Both Tom and Mary have already eaten.,Tom et Mary ont tous deux déjà mangé.
Breakfast is served at eight o'clock.,On sert le petit déjeuner à huit heures.
Bring as many boxes as you can carry.,Prends autant de boîtes que tu peux porter.
Brush your teeth before going to bed.,Lave-toi les dents avant d'aller te coucher !
Bulgarian is very similar to Russian.,Le bulgare est très similaire au russe.
Business expenses are tax-deductible.,Les dépenses d'affaires sont déductibles des impôts.
Butter and cheese are made from milk.,Le beurre et le fromage sont produits avec du lait.
Butter and cheese are made from milk.,Le beurre et le fromage sont faits avec du lait.
Buying a new TV won't make you happy.,Acheter une nouvelle télé ne vous rendra pas heureux.
Buying a new TV won't make you happy.,Acheter une nouvelle télé ne vous rendra pas heureuse.
Buying a new TV won't make you happy.,Acheter une nouvelle télé ne vous rendra pas heureuses.
Buying a new TV won't make you happy.,Acheter une nouvelle télé ne te rendra pas heureux.
Buying a new TV won't make you happy.,Acheter une nouvelle télé ne te rendra pas heureuse.
Buying a new TV won't make you happy.,Faire l'acquisition d'une nouvelle télé ne vous rendra pas heureux.
Buying a new TV won't make you happy.,Faire l'acquisition d'une nouvelle télé ne vous rendra pas heureuse.
Buying a new TV won't make you happy.,Faire l'acquisition d'une nouvelle télé ne vous rendra pas heureuses.
Buying a new TV won't make you happy.,Faire l'acquisition d'une nouvelle télé ne te rendra pas heureux.
Buying a new TV won't make you happy.,Faire l'acquisition d'une nouvelle télé ne te rendra pas heureuse.
By hard work we can achieve anything.,"Si l'on s'en donne la peine, on peut accomplir n'importe quoi."
"By the way, have you seen him lately?","À ce propos, l'as-tu vu dernièrement ?"
Can I borrow this for a little while?,Puis-je emprunter ceci pour un petit moment ?
Can I talk to you alone for a second?,Puis-je vous parler seul à seul une seconde ?
Can I talk to you alone for a second?,Puis-je te parler seul à seul une seconde ?
Can I tell you something about women?,"Puis-je vous dire quelque chose, à propos des femmes ?"
Can I tell you something about women?,"Puis-je te dire quelque chose, à propos des femmes ?"
Can they give you something for that?,Peuvent-ils vous en donner quelque chose ?
Can they give you something for that?,Peuvent-elles vous en donner quelque chose ?
Can they give you something for that?,Peut-on vous en donner quelque chose ?
Can you complete the job in two days?,Peux-tu terminer le travail en deux jours ?
Can you complete the job in two days?,Pouvez-vous terminer le travail en deux jours ?
Can you direct me to the post office?,Pouvez-vous m'indiquer la direction du bureau de poste.
Can you give me a better explanation?,Est-ce que tu peux me donner une meilleure explication ?
Can you give me a better explanation?,Pouvez-vous me donner une meilleure explication ?
Can you play any musical instruments?,Pouvez-vous jouer d'un instrument de musique ?
Can you please help me set the table?,Peux-tu s'il te plaît m'aider à mettre la table ?
Can you please pass me the newspaper?,"Pouvez-vous me passez le journal, je vous prie ?"
Can you please translate this for me?,"Pouvez-vous, s'il vous plaît, traduire ceci pour moi ?"
Can you please translate this for me?,"Peux-tu, s'il te plaît, traduire ceci pour moi ?"
Can you promise me you won't do that?,Peux-tu me promettre que tu ne feras pas ça ?
Can you promise me you won't do that?,Pouvez-vous me promettre que vous ne ferez pas cela ?
Can you put the baby in the car seat?,Peux-tu installer le bébé dans le siège-auto ?
Can you put the baby in the car seat?,Pouvez-vous installer le bébé dans le siège-auto ?
Can you teach me how to ride a horse?,Pouvez-vous m'apprendre à monter à cheval ?
Can you tell me what this word means?,Peux-tu me dire ce que signifie ce mot ?
Can you tell me what this word means?,Pouvez-vous me dire ce que signifie ce mot ?
Can you tell me where I can find Tom?,Pouvez-vous me dire où peut se trouver Tom ?
Can you tell us what happened to you?,Pouvez-vous nous dire ce qui vous est arrivé ?
Can you tell us what happened to you?,Peux-tu nous dire ce qui t'est arrivé ?
Can you validate this parking ticket?,Pouvez-vous composter ce ticket de stationnement ?
Can you will yourself to fall asleep?,Est-ce que tu peux te forcer à dormir ?
Can't you understand it's impossible?,Ne peux-tu pas comprendre que c'est impossible ?
Carrots and turnips are edible roots.,Les carottes et les navets sont des racines comestibles.
Cars arrived there one after another.,Les voitures arrivèrent l'une après l'autre.
Cars arrived there one after another.,Les voitures sont arrivées là-bas les unes après les autres.
"Cats can climb trees, but dogs can't.","Les chats peuvent monter aux arbres, mais pas les chiens."
Children are prohibited from smoking.,Il est interdit que les enfants fument.
Children play in this park every day.,Les enfants jouent dans le parc tous les jours.
Children should drink milk every day.,Les enfants devraient boire du lait tous les jours.
China is the biggest country in Asia.,La Chine est le plus grand pays d'Asie.
China is the largest country in Asia.,La Chine est le plus grand pays d'Asie.
Classical music is not my cup of tea.,La musique classique n'est pas ma tasse de thé.
Close the window before going to bed.,Fermez la fenêtre avant d'aller vous coucher.
Close the window before going to bed.,"Ferme la fenêtre, avant d'aller au lit !"
Coffee will be served after the meal.,Le café sera servi après le repas.
"Coffee, please, with cream and sugar.","Du café lait et sucre, s'il vous plaît !"
"Coffee, please, with cream and sugar.",Un café avec du sucre et de la crème s'il vous plait.
Come on in and make yourself at home.,Entre et fais comme chez toi.
Come on in and make yourself at home.,Entrez et faites comme chez vous.
"Come on, Tom, you're making me blush.","Voyons, Tom, tu me fais rougir."
"Compared with yours, my car is small.","Comparée à ta voiture, la mienne est petite."
Concentration is a very simple thing.,La concentration est une chose très simple.
Contact me if you have any questions.,Contactez-moi si vous avez des questions.
Cookie is the cutest of all the dogs.,Cookie est le plus mignon de tous les chiens.
"Could I have a glass of beer, please?",Puis-je avoir un verre de bière s'il vous plait ?
"Could I have one more coffee, please?","Puis-je avoir un café supplémentaire, je vous prie ?"
Could I please have a glass of water?,"Pourrais-je avoir un verre d'eau, s'il vous plaît ?"
Could I talk to the two of you alone?,Pourrais-je vous parler à tous deux en particulier ?
Could I talk to the two of you alone?,Pourrais-je vous parler à toutes deux en particulier ?
Could you come to tomorrow's meeting?,Pourriez-vous venir à la réunion de demain ?
Could you drop me off at the library?,Peux-tu me déposer à la bibliothèque ?
Could you drop me off at the library?,Pouvez-vous me déposer à la bibliothèque ?
Could you give me a ball-park figure?,Pourrais-tu me donner un chiffre approximatif ?
Could you give me a ball-park figure?,Pourriez-vous me donner un chiffre approximatif ?
Could you please have a look at this?,"Pourriez-vous, je vous prie, jeter un œil à ceci ?"
Could you please have a look at this?,"Pourrais-tu, je te prie, jeter un œil à ceci ?"
Could you please tell me who you are?,"Pourriez-vous me dire qui vous êtes, s'il vous plait ?"
Could you please tell me who you are?,"Pourrais-tu me dire qui tu es, s'il te plait ?"
Could you speak up? I can't hear you.,Pouvez-vous parler plus fort je ne peux pas vous entendre.
Could you tell me what this is about?,Pourriez-vous me dire de quoi il s'agit ?
Could you tell me what this is about?,Pourrais-tu me dire ce dont il s'agit ?
Could you tell us what happened next?,Pourriez-vous nous dire ce qu'il s'est passé ensuite ?
Could you tell us what happened next?,Pourrais-tu nous dire ce qu'est arrivé après ?
"Could you turn the heat down, please?","Pourriez-vous baisser le gaz, s'il vous plaît ?"
"Could you turn the heat down, please?","Peux-tu baisser le gaz, s'il te plaît ?"
Cucumbers are related to watermelons.,Les concombres sont apparentés aux melons.
Customers stopped coming to our shop.,Les clients cessèrent de venir dans notre boutique.
D.H. Lawrence is a novelist and poet.,D.H. Lawrence est un romancier et un poète.
Dangerous driving should be punished.,Les conduites dangereuses devraient être punies.
Despair drove him to attempt suicide.,Le désespoir l'a conduit à faire une tentative de suicide.
Did I tell you I think you're pretty?,T'ai-je dit que je pense que tu es mignonne ?
Did Mary tell you she was Tom's wife?,Est-ce que Mary t'a dit qu'elle était la femme de Tom ?
Did Mary tell you she was Tom's wife?,Est-ce que Mary vous a dit qu'elle était la femme de Tom ?
Did Mary tell you she was Tom's wife?,Mary vous a-t-elle dit qu'elle était la femme de Tom ?
Did Mary tell you she was Tom's wife?,Mary t'a-t-elle dit qu'elle était la femme de Tom ?
Did the police find any fingerprints?,La police a-t-elle trouvé des empreintes digitales ?
Did you come here by train or by bus?,Tu es venu en train ou en bus ?
Did you do your homework by yourself?,As-tu fait tes devoirs tout seul ?
Did you do your homework by yourself?,Avez-vous fait vos devoirs tout seul ?
Did you get fired from your last job?,T'es-tu fait virer de ton dernier emploi ?
Did you get fired from your last job?,Vous êtes-vous fait virer de votre dernier emploi ?
Did you get fired from your last job?,T'es-tu fait licencier de ton dernier emploi ?
Did you get fired from your last job?,Vous êtes-vous fait licencier de votre dernier emploi ?
Did you get fired from your last job?,Vous êtes-vous fait licencier de votre dernier poste ?
Did you get fired from your last job?,T'es-tu fait licencier de ton dernier poste ?
Did you have a good night last night?,As-tu bien dormi cette nuit ?
Did you have a piano lesson that day?,Aviez-vous une leçon de piano ce jour-là ?
Did you lend any money to my brother?,As-tu prêté de l'argent à mon frère ?
Did you lend any money to my brother?,As-tu prêté le moindre argent à mon frère ?
Did you see the rainbow this morning?,Avez-vous vu l'arc-en-ciel ce matin?
Did you think I would leave you here?,Pensais-tu que j'allais te planter ici ?
Did you think I would leave you here?,Pensiez-vous que j'allais vous planter ici ?
Did your uncle let you drive his car?,Ton oncle t'a-t-il laissé conduire sa voiture ?
"Do I have to dial the area code, too?",Dois-je également composer l'indicatif ?
Do a lot of people live in your town?,Est-ce que la ville où vous habitez est très peuplée ?
Do they sell notebooks at that store?,Vend-on des cahiers dans ce magasin ?
Do this work by tomorrow if possible.,Faites ce travail avant demain si possible.
Do you come to this restaurant often?,Vous venez souvent dans ce restaurant ?
Do you go to church on Christmas Day?,Vas-tu à l'église le jour de Noël ?
Do you go to church on Christmas Day?,Allez-vous à l'église le jour de Noël ?
Do you happen to know where Tom went?,Tu ne saurais pas où Tom est parti par hasard ?
Do you have a license to fly a plane?,Disposez-vous d'une permis de pilotage ?
Do you have a stapler I could borrow?,Auriez-vous une agrafeuse à me prêter ?
Do you have a stapler I could borrow?,Aurais-tu une agrafeuse à me prêter ?
Do you have any idea what that means?,As-tu une idée de ce que ça veut dire ?
Do you have any idea what that means?,Avez-vous une idée de ce que cela signifie ?
Do you have any idea what time it is?,As-tu la moindre idée de l'heure qu'il est ?
Do you have any non-alcoholic drinks?,Avez-vous des boissons sans alcool ?
Do you have difficulty losing weight?,Avez-vous du mal à perdre du poids ?
Do you have plans for tomorrow night?,Tu as quelque chose de prévu demain soir ?
Do you know Mr. Jackson's first name?,Connais-tu le prénom de monsieur Jackson?
Do you know if she can speak English?,Sais-tu si elle sait parler l'anglais ?
Do you know what the real problem is?,Sais-tu ce qu'est le vrai problème ?
Do you know what the real problem is?,Savez-vous ce qu'est le véritable problème ?
Do you know where the supermarket is?,Sais-tu où est le supermarché ?
Do you know where the supermarket is?,Savez-vous où est le supermarché ?
Do you know who painted this picture?,Sais-tu qui a peint ce tableau ?
Do you know who painted this picture?,Savez-vous qui a peint ce tableau ?
Do you know why they stopped talking?,Sais-tu pourquoi ils se sont arrêtés de parler ?
Do you mind if I ask a few questions?,Voyez-vous un inconvénient à ce que je pose quelques questions ?
Do you mind if I take off my sweater?,Cela vous dérange-t-il si je retire mon chandail ?
Do you mind if I take off my sweater?,Cela vous dérange-t-il que je retire mon chandail ?
Do you mind if I take off my sweater?,Cela te dérange-t-il si je retire mon chandail ?
Do you mind if I take off my sweater?,Cela te dérange-t-il que je retire mon chandail ?
Do you often visit your grandparents?,Est-ce que tu rends souvent visite à tes grands-parents ?
Do you often visit your grandparents?,Est-ce que vous rendez souvent visite à vos grands-parents ?
Do you prefer white wine or red wine?,Préfères-tu le vin blanc ou le vin rouge ?
Do you really think Tom is impartial?,Pensez-vous vraiment que Tom est impartial?
Do you really think Tom was mistaken?,Pensez-vous vraiment que Tom s'est trompé ?
Do you really think Tom was mistaken?,Penses-tu vraiment que Tom s'est trompé ?
Do you really think Tom will do that?,Penses-tu vraiment que Tom le fera ?
Do you really think Tom will do that?,Pensez-vous vraiment que Tom le fera ?
Do you really think Tom will help us?,Penses-tu vraiment que Tom nous aidera ?
Do you really think Tom will help us?,Pensez-vous vraiment que Tom nous aidera ?
Do you really think that's necessary?,Pensez-vous vraiment que cela soit nécessaire ?
Do you really want to know the truth?,Voulez-vous vraiment connaître la vérité ?
Do you really want to know the truth?,Veux-tu vraiment connaître la vérité ?
Do you remember your passport number?,Vous rappelez-vous votre numéro de passeport ?
Do you see that ship near the island?,Vois-tu ce bateau près de l'île ?
Do you spend much time writing email?,Passez-vous beaucoup de temps à rédiger des courriels ?
Do you spend much time writing email?,Passes-tu beaucoup de temps à rédiger des courriels ?
Do you think Tom knows what happened?,Penses-tu que Tom sait ce qu'il s'est passé ?
Do you think Tom knows what happened?,Pensez-vous que Tom sait ce qu'il s'est passé ?
Do you think he resembles his father?,Crois-tu qu'il ressemble à son père ?
Do you think it was Tom who did that?,Penses-tu que c'est Tom qui a fait ça ?
Do you think it'll make a difference?,Est-ce que tu penses que ça fera une différence ?
Do you think it'll make a difference?,Pensez-vous que ça fera une différence ?
Do you think it's just a coincidence?,Penses-tu que c'est juste une coïncidence ?
Do you think they're coming after us?,Penses-tu qu'ils viennent pour nous ?
Do you think they're coming after us?,Pensez-vous qu'ils viennent pour nous ?
Do you think we'll have good weather?,Est-ce que tu penses que nous aurons du beau temps ?
Do you think we'll have good weather?,Penses-tu que nous aurons beau temps ?
Do you think you could do that again?,Pensez-vous pouvoir refaire cela ?
Do you think you could do that again?,Est-ce que tu crois que tu pourrais refaire ça ?
Do you think you'll be here tomorrow?,Penses-tu que tu seras là demain ?
Do you think you'll be here tomorrow?,Pensez-vous que vous serez là demain ?
Do you think you'll be here tomorrow?,Penses-tu être là demain ?
Do you think you'll be here tomorrow?,Pensez-vous être là demain ?
Do you want me to leave the light on?,Veux-tu que je laisse la lumière ?
Do you want me to leave the light on?,Voulez-vous que je laisse la lumière ?
Do you want me to rub your shoulders?,Veux-tu que je te masse les épaules ?
Do you want me to rub your shoulders?,Voulez-vous que je vous masse les épaules ?
Do you want me to spy on Tom for you?,Veux-tu que j'espionne Tom pour toi ?
Do you want me to spy on Tom for you?,Voulez-vous que j'espionne Tom pour vous ?
Do you want more milk in your coffee?,Voulez-vous plus de lait dans votre café ?
Do you want more milk in your coffee?,Veux-tu plus de lait dans ton café ?
Do you want some coffee or something?,Veux-tu du café ou autre chose ?
Do you want to ask me some questions?,Veux-tu me poser des questions ?
Do you want to ask me some questions?,Voulez-vous me poser des questions ?
Do you want to come eat at our house?,Est-ce que tu veux venir manger chez nous ?
Do you want to come eat at our house?,Voulez-vous venir manger chez nous ?
Do you want to go to a movie tonight?,Est-ce que tu veux aller voir un film ce soir ?
Do your homework before you watch TV.,Fais tes devoirs avant de regarder la télévision.
Do your homework before you watch TV.,Faites vos devoirs avant de regarder la télévision.
Do your parents leave you home alone?,Est-ce que tes parents te laissent seule à la maison ?
Do your parents leave you home alone?,Est-ce que vos parents vous laissent seuls chez vous ?
Does anyone have any other questions?,Qui que ce soit a-t-il de quelconques autres questions ?
Does he know how she feels about him?,Sait-il ce qu'elle éprouve à son égard ?
Does this mean what I think it means?,Est-ce que ceci signifie ce que je pense que ça signifie ?
Does this mean what I think it means?,Ceci signifie-t-il ce que je pense que ça signifie ?
Doesn't it sometimes just get to you?,"Est-ce que ça ne vous affecte simplement pas, parfois ?"
Doesn't it sometimes just get to you?,"Est-ce que ça ne t'affecte simplement pas, parfois ?"
Doesn't it sometimes just get to you?,"Cela ne t'affecte-t-il simplement pas, parfois ?"
Doesn't it sometimes just get to you?,"Cela ne vous affecte-t-il simplement pas, parfois ?"
Doing that is likely to be very hard.,Faire cela risque d'être très difficile.
Don't be afraid of seeing the doctor.,N'aie pas peur de consulter un médecin.
Don't be afraid of seeing the doctor.,N'ayez pas peur de consulter un médecin.
Don't be afraid of seeing the doctor.,N'aie pas peur de voir un médecin.
Don't be afraid to get your feet wet.,N'aie pas peur de te mouiller les pieds.
Don't breathe a word of it to anyone.,N'en soufflez mot à quiconque !
Don't call me when I'm at the office.,Ne m'appelez pas quand je suis au bureau.
Don't call me when I'm at the office.,Ne m'appelle pas quand je suis au bureau.
Don't carry more money than you need.,N'emportez pas plus d'argent que nécessaire.
Don't confuse Austria with Australia.,Ne confondez pas Autriche et Australie.
Don't cut in when others are talking.,N'interromps pas quand les autres parlent.
Don't do that. You're making Tom cry.,Ne fais pas ça. Tu fais pleurer Tom.
Don't forget to take out the garbage.,N'oublie pas de sortir les ordures !
Don't forget to take out the garbage.,N'oubliez pas de sortir les ordures !
Don't forget to take your medication.,N'oublie pas de prendre tes médicaments.
Don't get involved with those people.,Ne t'implique pas avec ces gens.
Don't interrupt me while I'm talking.,Ne m'interrompez pas quand je parle.
Don't keep me waiting here like this.,Ne me fais pas attendre ici comme ça.
Don't let the child play with knives.,Ne laisse pas le gosse jouer avec les couteaux.
Don't let them tell you you're crazy.,Ne les laissez pas vous dire que vous êtes fou.
Don't let them tell you you're crazy.,Ne les laissez pas vous dire que vous êtes folles.
Don't let them tell you you're crazy.,Ne les laissez pas vous dire que vous êtes fous.
Don't let them tell you you're crazy.,Ne les laissez pas vous dire que vous êtes folle.
Don't let them tell you you're crazy.,Ne les laisse pas te dire que tu es fou.
Don't let them tell you you're crazy.,Ne les laisse pas te dire que tu es folle.
Don't look a gift horse in the mouth.,A cheval donné on ne regarde pas les dents.
Don't open your umbrella in the hall.,N'ouvrez pas votre parapluie dans le hall.
Don't put anything on top of the box.,"Ne mettez rien sur cette boîte, s'il vous plaît."
Don't put anything on top of the box.,"Ne placez rien sur cette boîte, s'il vous plaît."
Don't take his remarks too literally.,Ne prends pas ses remarques trop au pied de la lettre.
Don't take it seriously. It's a joke.,Ne le prends pas sérieusement. C'est une blague.
Don't try to do two things at a time.,N'essaie pas de faire deux choses à la fois.
Don't try to do two things at a time.,N'essaie pas de faire deux choses en même temps.
Don't worry about such a silly thing.,Ne t'inquiète pas d'une chose aussi bête.
Don't worry. Everything will be fine.,Ne vous faites pas de souci ! Tout ira bien.
Don't worry. Everything will be fine.,Ne te fais pas de souci ! Tout ira bien.
Don't worry. Everything will be fine.,Ne t'en fais pas ! Tout ira bien.
Don't worry. They will be supervised.,Ne t'en fais pas. Ils seront supervisés.
Don't worry. They will be supervised.,Ne t'en fais pas. Elles seront supervisées.
Don't worry. They will be supervised.,Ne vous en faites pas. Ils seront supervisés.
Don't worry. They will be supervised.,Ne vous en faites pas. Elles seront supervisées.
Don't worry. This won't happen again.,Ne vous faites pas de souci ! Ça n'arrivera plus.
Don't worry. This won't happen again.,Ne te fais pas de souci ! Ça n'arrivera plus.
Don't you have anything better to do?,N'avez-vous rien de mieux à faire ?
Don't you have anything better to do?,N'as-tu pas mieux à faire ?
Don't you know how beautiful you are?,Ne sais-tu pas comme tu es belle ?
Don't you know how beautiful you are?,Ne savez-vous pas comme vous êtes belle ?
Don't you regret getting that tattoo?,Ne regrettes-tu pas d'avoir fait ce tatouage ?
Don't you regret getting that tattoo?,Ne regrettez-vous pas d'avoir fait ce tatouage ?
Don't you think I know my own father?,Ne penses-tu pas que je connaisse mon propre père ?
Don't you think I know my own father?,Ne pensez-vous pas que je connaisse mon propre père ?
Don't you want to ask me what I want?,Ne veux-tu pas me demander ce que je veux ?
Don't you want to have another child?,Tu ne veux pas un autre enfant?
Don't you want to take some time off?,Tu ne veux pas prendre un peu de congé ?
Drunken driving is a serious problem.,La conduite sous l'influence de l'alcool est un grave problème.
"Eat more, or you won't gain strength.","Mange davantage, ou tu ne te renforceras pas."
Eating too much may lead to sickness.,Trop manger peut rendre malade.
Either you or I must go in his place.,Vous ou moi devons y aller à sa place.
Elephants are in danger of dying out.,Les éléphants sont menacés d'extinction.
English cannot be mastered overnight.,On ne peut pas maîtriser l'anglais du jour au lendemain.
English is an international language.,L'anglais est une langue internationale.
English is like a universal language.,L'anglais est comme une langue universelle.
English is spoken all over the world.,L'anglais est parlé partout dans le monde.
English is the language of the world.,L'anglais est la langue du monde.
"Even without makeup, she's very cute.","Même sans maquillage, elle est très mignonne."
"Even without makeup, she's very cute.",Même sans maquillage elle est super mignonne.
Every student was asked one question.,On a posé à chaque élève une question.
Every student was asked one question.,On posa à chaque élève une question.
Everybody in the audience sang along.,Tous les membres de l'assistance chantèrent en chœur.
Everybody in the world desires peace.,Le monde entier désire la paix.
"Everybody makes mistakes, don't they?","Tout le monde commet des erreurs, pas vrai ?"
Everybody says I look like my father.,Tout le monde dit que je ressemble à mon père.
Everybody wants to live a happy life.,Tout le monde veut vivre une vie heureuse.
Everyone got something for Christmas.,Tout le monde a eu quelque chose pour Noël.
Everyone got something for Christmas.,Tout le monde eut quelque chose pour Noël.
Everyone knows that I don't like Tom.,Tout le monde sait que je n'aime pas Tom.
Everyone smiles in the same language.,Tout le monde sourit dans la même langue.
Everything I own is in this suitcase.,Tous ce que je possède est dans cette valise.
Everything will work out on schedule.,Tout fonctionnera selon l'horaire.
"Excuse me, but I can barely hear you.","Excusez-moi, mais vous êtes difficilement audible."
"Excuse me, but may I open the window?","Excusez-moi, mais puis-je ouvrir la fenêtre ?"
"Excuse me, but may I open the window?",Veuillez m'excuser mais puis-je ouvrir la fenêtre ?
"Excuse me, but may I open the window?",Je te prie de m'excuser mais puis-je ouvrir la fenêtre ?
"Father is out, but Mother is at home.","Père est sorti, mais Mère est à la maison."
Feminine logic is not always logical.,La logique féminine n'est pas toujours logique.
Few politicians admit their mistakes.,Peu de politiciens admettent leurs erreurs.
"First, let's talk about what Tom did.","Premièrement, parlons de ce que Tom a fait."
Flowers die if they don't have water.,Les fleurs meurent si elles n'ont pas d'eau.
"For dinner, we went back to my place.","Pour dîner, nous retournâmes chez moi."
"For further information, see page 16.",Pour plus d'information voyez page numéro 16.
"For further information, see page 16.",Pour plus d'information reportez-vous à la page 16.
"For further information, see page 16.",Pour plus d'information reportez-vous en page 16.
Foreigners often feel unwelcome here.,Les étrangers se sentent souvent de trop ici.
"Fortunately, they escaped the danger.","Par chance, ils ont échappé au danger."
Frank Zappa was an American musician.,Frank Zappa était un musicien américain.
"Frankly, I find that hard to believe.","Franchement, je trouve ça difficile à croire."
French was the language of diplomacy.,Le français était la langue de la diplomatie.
"From now on, let's only speak French.","À partir de maintenant, on ne parle que français."
"Generally, men are taller than women.","En général, les hommes sont plus grands que les femmes."
Go early in order to get a good seat.,Pars tôt pour avoir une bonne place.
Go to the store and buy us some food.,Va au magasin et achète-nous à manger.
God created the heaven and the earth.,Dieu créa le ciel et la terre.
God knows we did everything we could.,Dieu sait que nous avons fait tout ce que nous pouvions.
Hand in your homework by next Monday.,Remettez vos devoirs pour lundi prochain.
Hand in your homework by next Monday.,Remettez votre devoir pour lundi prochain !
Hand in your homework by next Monday.,Remets ton devoir pour lundi prochain !
Has Tom ever cooked anything for you?,C'est arrivé que Tom cuisine pour toi ?
Have you already completed this task?,As-tu déjà accompli cette tâche ?
Have you already signed the contract?,As-tu déjà signé le contrat ?
Have you already signed the contract?,Avez-vous déjà signé le contrat ?
Have you been told about the problem?,T'a-t-on parlé du problème ?
Have you been told about the problem?,Vous a-t-on parlé du problème ?
Have you been working there for long?,Cela fait-il longtemps que vous travailler là-bas ?
Have you been working there for long?,Cela fait-il longtemps que tu travailles là-bas ?
Have you even heard a word I've said?,As-tu entendu le moindre mot de ce que j'ai dit ?
Have you even heard a word I've said?,Avez-vous entendu le moindre mot de ce que j'ai dit ?
Have you ever watched sumo wrestling?,As-tu déjà assisté à un combat de sumo ?
Have you finished reading that novel?,As-tu fini de lire ce roman ?
Have you finished writing the report?,Avez-vous fini d'écrire le rapport ?
Have you looked in the bottom drawer?,As-tu regardé dans le tiroir du bas ?
Have you looked in the bottom drawer?,Avez-vous regardé dans le tiroir du bas ?
Have you noticed anything suspicious?,Avez-vous remarqué quoi que ce soit de suspect ?
Have you seen Tom's latest invention?,As-tu vu la toute dernière invention de Tom?
Have you seen the uncensored version?,As-tu vu la version non approuvée ?
Have you seen the uncensored version?,Avez-vous vu la version non approuvée ?
Have you seen the uncensored version?,As-tu vu la version non censurée ?
Have you seen the uncensored version?,Avez-vous vu la version non censurée ?
Have you signed the contract already?,As-tu déjà signé le contrat ?
Have you signed the contract already?,Avez-vous déjà signé le contrat ?
Have you solved all the problems yet?,As-tu déjà résolu tous les problèmes ?
Have you told anyone else about this?,As-tu parlé de ceci à quelqu'un d'autre ?
Have you told anyone else about this?,Avez-vous parlé de ceci à quelqu'un d'autre ?
Have you written in your diary today?,Avez-vous écrit dans votre journal intime aujourd'hui?
Have your paper on my desk by Monday.,Je veux ton papier sur mon bureau d'ici lundi.
Have your paper on my desk by Monday.,Je veux votre papier sur mon bureau d'ici lundi.
He accused her of having lied to him.,Il l'accusa de lui avoir menti.
He acquired French when he was young.,Il a appris le français dans sa jeunesse.
He admonished his son for being lazy.,Il sermonna son fils pour sa paresse.
He always values his wife's opinions.,Il donne toujours une grande valeur à l'opinion de sa femme.
He ascribed his success to hard work.,Il attribua son succès à son dur labeur.
He attends the same school that I do.,Il va à la même école que moi.
He banged on the table with his fist.,Il frappa du poing sur la table.
He believed that the earth was round.,Il croyait que la Terre était ronde.
He blamed others for his own failure.,Il accusa les autres de son propre échec.
He called out the name of the winner.,Il prononça le nom du gagnant.
He came to Tokyo at the age of three.,Il arriva à Tokyo à l'âge de trois ans.
He came to Tokyo at the age of three.,Il est arrivé à Tokyo à trois ans.
He came to see me in a different way.,Il en vint à me considérer différemment.
He can play both tennis and baseball.,Il peut jouer à la fois au tennis et au baseball.
He can speak Thai as well as English.,Il parle aussi bien thai qu'anglais.
He carried the suitcases to our room.,Il a porté nos valises à notre chambre.
He changed the topic of conversation.,Il a changé de sujet de conversation.
He comes and sees me once in a while.,Il vient me voir de temps à autre.
He committed one crime after another.,Il commit crime après crime.
He committed one crime after another.,Il commit crime sur crime.
He compared his car to the new model.,Il a comparé sa voiture avec une neuve.
He couldn't come because he was sick.,Il ne pouvait pas venir parce qu'il était malade.
He couldn't have put it more plainly.,Il n'aurait pas pu le dire plus clairement.
He crossed the river in a small boat.,Il a traversé la rivière dans un petit bateau.
He decided to submit his resignation.,Il a décidé de soumettre sa démission.
He did it not for me but for himself.,"Il ne l'a pas fait pour moi, mais pour lui-même."
He did what he promised to do for me.,Il fit ce qu'il promit de faire pour moi.
He did what he promised to do for me.,Il a fait ce qu'il a promis de faire pour moi.
He died before the ambulance arrived.,Il mourut avant que l'ambulance n'arrive.
He died before the ambulance arrived.,Il est décédé avant que l'ambulance n'arrive.
He died before the ambulance arrived.,Il décéda avant que l'ambulance n'arrive.
He died before the ambulance arrived.,Il est mort avant que l'ambulance n'arrive.
He does not have anyone to play with.,Il n’a personne avec qui jouer.
He doesn't look himself this morning.,Il n'est pas lui-même ce matin.
He doesn't take care of his children.,Il ne s'occupe pas de ses enfants.
He dried his wet clothes by the fire.,Il fit sécher ses vêtements près du feu.
He elbowed his way through the crowd.,Il joua des coudes pour se frayer un passage au milieu de la foule.
He excelled in music even as a child.,"Depuis tout petit, il est doué pour la musique."
He fell in love with a younger woman.,Il tomba amoureux d'une femme plus jeune.
He fell in love with a younger woman.,Il est tombé amoureux d'un femme plus jeune.
He fell in love with his best friend.,Il est tombé amoureux de son meilleur ami.
He fell in love with his best friend.,Il tomba amoureux de son meilleur ami.
He fell in love with his best friend.,Il est tombé amoureux de sa meilleure amie.
He fell in love with his best friend.,Il tomba amoureux de sa meilleure amie.
He felt in his pocket for his wallet.,Il plongea la main dans sa poche pour prendre son portefeuille.
He finally decided to propose to her.,Il se décida enfin à lui faire une demande en mariage.
He finds fault with everything I say.,Il critique tout ce que je dis.
He finds faults with everything I do.,Il trouve des fautes dans tout ce que je fais.
He finds pleasure in watching people.,Il trouve du plaisir à regarder les gens.
He finished it as quick as lightning.,Il l'a fini en un éclair.
He forgot to give back my dictionary.,Il a oublié de rendre mon dictionnaire.
He gave a tip as a sign of gratitude.,Il donna un pourboire en signe de gratitude.
He gave his blood to help his sister.,Il a donné son sang pour aider sa sœur.
He gives her everything she asks for.,Il lui donne tout ce qu'elle demande.
He goes to mass every Sunday morning.,Il va à la messe tous les dimanches matin.
He goes to the library to read books.,Il va à la bibliothèque pour lire des livres.
He got injured in a traffic accident.,Il a été blessé dans un accident de circulation.
He had an accident and broke his leg.,Il a eu un accident et s’est cassé la jambe.
He had his secretary type the report.,Il fit taper le rapport par sa secrétaire.
He had his secretary type the report.,Il fit taper le rapport par son secrétaire.
He had three sons who became lawyers.,Il avait trois fils qui devinrent avocats.
He has a basket full of strawberries.,Il a un panier rempli de fraises.
He has a daughter who is very pretty.,Il a une fille qui est très jolie.
He has a hard time remembering names.,Il n'est pas doué pour retenir les noms.
He has already finished his homework.,Il a déjà fait ses devoirs.
He has been in Japan for three years.,Il est au Japon depuis trois ans.
He has been on a diet for two months.,Il suit un régime depuis 2 mois.
He has brought shame upon his family.,Il a couvert sa famille de honte.
He has good reason to get very angry.,Il a de bonnes raisons d'être très en colère.
He has no close friends to talk with.,Il n'a pas d'ami proche avec qui parler.
He has something to do with the case.,Il a quelque chose à voir avec l'affaire.
He headed for the door at full speed.,Il courut vers la porte à toute vitesse.
He invented an excuse for being late.,Il inventa une excuse pour son retard.
He invested a lot of money in stocks.,Il a investi beaucoup d'argent en actions.
He is a student at Yushu High School.,Il est étudiant au lycée Yushu.
He is absorbed in the study of Latin.,Il est plongé dans les cours de latin.
He is always generous to poor people.,Il est toujours généreux envers les pauvres.
He is an authority on the humanities.,C'est une autorité en matière d'humanités.
He is bigger than all the other boys.,Il est plus grand que tous les autres garçons.
He is by far the wisest of the three.,Il est de loin le plus sage des trois.
He is familiar with Japanese culture.,Il est familier de la culture japonaise.
He is good for five thousand dollars.,Il marche pour 5000 dollars.
He is leaving for New York next week.,Il part pour New York la semaine prochaine.
He is less impatient than his father.,Il est moins impatient que son père.
He is making preparations for a trip.,Il fait les préparatifs pour un voyage.
He is no longer a member of our club.,Il n'est plus membre de notre club.
He is not the man that he used to be.,Il n'est plus le même homme.
He is proud of his father being rich.,Il est fier que son père soit riche.
He is saving in order to buy a house.,Il économise pour acheter une maison.
He is saving money for a trip abroad.,Il économise de l'argent pour un voyage à l'étranger.
He is trying hard to give up smoking.,Il fait des efforts pour arrêter de fumer.
He is used to that type of situation.,Il a l'habitude de ce genre de situation.
He is used to walking long distances.,Il est habitué à marcher sur de longues distances.
He is very particular about his food.,Il est très difficile en ce qui concerne sa nourriture.
He is what is called a man of action.,Il est ce qu'on appelle un homme d'action.
He is younger than me by three years.,Il est trois ans plus jeune que moi.
He isn't as energetic as he once was.,Il n'est pas aussi énergique qu'il l'était.
He keeps all his savings in the bank.,Il garde toutes ses économies à la banque.
He keeps all his savings in the bank.,Il conserve toutes ses économies à la banque.
He knows a lot about foreign affairs.,Il sait beaucoup de choses en matière d'affaires étrangères.
He left Japan at the end of the year.,Il a quitté le Japon à la fin de l'année.
He left his daughter a great fortune.,Il laissa à sa fille une grande fortune.
He left his wife an enormous fortune.,Il a laissé une énorme fortune à sa femme.
He let his dog run free in the field.,Il laissa son chien courir librement dans le champ.
He listened with his ear to the door.,Il écouta l'oreille collée à la porte.
He lived abroad for much of his life.,Il a vécu à l'étranger la majeure partie de sa vie.
He lives as if he were a millionaire.,Il vit comme s'il était millionnaire.
He lives in the western part of town.,Il vit à l'ouest de la ville.
He looked as if he knew all about it.,Il avait l'air de tout connaître du sujet.
He lost himself quickly in the crowd.,Il s'est rapidement fondu dans la foule.
He made the company what it is today.,Il a fait de l'entreprise ce qu'elle est aujourd'hui.
He makes mistakes like everyone else.,"Il commet des erreurs, comme tous les autres."
He meets his girlfriend on Saturdays.,Il rencontre sa petite amie le samedi.
He mistook me for my younger brother.,Il m'a confondu avec mon petit frère.
He must be crazy to say such a thing.,Il doit être fou pour dire une chose pareille.
He never appears before nine o'clock.,Il n'arrive jamais avant neuf heures.
He often eats out on Saturday nights.,Il mange souvent à l'extérieur les samedis soirs.
He passed his property on to his son.,Il passa son bien à son fils.
He played a key role in the movement.,Il a joué un rôle clé dans le mouvement.
He presented an argument for the war.,Il présenta un argument en faveur de la guerre.
He prided himself on his punctuality.,Il faisait de sa ponctualité une fierté.
He promptly coped with the situation.,Il a promptement fait face à la situation.
He put a hand gently on her shoulder.,Il posa la main gentiment sur son épaule.
He put aside a few dollars each week.,Il mettait quelques dollars de côté chaque semaine.
He puts aside some money every month.,Il met quelque argent de côté tous les mois.
He puts ten dollars aside every week.,Il met dix dollars de côté chaque semaine.
He ran at the sight of the policeman.,Il s'enfuit dès qu'il vit le policier.
He ran away so he wouldn't be caught.,"Il prit la fuite, pour ne pas être arrêté."
He ran away so he wouldn't be caught.,"Il prit la fuite, pour ne pas être pris."
He ran away so he wouldn't be caught.,"Il a pris la fuite, pour ne pas être arrêté."
He ran away so he wouldn't be caught.,"Il a pris la fuite, pour ne pas être pris."
He ran so he would get there on time.,Il courut afin d'y parvenir à temps.
He ran so he would get there on time.,Il a couru afin d'y parvenir à temps.
He ran toward me as fast as he could.,Il courut vers moi du plus vite qu'il put.
He recommended this dictionary to me.,Il m'a conseillé ce dictionnaire.
He retorted that it was all my fault.,Il me rétorqua que tout était de ma faute.
He returned home by way of Hong Kong.,Il rentra à la maison en passant par Hong Kong.
He said he had been to Hawaii before.,Il a dit qu'il a déjà été à Hawaii.
He said he would see me the next day.,Il a dit qu'il me verrait le jour suivant.
He said that he would call you later.,Il a dit qu'il t'appellerait plus tard.
He says that he enjoyed it very much.,Il dit qu'il y a trouvé beaucoup de plaisir.
He says that he enjoyed it very much.,Il dit qu'il y a pris beaucoup de plaisir.
He says that he enjoyed it very much.,Il dit qu'il y a pris beaucoup plaisir.
He says that he enjoyed it very much.,Il dit que ça lui a beaucoup plu.
He says that he wants to settle down.,Il dit qu'il veut s'assagir.
He says that he wants to settle down.,Il dit qu'il veut se calmer.
He seemed unconscious of my presence.,Il ne semblait pas conscient de ma présence.
He sees everything in terms of money.,Il voit tout en termes d'argent.
He selected a Christmas gift for her.,Il a choisi un cadeau de Noël pour elle.
He selected a Christmas gift for her.,Il lui a choisi un cadeau de Noël.
He should have taken the examination.,Il aurait dû passer l'examen.
He shoved the letter into his pocket.,Il fourra la lettre dans sa poche.
He showed his photograph album to me.,Il m'a montré son album photo.
He showed his photograph album to me.,Il m'a montré son album de photos.
He showed his photograph album to me.,Il me montra son album photo.
He shrank back in the face of danger.,Il recula face au danger.
He slammed the door right in my face.,Il m'a claqué la porte au nez.
He slipped while crossing the street.,Il a glissé en traversant la rue.
He smiled at me and got on the train.,Il me sourit et monta dans le train.
He smoked as if nothing had happened.,Il fumait comme si rien ne s'était passé.
He sometimes ate out with his family.,Il sortait parfois manger avec sa famille.
He spent a lot of money this weekend.,Il a dépensé beaucoup d'argent cette fin de semaine.
He spent a lot of money this weekend.,Il a dépensé beaucoup d'argent ce week-end.
He stood face to face with his enemy.,Il a fait face à son ennemi.
He studies computational linguistics.,Il étudie l'informatique linguistique.
He threw away a bunch of old letters.,Il a jeté de nombreuses vieilles lettres.
He told his son an interesting story.,Il raconta une histoire intéressante à son fils.
He took a quick look at the magazine.,Il jeta un coup d’œil rapide au magazine.
He took advantage of the opportunity.,Il a sauté sur l'occasion.
He took advantage of the opportunity.,Il sauta sur l'occasion.
He took his wallet out of his pocket.,Il sortit son portefeuille de sa poche.
He took out a dollar from his wallet.,Il sortit un dollar de son portefeuille.
He took pity on me and helped me out.,Il a eu pitié de moi et m'a aidé à m'en sortir.
He treats me as if I were a stranger.,Il me traite comme si j'étais un étranger.
He tried to unify the various groups.,Il a essayé d'unifier les différents groupes.
He trimmed his beard for the wedding.,Il tailla sa barbe pour le mariage.
"He used to smoke, but now he doesn't.","Avant il fumait, mais maintenant il a arrêté."
He walked back and forth in the room.,Il allait et venait dans la pièce.
He wanted to teach English at school.,Il a voulu enseigner l'anglais à l'école.
He was absent from school for a week.,Il fut absent de l'école durant une semaine.
He was accompanied by his girlfriend.,Il était accompagné de sa petite amie.
He was always drinking in those days.,Il était toujours en train de boire à cette époque.
He was angry that I had insulted him.,Il était en colère que je l'aie insulté.
He was born in a small town in Italy.,Il est né dans une petite ville de l'Italie.
He was brought up by her grandmother.,Il a été élevé par sa grand-mère.
He was driving the car at full speed.,Il conduisait la voiture à pleine vitesse.
He was impatient to see his daughter.,Il était impatient de voir sa fille.
He was killed in a railroad accident.,Il a été tué dans un accident de la route.
He was meditating on his future life.,Il a médité sur sa vie future.
He was my best friend in high school.,C'était mon meilleur ami au collège.
He was my best friend in high school.,C'était mon meilleur ami au lycée.
He was snoring loudly while he slept.,Il ronflait bruyamment pendant son sommeil.
He was standing at the street corner.,Il était debout au coin de la rue.
He was standing at the street corner.,Il se tenait au coin de la rue.
"He was tired, but he kept on working.",Il était fatigué mais il continuait à travailler.
He was too feeble to do manual labor.,Il était trop faible pour faire du travail manuel.
He was wise not to participate in it.,Il a été avisé de ne pas y participer.
He wasn't long in making up his mind.,Il ne fut pas long à se décider.
He went from Tokyo to Osaka by plane.,Il voyagea par avion de Tokyo à Osaka.
He went from Tokyo to Osaka by plane.,Il est allé de Tokyo à Osaka en avion.
He went to America to study medicine.,Il alla en Amérique étudier la médecine.
He went to school to study yesterday.,"Hier, il est allé à l'école étudier."
He will be my deputy while I am away.,Il sera mon remplaçant pendant que je serai parti.
He will play tennis with his friends.,Il jouera au tennis avec ses amis.
He will play tennis with his friends.,Il jouera au tennis avec ses amies.
He wiped his hands on a handkerchief.,Il essuya ses mains dans un mouchoir.
He wiped the sweat from his forehead.,Il essuya la sueur de son front.
He worked hard to save up some money.,Il travailla dur pour économiser de l'argent.
He's an advocate of barefoot running.,Il est partisan de la course pieds nus.
He's not going to visit you tomorrow.,Il ne vous rendra pas visite demain.
He's nothing more than a common thug.,Il n'est rien d'autre qu'un vulgaire voyou.
He's the king's most trusted advisor.,Il est le conseiller le plus proche du roi.
He's walking around in his underwear.,Il se promène en sous-vêtements.
Health is more important than wealth.,La santé est plus importante que la richesse.
Heavy rains fell for more than a day.,Il plut des cordes durant plus d'une journée.
Heavy rains fell for more than a day.,De fortes pluies tombèrent durant plus d'une journée.
Her anxiety was apparent to everyone.,Son anxiété était visible par tous.
Her classmates do not appreciate her.,Ses camarades de classe ne l'apprécient pas.
Her fiancé gave her a very big ring.,Son fiancé lui offrit une très grosse bague.
Her mother is a most beautiful woman.,Sa mère est une femme magnifique.
Her name is known all over the world.,Son nom est connu à travers le monde.
Her passing the exam is a sure thing.,Dix contre un qu'elle réussira l'examen.
"Her wishes, it seems, have come true.",Il semble que ses souhaits aient été exaucés.
"Her wishes, it seems, have come true.",Il semble que ses souhaits se soient réalisés.
Her youngest child is five years old.,Son plus jeune enfant a cinq ans.
Here are the documents you asked for.,Voici les documents que tu voulais.
Here are the documents you asked for.,Voici les documents que vous vouliez.
"Hey, what are you guys talking about?","Eh les gars, de quoi parlez-vous ?"
"Hi, my name is Tom. What's your name?","Salut, je suis Tom. Quel est ton nom?"
His answer was far from satisfactory.,Sa réponse fut loin d'être satisfaisante.
His attempt to escape was successful.,Sa tentative d'évasion fut couronnée de succès.
His attempt to escape was successful.,Sa tentative d'évasion a réussi.
His behavior was anything but polite.,Sa conduite était tout sauf courtoise.
His crime deserved the death penalty.,Son crime méritait la peine de mort.
His dog follows him wherever he goes.,Son chien le suit où qu'il aille.
His essay was full of original ideas.,Sa rédaction était remplie d'idées originales.
His explanation was not satisfactory.,Son explication n'était pas satisfaisante.
His house is at the foot of Mt. Fuji.,Sa maison est au pied du Mont Fuji.
His house is near the subway station.,Sa maison est proche du métro.
His house was broken into last night.,Sa maison a été cambriolée la nuit dernière.
His laptop is already five years old.,Son portable a déjà cinq ans.
His mother is worried sick about him.,Sa mère est malade d'inquiétude à son sujet.
His name is known all over the world.,Son nom est connu à travers le monde entier.
His novel is beyond my comprehension.,Son roman m'est incompréhensible.
His stories entertained us for hours.,Ses histoires nous ont divertis pendant des heures.
His story is well worth listening to.,Son histoire vaut bien la peine d'être écoutée.
His way of thinking is very childish.,Ses pensées sont vraiment puériles.
His wounded leg began to bleed again.,Sa jambe blessée se mit à saigner de nouveau.
Honesty isn't always the best policy.,L'honnêteté n'est pas toujours la meilleure politique.
"Hopefully, Tom will get into Harvard.",Espérons que Tom entrera à Harvard.
How are we going to pay for all this?,Comment allons-nous payer pour tout ceci ?
How are you getting along these days?,Comment vont les choses pour toi ces derniers temps ?
How can I tell if I'm really in love?,Comment puis-je savoir que je suis vraiment amoureux ?
How can I tell if I'm really in love?,Comment puis-je savoir que je suis vraiment amoureuse ?
How can you say such a foolish thing?,Comment peux-tu dire quelque chose d'aussi stupide ?
How can you say such a foolish thing?,Comment pouvez-vous dire quelque chose d'aussi stupide ?
How could something like this happen?,Comment quelque chose comme ceci a-t-il pu se produire ?
How could you not tell me about this?,Comment as-tu pu ne pas m'en parler ?
How could you not tell me about this?,Comment avez-vous pu ne pas m'en parler ?
How did they come by all that wealth?,Comment sont-ils devenus si riches ?
How did you come to know one another?,Comment avez-vous fait connaissance ?
How did you come up with that answer?,Comment es-tu parvenu à cette réponse ?
How did you come up with that answer?,Comment es-tu parvenue à cette réponse ?
How did you come up with that answer?,Comment êtes-vous parvenu à cette réponse ?
How did you come up with that answer?,Comment êtes-vous parvenue à cette réponse ?
How did you come up with that answer?,Comment êtes-vous parvenus à cette réponse ?
How did you come up with that answer?,Comment êtes-vous parvenues à cette réponse ?
How did you find out where Tom lives?,Comment as-tu découvert où Tom habitait ?
How did you find out where Tom lives?,Comment avez-vous découvert où Tom habitait ?
How did you know what I was thinking?,Comment savais-tu ce que je pensais ?
How did you know what I was thinking?,Comment saviez-vous ce que je pensais ?
How did you know who to give that to?,Comment saviez-vous à qui le remettre ?
How did you know who to give that to?,Comment savais-tu à qui le remettre ?
How do you know how deep the lake is?,Comment savez-vous quelle profondeur a le lac ?
How do you know how deep the lake is?,Comment sais-tu quelle profondeur a le lac ?
How do you put up with all the noise?,Comment supportez-vous tout ce bruit ?
How do you put up with all the noise?,Comment supportes-tu tout ce bruit ?
How does Tom's suggestion strike you?,Que penses-tu de la proposition de Tom?
How exactly am I supposed to do that?,Comment suis-je supposé faire cela ?
How exactly am I supposed to do that?,Comment suis-je censée faire cela ?
How far is it from here to the hotel?,Quelle distance y a-t-il d'ici à l'hôtel ?
How long are you planning on staying?,Combien de temps avez-vous l'intention de rester ?
How long are you planning on staying?,Combien de temps as-tu l'intention de rester ?
How long can a dead language survive?,Combien de temps une langue morte peut-elle vivre ?
How long do you plan on staying here?,Combien de temps prévoyez-vous de séjourner ici ?
How long do you plan on staying here?,Combien de temps prévois-tu de séjourner ici ?
How long have you been a doctor here?,Combien de temps as-tu été médecin ici ?
How long have you been a doctor here?,Combien de temps avez-vous été médecin ici ?
How long have you been out of prison?,Depuis combien de temps êtes-vous sorti de prison ?
How long have you been out of prison?,Depuis combien de temps êtes-vous sortis de prison ?
How long have you been out of prison?,Depuis combien de temps êtes-vous sortie de prison ?
How long have you been out of prison?,Depuis combien de temps êtes-vous sorties de prison ?
How long have you been out of prison?,Depuis combien de temps es-tu sorti de prison ?
How long have you been out of prison?,Depuis combien de temps es-tu sortie de prison ?
How long will this cold weather last?,Combien de temps va durer ce froid ?
How long will this nice weather last?,Combien de temps va durer ce beau temps ?
How many books do you read per month?,Combien de livres lis-tu par mois ?
How many books do you read per month?,Combien de livres lisez-vous par mois ?
How many calories have you had today?,Combien de calories as-tu consommées aujourd'hui ?
How many cans of beer have you drunk?,Combien de canettes de bière avez-vous bu ?
How many cans of beer have you drunk?,Combien de canettes de bière as-tu bu ?
How many hours a day do you watch TV?,Combien d'heures par jour regardes-tu la télé ?
How many hours a day do you watch TV?,Combien d'heures par jour regardez-vous la télévision ?
How many of your friends have beards?,Combien de vos amis portent la barbe ?
How many people are still down there?,Combien de personnes sont encore là-dessous ?
How many students are there in total?,Combien d'élèves y a-t-il au total ?
How many times a week do you eat out?,Combien de fois par semaine mangez-vous en ville ?
How many times a week do you eat out?,Combien de fois par semaine mangez-vous à l'extérieur ?
How many times did you see the movie?,Combien de fois as-tu vu ce film ?
How many times do I have to say that?,Combien de fois me faut-il dire cela ?
How many times do I have to tell you?,Combien de fois dois-je te le dire ?
How many times do we have to do this?,Combien de fois devons-nous faire ceci ?
How many zoos are there in Australia?,Combien y-a-t-il de zoos en Australie?
How much candy did Tom eat yesterday?,Combien de bonbons a mangé Tom hier ?
How much did you get out of the deal?,Combien avez-vous tiré de cette affaire ?
How much did you pay the electrician?,Combien as-tu payé l'électricien ?
How much did you pay the electrician?,Combien avez-vous payé l'électricien ?
How much longer are we going to wait?,Combien de temps allons-nous encore attendre ?
How much longer will we have to wait?,Combien de temps devrons-nous encore attendre ?
How often do you check your messages?,Tu vérifies tes messages tous les combien ?
How often do you check your messages?,A quelle fréquence vérifiez-vous vos messages ?
How often do you see your godparents?,À quelle fréquence rends-tu visite à tes parrain et marraine ?
How would you like your steak cooked?,Quelle cuisson voudrais-tu pour ton bifteck ?
Human relationships are very complex.,Les relations humaines sont très compliquées.
"Hurry up, and you'll catch the train.","Dépêche-toi, et tu attraperas le train."
"Hurry up, or you will miss the train.","Dépêche-toi, ou tu vas rater ton train."
"Hurry up, or you will miss the train.","Dépêchez-vous, ou vous manquerez le train."
"Hurry up, or you will miss the train.","Dépêchez-vous, ou vous allez rater le train."
"Hurry up, or you will miss the train.",Dépêche-toi ou tu vas rater ton train.
I advise you not to help Tom anymore.,Je te conseille de ne plus aider Tom.
I agree with you one hundred percent.,Je suis à cent pour cent d’accord avec toi.
I agree with you to a certain extent.,Je suis d'accord avec toi d'une certaine manière.
I agreed to split the money with Tom.,J'ai accepté de partager l'argent avec Tom.
I already bought my ticket to Boston.,J'ai déjà acheté mon ticket pour Boston.
I already know what I wanted to know.,Je sais déjà ce que je voulais savoir.
I always cry when I see this picture.,Je pleure toujours lorsque je vois ce tableau.
I always get nervous in her presence.,Sa présence me rend toujours nerveux.
I always think of him when I'm alone.,Je pense toujours à lui quand je suis seul.
I always wonder what happened to him.,Je me demande toujours ce qu'il lui est arrivé.
I am familiar with this part of town.,Je suis familier de cette partie de la ville.
I am going to have a great day today.,Je vais avoir une excellente journée devant moi aujourd'hui.
I am going to swim a lot this summer.,Je vais beaucoup nager cet été.
I am just dying for a Coke right now.,Je veux un coca rapidement.
I am learning to play the guitar now.,J'apprends à jouer de la guitare maintenant.
I am looking for a job near my house.,Je cherche un emploi près de chez moi.
I am looking for room with twin beds.,Je suis à la recherche d'une chambre avec des lits jumeaux.
I am not in the least afraid of dogs.,Je n'ai pas du tout peur des chiens.
I am not interested in material gain.,Je ne suis pas intéressé par le gain matériel.
I am not interested in material gain.,Je ne suis pas intéressée par le gain matériel.
I am not the captain of the new team.,Je ne suis pas le capitaine de la nouvelle équipe.
I am so tired that I can hardly walk.,Je suis tellement fatigué que je peux à peine marcher.
I am sure that you will be satisfied.,Je suis sûr que vous serez satisfaits.
I am the first musician in my family.,Je suis le premier musicien de la famille.
I apologize for what's happened here.,Je m'excuse pour ce qui s'est passé ici.
I appreciate what you've done for me.,J'apprécie ce que vous avez fait pour moi.
I appreciate your efforts to help me.,J'apprécie vos efforts pour m'aider.
I appreciate your efforts to help me.,J'apprécie tes efforts pour m'aider.
I arrived here at eight this morning.,Je suis arrivé ici à 8 heures ce matin.
I asked her to go to a movie with me.,Je lui demandai d'aller voir un film avec moi.
I asked her to go to a movie with me.,Je lui ai demandé d'aller voir un film avec moi.
I asked him if I could read his book.,Je lui demandai si je pouvais lire son livre.
I asked my son what he really wanted.,J'ai demandé à mon fils ce qu'il désirait vraiment.
I attempted to swim across the river.,J'ai essayé de traverser la rivière à la nage.
I attended several parties last week.,J'ai participé à plusieurs fêtes la semaine dernière.
I attended the meeting on her behalf.,J'ai assisté à la réunion en son nom.
I awoke to find a burglar in my room.,"Quand je me suis réveillé, j'ai trouvé un cambrioleur dans ma chambre."
I believe in this method of teaching.,Je crois en cette méthode d'apprentissage.
I bet Tom liked his birthday present.,Je parie que Tom a aimé son cadeau d'anniversaire.
I borrow books from the city library.,J'emprunte des livres à la bibliothèque municipale.
I bought a camera for thirty dollars.,J'ai acheté un appareil photo trente dollars.
I bought it for about twelve dollars.,Je l'ai acheté pour une douzaine de dollars.
I bought the same camera as you have.,J'ai acheté la même caméra que la tienne.
I can buy what I need on my way home.,Je peux acheter ce dont j'ai besoin en rentrant chez moi.
I can hardly understand what he says.,Je peux à peine comprendre ce qu'il dit.
I can hold my breath for a long time.,Je peux retenir mon souffle pendant longtemps.
I can hold my breath for a long time.,Je peux retenir ma respiration pendant longtemps.
"I can play tennis, but not very well.",Je sais jouer au tennis mais pas très bien.
I can tell you that it didn't happen.,Je peux vous dire que cela ne s'est pas produit.
I can tell you that it didn't happen.,Je peux te dire que ce n'est pas arrivé.
I can walk to school in half an hour.,Je peux marcher jusqu'à l'école en une demi-heure.
I can't afford to waste a single yen.,Je ne peux me permettre de gaspiller le moindre yen.
I can't agree with you on that point.,Je ne peux pas être d'accord avec vous sur ce point.
I can't agree with you on that point.,Je ne peux pas être d'accord avec toi sur ce point.
I can't agree with you on this point.,Je ne peux être d'accord avec vous sur ce point.
I can't believe I actually said that.,Je n'arrive pas à croire que j'aie vraiment dit ça.
I can't believe I actually said that.,Je n'arrive pas à croire que j'aie effectivement dit ça.
I can't believe I didn't get invited.,Je n'arrive pas à croire que je n'ai pas été invitée.
I can't believe I didn't think of it.,Je n'arrive pas à croire que je n'y aie pas pensé.
I can't believe I missed this before.,Je n'arrive pas à croire que j'aie loupé ça auparavant.
I can't believe I'm agreeing to this.,Je ne peux pas croire que j'en sois d'accord.
I can't believe I'm agreeing to this.,Je n'arrive pas à croire que j'en sois d'accord.
I can't believe I'm agreeing to this.,Je n'arrive pas à croire que je sois d'accord avec ça.
I can't believe I'm agreeing to this.,Je ne peux pas croire que je sois d'accord avec ça.
I can't believe I'm doing this again.,Je n'arrive pas à croire que je sois en train de refaire ça.
I can't believe I'm telling you this.,Je n'arrive pas à croire que je te le dise.
I can't believe I'm telling you this.,Je n'arrive pas à croire que je te dise ça.
I can't believe that I'm really here.,Je ne peux pas croire que je suis ici.
I can't believe we're all still here.,Je n'arrive pas à croire que nous soyons tous encore ici.
I can't believe you would allow this.,Je n'arrive pas à croire que vous permettiez cela.
I can't believe you would allow this.,Je n'arrive pas à croire que tu permettes cela.
I can't bring myself to eat anything.,Je ne parviens pas à manger quoi que ce soit.
I can't decide what to eat for lunch.,Je n'arrive pas à décider quoi manger pour déjeuner.
I can't decide what to eat for lunch.,Je n'arrive pas à décider quoi manger à déjeuner.
I can't do my job without a computer.,Je ne peux pas faire mon travail sans un ordinateur.
I can't do my job without a computer.,Je ne peux pas accomplir mon travail sans un ordinateur.
I can't do what I'm being paid to do.,Je n'arrive pas à faire ce pour quoi je suis payé.
I can't do what I'm being paid to do.,Je n'arrive pas à faire ce pour quoi je suis payée.
I can't eat or drink very hot things.,Je ne peux pas ingérer de choses très chaudes.
I can't eat or drink very hot things.,Je ne peux boire ou manger de choses très chaudes.
I can't eat that much food by myself.,Je ne peux ingurgiter autant de nourriture à moi tout seul.
I can't eat that much food by myself.,Je ne peux manger autant de nourriture tout seul.
I can't find the address of my hotel.,Je n'arrive pas à trouver l'adresse de mon hôtel.
I can't keep my coat on in this heat.,Je ne peux pas garder mon manteau avec cette chaleur.
I can't keep my coat on in this heat.,Je ne peux pas garder mon manteau par cette chaleur.
I can't let you enter without a pass.,Je ne peux pas vous laisser entrer sans laissez-passer.
I can't promise Tom will talk to you.,Je ne peux pas te promettre que Tom te parlera.
I can't put up with the way he spits.,Je ne peux pas supporter sa manière de cracher.
I can't remember what Tom looks like.,Je n'arrive pas à me souvenir à quoi ressemble Tom.
I can't remember what this is called.,Je n'arrive pas à me rappeler comment ça s'appelle.
I can't talk right now. I need to go.,Je ne peux pas parler à l'instant. Je dois y aller.
I can't tell one twin from the other.,Je n'arrive pas à distinguer ces deux jumeaux.
I can't wait to visit my grandmother.,J'ai hâte d'aller voir ma grand-mère.
I chanced to meet him at the airport.,Je l'ai rencontré par hasard à l'aéroport.
I consider her to be an honest woman.,Je la considère une femme honnête.
I could barely contain my excitement.,Je pouvais à peine contenir mon excitation.
I could barely contain my excitement.,Je pus à peine contenir mon excitation.
I could barely contain my excitement.,J'ai à peine pu contenir mon excitation.
I could make nothing of what he said.,Je n'ai rien compris de ce qu'il a dit.
I could swim faster when I was young.,Je nageais plus vite quand j'étais jeune.
I could use some help in the kitchen.,Je veux bien un peu d'aide à la cuisine.
I could use some help in the kitchen.,Un peu d'aide pour moi à la cuisine ne serait pas du luxe.
I couldn't get him to leave me alone.,Je n'ai pas réussi à ce qu'il me laisse tranquille.
I couldn't possibly eat another bite.,Je ne pourrais certainement pas manger une bouchée de plus.
I couldn't stop myself from laughing.,Je ne pouvais pas m'arrêter de rire.
I cry whenever I listen to this song.,Je pleure chaque fois que j'écoute cette chanson.
I decided to come to Japan last year.,J'ai décidé l'année dernière de venir au Japon.
I demand that you give back my money.,J'exige que vous me rendiez mon argent.
I did everything I could to save Tom.,J'ai fait tout ce que j'ai pu pour sauver Tom.
I did everything I could to stop Tom.,J'ai fait tout ce que j'ai pu pour arrêter Tom.
I did not notice how she was dressed.,Je n'ai pas remarqué la façon dont elle était habillée.
I did not take anything from his bag.,Je n'ai rien pris de son sac.
"I did say that, but I didn't mean it.","Je l'ai sûrement dit, mais ce n'est pas ce que je voulais dire."
I did that because everyone else did.,J'ai fait ça parce que tout le monde l'a fait.
I did that without consulting anyone.,Je l'ai fait sans consulter personne.
I did that without consulting anyone.,Je l'ai fait sans consulter quiconque.
I didn't do too well on today's test.,Je n'ai pas très bien réussi le contrôle d'aujourd'hui.
I didn't even see you once last year.,Je ne t'ai pas même vu une fois l'année passée.
I didn't even see you once last year.,Je ne t'ai pas même vue une fois l'année passée.
I didn't even see you once last year.,Je ne vous ai pas même vu une fois l'année passée.
I didn't even see you once last year.,Je ne vous ai pas même vue une fois l'année passée.
I didn't get an email from Tom today.,Je n'ai pas reçu de courriel de Tom aujourd'hui.
I didn't get the point of his speech.,Je n'ai pas saisi l'intérêt de son discours.
I didn't know Tom could sing so well.,Je ne savais pas que Tom chantait aussi bien.
I didn't know Tom was going to do it.,Je ne savais pas que Tom allait le faire.
I didn't know Tom was going to do it.,J'ignorais que Tom allait le faire.
I didn't know that you could do that.,Je ne savais pas que tu pouvais faire ça.
I didn't know that you could do this.,Je ne savais pas que tu pouvais faire ça.
I didn't know you could speak French.,J'ignorais que tu savais parler français.
I didn't know you could speak French.,J'ignorais que tu savais parler le français.
I didn't know you could speak French.,J'ignorais que vous saviez parler français.
I didn't know you could speak French.,J'ignorais que vous saviez parler le français.
I didn't realize it until much later.,Je n'en ai pris conscience que beaucoup plus tard.
I didn't think it would be that much.,Je ne pensais pas que ce serait autant.
"I didn't understand anything, either.","Moi non plus, je n'ai rien compris."
I didn't want a party on my birthday.,Je ne voulait pas faire de fête pour mon anniversaire.
I do not want to reply to his letter.,Je ne veux pas répondre à sa lettre.
I don't agree with you on this point.,Je ne suis pas d'accord avec vous à ce sujet.
I don't appreciate being interrupted.,Je n'apprécie pas d'être interrompue.
I don't appreciate being interrupted.,Je n'apprécie pas d'être interrompu.
I don't believe it happened that way.,Je ne crois pas que ça se soit produit de cette manière.
I don't believe it happened that way.,Je ne crois pas que ça ait eu lieu de cette manière.
I don't believe it happened that way.,Je ne crois pas que ça se soit passé de cette manière.
I don't believe it happened that way.,Je ne crois pas que ce soit arrivé de cette manière.
I don't care if our team wins or not.,Je me moque que notre équipe gagne ou pas.
I don't eat out as often as I'd like.,Je ne vais pas au restaurant autant que je le voudrais.
I don't ever want to leave this room.,Je ne veux jamais quitter cette pièce.
I don't feel like waiting any longer.,Je ne suis pas d'humeur à attendre plus longtemps.
I don't get up as early as my mother.,Je ne me lève pas aussi tôt que ma mère.
I don't go in for that sort of thing.,Je déteste ce genre de chose.
I don't have a lot of time right now.,Je n'ai pas beaucoup de temps en ce moment.
I don't have anybody else to turn to.,Je n'ai personne d'autre vers qui me tourner.
I don't have anything to give to you.,Je n'ai rien à te donner.
I don't have anything to write about.,Je n'ai rien sur quoi écrire.
I don't have anything to write about.,Je ne dispose de rien à propos de quoi écrire.
I don't have time to talk to you now.,Je n'ai pas le temps de te parler maintenant.
I don't have time to talk to you now.,Je n'ai pas le temps de vous parler maintenant.
I don't intend to leave it to chance.,Je n'ai pas l'intention de le laisser au hasard.
I don't know anything about his past.,Je ne sais rien de son passé.
I don't know how this happened again.,J'ignore comment ça s'est produit à nouveau.
I don't know how this happened again.,J'ignore comment c'est à nouveau arrivé.
I don't know how to thank you enough.,Je ne sais pas comment te remercier assez.
I don't know if I should stay or run.,Je ne sais pas si je devrais rester ou courir.
I don't know if I should stay or run.,Je ne sais pas si je devrais rester ou m'enfuir.
I don't know if I should stay or run.,Je ne sais pas si je devrais rester ou fuir.
I don't know much about this subject.,Je ne sais pas grand-chose sur ce sujet.
I don't know the name of that temple.,J'ignore le nom de ce temple.
I don't know what I'd do without you.,J'ignore ce que je ferais sans vous.
I don't know what I'd do without you.,J'ignore ce que je ferais sans toi.
I don't know what I'd do without you.,Je ne sais pas ce que je ferais sans vous.
I don't know what I'd do without you.,Je ne sais pas ce que je ferais sans toi.
I don't know what I'm supposed to do.,Je ne sais pas ce que je suis supposé savoir.
I don't know what I'm supposed to do.,J'ignore ce que je suis supposé savoir.
I don't know what he's trying to say.,Je ne sais pas ce qu'il essaye de dire.
I don't know what to believe anymore.,Je ne sais plus que croire.
I don't know what you heard about me.,J'ignore ce que vous avez entendu à mon propos.
I don't know what you heard about me.,J'ignore ce que tu as entendu à mon propos.
I don't know what you want me to say.,Je ne sais ce que vous voulez que je dise.
I don't know what you want me to say.,Je ne sais pas ce que vous voulez que je dise.
I don't know what you want me to say.,J'ignore ce que vous voulez que je dise.
I don't know what you want me to say.,Je ne sais ce que tu veux que je dise.
I don't know what you want me to say.,Je ne sais pas ce que tu veux que je dise.
I don't know what you want me to say.,J'ignore ce que tu veux que je dise.
I don't know what you're looking for.,Je ne sais pas ce que vous cherchez.
I don't know what you're looking for.,Je ne sais pas ce que tu cherches.
I don't know what you're looking for.,J'ignore ce que vous cherchez.
I don't know what you're looking for.,J'ignore ce que tu cherches.
I don't know what you're waiting for.,Je ne sais pas ce que vous attendez.
I don't know what you're waiting for.,J'ignore ce que vous attendez.
I don't know what you're waiting for.,Je ne sais pas ce que tu attends.
I don't know what you're waiting for.,J'ignore ce que tu attends.
I don't know when I can take a break.,Je ne sais pas quand je peux prendre une pause.
I don't know when I can take a break.,J'ignore quand je peux prendre une pause.
I don't know where I'll be next year.,Je ne sais pas où je serai l'année prochaine.
I don't know where my ski gloves are.,Je ne sais pas où j'ai mis mes gants de ski.
I don't know where my sunglasses are.,Je ne sais pas où sont mes lunettes de soleil.
I don't know which of you came first.,Je ne sais lequel de vous deux est venu en premier.
I don't know which of you came first.,Je ne sais laquelle de vous deux est venue en premier.
I don't know which of you is crazier.,Je ne sais lequel d'entre vous est le plus fou.
I don't know who I'm going to choose.,Je ne sais pas qui je vais choisir.
I don't know who my real parents are.,Je ne sais pas qui sont mes vrais parents.
I don't know why he quit the company.,Je ne sais pas pourquoi il quitte la société.
I don't know why it's taking so long.,J'ignore pourquoi ça prend autant de temps.
I don't know why you're all so angry.,J'ignore pourquoi vous êtes tous tellement en colère.
I don't know why you're all so angry.,J'ignore pourquoi vous êtes toutes tellement en colère.
I don't know why you're all so jumpy.,J'ignore pourquoi vous êtes tous tellement nerveux.
I don't know why you're all so jumpy.,J'ignore pourquoi vous êtes toutes tellement nerveuses.
I don't know why you're all so jumpy.,J'ignore pourquoi vous êtes tous tellement agités.
I don't know why you're all so jumpy.,J'ignore pourquoi vous êtes toutes tellement agitées.
I don't know why you're all so upset.,J'ignore pourquoi vous êtes toutes tellement contrariées.
I don't know why you're all so upset.,J'ignore pourquoi vous êtes tous tellement contrariés.
I don't like being treated like this.,Je n'aime pas être traité de cette manière.
I don't like it any more than you do.,Je ne l'aime pas plus que vous.
I don't like it any more than you do.,Je ne l'aime pas plus que toi.
I don't like the way he looks at you.,Je n'aime pas la façon qu'il a de te regarder.
I don't like the way he looks at you.,Je n'aime pas la façon qu'il a de vous regarder.
I don't like the way he speaks to me.,Je n'aime pas la façon dont il me parle.
I don't like to see food go to waste.,Je n'aime pas voir de la nourriture gaspillée.
I don't need to wear glasses anymore.,Je n'ai plus besoin de porter de lunettes.
I don't often eat out with my family.,Je ne mange pas souvent au restaurant avec ma famille.
I don't often get invited to parties.,Je ne suis pas souvent invité à des fêtes.
I don't often get invited to parties.,Je ne suis pas souvent invitée à des fêtes.
I don't often get invited to parties.,Il est rare que je sois invité à des fêtes.
I don't often get invited to parties.,Il est rare que je sois invitée à des fêtes.
I don't particularly want to do that.,Je ne veux pas particulièrement faire ça.
I don't plan on being here that long.,Je ne prévois pas d'être ici aussi longtemps.
I don't plan on doing that by myself.,Je ne compte pas faire ça tout seul.
I don't plan on doing that by myself.,Je ne compte pas faire ça toute seule.
I don't plan on telling you anything.,Je ne prévois pas de vous dire quoi que ce soit.
I don't plan on telling you anything.,Je ne prévois pas de te dire quoi que ce soit.
I don't really like to talk about it.,Je n'aime pas vraiment en parler.
I don't remember Tom telling me that.,Je ne me rappelle pas Tom me dire ça.
I don't remember anything about that.,Je ne m'en rappelle rien.
I don't ride the bus to work anymore.,Je ne vais plus au travail en bus.
I don't see Tom as often as I'd like.,Je ne vois pas Tom aussi souvent que je le voudrais.
I don't see anybody else around here.,Je ne vois personne d'autre autour d'ici.
I don't see anything wrong with that.,Je ne vois là rien de mal.
I don't suppose anything will happen.,Je ne suppose pas que quelque chose se produira.
I don't suppose anything will happen.,Je ne suppose pas que quelque chose aura lieu.
I don't suppose anything will happen.,Je ne suppose pas que quelque chose arrivera.
I don't think I can do anything else.,Je ne pense pas que je puisse faire quoi que ce soit d'autre.
I don't think I can do anything else.,Je ne pense pas pouvoir faire quoi que ce soit d'autre.
I don't think I need your help today.,Je ne pense pas avoir besoin de votre aide aujourd'hui.
I don't think I need your help today.,Je ne pense pas avoir besoin de ton aide aujourd'hui.
I don't think I really matter to you.,Je ne pense pas que je compte vraiment pour toi.
I don't think I really matter to you.,Je ne pense pas que je compte vraiment pour vous.
I don't think Tom is listening to me.,Je ne pense pas que Tom m'écoute.
I don't think Tom knows Mary is here.,Je ne crois pas que Tom sache que Marie est là.
I don't think Tom knows how to dance.,Je ne pense pas que Tom sache danser.
I don't think it's my decision alone.,Je ne pense pas que ce soit seulement ma décision.
I don't think it's safe to swim here.,Je ne pense pas que nager ici soit sûr.
I don't think she is fit for the job.,Je ne pense pas qu'elle soit faite pour le poste.
I don't think that everybody gave up.,Je ne pense pas que tout le monde ait abandonné.
I don't think that we should do that.,Je ne pense pas que nous devrions faire cela.
I don't think that's going to happen.,Je ne pense pas que ça va arriver.
I don't think that's the whole story.,Je ne pense pas que ce soit là toute l'histoire.
I don't think we can do it that soon.,Je ne pense pas que nous puissions le faire si tôt.
I don't understand the way he thinks.,Je ne comprends pas comment elle pense.
I don't understand why that happened.,Je ne comprends pas pourquoi c'est arrivé.
I don't usually burn incense at home.,"Je ne brûle pas d'encens à la maison, habituellement."
I don't want to answer that question.,Je ne veux pas répondre à cette question.
I don't want to get my clothes dirty.,Je ne veux pas salir mes vêtements.
I don't want to get you into trouble.,Je ne veux pas vous attirer des ennuis.
I don't want to get you into trouble.,Je ne veux pas te mettre dans les ennuis.
I don't want to get you into trouble.,Je ne veux pas te mettre dans la merde.
I don't want to go swimming with you.,Je ne veux pas aller nager avec toi.
I don't want to go swimming with you.,Je ne veux pas aller nager avec vous.
I don't want to go to school anymore.,Je n'ai plus envie d'aller à l'école.
I don't want to live my life in fear.,Je ne veux pas vivre dans la peur.
I don't want to risk breaking my leg.,Je ne veux pas risquer de me casser la jambe.
I don't want to stir up old memories.,Je ne veux pas remuer de vieux souvenirs.
I don't want to talk to anyone today.,Je n'ai envie de parler à personne aujourd'hui.
I drank a glass of milk this morning.,J'ai bu un verre de lait ce matin.
I enjoyed watching soccer last night.,J'ai aimé regarder le match la nuit dernière.
I expect that Tom will pass the exam.,Je m'attends à ce que Tom ait son examen.
I explicitly told Tom not to do that.,J'ai explicitement dit à Tom de ne pas faire cela.
I feel like I haven't slept for days.,Je me sens comme si je n'avais pas dormi depuis des jours.
I feel like I'm always being watched.,J'ai l'impression d'être observé en permanence.
I feel like I've become someone else.,Je sens que je suis devenu quelqu'un d'autre.
I feel quite at ease among strangers.,Je me sens assez à l'aise parmi des étrangers.
I feel very sick. I want to throw up.,Je me sens très malade. J'ai envie de vomir.
I fell sound asleep before I knew it.,Je suis tombé de sommeil avant de m'en rendre compte.
"I felt it was necessary, so I did it.",J'eus l'impression que c'était nécessaire alors je le fis.
"I felt it was necessary, so I did it.",J'ai eu l'impression que c'était nécessaire alors je l'ai fait.
I felt my phone vibrate in my pocket.,Je sentis mon téléphone vibrer dans ma poche.
I felt my phone vibrate in my pocket.,J'ai senti mon téléphone vibrer dans ma poche.
I figured you might change your mind.,Je me suis figuré que vous changeriez peut-être d'avis.
I figured you might change your mind.,Je me suis figuré que tu changerais peut-être d'avis.
I figured you might change your mind.,Je me suis figuré qu'il se pouvait que vous changiez d'avis.
I figured you might change your mind.,Je me suis figuré qu'il se pouvait que tu changes d'avis.
I forgot to give you my phone number.,J'ai oublié de te donner mon numéro de téléphone.
I forgot to give you my phone number.,J'ai oublié de vous donner mon numéro de téléphone.
I forgot to tell you my phone number.,J'ai oublié de vous indiquer mon numéro de téléphone.
I forgot to tell you my phone number.,J'ai oublié de t'indiquer mon numéro de téléphone.
I found it difficult to convince her.,J'ai eu du mal à la convaincre.
I found it easy to find the building.,J'ai trouvé cela facile de trouver le bâtiment.
I found it easy to solve the problem.,J'ai trouvé que le problème n'était pas difficile à résoudre.
I found it necessary to ask for help.,J'ai estimé nécessaire de demander de l'aide.
I found it necessary to ask for help.,J'ai estimé nécessaire de requérir de l'aide.
I found it necessary to ask for help.,J'ai estimé nécessaire de solliciter de l'aide.
I found out how to solve the problem.,Je trouvai comment résoudre le problème.
I found something I thought I'd lost.,J'ai trouvé quelque chose que je pensais avoir perdu.
I gave a homeless man twenty dollars.,J'ai donné vingt dollars à un sans-abri.
I gave orders I was to be left alone.,Je donnai des ordres pour qu'on me laisse tranquille.
I gave orders I was to be left alone.,J'ai donné des ordres pour qu'on me laisse tranquille.
I get only five days off this summer.,Je n'ai que cinq jours de vacances cet été.
I go to a restaurant every other day.,Je vais à un restaurant chaque autre jour.
I go to the dentist every second day.,Je me rends chez le dentiste tous les deux jours.
I got a fish bone stuck in my throat.,J'ai une arête coincée dans ma gorge.
I got a taxi in front of the station.,J'ai pris un taxi devant la gare.
I got another message from Tom today.,J'ai reçu un autre message de Tom aujourd'hui.
I got paid much less than I expected.,J'ai été payé bien moins que ce à quoi je m'attendais.
I got the gist of what he was saying.,J'ai entendu l'essentiel de ce qu'il disait.
I got you all right where I want you.,Je t'ai mené précisément où je voulais.
I got you all right where I want you.,Je vous ai mené précisément où je voulais.
I got you all right where I want you.,Je t'ai menée précisément où je voulais.
I got you all right where I want you.,Je vous ai menée précisément où je voulais.
I got you all right where I want you.,Je vous ai menés précisément où je voulais.
I got you all right where I want you.,Je vous ai menées précisément où je voulais.
I grasped the rope so as not to fall.,Je m'accrochai à la corde pour ne pas tomber.
I grasped the rope so as not to fall.,Je me suis accrochée à la corde pour ne pas tomber.
I grasped the rope so as not to fall.,Je me suis accroché à la corde pour ne pas tomber.
I guess it's too late to do that now.,J'imagine qu'il est trop tard pour faire cela maintenant.
I guess that's not such a big secret.,J'imagine que ce n'est pas un très grand secret.
I had a bladder infection last month.,J'ai eu une infection de la vessie le mois dernier.
I had a checkup the week before last.,J'ai eu un contrôle il y a deux semaines.
I had a drink or two before you came.,J'ai bu un ou deux verres avant que vous ne veniez.
I had a drink or two before you came.,J'ai bu un ou deux verres avant que tu ne viennes.
I had a fantastic time at your party.,J'ai passé du très bon temps à votre fête.
I had a fantastic time at your party.,J'ai passé du très bon temps à ta fête.
I had a really great time last night.,"Je me suis vraiment éclatée, hier soir."
I had a really great time last night.,"Je me suis vraiment éclaté, hier soir."
I had a really weird dream yesterday.,J'ai fait un rêve vraiment bizarre hier.
I had already left when they arrived.,J'étais déjà sorti lorsqu'ils arrivèrent.
I had intended to call Tom yesterday.,J'avais prévu d'appeler Tom hier.
I had met her many times before then.,Je l'avais rencontrée à de nombreuses reprises auparavant.
I had met him many times before then.,Je l'avais rencontré à de nombreuses reprises auparavant.
I had my hair cut at a barber's shop.,Je me suis fait couper les cheveux chez un barbier.
I had my watch repaired at the store.,J'ai fait réparer ma montre au magasin.
I had no idea you could speak French.,Je n'avais pas idée que vous saviez parler le français.
I had no idea you could speak French.,Je n'avais pas idée que tu savais parler le français.
I had no notion that you were coming.,Je ne pensais pas que vous viendriez.
I had the strangest dream last night.,"J'ai fait le rêve le plus étrange, la nuit passée."
I had to decide right then and there.,J'ai dû décider sur-le-champ.
I hardly ever take my dog for a walk.,Je promène rarement mon chien.
I hate being alone this time of year.,Je déteste être seul à cette époque de l'année.
I hate being alone this time of year.,Je déteste être seule à cette époque de l'année.
I hate the way the water tastes here.,"Je déteste le goût de l'eau, ici."
I have a friend who can speak French.,J'ai un ami qui sait parler français.
I have a friend who can speak French.,J'ai une amie qui sait parler français.
I have a large family to provide for.,J'ai une grande famille à nourrir.
I have a lot of money at my disposal.,J'ai beaucoup d'argent à ma disposition.
I have a pretty tight schedule today.,J'ai un programme assez chargé aujourd'hui.
I have a son not much older than you.,J'ai un fils pas beaucoup plus vieux que toi.
I have a son not much older than you.,J'ai un fils à peine plus vieux que vous.
I have a tight schedule this weekend.,J'ai un programme chargé ce week-end.
I have an urgent matter to attend to.,J'ai une affaire urgente à traiter.
I have connections in the government.,J'ai des relations au gouvernement.
I have connections in the government.,J'ai des relations dans le gouvernement.
I have connections in the government.,J'ai des relations au sein du gouvernement.
I have had quite enough of his jokes.,J'en ai tout à fait marre de ses plaisanteries.
I have lunch at noon with my friends.,Je déjeune à midi avec mes amis.
I have never heard him speak English.,Je ne l'ai jamais entendu parler anglais.
I have never seen a red refrigerator.,Je n'ai jamais vu de réfrigérateur rouge.
I have no idea how to use this thing.,Je n'ai aucune idée de comment utiliser ce truc.
I have no idea what Tom said to Mary.,Je n'ai aucune idée de ce que Tom a dit à Mary.
I have no idea what Tom's parents do.,Je n'ai aucune idée de ce que font les parents de Tom.
I have no money to buy the book with.,Je n'ai pas d'argent pour acheter ce livre.
I have no more than one thousand yen.,Je n'ai pas plus d'un millier de yens.
I have nothing more to say about him.,Je n'ai rien de plus à dire sur lui.
I have nothing particular to say now.,Je n'ai rien de particulier à dire maintenant.
I have nothing to do with that crime.,Je n'ai rien à voir avec ce crime.
I have nothing to do with the affair.,Je n'ai rien à voir avec cette affaire.
I have nothing to say in this regard.,"À cet égard, je n'ai rien à dire."
I have some numbness in my left hand.,Ma main gauche est engourdie.
I have some problems to take care of.,J'ai des problèmes à résoudre.
I have some things in the hotel safe.,J'ai quelques biens dans le coffre-fort de l'hôtel.
I have some things in the hotel safe.,J'ai quelques trucs dans le coffre-fort de l'hôtel.
I have something urgent to attend to.,J'ai quelque chose d'urgent auquel je dois assister.
I have things to attend to elsewhere.,J'ai des choses à faire ailleurs.
I have three hundred dollars in cash.,J'ai trois cents dollars en espèces.
I have to consider every possibility.,Je dois considérer toutes les éventualités.
I have to consider every possibility.,Je dois considérer toutes les possibilités.
I have to convince people to do that.,Je dois convaincre les gens de faire ça.
I have to make sure everything is OK.,Je dois m'assurer que tout va bien.
I have to part with my old furniture.,Je dois me séparer de mes vieux meubles.
I have to speak with you immediately.,Je dois te parler immédiatement.
I have to speak with you immediately.,Je dois vous parler immédiatement.
I have until tomorrow to finish this.,J'ai jusqu'à demain pour finir ça.
I haven't been happy for a long time.,Je n'ai pas été heureux depuis bien longtemps.
I haven't been happy for a long time.,Je n'ai pas été heureuse depuis longtemps.
I haven't eaten anything in six days.,Je n'ai rien mangé depuis six jours.
I haven't eaten for a couple of days.,Je n'ai pas mangé depuis deux jours.
I haven't finished reading this book.,Je n'ai pas fini de lire ce livre.
I haven't given the money to Tom yet.,Je n'ai pas encore donné l'argent à Tom.
I haven't got rid of my bad cold yet.,Je ne me suis pas encore débarrassé de mon mauvais rhume.
I haven't got rid of my bad cold yet.,Je ne me suis pas encore débarrassée de mon mauvais rhume.
I haven't had much time to see Japan.,Je n'ai pas eu beaucoup de temps pour voir le Japon.
I haven't left my room in three days.,Je n'ai pas quitté ma chambre depuis trois jours.
I haven't read today's newspaper yet.,Je n'ai pas encore lu le journal du jour.
I haven't read today's newspaper yet.,Je n'ai pas encore compulsé le journal du jour.
I haven't really made up my mind yet.,Je ne me suis pas vraiment encore décidé.
I haven't really made up my mind yet.,Je ne me suis pas vraiment encore décidée.
I haven't sold one of those in weeks.,Je n'en ai pas vendu un depuis des semaines.
I haven't sold one of those in weeks.,Je n'en ai pas vendu une depuis des semaines.
I hear that Tom and Mary have eloped.,J'ai appris que Tom et Mary se sont enfuis.
I heard you made a big mistake today.,J'ai entendu que tu avais fait une grosse erreur aujourd'hui.
I helped my mother clean the kitchen.,J'ai aidé ma mère à nettoyer la cuisine.
I hesitated about which road to take.,J'hésitais quant à la route à prendre.
I hesitated about which road to take.,J'hésitais sur la route à prendre.
I hope I don't flunk tomorrow's test.,J'espère que je ne vais pas rater le contrôle de demain.
I hope I never have to do that again.,J'espère que je n'aurai jamais à refaire ça.
I hope no one saw you coming in here.,J'espère que personne ne vous a vu entrer ici.
I hope nothing bad will happen to us.,J'espère que rien de mauvais ne nous arrivera.
I hope nothing bad will happen to us.,J'espère qu'il ne nous arrivera rien de grave.
I hope that you feel better tomorrow.,J'espère que tu te sentiras mieux demain.
I hope that you feel better tomorrow.,J'espère que vous vous sentirez mieux demain.
I hope the bus will come before long.,Ce serait bien que le bus arrive bientôt.
I hope we have fine weather tomorrow.,"J'espère que nous aurons du beau temps, demain."
I hope you enjoyed your stay with us.,J'espère que vous avez apprécié votre séjour parmi nous.
I hope you enjoyed your stay with us.,J'espère que tu as apprécié séjourner avec nous.
I hope you found everything you need.,J'espère que tu as trouvé tout ce dont tu as besoin.
I hope you found everything you need.,J'espère que vous avez trouvé tout ce dont vous avez besoin.
I hope you won't be too disappointed.,J'espère que vous ne serez pas trop déçus.
I hope you won't tell Tom about this.,J'espère que tu n'en parleras pas à Tom.
I hope you'll be very happy together.,J'espère que vous serez très heureux ensemble.
I hope you'll both be happy together.,J'espère que vous serez tous deux heureux ensemble.
I hope you're all having a good time.,J'espère que vous passez tous du bon temps.
I hope you're all having a good time.,J'espère que vous passez tous un bon moment.
I hope you're not afraid of the dark.,J'espère que tu n'as pas peur du noir.
I hope you're not afraid of the dark.,J'espère que vous n'êtes pas effrayé par l'obscurité.
I hope you're not afraid of the dark.,J'espère que vous n'avez pas peur du noir.
I intended to have finished the work.,J'avais l'intention de finir le travail.
I invited my friends over for coffee.,J'ai invité mes amis à venir prendre le café.
I just can't help worrying about you.,Je ne peux simplement pas m'empêcher de me faire du souci à ton sujet.
I just can't help worrying about you.,Je ne peux simplement pas m'empêcher de me faire du souci à votre sujet.
I just don't feel that way about you.,Je n'ai simplement pas ce sentiment à ton égard.
I just don't feel that way about you.,Je n'ai simplement pas ce sentiment à votre égard.
I just don't know if I'm good enough.,J'ignore simplement si je suis assez bon.
I just don't know if I'm good enough.,J'ignore simplement si je suis assez bonne.
I just don't know what to do anymore.,Je ne sais simplement plus quoi faire.
I just don't want to catch your cold.,"Je ne veux pas contracter ton rhume, un point c'est tout."
I just don't want to catch your cold.,"Je ne veux pas contracter votre rhume, un point c'est tout."
I just don't want to catch your cold.,Je ne veux tout simplement pas contracter ton rhume.
I just don't want to catch your cold.,Je ne veux tout simplement pas contracter votre rhume.
I just got back from my morning swim.,Je reviens juste de ma séance de natation du matin.
I just want to finish this and leave.,Je veux seulement finir ceci et partir.
I just want to say thanks to you all.,Je veux simplement tous vous dire merci.
I just want to say thanks to you all.,Je veux simplement vous dire merci à tous.
I just wanted to say that I love you.,Je voulais juste dire que je vous aime.
I just wanted to say that I love you.,Je voulais juste dire que je t'aime.
I kept the $20 I found in the street.,J'ai gardé les 20 $ que j'ai trouvés dans la rue.
I kind of expected you to come alone.,J'espérais un peu que tu viennes seul.
I kind of expected you to come alone.,J'espérais un peu que tu viennes seule.
I kind of expected you to come alone.,J'espérais un peu que vous veniez seul.
I kind of expected you to come alone.,J'espérais un peu que vous veniez seule.
I kind of expected you to come alone.,J'espérais un peu que vous veniez seuls.
I kind of expected you to come alone.,J'espérais un peu que vous veniez seules.
I knew we should've stayed in Boston.,Je savais qu'on aurait dû rester à Boston.
I knew you two would like each other.,Je savais que vous vous apprécieriez.
I knew you two would like each other.,"Je savais que vous vous aimeriez, tous les deux."
I knew you wouldn't have enough time.,Je savais que tu n'aurais pas assez de temps.
I know I shouldn't have eavesdropped.,Je sais que je n'aurais pas dû écouter aux portes.
I know absolutely nothing about that.,Je n'en sais absolument rien.
I know exactly what needs to be done.,Je sais exactement ce qui doit être fait.
"I know him by name, but not by sight.","Je le connais de nom, mais pas de visage."
"I know him by sight, but not by name.","Je le connais de vue, mais je ne connais pas son nom."
I know how difficult this is for you.,Je sais comme c'est difficile pour toi.
I know how difficult this is for you.,Je sais comme c'est difficile pour vous.
I know how difficult this is for you.,Je sais à quel point c'est difficile pour vous.
I know how to read between the lines.,Je sais lire entre les lignes.
I know that I should be sleeping now.,"Je sais que je devrais être en train de dormir, à l'heure qu'il est."
I know that that would make me happy.,Je sais que ça me rendrait heureux.
I know that that would make me happy.,Je sais que ça me rendrait heureuse.
I know that this is important to you.,Je sais que c'est important pour vous.
I know that this is important to you.,Je sais que c'est important pour toi.
I know that you still think about me.,Je sais que tu penses toujours à moi.
I know what happened at school today.,Je sais ce qu'il s'est passé à l'école aujourd'hui.
I know what you're probably thinking.,Je sais ce que vous êtes probablement en train de penser.
I know what you're probably thinking.,Je sais ce que tu es probablement en train de penser.
I know what you're trying to tell me.,Je sais ce que tu essaies de me dire.
I know whether or not he is an enemy.,Je sais si c'est un ennemi ou pas.
I know who I'd recommend for the job.,Je sais qui je recommanderais pour ce travail.
I know why Tom doesn't want to dance.,Je sais pourquoi Tom ne veut pas danser.
I know why you didn't tell the truth.,Je sais pourquoi tu n'as pas dit la vérité.
I know you have to go back to Boston.,Je sais que tu dois retourner à Boston.
I know you have to go back to Boston.,Je sais que vous devez retourner à Boston.
I know you were the one who did that.,Je sais que c'est toi qui l'as fait.
I know your older brother quite well.,Je connais assez bien ton frère aîné.
I leave the matter to your judgement.,Je laisse l'affaire à votre jugement.
I leave the matter to your judgement.,Je laisse la chose à ton jugement.
I left my tennis racket on the train.,J'ai oublié ma raquette de tennis dans le train.
I lied to my girlfriend about my age.,J'ai menti à ma petite amie au sujet de mon âge.
I like listening to Tom tell stories.,J'aime écouter Tom raconter des histoires.
I like stories that have sad endings.,J'aime les histoires ayant une fin triste.
I like to read before going to sleep.,J'aime lire avant de m'endormir.
I liked what you said at the meeting.,J'ai aimé ce que tu as dit pendant la réunion.
I liked what you said at the meeting.,J'ai aimé ce que vous avez dit lors de la réunion.
I listened to the radio this morning.,J'ai écouté la radio ce matin.
I lived in Australia for three years.,J'ai vécu trois ans en Australie.
I look forward to watching you dance.,J'ai hâte de te voir danser.
I look forward to watching you dance.,J'ai hâte de vous voir danser.
I looked at the calendar on the wall.,J'ai regardé le calendrier au mur.
"I love music, particularly classical.","J'aime la musique, surtout classique."
I love the sound of rain on the roof.,J'aime le son de la pluie sur le toit.
I love walking barefoot on the grass.,J'adore marcher pieds nus dans l'herbe.
I made myself a cup of hot chocolate.,Je me suis préparé une tasse de chocolat chaud.
I made sure that no one was watching.,Je me suis assuré que personne ne regardait.
I make it a rule not to stay up late.,Je tiens pour règle de ne pas veiller tard.
I managed to repair my car by myself.,Je me suis débrouillé pour réparer moi-même mon véhicule.
I may have left my wallet on the bus.,J'ai dû laisser mon portefeuille dans le bus.
"I meant to call her, but I forgot to.","J'avais l'intention de l'appeler, mais j'ai oublié."
I met her at the station by accident.,Je l'ai incidemment rencontrée à la gare.
I met her in the winter of last year.,Je l'ai rencontrée l'hiver dernier.
I met him at the end of the platform.,Je l'ai rencontré au bout du quai.
I met him on my way home from school.,Je l'ai rencontré sur le chemin de l'école à la maison.
I must have made a mistake somewhere.,J'ai dû me tromper quelque part.
I must postpone going to the dentist.,Je dois décaler mon rendez-vous chez le dentiste.
I must remind you about your promise.,Je dois te remémorer ta promesse.
I must remind you about your promise.,Je dois vous remémorer votre promesse.
I must replace that fluorescent lamp.,Je dois changer cette lampe fluorescente.
I need a Japanese-English dictionary.,J'ai besoin d'un dictionnaire japonais-anglais.
I need a lawyer who can speak French.,Il me faut un avocat sachant parler français.
I need a lawyer who can speak French.,J'ai besoin d'un avocat qui parle français.
I need another three hundred dollars.,J'ai besoin de trois cents dollars de plus.
I need someone to proofread my essay.,J'ai besoin de quelqu'un pour relire mon essai.
I need to ask you for a little favor.,J'aurais besoin que tu me rendes un petit service.
I need to know your answer by Friday.,J'ai besoin de connaître votre réponse pour vendredi.
I need to know your answer by Friday.,J'ai besoin de connaître ta réponse pour vendredi.
I need to know your answer by Friday.,J'ai besoin de connaître votre réponse d'ici vendredi.
I need you to focus and listen to me.,J'ai besoin que tu te concentres et que tu m'écoutes.
I never could hide anything from you.,Je n'ai jamais pu te cacher quoique ce soit.
I never thought I'd ever get married.,Je n'ai jamais pensé que je me marierais un jour.
I never thought I'd have so much fun.,Je n'ai jamais pensé que je m'amuserais autant.
I never thought it would be this bad.,Je n'ai jamais pensé que ça serait aussi mauvais.
I never thought it would be this bad.,Je n'ai jamais pensé que ça serait mauvais à ce point-là.
I never thought it would be this bad.,Je n'ai jamais pensé que ça serait aussi désastreux.
I never thought it would be this bad.,Je n'ai jamais pensé que ce serait aussi mauvais.
I never thought it would be this bad.,Je n'ai jamais pensé que ce serait mauvais à ce point-là.
I never thought it would be this bad.,Je n'ai jamais pensé que ce serait aussi désastreux.
I never thought they would accept me.,Je n'ai jamais cru qu'ils m'accepteraient.
I never want to feel like this again.,Je ne veux jamais plus me sentir ainsi.
I never wanted any of this to happen.,Je n'ai jamais voulu que survienne quoi que ce soit de ceci.
I no longer believe anything you say.,Je ne crois plus un mot de ce que tu dis.
I now know what I told you was wrong.,Je sais maintenant que ce que je t'ai dit était faux.
I now know what I told you was wrong.,Je sais maintenant que ce que je vous ai dit était incorrect.
I often do my homework before dinner.,Je fais souvent mes devoirs avant le dîner.
I often take a nap right after lunch.,Je fais souvent la sieste juste après le déjeuner.
I only read the first three chapters.,Je ne lis que les trois premiers chapitres.
I only read the first three chapters.,Je n'ai lu que les trois premiers chapitres.
I only want what's best for everyone.,Je veux seulement ce qui est le mieux pour tout le monde.
I only wish I could return the favor.,Je souhaiterais seulement pouvoir vous rendre la faveur.
I only wish I could return the favor.,Je souhaiterais seulement pouvoir te rendre la faveur.
I opened an account at a nearby bank.,J'ai ouvert un compte dans une banque du coin.
I opened an account at a nearby bank.,J'ouvris un compte dans une banque du coin.
I ordered several books from England.,J'ai commandé plusieurs livres d'Angleterre.
I ordered two teas and three coffees.,J'ai commandé deux thés et trois cafés.
I ought to punch you for saying that.,Je devrais te frapper pour avoir dit ça.
I overslept because I stayed up late.,J'ai trop dormi parce que je me suis couché tard.
I passed the test with flying colors.,J'ai passé le test haut la main.
I plan to get a job as soon as I can.,Je prévois de décrocher un emploi dès que je peux.
I planted an apple tree in my garden.,J'ai planté un pommier dans mon jardin.
I practiced speaking French with Tom.,Je me suis entraîné à parler français avec Tom.
I practiced speaking French with Tom.,Je me suis entraînée à parler français avec Tom.
I prefer to go barefoot in the house.,"À la maison, je préfère marcher pieds nus."
I pretended that I didn't understand.,J'ai prétendu ne pas comprendre.
I pretended that it didn't bother me.,J'ai fait comme si ça ne me dérangeait pas.
I pretended that it didn't bother me.,J'ai fait celui que ça ne dérangeait pas.
I pretended that it didn't bother me.,J'ai fait celle que ça ne dérangeait pas.
I pretended that it didn't bother me.,J'ai feint de n'en être pas dérangé.
I pretended that it didn't bother me.,J'ai fait celle que ça ne tracassait pas.
I pretended that it didn't bother me.,J'ai feint de n'en être pas dérangée.
I pretended that it didn't bother me.,J'ai feint de ne pas en être dérangée.
I pretended that it didn't bother me.,J'ai feint de ne pas en être dérangé.
I pretended that it didn't bother me.,J'ai fait celui que ça ne tracassait pas.
I pretended that it didn't bother me.,J'ai fait comme si ça ne me tracassait pas.
I probably shouldn't have eaten that.,Je n'aurais probablement pas dû manger ça.
I promise you I won't ever leave you.,Je te promets que je ne te quitterai jamais.
I promise you I won't ever leave you.,Je vous promets que je ne vous quitterai jamais.
I promised I wasn't going to do this.,J'ai promis que je n'allais pas faire ça.
I promised I wasn't going to do this.,Je promis que je n'allais pas faire ça.
I read an interesting book yesterday.,J'ai lu un livre intéressant hier.
I read at least one book every month.,Je lis au moins un livre tous les mois.
I really do have to get back to work.,Il me faut vraiment retourner au travail.
I really don't want to eat right now.,Je ne veux vraiment pas manger maintenant.
I really don't want to talk about it.,Je ne veux vraiment pas en parler.
I really don't want to talk about it.,Je ne veux vraiment pas en discuter.
I really have to get this done today.,Il me faut vraiment faire faire ceci aujourd'hui.
I really love her older sister a lot.,J'aime beaucoup sa sœur aînée.
I really must have my watch repaired.,Je dois vraiment faire réparer ma montre.
I really want Tom to stop doing that.,Je veux vraiment que Tom arrête de faire ça.
I recommend that you read that novel.,Je vous recommande ce roman.
I refuse to be taken in by her guile.,Je refuse de me laisser abuser par sa ruse.
I refuse to be taken in by her guile.,Je refuse de me laisser avoir par sa ruse.
I regret that I couldn't go with Tom.,Je regrette que je ne puisse pas y aller avec Tom.
I remember asking an old man the way.,Je me souviens avoir demandé mon chemin à un vieil homme.
I remember having seen her somewhere.,Je me souviens l'avoir vue quelque part.
I remember reading this novel before.,Je me souviens avoir lu ce roman auparavant.
I remember when I was about your age.,Je me souviens de lorsque j'avais à peu près votre âge.
I remember when I was about your age.,Je me souviens de lorsque j'avais à peu près ton âge.
I respect you for what you have done.,Je te respecte pour ce que tu as fait.
I returned the knife that I borrowed.,J'ai rendu le couteau que j'avais emprunté.
I run before breakfast every morning.,Je cours tous les matins avant le petit-déjeuner.
I saw a black cat run into the house.,J'ai vu un chat noir courir dans la maison.
I saw a black cat run into the house.,J'ai vu un chat noir entrer en courant dans la maison.
I saw a very good movie last weekend.,J'ai vu un très bon film le week-end dernier.
I saw some monkeys climbing the tree.,J'ai vu des singes grimper à l'arbre.
I saw the way Tom was looking at you.,J'ai vu la façon dont Tom te regardait.
I see no reason to tell you anything.,Je ne vois aucune raison de vous dire quoi que ce soit.
I see no reason to tell you anything.,Je ne vois aucune raison de te dire quoi que ce soit.
I see why you don't want to go there.,Je vois pourquoi tu ne veux pas t'y rendre.
I see why you don't want to go there.,Je vois pourquoi vous ne voulez pas y aller.
I share an apartment with my brother.,Je partage un appartement avec mon frère.
I should never have become a teacher.,Je n'aurais jamais dû devenir enseignante.
I should never have become a teacher.,Je n'aurais jamais dû devenir enseignant.
I should probably not have done that.,Je n'aurais probablement pas dû faire ça.
I should've bought a present for Tom.,J'aurais dû acheter un cadeau pour Tom.
I should've done that somewhere else.,J'aurais dû faire ça autre part.
I shouldn't have stayed up all night.,Je n'aurais pas dû veiller toute la nuit.
I shouldn't have stayed up all night.,Je n'aurais pas dû rester debout toute la nuit.
I spent all my money on stupid stuff.,J'ai claqué tout mon fric en conneries.
I spoke to my uncle on the telephone.,J'ai parlé à mon oncle au téléphone.
I start work at eight in the morning.,Je commence le travail à huit heures le matin.
I started learning Chinese last week.,J'ai commencé à apprendre le chinois la semaine dernière.
I stayed home because it was raining.,Je suis resté chez moi car il pleuvait.
I still don't speak French very well.,Je ne parle pas encore très bien français.
I still don't understand the problem.,Je ne comprends toujours pas le problème.
I still have no idea what's going on.,Je n'ai toujours aucune idée de ce qui se passe.
I still love the way you smile at me.,J'aime toujours la manière que tu as de me sourire.
I stuck with it until I was finished.,Je m'y suis tenu jusqu'à ce que j'aie fini.
I stuck with it until I was finished.,Je m'y suis tenue jusqu'à ce que j'aie fini.
I study English on Monday and Friday.,J'apprends l'anglais le lundi et le vendredi.
I suddenly thought of my dead mother.,"Soudain, j'ai pensé à ma mère décédée."
I suppose I asked too many questions.,Je suppose que j'ai posé trop de questions.
I suppose I shouldn't have said that.,Je suppose que je n'aurais pas dû dire ça.
I suppose you have the right to know.,Je suppose que tu as le droit de savoir.
I suppose you have the right to know.,Je suppose que vous avez le droit de savoir.
I swear I will never do such a thing.,Je jure que je ne ferai jamais une telle chose.
I talk to Tom on the phone every day.,"Tous les jours, je parle à Tom au téléphone."
I think I can do it in my spare time.,Je pense que je pourrais le faire pendant mon temps libre.
I think I just heard somebody scream.,Je pense que je viens d'entendre quelqu'un crier.
I think I may know where to find Tom.,Je crois savoir où trouver Tom.
I think I shouldn't have married you.,Je pense que je n'aurais pas dû t'épouser.
I think I'll go buy something to eat.,Je pense que je vais aller chercher quelque chose à manger.
I think I've fallen in love with you.,Je pense que je suis tombé amoureux de toi.
I think I've fallen in love with you.,Je pense que je suis tombée amoureuse de toi.
I think Tom has been punished enough.,Je pense que Tom a été suffisamment puni.
I think Tom is going to like it here.,Je pense que Tom va se plaire ici.
I think Tom may be telling the truth.,Je pense qu'il se peut que Tom dise la vérité.
I think Tom will never become famous.,Je pense que Tom ne deviendra jamais célèbre.
I think Tom will never become famous.,"Selon moi, Tom ne deviendra jamais connu."
I think death is preferable to shame.,Je pense que la mort est préférable à la honte.
I think it won't rain this afternoon.,Je pense qu'il ne pleuvra pas cette après-midi.
I think it won't rain this afternoon.,Je pense qu'il ne pleuvra pas cet après-midi.
I think it's time for me to speak up.,Je pense qu'il est temps pour moi de parler.
I think it's time for you to grow up.,Je pense qu'il est temps pour toi de grandir.
I think it's too late to do that now.,Je pense qu'il est trop tard pour faire ça maintenant.
I think maybe Tom and Mary should go.,Je pense que Tom et Marie doivent s'en aller.
I think my plan is better than yours.,Je pense que mon plan est meilleur que le tien.
I think she will succeed as a lawyer.,Je pense qu'elle réussira comme avocat.
I think that it was Tom who did that.,Je pense que c'était Tom qui avait fait ça.
I think that it's going to rain soon.,Je pense qu'il va pleuvoir bientôt.
I think that it's going to rain soon.,Je pense qu'il va bientôt pleuvoir.
I think that my German is really bad.,Je crois que mon allemand est vraiment à chier.
I think that this is a turning point.,Je pense que c'est un tournant.
I think that we should do that again.,Je pense que nous devrions refaire ça.
I think that we should do that again.,Je pense que nous devrions le refaire.
I think that wouldn't be a good idea.,Je pense que cela ne serait pas une bonne idée.
I think that's the right thing to do.,Je pense que c'est la bonne chose à faire.
I think we all know what's happening.,Je pense que nous savons tous ce qui se passe.
I think we all know what's happening.,Je pense que nous savons toutes ce qui se passe.
I think we all know what's happening.,Je pense que nous savons tous ce qui arrive.
I think we all know what's happening.,Je pense que nous savons toutes ce qui arrive.
I think we need to go back to Boston.,Je pense que nous devons retourner à Boston.
I think we should change the subject.,Je pense que nous devrions changer de sujet.
I think we still have plenty of time.,Je pense que nous avons encore largement le temps.
I think we still have plenty of time.,Je pense que nous disposons encore de beaucoup de temps.
I think we'd better do what Tom asks.,Je pense qu’il vaudrait mieux faire ce que Tom demande.
I think we'd better start over again.,Je pense que nous ferions mieux de recommencer du départ.
I think we've got it figured out now.,Je pense que c'est désormais au point.
I think we've seen this movie before.,Je crois que nous avons déjà vu ce film.
I think what Tom did was very stupid.,Je pense que ce que Tom a fait a été très stupide.
I think what Tom is doing is amazing.,Je pense que ce que Tom est en train de faire est incroyable.
I think what you just did is illegal.,Je pense que ce que tu viens de faire est illégal.
I think what you just did is illegal.,Je pense que ce que vous venez de faire est illégal.
I think you are the one who broke it.,Je pense que vous êtes celui qui l'a cassé.
I think you are the one who broke it.,Je pense que vous êtes celui qui l'a cassée.
I think you are the one who broke it.,Je pense que vous êtes celle qui l'a cassé.
I think you are the one who broke it.,Je pense que vous êtes celle qui l'a cassée.
I think you know what has to be done.,Je pense que tu sais ce qui doit être fait.
I think you know what has to be done.,Je pense que vous savez ce qui doit être fait.
I think you know why I can't do that.,Je pense que vous savez pourquoi je ne peux pas faire ça.
I think you know why I can't do that.,Je pense que tu sais pourquoi je ne peux pas faire ça.
I think you mentioned that last week.,Je pense que vous avez mentionné cela la semaine dernière.
I think you mentioned that last week.,Je pense que tu as mentionné cela la semaine dernière.
I think you should drink some coffee.,Je pense que tu devrais boire un peu de café.
I think you'll find this interesting.,Je pense que vous trouverez ceci intéressant.
I think you'll find this interesting.,Je pense que tu trouveras ceci intéressant.
I think you've made the wrong choice.,Je pense que vous avez fait le mauvais choix.
I thought I saw a rabbit on the road.,J'avais l'impression d'avoir vu un lapin sur la route.
I thought I'd prefer going by myself.,Je pensais que je préférerais y aller seul.
I thought I'd prefer going by myself.,Je pensais que je préférerais m'y rendre seul.
I thought maybe that would be enough.,J'ai pensé que ce serait peut-être assez.
I thought that went exceedingly well.,J'ai trouvé que ça s'est bien passé.
I thought that would be a great idea.,Je pensais que ça pouvait être une bonne idée.
I thought that you lived by yourself.,Je croyais que tu vivais seul.
I thought we could stay here all day.,J'ai pensé que nous pourrions rester ici toute la journée.
I thought you had it all figured out.,Je pensais que tu avais tout calculé.
I thought you had it all figured out.,Je pensais que vous aviez tout calculé.
I thought you lived with your family.,Je pensais que tu vivais avec ta famille.
I thought you wanted to come with us.,Je pensais que tu voulais venir avec nous.
I thought you wanted to come with us.,Je pensais que vous vouliez venir avec nous.
I told Tom how Mary had been injured.,J'ai dit à Tom comment Mary avait été blessée.
I told everybody about what happened.,J'ai parlé à tout le monde de ce qui s'est passé.
I told him to come the following day.,Je lui ai dit de venir le jour suivant.
I took a shower and then went to bed.,J'ai pris une douche puis suis allé au lit.
I took the opportunity to visit Rome.,J'en ai profité pour visiter Rome.
I traded in my old car for a new one.,J'ai échangé ma vieille voiture contre une neuve.
I tried everything to keep him alive.,J'ai tout essayé pour le maintenir en vie.
I tried to learn the melody by heart.,J'ai essayé d'apprendre la mélodie par cœur.
I try to help Tom every chance I get.,J'essaie d'aider Tom dès que j'en ai l'occasion.
I understand how angry Tom must feel.,Je comprends la colère que peut ressentir Tom.
I understand your position perfectly.,Je comprends parfaitement votre position.
I understand your position perfectly.,Je comprends parfaitement ta position.
I used to do a lot of volunteer work.,Je faisais beaucoup de bénévolat.
I used to fish for hours on holidays.,"En vacances, je pouvais passer des heures à la pêche."
I used to listen to English programs.,J'avais coutume d'écouter des programmes en anglais.
I used to play tennis in high school.,Je jouais au tennis au lycée.
I used to play with a couple of boys.,J'avais l'habitude de jouer avec un couple de garçons.
I used to take a walk in the morning.,J'avais l'habitude de faire une promenade au cours de la matinée.
I want a person who can speak French.,Je veux quelqu'un qui sache parler français.
I want credit for the work I've done.,Je veux de la reconnaissance pour le travail que j'ai effectué.
I want my money returned immediately.,Je veux que mon argent me soit restitué sur-le-champ.
I want to be someone you can turn to.,Je veux être quelqu'un vers qui l'on se tourne.
I want to buy a more expensive watch.,Je veux acheter une montre plus chère.
I want to buy a more expensive watch.,Je veux acheter une montre plus onéreuse.
I want to buy a shirt for my brother.,Je veux acheter une chemise pour mon frère.
"I want to go, but I don't have money.","Je veux partir, mais je n'ai pas d'argent."
I want to have a telephone installed.,Je veux faire installer le téléphone.
I want to hear the rest of the story.,Je veux entendre le reste de l'histoire.
I want to know absolutely everything.,Je veux absolument tout savoir.
I want to know when Tom will be back.,Je veux savoir quand Tom sera de retour.
I want to know why Tom couldn't come.,Je veux savoir pourquoi Tom n'a pas pu venir.
I want to know why you're doing this.,Je veux savoir pourquoi tu fais ça.
I want to know why you're doing this.,Je veux savoir pourquoi vous faites ceci.
I want to lie down for a few minutes.,Je veux m'allonger quelques minutes.
I want to make sure it's good enough.,Je veux m'assurer que c'est assez bon.
I want to make sure nothing's broken.,Je veux vérifier que c'est pas cassé.
I want to share my thoughts with you.,J'aimerais vous faire part de mes réflexions.
I want to spend all my time with you.,Je veux passer tout mon temps avec vous.
I want to spend all my time with you.,Je veux passer tout mon temps avec toi.
I want to stay here as long as I can.,Je veux rester ici aussi longtemps que possible.
I want to take a closer look at that.,Je veux inspecter cela de plus près.
I want to talk to you about tomorrow.,Je veux vous parler à propos de demain.
I want to talk to you about tomorrow.,Je veux te parler à propos de demain.
I want to tell you about my problems.,Je veux te parler de mes problèmes.
I want to tell you about my problems.,Je veux vous parler de mes problèmes.
I want you focus on the here and now.,Je veux que tu te concentres sur ici et maintenant.
I want you to come somewhere with me.,Je veux que tu m'accompagnes quelque part.
I want you to come somewhere with me.,Je veux que vous m'accompagniez quelque part.
I want you to consider this proposal.,Je veux que tu considères cette proposition.
I want you to consider this proposal.,Je veux que vous preniez en compte cette proposition.
I want you to fly to Boston tomorrow.,"Je veux que tu voles vers Boston, demain."
I want you to fly to Boston tomorrow.,"Je veux que vous voliez vers Boston, demain."
I want you to get started right away.,Je veux que vous vous y mettiez immédiatement.
I want you to get started right away.,Je veux que vous vous y mettiez sur-le-champ.
I want you to get started right away.,Je veux que tu t'y mettes immédiatement.
I want you to get started right away.,Je veux que tu t'y mettes sur-le-champ.
I want you to help me this afternoon.,Je veux que tu m'aides cet après-midi.
I want you to listen to me carefully.,Je veux que tu m'écoutes attentivement.
I want you to listen to me carefully.,Je veux que vous m'écoutiez attentivement.
I want you to play the guitar for me.,Je veux que tu joues de la guitare pour moi.
I want you to tell me how to do this.,Je veux que tu me dises comment faire ceci.
I want you to tell me how to do this.,Je veux que vous me disiez comment faire ceci.
I was a volunteer for two afternoons.,J'ai été bénévole pendant deux après-midis.
I was able to accomplish a lot today.,"J'ai été en mesure de réaliser beaucoup, aujourd'hui."
I was afraid I'd never see you again.,Je craignais de ne jamais vous revoir.
I was afraid I'd never see you again.,J'avais peur de ne jamais te revoir.
I was given a nice watch by my uncle.,Mon oncle m'a donné une jolie montre.
I was in the hospital a few days ago.,J'étais à l'hôpital il y a quelques jours.
I was involved in a traffic accident.,J'ai été impliqué dans un accident de la circulation.
I was just doing what had to be done.,Je faisais juste ce qui avait besoin d'être fait.
I was looking for a pair of scissors.,Je cherchais une paire de ciseaux.
I was looking forward to meeting you.,J'étais impatient de te rencontrer.
I was looking forward to meeting you.,J'étais impatiente de te rencontrer.
I was looking forward to meeting you.,J'étais impatient de vous rencontrer.
I was looking forward to meeting you.,J'étais impatiente de vous rencontrer.
I was more than a little embarrassed.,J'étais plus que mal à l'aise.
I was scared that you might leave me.,J'avais peur que tu me quittes.
I was scared to be alone in the dark.,J'avais peur d'être toute seule dans le noir.
I was so sure this was what I wanted.,J'étais sûr que c'était ce que je voulais.
I was so sure this was what I wanted.,J'étais sûre que c'était ce que je voulais.
I was the worst student in the class.,J'étais le pire étudiant de la classe.
I was the worst student in the class.,J'étais la pire étudiante de la classe.
I was thinking about getting married.,J'étais en train de penser à me marier.
I was thinking about getting married.,J'étais en train de penser au mariage.
I was unable to look her in the face.,Je fus incapable de la regarder en face.
I was very confused by his questions.,Je fus très confus par ses questions.
I was very motivated to learn French.,J'étais très motivé pour apprendre le français.
I was wondering if you could help me.,Je me demandais si vous pouviez m'aider.
I wasted all morning waiting for you.,J'ai perdu toute la matinée à t'attendre.
I wasted all morning waiting for you.,J'ai gâché toute la matinée à vous attendre.
I watched TV for two hours yesterday.,"J'ai regardé la télévision pendant deux heures, hier."
I watched a Swedish movie last night.,J'ai regardé un film suédois la nuit dernière.
I went for a walk to try to sober up.,J'ai fait une promenade pour essayer de me calmer.
I went to Europe by way of Anchorage.,Je suis allé en Europe via Anchorage.
I went to the bank to take out money.,J'allai à la banque pour retirer de l'argent.
I went to the bank to take out money.,Je suis allé à la banque pour prendre de l'argent.
I went to the bank to take out money.,Je me suis rendu à la banque pour retirer de l'argent.
I went to the library to read a book.,Je suis allé à la bibliothèque pour lire un livre.
I went to the movies with my brother.,Je suis allée au cinéma avec mon frère.
I will be waiting for you in my room.,Je t'attendrai dans ma chambre.
I will come to your country some day.,Je viendrai dans ton pays un de ces jours.
I will do whatever you tell me to do.,Je ferai tout ce que vous me demanderez.
I will finish this work by 5 o'clock.,Je vais finir ce travail à 5 h 00.
I will give you half of my ice cream.,Je te donnerai la moitié de ma glace.
I will go out if it is fine tomorrow.,Je sortirai demain s'il fait beau.
I will have to be away for some time.,Je vais devoir m'absenter quelque temps.
I will stand by you whatever happens.,Je serai à tes côtés quoi qu'il arrive.
I wish I could make up for lost time.,J'aimerais pouvoir rattraper le temps perdu.
I wish I could take back what I said.,Si seulement je pouvais reprendre ce que j'ai dit.
I wish I could understand you better.,J'aurais aimé mieux vous comprendre.
I wish someone would help me do that.,J'aimerais que quelqu'un m'aide pour le faire.
I wish you could be a little quieter.,Si seulement tu pouvais être un peu plus tranquille !
I won't always be around to help you.,Je ne serai pas toujours là pour vous aider.
I won't always be around to help you.,Je ne serai pas toujours dans le coin pour t'aider.
I won't be getting married this year.,Je ne me marierai pas cette année.
"I won't quit, no matter what you say.","Je ne renoncerai pas, peu importe ce que tu dis."
I wonder how long it's going to take.,Je me demande combien de temps ça va prendre.
I wonder how long we'll have to wait.,Je me demande combien de temps nous allons devoir attendre.
I wonder if Tom is trying to kill me.,Je me demande si Tom essaie de me tuer.
I wonder if anything happened to him.,Je me demande si quoi que ce soit lui est arrivé.
I wonder if what I wrote was correct.,Je me demande si ce que j'ai écrit était correct.
I wonder what they're laughing about.,Je me demande ce qui les fait rire.
I wonder whether or not Tom is alive.,Je me demande si Tom est encore en vie.
I worked hard all day long yesterday.,J'ai travaillé dur toute la journée d'hier.
I would like an air-conditioned room.,Je voudrais une chambre avec air conditionné.
I would like the least expensive one.,Je voudrais le moins cher.
I would like the least expensive one.,Je voudrais la moins chère.
I would like to have a cup of coffee.,J'aimerais prendre une tasse de café.
I would like to visit France someday.,"Un jour, j'aimerais visiter la France."
I would like to visit France someday.,"Un de ces jours, j'aimerais visiter la France."
I would like to walk along the river.,Je voudrais marcher le long de la rivière.
I would like you to go instead of me.,Je préférerais que tu y ailles au lieu de moi.
I would rather have a cat than a dog.,J'aimerais avoir un chat plutôt qu'un chien.
I would rather not go shopping alone.,Je préférerais ne pas aller faire les courses seul.
I wouldn't bet on that if I were you.,Je ne parierais pas sur ça si j'étais toi.
I wouldn't want to miss your concert.,Je ne voudrais pas rater votre concert.
I wrote some postcards to my friends.,J'ai écrit des cartes postales à mes amis.
I'd do my homework now if I were you.,Je ferais mes devoirs maintenant si j'étais toi.
I'd like to ask a few more questions.,J'aimerais poser quelques questions supplémentaires.
I'd like to ask a few more questions.,J'aimerais poser quelques questions additionnelles.
I'd like to borrow your car tomorrow.,J'aimerais emprunter ta voiture demain.
I'd like to borrow your car tomorrow.,J'aimerais emprunter votre voiture demain.
I'd like to find somebody to talk to.,J'aimerais trouver quelqu'un à qui parler.
I'd like to find somebody to talk to.,J'aimerais trouver quelqu'un avec qui m'entretenir.
I'd like to get off at the next stop.,J'aimerais descendre au prochain arrêt.
I'd like to go to Australia sometime.,J'aimerais visiter l'Australie un jour.
"I'd like to go with you, but I can't.",J'aimerais y aller avec toi mais je ne peux pas.
"I'd like to go with you, but I can't.",J'aimerais y aller avec vous mais je ne peux pas.
I'd like to have ketchup on the side.,J'aimerais avoir le ketchup à part.
I'd like to have ketchup on the side.,Je voudrais avoir du ketchup à part.
I'd like to have these pants cleaned.,J'aimerais que l'on nettoie ce pantalon.
I'd like to introduce you to my wife.,J'aimerais vous présenter à mon épouse.
I'd like to introduce you to my wife.,J'aimerais te présenter à ma femme.
I'd like to reconfirm my reservation.,J'aimerais reconfirmer ma réservation.
I'd like to spend more time with you.,J'aimerais passer davantage de temps avec vous.
I'd like to spend more time with you.,J'aimerais passer davantage de temps avec toi.
I'd like to talk to you for a minute.,J'aimerais vous parler une minute.
I'd like to talk to you for a minute.,J'aimerais te parler une minute.
I'd like to talk to you in my office.,J'aimerais te parler dans mon bureau.
I'd like to talk to you in my office.,J'aimerais vous parler dans mon bureau.
I'd like to talk with you in private.,J'aimerais avoir un mot avec toi en privé.
I'd like to thank you all for coming.,J'aimerais tous vous remercier d'être venus.
I'd like to thank you all for coming.,J'aimerais toutes vous remercier d'être venues.
"I'd like you to meet my brother, Tom.","J'aimerais que vous rencontriez mon frère, Tom."
I'd love to find out why she said so.,J'aimerais bien découvrir pourquoi elle a ainsi parlé.
I'd rather do this without your help.,Je préférerais le faire sans ton aide.
I'd rather do this without your help.,Je préférerais le faire sans votre aide.
I'd rather stay home than go fishing.,Je préférerais rester à la maison que d'aller pêcher.
I'd really love a cold glass of milk.,J'aimerais bien un verre de lait froid.
I'd really rather be alone right now.,"Je préfèrerais vraiment être seule, à cet instant."
I'd really rather be alone right now.,"Je préfèrerais vraiment être seul, à cet instant."
I'll be fine if I take a little rest.,Ça ira si je me repose un peu.
I'll be sixteen years old next month.,J'aurai seize ans le mois prochain.
I'll come back home as soon as I can.,Je reviendrai aussitôt que je peux.
I'll do everything you tell me to do.,Je ferai tout ce que vous me dites de faire.
I'll do that in the very near future.,Je ferai ça dans un avenir très proche.
I'll explain it in more detail later.,Je l'expliquerai plus en détail plus tard.
I'll get in touch with you next week.,Je vous contacterai la semaine prochaine.
I'll get in touch with you next week.,Je te contacterai la semaine prochaine.
I'll give you a call when I get home.,Je t'appellerai quand je rentre.
I'll give you a good piece of advice.,Je vous donnerai un bon conseil.
I'll give you a good piece of advice.,Je te donnerai un bon conseil.
I'll give you a piece of good advice.,Je te donnerai un bon conseil.
I'll give you all the money you need.,Je te donnerai tout l'argent dont tu as besoin.
I'll give you all the money you need.,Je vous donnerai tout l'argent dont vous avez besoin.
I'll give you all the money you want.,Je vous donnerai tout l'argent que vous voulez.
I'll give you all the money you want.,Je te donnerai tout l'argent que tu veux.
I'll give you money if you need some.,Je vais vous donner de l'argent si vous en avez besoin.
I'll give you something for the pain.,Je vais vous donner quelque chose pour la douleur.
I'll give you something for the pain.,Je vais te donner quelque chose pour la douleur.
I'll leave it up to your imagination.,Je laisse cela à votre imagination.
I'll leave it up to your imagination.,Je laisse cela à ton imagination.
I'll only ask you this question once.,Je ne te le demanderai qu'une fois.
I'll probably get fired if I do that.,Je me ferai probablement renvoyer si je fais ça.
I'll see what else I can find to eat.,Je vais voir ce que je peux trouver d'autre à manger.
I'll see you tomorrow at the library.,Je te vois demain à la bibliothèque.
I'll send someone up to help you now.,Je vais t'envoyer quelqu'un pour t'aider maintenant.
I'll send you a postcard from Boston.,Je t'enverrai une carte postale de Boston.
I'll set the alarm for seven o'clock.,Je vais mettre l'alarme sur sept heures.
I'll show you how to properly use it.,Je vais te montrer comme l'utiliser correctement.
I'll show you how to properly use it.,Je vais vous montrer comme l'utiliser correctement.
I'll show you the way to the station.,Je vais vous montrer le chemin jusqu'à la gare.
I'll stay with my uncle in Australia.,Je resterai avec mon oncle en Australie.
I'll teach you what you need to know.,Je vous enseignerai ce que vous avez besoin de savoir.
I'll teach you what you need to know.,Je t'enseignerai ce que tu as besoin de savoir.
I'll teach you what you need to know.,Je vous apprendrai ce qu'il vous faut connaître.
I'll teach you what you need to know.,Je t'apprendrai ce qu'il te faut connaître.
I'll think about it over the weekend.,J'y réfléchirai au cours du week-end.
I'll try to do that before I go home.,J'essayerai de faire ça avant de rentrer chez moi.
I'm a member of the sales department.,Je fais partie du service des ventes.
I'm adding the finishing touches now.,J'ajouterai la touche finale.
I'm adding the finishing touches now.,Je suis en train d'ajouter les touches finales.
I'm afraid that's no longer possible.,J'ai bien peur que cela ne soit plus possible.
I'm afraid this data is not reliable.,J'ai bien peur que ces données ne soient pas fiables.
I'm afraid you have the wrong number.,Vous vous êtes trompé de numéro.
I'm afraid you have the wrong number.,J'ai bien peur que vous n'ayez un mauvais numéro.
I'm afraid you have the wrong number.,J'ai peur que vous ayez le mauvais numéro.
I'm afraid you have the wrong number.,Je crains que vous n'ayez le mauvais numéro.
I'm almost always at home on Mondays.,Je suis presque toujours chez moi le lundi.
I'm always forgetting people's names.,J'oublie toujours les noms des gens.
I'm always forgetting people's names.,J 'oublie toujours le nom des gens.
I'm content with my current position.,Je suis satisfait de ma position actuelle.
I'm getting tired of your complaints.,J'en ai marre de vos plaintes.
I'm getting tired of your complaints.,J'en ai marre de tes plaintes.
I'm getting used to the weather here.,Je m'habitue au temps d'ici.
I'm glad to be the one who tells you.,Je me réjouis d'être celui qui te le dit.
I'm glad to be the one who tells you.,Je me réjouis d'être celui qui vous le dit.
I'm glad to be the one who tells you.,Je me réjouis d'être celle qui te le dit.
I'm glad to be the one who tells you.,Je me réjouis d'être celle qui vous le dit.
I'm glad to be the one who tells you.,Je me réjouis d'être celle qui te l'annonce.
I'm glad to be the one who tells you.,Je me réjouis d'être celui qui te l'annonce.
I'm glad to be the one who tells you.,Je me réjouis d'être celle qui vous l'annonce.
I'm glad to be the one who tells you.,Je me réjouis d'être celui qui vous l'annonce.
I'm glad to have a roof over my head.,Je suis contente d'avoir un toit au-dessus de la tête.
I'm glad to have a roof over my head.,Je suis heureux d'avoir un toit au-dessus de la tête.
I'm glad to see you're finally happy.,Je suis ravi de te voir finalement heureux.
I'm glad you could come to the party.,Je suis content que tu aies pu venir à la fête.
I'm going to Boston for the holidays.,Je vais à Boston pour les vacances.
I'm going to Boston for three months.,Je vais à Boston pour trois mois.
I'm going to apply for a scholarship.,Je vais solliciter une bourse.
I'm going to ask you a few questions.,Je vais vous poser quelques questions.
I'm going to ask you to do your duty.,Je vais te demander de faire ton devoir.
I'm going to ask you to do your duty.,Je vais vous demander de faire votre devoir.
I'm going to be late for the meeting.,Je vais être en retard pour la réunion.
I'm going to be very honest with you.,Je vais être très honnête avec toi.
I'm going to be very honest with you.,Je vais être très honnête avec vous.
I'm going to go to bed early tonight.,Je vais aller me coucher tôt ce soir.
I'm going to head back to the office.,Je vais retourner travailler au bureau.
"I'm going to my room, so I can study.",Je vais dans ma chambre pour pouvoir étudier.
I'm going to need someone to help me.,Je vais avoir besoin de quelqu'un pour m'aider.
I'm going to play tennis next Monday.,Je vais faire du tennis lundi prochain.
I'm going to see Mary this afternoon.,J'ai l'intention de voir Mary cet après-midi.
I'm going to stay here a few minutes.,Je vais rester ici quelques minutes.
I'm going to take care of it for you.,Je vais y faire attention pour toi.
I'm going to take care of it for you.,Je vais m'en occuper pour toi.
I'm going to take the dog to the vet.,Je vais emmener le chien chez le véto.
I'm going to the park this afternoon.,Je vais au parc cet après-midi.
I'm halfway through this crime novel.,Je suis à la moitié de ce roman policier.
I'm halfway through this crime novel.,Je suis à mi-chemin de ce roman policier.
I'm having a hard time concentrating.,J'ai du mal à me concentrer.
I'm here to ask for your cooperation.,Je suis ici pour demander votre coopération.
I'm just trying to uncover the truth.,J'essaye seulement de découvrir la vérité.
I'm looking for a gift for my friend.,Je cherche un cadeau à offrir à mon ami.
I'm looking for a job that pays well.,Je recherche un boulot bien payé.
I'm looking forward to the next time.,Je suis impatient de la prochaine fois.
I'm looking forward to the next time.,Je suis impatiente de la prochaine fois.
I'm lucky that no one saw me do that.,Je suis chanceux que personne ne m'ait vu faire ça.
I'm not accusing anybody of anything.,Je n'accuse personne de quoi que ce soit.
I'm not accustomed to such treatment.,Je ne suis pas habitué à un tel traitement.
I'm not at all interested in physics.,La physique ne m'intéresse pas du tout.
I'm not at all interested in physics.,Je ne suis pas du tout intéressé par la physique.
I'm not at all interested in physics.,Je ne suis pas du tout intéressée par la physique.
I'm not discounting that possibility.,Je n'écarte pas cette possibilité.
I'm not going to the movies tomorrow.,"Demain, je ne vais pas au cinéma."
I'm not going to the movies tomorrow.,"Je n'irai pas au cinéma, demain."
I'm not going to the movies with you.,Je ne vais pas au cinéma avec toi.
I'm not in the mood to do that today.,Je ne suis pas d'humeur à faire ça aujourd'hui.
I'm not interested in a relationship.,Je ne suis pas intéressé par une relation.
I'm not interested in a relationship.,Je ne suis pas intéressée par une relation.
I'm not interested in what you think.,Ce que tu penses ne m'intéresse pas.
I'm not interested in what you think.,Ce que vous pensez ne m'intéresse guère.
I'm not leaving the two of you alone.,Je ne vous laisse pas seuls tous les deux.
I'm not leaving the two of you alone.,Je ne vous laisse pas seules toutes les deux.
I'm not strong enough to do that yet.,Je ne suis pas encore assez fort pour faire ça.
I'm not sure if Tom can speak French.,Je ne suis pas sûr que Tom sache parler français.
I'm not sure if Tom can speak French.,Je ne suis pas sûre que Tom sache parler français.
I'm not sure that I have enough time.,Je ne suis pas sûr d'avoir assez de temps.
I'm not sure that that's a good idea.,Je ne suis pas sûr que ça soit une bonne idée.
I'm not sure that that's a good idea.,Je ne suis pas sûre que ça soit une bonne idée.
I'm not surprised you don't remember.,Je ne suis pas surpris que vous ne vous en souveniez pas.
I'm not surprised you don't remember.,Je ne suis pas surprise que vous ne vous en souveniez pas.
I'm not surprised you don't remember.,Je ne suis pas surpris que tu ne t'en souviennes pas.
I'm not surprised you don't remember.,Je ne suis pas surprise que tu ne t'en souviennes pas.
I'm not the only one who can do this.,Je ne suis pas le seul à pouvoir faire ça.
I'm not the only one who can do this.,Je ne suis pas la seule à pouvoir faire ceci.
I'm not the only one who wants to go.,Je ne suis pas le seul à vouloir y aller.
I'm not the only one who wants to go.,Je ne suis pas la seule qui veut y aller.
I'm on good terms with the neighbors.,J'ai de bonnes relations avec mes voisins.
I'm only doing what needs to be done.,Je ne fais que ce qu'il est nécessaire de faire.
I'm pleased with my new bathing suit.,Je suis content de ma nouvelle veste.
I'm pretty certain that won't happen.,Je suis assez certain que cela n'arrivera pas.
I'm proud of the work I've done here.,Je suis fière du travail que j'ai fait ici.
I'm proud of the work I've done here.,Je suis fière du travail que j'ai accompli ici.
I'm proud of the work I've done here.,Je suis fier du travail que j'ai fait ici.
I'm proud of the work I've done here.,Je suis fier du travail que j'ai accompli ici.
I'm really not interested in history.,Je ne suis vraiment pas intéressé par l'histoire.
I'm really not interested in history.,Je ne suis vraiment pas intéressée par l'histoire.
I'm really surprised you got a prize.,Je suis vraiment surpris que vous ayez obtenu un prix.
I'm really surprised you got a prize.,Je suis vraiment surprise que vous ayez obtenu un prix.
I'm scheduled to have lunch with him.,Il est prévu que je déjeune avec lui.
I'm so happy to finally be back home.,Je suis tellement heureux d'être enfin de retour à la maison.
I'm sorry it had to be done this way.,Je suis désolé qu'il ait fallu le faire de cette manière.
I'm sorry it had to be done this way.,Je suis désolée qu'il ait fallu le faire de cette manière.
I'm sorry that I didn't reply sooner.,Désolé de ne pas avoir répondu plus tôt.
I'm sorry that I didn't reply sooner.,Je suis désolé de ne pas avoir répondu plus tôt.
I'm sorry that I didn't reply sooner.,Je suis désolée de ne pas avoir répondu plus tôt.
I'm sorry that you didn't sleep well.,Je suis désolé que tu n'aies pas bien dormi.
I'm sorry that you didn't sleep well.,Je suis désolée que tu n'aies pas bien dormi.
I'm sorry that you didn't sleep well.,Je suis désolé que vous n'ayez pas bien dormi.
I'm sorry that you didn't sleep well.,Je suis désolée que vous n'ayez pas bien dormi.
"I'm sorry, I dialed the wrong number.","Je suis désolé, je me suis trompé de numéro."
"I'm sorry, I dialed the wrong number.","Je suis confus, j'ai composé un mauvais numéro."
"I'm sorry, I have another commitment.","Je suis désolé, j'ai un autre engagement."
"I'm sorry, but I can't stay for long.","Je m'excuse, mais je ne peux pas rester longtemps."
"I'm sorry, we're completely sold out.","Je suis désolé, nous avons tout vendu."
"I'm sorry, we're completely sold out.","Je suis désolée, nous avons tout vendu."
"I'm sorry, we're completely sold out.","Je suis désolé, nous avons été dévalisés."
I'm spending my holiday on the beach.,Je passe mes vacances à la plage.
I'm starting to get used to the dark.,Je commence à m'habituer à l'obscurité.
I'm strongly opposed to a compromise.,Je suis farouchement opposé à un compromis.
I'm sure Tom doesn't do that anymore.,Je suis sûr que Tom ne fait plus cela.
I'm sure Tom doesn't do that anymore.,Je suis sûre que Tom ne fait plus cela.
I'm sure it wasn't me who broke this.,Je suis sûr que ce n'est pas moi qui ai cassé ceci.
I'm sure it won't be easy to do that.,Je suis sûr que ce ne sera pas facile à faire.
I'm sure that Tom will come tomorrow.,Je suis sûr que Tom viendra demain.
I'm sure that Tom will come tomorrow.,Je suis sûre que Tom viendra demain.
I'm surprised Tom can't speak French.,Je suis surpris que Tom ne sache pas parler français.
I'm surprised Tom can't speak French.,Je suis surprise que Tom ne sache pas parler français.
I'm the one who painted this picture.,Je suis celui qui a peint ce tableau.
I'm the one who painted this picture.,C'est moi qui ai peint ce tableau.
I'm the one who painted this picture.,Je suis celle qui a peint ce tableau.
I'm the one who picked those flowers.,C'est moi-même qui ai cueilli ces fleurs.
I'm the one who should be doing that.,Je suis celui qui devrait être en train de faire ça.
I'm the one who should be doing that.,Je suis celle qui devrait être en train de faire ça.
I'm the one who should be doing this.,C'est moi qui devrais faire ceci.
I'm the only one planning to do that.,Je ne suis pas le seul à prévoir de le faire.
I'm the only one planning to do that.,Je ne suis pas la seule à prévoir de le faire.
I'm the only one who understands Tom.,Je suis le seul qui comprend Tom.
I'm the only one who understands Tom.,Je suis la seule qui comprend Tom.
I'm the youngest child in the family.,Je suis le plus jeune enfant de la famille.
I'm too short to reach the top shelf.,Je suis trop petit pour atteindre l'étagère du haut.
I'm used to Tom always yelling at me.,Je suis habituée à ce que Tom me crie tout le temps dessus.
I'm used to Tom always yelling at me.,Je suis habitué à ce que Tom me crie toujours dessus.
I'm very concerned about her illness.,Je m'inquiète beaucoup de sa maladie.
I'm very concerned about your health.,Je suis très inquiet pour ta santé.
I'm very concerned about your health.,Je suis très préoccupée par votre santé.
I'm very interested in those stories.,Ces histoires m'intéressent beaucoup.
I'm very satisfied with your results.,Je suis très content de tes résultats.
I'm worried about my mother's health.,Je suis inquiet pour la santé de ma mère.
I've already done that lots of times.,J'ai déjà fait ça de nombreuses fois.
I've always dreamed of living abroad.,J'ai toujours rêvé de vivre à l'étranger.
I've always liked your hair that way.,J'ai toujours aimé tes cheveux ainsi mis.
I've always liked your hair that way.,J'ai toujours aimé tes cheveux coiffés de cette manière.
I've always liked your hair that way.,J'ai toujours aimé ta chevelure ainsi mise.
I've always wanted to read that book.,J'ai toujours voulu lire cet ouvrage.
I've asked you repeatedly to do that.,Je t'ai demandé plusieurs fois de le faire.
I've been badly bitten by mosquitoes.,J'ai été massivement piqué par les moustiques.
I've been doing this longer than you.,J'ai plus d'expérience que vous.
I've been looking for it all morning.,Je l'ai cherché toute la matinée.
I've been looking for it all morning.,Je l'ai cherchée toute la matinée.
I've been looking for you everywhere.,Je te cherche partout.
I've been looking for you everywhere.,Je vous cherche partout.
I've been on the phone all afternoon.,J'ai été au téléphone tout l'après-midi.
I've been to neither of those places.,Je n'ai été à aucun de ces endroits.
I've been waiting for you since 2:30.,Je t'attends depuis 14 h 30.
I've been waiting for you since 2:30.,Je vous attends depuis 14 h 30.
I've been working on this for months.,Je travaille sur ceci depuis des mois.
I've broken enough rules for one day.,J'ai brisé assez de règles pour aujourd'hui.
I've dealt with this store for years.,J'ai fait des affaires avec ce magasin pendant des années.
I've decided to accept the job offer.,J'ai décidé d'accepter l'offre d'emploi.
I've drunk way too much coffee today.,J'ai bu beaucoup trop de café aujourd'hui.
I've forgotten how to play that song.,J'ai oublié comment jouer cette chanson.
I've got a meeting I've got to go to.,J'ai une réunion à laquelle je dois me rendre.
I've got one brother and two sisters.,J'ai un frère et deux sœurs.
I've had a high fever for three days.,J'ai eu une forte fièvre pendant trois jours.
I've just gotten home and had dinner.,Je viens de rentrer à la maison et de déjeuner.
I've just gotten home and had dinner.,Je viens de rentrer à la maison et de dîner.
I've known Tom for about three years.,Je connais Tom depuis environ trois ans.
I've lived in Boston most of my life.,J'ai vécu à Boston la majeure partie de ma vie.
I've loved you since I first met you.,Je t'aime depuis que je t'ai rencontré pour la première fois.
I've loved you since I first met you.,Je t'aime depuis que je t'ai rencontrée pour la première fois.
I've made a first draft of my thesis.,J'ai rédigé le premier brouillon de ma thèse.
I've made this trip a thousand times.,J'ai fait ce voyage un millier de fois.
I've managed to persuade Tom to come.,J'ai réussi à convaincre Tom de venir.
I've never eaten Chinese food before.,Je n'ai jamais goûté la nourriture chinoise auparavant.
I've never eaten Chinese food before.,Je n'avais jamais mangé de nourriture chinoise auparavant.
I've never had to fire anyone before.,Je n'ai jamais eu à virer quelqu'un avant.
I've never had to fire anyone before.,Je n'ai jamais eu à renvoyer quiconque auparavant.
I've never killed nor injured anyone.,"Je n'ai jamais tué, ni blessé personne."
I've never seen my cat act like that.,Je n'ai jamais vu mon chat agir comme ça.
I've never seen my cat act like that.,Je n'ai jamais vu mon chat agir de cette façon.
I've never seen my cat act like that.,Je n'ai jamais vu mon chat agir de la sorte.
I've never seen you like this before.,Je ne t'ai jamais vu comme ça avant.
I've never seen you like this before.,Je ne vous ai jamais vu comme ça avant.
I've never thought about that before.,Je n'y ai jamais songé auparavant.
I've spent most of my life in Boston.,J'ai passé la plupart de ma vie à Boston.
I've told Tom why Mary ought do that.,J'ai dit à Tom pourquoi Mary devait le faire.
If I could be that guy instead of me.,"Si je pouvais être ce type, au lieu d'être moi."
"If I pay you a dollar, we'll be even.","Si je te paye un dollar, nous serons quittes."
"If I were a bird, I could fly to you.","Si j'étais un oiseau, je pourrais voler vers toi."
"If I were a bird, I would fly to you.","Si j'étais un oiseau, je volerais vers toi."
"If I were you, I would paint it blue.","Si j'étais toi, je le peindrais en bleu."
"If I were you, I would paint it blue.","Si j'étais toi, je la peindrais en bleu."
"If I were you, I would paint it blue.","Si j'étais vous, je le peindrais en bleu."
"If I were you, I would paint it blue.","Si j'étais vous, je la peindrais en bleu."
"If I were you, I'd follow his advice.","À votre place, je suivrais son conseil."
"If I were you, I'd follow his advice.","À ta place, je suivrais son conseil."
"If I were you, I'd start immediately.","Si j'étais toi, je commencerais immédiatement."
"If I were you, I'd start immediately.","Si j'étais vous, je commencerais tout de suite."
"If all else fails, reboot the system.","Si toute autre mesure échoue, redémarrez le système."
"If everyone pitches in, we can do it.","Si tout le monde y met du sien, nous pouvons y arriver."
"If he comes, tell him to wait for me.","S’il vient, dites-lui de m’attendre."
"If that were true, what would you do?","Si c'était vrai, que feriez-vous ?"
"If that were true, what would you do?","Si c'était vrai, que ferais-tu ?"
"If that's what you want to do, do it.","Si c'est ce que tu veux faire, fais-le."
"If that's what you want to do, do it.","Si c'est ce que vous voulez faire, faites-le."
"If you are hungry, why don't you eat?","Si tu as faim, pourquoi ne manges-tu pas ?"
"If you are hungry, why don't you eat?","Si vous avez faim, pourquoi ne mangez-vous pas ?"
"If you change your mind, let us know.","Si vous changez d'avis, faites-le-nous savoir."
"If you don't know the answers, guess.","Si tu ne connais pas les réponses, devine."
"If you eat that much, you'll get fat.","Si tu manges autant, tu vas devenir gros."
"If you eat that much, you'll get fat.","Si vous mangez autant, vous allez devenir grosse."
"If you want to kiss me, then kiss me.","Si tu veux m'embrasser, alors embrasse-moi."
"If you were my wife, I'd hang myself.","Si tu étais ma femme, je me pendrais."
"If you'd asked me, I'd have told you.","Si tu m'avais demandé, je te l'aurais dit."
"If you'd asked me, I'd have told you.","Si vous m'aviez demandé, je vous l'aurais dit."
"If you're wrong, then I'm wrong, too.","Si vous avez tort, alors, j'ai aussi tort."
Imagine that you have a time machine.,Imagine que tu aies une machine à remonter le temps.
"In 1975, Angola became a free nation.","En 1975, l'Angola est devenu une nation libre."
"In general, Japanese are hardworking.",Les Japonais sont généralement travailleurs.
"In most cases, his answers are right.","Dans la plupart des cas, ses réponses sont bonnes."
"In space, no one can hear you scream.","Dans l'espace, personne ne peut t'entendre crier."
"In spite of everything, Tom is happy.","Malgré tout, Tom est heureux."
"In those days, I went to bed earlier.","En ce temps-là, je me couchais plus tôt."
Is Tom a common name in your country?,Est-ce que le prénom Tom est un prénom courant dans votre pays?
Is bungee jumping frightening or fun?,"Le saut à l'élastique, c'est effrayant ou amusant ?"
Is it a military secret or something?,"Est-ce un secret défense, ou quoi ?"
Is it harder to forgive or to forget?,Est-il plus dur de pardonner ou d'oublier ?
Is the museum visited by many people?,Le musée est-il visité par beaucoup de monde ?
Is the university's library open now?,La bibliothèque de l'université est-elle ouverte à l'heure qu'il est ?
Is there a problem with your hearing?,Avez-vous un problème auditif ?
Is there a problem with your hearing?,As-tu un problème auditif ?
Is there a reason that you're asking?,Y a-t-il une raison à ta demande ?
Is there a reason that you're asking?,Y a-t-il une raison à votre demande ?
Is there any other way I can pay you?,Y a-t-il un autre moyen par lequel je puisse vous payer ?
Is there any other way I can pay you?,Y a-t-il un autre moyen par lequel je puisse te payer ?
Is there any other way I can pay you?,Y a-t-il un autre moyen par lequel je puisse vous rétribuer ?
Is there any other way I can pay you?,Y a-t-il un autre moyen par lequel je puisse te rétribuer ?
Is there anybody here you don't know?,Y a-t-il qui que ce soit ici que vous ne connaissiez pas ?
Is there anybody here you don't know?,Y a-t-il qui que ce soit ici que tu ne connaisses pas ?
Is there anybody who can drive a car?,Y a-t-il quelqu'un qui puisse conduire la voiture ?
Is there anyone living in that house?,Quiconque vit-il dans cette maison ?
Is there anything we need to discuss?,Y a-t-il quelque chose dont nous avons besoin de discuter ?
Is there much demand for these goods?,Y a-t-il beaucoup de demande pour ces marchandises ?
Is there something I can get for you?,Y a-t-il quelque chose que je puisse vous rapporter ?
Is there something I can get for you?,Y a-t-il quelque chose que je puisse aller te chercher ?
Is there something you wanted to say?,Y a-t-il quelque chose que vous vouliez dire ?
Is there something you wanted to say?,Y a-t-il quelque chose que tu voulais dire ?
Isn't it about time for another beer?,N'est-il pas temps de prendre une autre bière ?
It all started on a hot summer night.,Tout commença par une chaude nuit d'été.
It all started on a hot summer night.,Tout a commencé par une chaude nuit d'été.
"It being Sunday, the shop was closed.","Comme c'était dimanche, le magasin était fermé."
It breaks my heart to see you crying.,Cela me brise le cœur de vous voir pleurer.
It breaks my heart to see you crying.,Ça me brise le cœur de te voir pleurer.
It doesn't matter if you stay or not.,Ça n'a pas d'importance si tu restes ou pas.
It doesn't surprise me that you know.,Le fait que tu sois au courant ne me surprend pas.
It feels like I've known you forever.,J'ai l'impression de te connaître depuis toujours.
It happened at a quarter past eleven.,Ça s'est déroulé à onze heures et quart.
It happened at a quarter past eleven.,Ça s'est produit à onze heures et quart.
It happened at a quarter past eleven.,Ça a eu lieu à onze heures et quart.
It happened that I was in Paris then.,Il advint que je me trouvais alors à Paris.
It is amazing that you won the prize.,C'est génial que tu aies remporté le prix.
It is better to give than to receive.,Il est mieux de donner que de recevoir.
It is certain that he will come here.,Il est certain qu'il viendra ici.
It is completely out of the question.,C'est hors de question.
It is necessary for you to start now.,Il est nécessaire que vous commenciez maintenant.
It is necessary for you to start now.,Il faut que tu commences maintenant.
It is not difficult to speak English.,Ce n'est pas dur de parler anglais.
It is not difficult to speak English.,Il n'est pas difficile de parler anglais.
It is not going to rain this evening.,Il ne va pas pleuvoir ce soir.
It is time for me to take a vacation.,Il est temps pour moi de prendre des vacances.
It is up to you to decide what to do.,À toi de décider que faire.
It is up to you to decide what to do.,C'est à toi de décider ce que tu veux faire.
It is up to you to decide what to do.,C'est à toi de décider de ce que tu veux faire.
It is up to you to decide what to do.,C'est à vous de décider ce que vous voulez faire.
It is up to you to decide what to do.,C'est à vous de décider de ce que vous voulez faire.
It looks like winter is here to stay.,On dirait que l'hiver est là pour rester.
It looks like you've lost ten pounds.,On dirait que t'as perdu dix livres.
"It may sound strange, but it is true.","Cela peut paraître étrange, mais c'est la vérité."
It must weigh about thirty kilograms.,Cela doit peser environ trente kilogrammes.
It needs to be perfectly symmetrical.,Ça doit être parfaitement symétrique.
It really annoys me when you do that.,Cela m'agace vraiment quand tu fais ça.
It seemed that he was short of money.,Il semblait qu'il manquait d'argent.
It seems that no one knows the truth.,Il semble que personne ne connaisse la vérité.
It seems that something has happened.,Il semble que quelque chose soit survenu.
It seems that something has happened.,Il semble que quelque chose soit arrivé.
It seems that something has happened.,Il semble que quelque chose se soit produit.
It seems to me that we should go now.,Il me semble que nous devrions partir à présent.
It takes time to heal from a divorce.,Cela prend du temps de se remettre d'un divorce.
It took me several hours to write it.,Ça m'a pris plusieurs heures de l'écrire.
It took us two hours to get to Tokyo.,Cela nous prit deux heures d'atteindre Tokyo.
It turned out that he was her father.,Il ressortit qu'il était son père.
It was Tom who told me you were sick.,C'est Tom qui m'a dit que tu étais malade.
It was Tom who told me you were sick.,C'est Tom qui m'a dit que vous étiez malade.
It was Tom who told me you were sick.,C'est Tom qui m'a dit que vous étiez malades.
It was a new experience for everyone.,C'était une nouvelle expérience pour tout le monde.
It was a waste of time for all of us.,C'était une perte de temps pour nous tous.
It was a waste of time for all of us.,C'était une perte de temps pour nous toutes.
It was broad daylight when I woke up.,Il faisait grand jour quand je me suis réveillé.
It was in London that I last saw her.,C'était à Londres que je l'ai vue pour la dernière fois.
It was like something out of a movie.,C'était comme sorti d'un film.
It was made to look like an accident.,C'était fait pour ressembler à un accident.
It was so cold that I couldn't sleep.,Il faisait si froid que je n'ai pas pu dormir.
It was so cold that he was shivering.,Il faisait si froid qu'il frissonnait.
It was surprising that she said that.,Il était surprenant qu'elle ait dit ça.
It was the perfect moment for a kiss.,C'était le moment idéal pour un baiser.
It was too nice a day to stay inside.,Le temps était trop beau pour rester à l'intérieur.
It wasn't as expensive as I expected.,Ce n'était pas aussi cher que ce à quoi je m'attendais.
It will cost you more to go by plane.,Si vous prenez l'avion c'est plus cher !
It will cost you more to go by plane.,En avion ça te coûtera plus cher.
It won't be long before we can start.,On pourra commencer bientôt.
It won't be long before we can start.,Ce ne sera pas long avant que nous puissions commencer.
It won't take long to finish the job.,Ça ne prendra pas très longtemps pour finir ce travail.
It'll take time to work through that.,Ça prendra du temps de traverser ça.
"It's a good idea, but is it worth it?",C'est une bonne idée mais en vaut-elle la peine ?
It's a gross distortion of the truth.,C'est une grossière déformation de la vérité.
It's a mistake that many people make.,C'est une erreur que beaucoup de gens font.
It's a pity they're getting divorced.,C'est dommage qu'ils divorcent.
It's a town in the middle of nowhere.,C'est une ville au milieu de nulle part.
"It's a very good newspaper, isn't it?","C'est un bon journal, n'est-ce pas ?"
It's about four blocks from my house.,C'est environ à quatre pâtés de maison de chez moi.
It's actually not that big a problem.,Ce n'est pas vraiment un gros problème.
It's all just a big misunderstanding.,"Tout ça, ce n'est qu'un grand malentendu."
It's bound to happen sooner or later.,Ça surviendra tôt ou tard.
It's dangerous to swim in this river.,Il est dangereux de nager dans cette rivière.
It's easy for monkeys to climb trees.,Il est aisé pour les singes de grimper aux arbres.
It's easy to cut cheese with a knife.,On peut facilement couper du fromage avec un couteau.
It's fun to learn a foreign language.,Apprendre une langue étrangère est amusant.
It's much more complicated than that.,C'est beaucoup plus compliqué que ça.
It's my left eye that's bothering me.,C'est mon œil gauche qui me dérange.
It's not good to read in a dark room.,Ce n'est pas bon de lire dans une pièce sombre.
It's not necessary for us to do that.,Il ne nous est pas nécessaire de faire cela.
It's rare to find big yards in Japan.,Il est rare de trouver de grands jardins au Japon.
It's so easy when you know the rules.,C'est si facile lorsque l'on connaît les règles.
It's unlikely that our team will win.,Il est improbable que notre équipe gagne.
It's unusual for him to get up early.,C'est inhabituel pour lui de se lever tôt.
January is usually the coldest month.,Janvier est normalement le mois le plus froid.
Japan is at peace with her neighbors.,Le Japon est en paix avec ses voisins.
Japan is made up of volcanic islands.,Le Japon est constitué d'îles volcaniques.
Japan produces a lot of good cameras.,Le Japon produit beaucoup de bonnes caméras.
Jeans are now in fashion among girls.,Les jeans sont maintenant à la mode chez les filles.
Keep going! You're on the right path.,Continue ! Tu es sur le bon chemin.
Keep this information under your hat.,Garde cette information pour toi.
Keep this information under your hat.,Garde cette information par devers toi.
Keep your dog chained up to the tree.,Laisse ton chien attaché à l'arbre.
Keep your hands where I can see them.,Laissez les mains là où je puisse les voir.
Keep your hands where I can see them.,Laissez vos mains là où je puisse les voir.
Keep your hands where I can see them.,Laisse les mains là où je puisse les voir.
Keep your hands where I can see them.,Laisse tes mains là où je puisse les voir.
Kyoto is the former capital of Japan.,Kyoto est l'ancienne capitale du Japon.
Lake Towada is famous for its beauty.,Le lac Towada est connu pour sa beauté.
"Last winter, I went skiing in Canada.",L'hiver dernier je suis allé skier au Canada.
"Last winter, I went to Canada to ski.",Je suis allé skier au Canada l'hiver dernier.
Learning foreign languages is boring.,"Apprendre des langues étrangères, c'est ennuyeux."
Learning foreign languages is boring.,C'est ennuyeux d'apprendre les langues étrangères.
Let me be completely honest with you.,Laissez-moi être complètement honnête avec vous.
Let me be completely honest with you.,Laisse-moi être complètement honnête avec toi.
Let me explain to you how this works.,Laisse-moi t'expliquer comment ça fonctionne.
Let me help you with those groceries.,Laissez-moi vous aider avec toutes ces provisions !
Let me know as soon as he comes back.,Informez-moi aussitôt qu'il revient.
Let me know when you get the package.,Faites-moi savoir quand vous recevrez le paquet.
Let me tell you how Tom and Mary met.,Laisse-moi te dire comment Tom et Mary se sont rencontrés.
Let me tell you how Tom and Mary met.,Laissez-moi vous raconter comment Tom et Mary se sont rencontrés.
Let me tell you my side of the story.,Laisse-moi te donner ma version de l'histoire.
Let me tell you my side of the story.,Laisse-moi t'exposer ma version de l'histoire.
Let's do this as quickly as possible.,Faisons ceci le plus vite possible.
Let's find something we can agree on.,Trouvons quelque chose sur lequel nous pouvons nous mettre d'accord.
Let's go as soon as it stops raining.,Allons-y dès qu'il s'arrêtera de pleuvoir.
Let's go for a walk in the afternoon.,Allons nous promener cet après-midi.
Let's go to the flea market tomorrow.,"Allons au marché aux puces, demain !"
Let's leave as soon as Tom gets here.,Partons dès que Tom arrive.
"Let's leave early in the morning, OK?","Partons tôt le matin, d'accord ?"
Let's put up the Christmas tree here.,Installons le sapin de Noël ici.
Let's sit down and discuss it calmly.,Asseyons-nous et discutons-en calmement.
Let's start by introducing ourselves.,Commençons par nous présenter.
Let's start with this bottle of wine.,Commençons par cette bouteille de vin.
Let's stay until the end of the game.,Restons jusqu'à la fin du match.
Let's stop talking and start working.,Arrête de parler et mets-toi à travailler !
Let's stop talking and start working.,Arrêtez de parler et mettez-vous à travailler !
Let's take a chance and go for broke.,Tentons notre chance et tentons le tout pour le tout.
Let's talk about it when we get home.,Parlons-en lorsque nous serons à la maison !
Let's talk about this again tomorrow.,Reparlons de ceci demain.
Let's talk about this again tomorrow.,Reparlons-en demain.
Let's try another place to eat today.,Essayons un autre endroit pour manger aujourd'hui.
Let's try something a little simpler.,Essayons quelque chose d'un peu plus simple.
Let's wait here until she comes back.,Attendons ici jusqu'à ce qu'elle revienne.
Literature teaches us about humanity.,La littérature nous enseigne sur l'humanité.
Logic is obviously your strong point.,La logique est clairement ton point fort.
Look up the words in your dictionary.,Cherchez les mots dans votre dictionnaire.
Look up the words in your dictionary.,Cherche les mots dans ton dictionnaire.
Look. My house is cleaner than yours.,Regardez. Ma maison est plus propre que la vôtre.
Luck plays an important part in life.,"La chance joue un rôle important, dans la vie."
"Luckily, the weather turned out fine.","Heureusement, le temps vira au beau."
Make a wish and blow out the candles.,Fais un vœu et souffle les bougies.
Many countries depend on agriculture.,De nombreux pays dépendent de l'agriculture.
Many famous artists live in New York.,De nombreux artistes connus vivent à New York.
Many of these things were not needed.,Beaucoup de ces choses étaient inutiles.
Many people die in traffic accidents.,Beaucoup de gens meurent dans des accidents de la circulation.
Many people work in industrial towns.,Beaucoup de gens travaillent dans des cités industrielles.
Many restaurants now have free Wi-Fi.,De nombreux restaurants disposent désormais d'une connection WiFi gratuite.
Mary and Alice wore matching outfits.,Mary et Alice portaient des tenues assorties.
Mary looked at herself in the mirror.,Mary se regarda dans le miroir.
Mary requested a raise from her boss.,Marie a demandé une augmentation à son patron.
Mathematics is basic to all sciences.,Les mathématiques sont le fondement de toutes les sciences.
Mathematics is basic to all sciences.,Les mathématiques sont la base de toute science.
May I count on you to get me the job?,Puis-je compter sur vous pour m'avoir le poste ?
"May I see your driver's license, sir?","Puis-je voir votre permis de conduire, Monsieur ?"
"May I see your driver's license, sir?","Monsieur, puis-je voir votre permis de conduire ?"
May I speak to the lady of the house?,Puis-je parler à la dame de la maison?
May I trouble you to shut the window?,Puis-je vous prier de fermer la fenêtre ?
May the new year bring you happiness!,Puisse la nouvelle année t'apporter la joie.
Maybe we should wait a little longer.,Peut-être devrions-nous attendre un peu plus longtemps.
Mexico is a country in North America.,Le Mexique est un pays d’Amérique du Nord.
Mexico is a country in North America.,Le Mexique est un état d'Amérique du Nord.
Miami is the biggest city in Florida.,Miami est la plus grande ville de Floride.
More and more people offered to help.,De plus en plus de gens offrirent leur aide.
More and more people offered to help.,De plus en plus de gens proposèrent leur aide.
Most elevators operate automatically.,La plupart des ascenseurs fonctionnent automatiquement.
Most young people have mobile phones.,La plupart des jeunes ont un téléphone portable.
Mother and child are both doing well.,La mère et l'enfant se portent bien.
Mother gets up earliest in my family.,"Dans ma famille, c'est ma mère qui se lève le plus tôt."
Mother went shopping with my brother.,Mère est partie faire des courses avec mon frère.
Mother went shopping with my brother.,Mère est allée faire des courses avec mon frère.
My aunt gave me a book for Christmas.,Ma tante m'a offert un livre à Noël.
My aunt grows tomatoes in her garden.,Ma tante fait pousser des tomates dans son jardin.
My brother bought an electric guitar.,Mon frère s'est acheté une guitare électrique.
My brother has never climbed Mt Fuji.,Mon frère n'a jamais escaladé le mont Fuji.
My brother won't be at home tomorrow.,Mon frère ne sera pas à la maison demain.
My computer suddenly stopped working.,Mon ordinateur a soudain cessé de fonctionner.
My daughter likes to play with dolls.,Ma fille aime jouer à la poupée.
My doctor told me to give up smoking.,Mon médecin m'a dit d'arrêter de fumer.
My father doesn't drink so much sake.,Mon père ne boit pas trop de saké.
My father doesn't drink so much sake.,Mon père ne boit pas tellement de saké.
My father has a personality disorder.,Mon père souffre d'un trouble de la personnalité.
My father is busy as a bee every day.,"Mon père est, chaque jour, affairé comme une abeille."
My father is busy as a bee every day.,"Mon père est, chaque jour, affairé tel une abeille."
My father is shaving in the bathroom.,Mon père est en train de se raser dans la salle de bains.
My father is to appear on TV tonight.,"Mon père doit passer à la télé, ce soir."
My father is too busy to take a walk.,Mon père est trop occupé pour aller se balader.
My father listens to classical music.,Mon père écoute de la musique classique.
My father makes good use of his time.,Mon père fait bon usage de son temps.
My father takes a walk every morning.,Mon père va se promener chaque matin.
My friend remembered which way to go.,Mon ami s’est souvenu où aller.
My grandfather died when I was a boy.,Mon grand-père est décédé lorsque j'étais un garçon.
My grandma injured her leg in a fall.,Ma grand-mère s'est blessée la jambe en chutant.
My grandma injured her leg in a fall.,Ma grand-mère s'est blessée à la jambe en tombant.
My grandmother became sick last week.,Ma grand-mère est tombée malade la semaine dernière.
My grandmother passed away last year.,Ma grand-mère est décédée l'année dernière.
My house is close to the supermarket.,Ma maison est proche du supermarché.
My house is on the outskirts of town.,Ma maison est en bordure de la ville.
My house was robbed while I was away.,Ma maison a été cambriolée pendant mon absence.
My husband is difficult to live with.,Mon mari est difficile à vivre.
My mom likes my brother more than me.,Ma mère aime davantage mon frère que moi.
My mom likes my brother more than me.,Ma mère aime davantage mon frère que je ne le fais.
My mother anticipates all my desires.,Ma mère anticipe tous mes désirs.
My mother is anxious about my future.,Ma mère est anxieuse à propos de mon avenir.
My mother is making my father a cake.,Ma mère fait un gâteau pour mon père.
My mother put clean sheets on my bed.,Ma mère a changé les draps de mon lit.
My mother seldom watches TV at night.,Ma mère regarde rarement la télévision le soir.
My mother sent me a birthday present.,Ma mère m'a envoyé un cadeau d'anniversaire.
My new job is harder than my old one.,Mon nouveau travail est plus difficile que l'ancien.
My sister is always weighing herself.,Ma sœur est toujours en train de se peser.
My sister is my daughter's godmother.,Ma sœur est la marraine de ma fille.
My sister often looks after the baby.,Ma sœur s'occupe souvent du bébé.
My son can count up to a hundred now.,Mon fils peut compter jusqu'à 100 maintenant.
My son still believes in Santa Claus.,Mon fils croit toujours au Père Noël.
My teacher is a stickler for grammar.,Mon professeur est pointilleux sur la grammaire.
My teacher put in a good word for me.,Mon professeur mit un mot de recommandation pour moi.
My uncle has made me what I am today.,Mon oncle a fait de moi ce que je suis aujourd'hui.
My uncle lived abroad for many years.,Mon oncle a vécu à l'étranger pendant de nombreuses années.
My watch is more accurate than yours.,Ma montre est plus précise que la tienne.
"My wife will be glad to see you, too.","Ma femme sera heureuse de te voir, également."
"My wife will be glad to see you, too.",Ma femme sera heureuse de te voir aussi.
My younger brother is still sleeping.,Mon petit frère dort encore.
"My younger sister didn't say ""hello.""",Ma petite sœur n'a pas dit bonjour.
Necessity is the mother of invention.,La nécessité est mère de l'invention.
"Needless to say, he never came again.",Inutile de dire qu'il n'est jamais revenu.
Neither of my brothers will be there.,Aucun de mes frères n'y sera.
Neither of my brothers will be there.,Aucun de mes frères ne sera là.
Neither of the two answers are right.,Aucune de ces deux réponses n'est correcte.
New stamps will be issued next month.,De nouveaux timbres seront émis le mois prochain.
Night watchmen drink a lot of coffee.,Les gardiens de nuit boivent beaucoup de café.
No attention was paid to his warning.,Personne ne prêta attention à son avertissement.
"No matter who says so, it's not true.","Peu importe qui dit cela, ce n'est pas vrai."
No one I know writes letters anymore.,Personne que je connaisse n'écrit plus de lettres.
No one ever escapes from this prison.,Personne ne s'évade jamais de cette prison.
No one has heard Tom say Mary's name.,Personne n'a entendu Tom dire le nom de Mary.
No one knows how to fix this problem.,Personne ne sait comment corriger ce problème.
No one seems to listen to us anymore.,Personne ne semble plus nous écouter.
No one's coming to our party tonight.,Personne ne vient à notre soirée d'aujourd'hui.
No wonder they turned down her offer.,Ce n'est pas étonnant qu'ils aient refusé son offre.
No wonder they turned down her offer.,Rien d'étonnant à ce qu'elles aient refusé l'offre qu'elle leur faisait.
No wonder they turned down her offer.,Rien d'étonnant à ce qu'elles aient refusé sa proposition.
No words can relieve her deep sorrow.,Aucune parole ne peut soulager son profond chagrin.
Nobody could give the correct answer.,Personne n'a trouvé la bonne réponse.
None of my children can speak French.,Aucun de mes enfants ne peut parler français.
None of my classmates live near here.,Aucun de mes camarades de classe ne vit près d'ici.
None of us plan to go swimming today.,Aucun d'entre nous n'envisage d'aller à la piscine aujourd'hui.
Not every country belongs to the U.N.,Tous les pays n'appartiennent pas à l'ONU.
"Not knowing what to do, I called her.","Ne sachant pas quoi faire, je l'ai appelée."
Nothing but peace can save the world.,Seule la paix peut sauver le monde.
Nothing is more valuable than health.,Rien n'est plus précieux que la santé.
Nothing out of the ordinary happened.,Rien d'extraordinaire ne s'est produit.
Nothing out of the ordinary happened.,Rien d'extraordinaire n'a eu lieu.
Nothing out of the ordinary happened.,Rien d'extraordinaire n'est survenu.
Nothing out of the ordinary happened.,Rien d'extraordinaire n'est arrivé.
Nothing remained in the refrigerator.,Il ne restait rien dans le réfrigérateur.
"Now that we're alone, let's have fun.","Maintenant que nous sommes seuls, amusons-nous !"
"Now that we're alone, let's have fun.","Maintenant que nous sommes seules, amusons-nous !"
"Now, let's discuss our other problem.","Maintenant, discutons de notre autre problème."
"Of all my friends, he is the closest.","De tous mes amis, il est le plus proche."
"Of the two girls, she is the younger.","Des deux filles, elle est la plus jeune."
"On a clear day, you can see Mt. Fuji.","Par beau temps, on peut voir le Mt Fuji."
"On hearing the news, she turned pale.","En entendant les nouvelles, elle pâlit."
On his shirt there was a sauce stain.,Sur sa chemise se trouvait une tache de sauce.
One cannot embrace the unembraceable.,On ne peut étreindre l'inétreignable.
One must do one's best in everything.,On doit faire de son mieux en tout.
One of my brothers plays the bassoon.,Un de mes frères joue du basson.
One of the apples fell to the ground.,L'une des pommes tomba au sol.
One of the apples fell to the ground.,L'une des pommes tomba par terre.
One of these eggs hasn't hatched yet.,L'un de ces œufs n'a pas encore éclos.
"One, three, and five are odd numbers.","1, 3 et 5 sont des nombres impairs."
Only my mother really understands me.,Seule ma mère me comprend vraiment.
Osaka is Japan's second biggest city.,Osaka est la deuxième plus grande ville du Japon.
Osaka is Japan's second largest city.,Osaka est la deuxième plus grande ville du Japon.
Our boat approached the small island.,Notre bateau s'approcha de la petit île.
"Our company has a long, long history.",Notre entreprise a une très longue histoire.
Our dog was nearly run over by a car.,Notre chien a failli être écrasé par une voiture.
Our football team has a good defense.,Notre équipe de football a une bonne défense.
"Our school library is small, but new.","Notre bibliothèque scolaire est petite, mais neuve."
Our train went through a long tunnel.,Notre train est passé dans un long tunnel.
Patience is a rare virtue these days.,La patience est une vertu rare de nos jours.
Peel and finely chop the horseradish.,Pelez et hachez finement le raifort.
People are not always what they seem.,Les gens ne sont pas toujours ce qu'ils paraissent être.
People shouldn't stare at foreigners.,On ne doit pas dévisager les étrangers.
Perhaps we should discuss this later.,Peut-être devrions-nous discuter de ceci plus tard.
Picasso painted this picture in 1950.,Picasso a peint ce tableau en 1950.
Please choose a more secure password.,Veuillez choisir un mot de passe davantage sécurisé.
Please close the door when you leave.,"Fermez la porte quand vous sortirez, s'il vous plaît."
Please come again in three days time.,S'il vous plaît revenez dans trois jours.
Please do whatever seems best to you.,Veuillez faire ce qui vous semble le mieux.
Please don't forget to shut the door.,"S'il te plait, n'oublie pas de fermer la porte."
Please don't leave me here by myself.,"S'il te plaît, ne me laisse pas toute seule ici."
Please don't leave me here by myself.,"S'il te plaît, ne me laisse pas tout seul ici."
Please don't leave me here by myself.,"S'il vous plaît, ne me laissez pas toute seule ici."
Please don't leave me here by myself.,"S'il vous plaît, ne me laissez pas tout seul ici."
Please feel free to ask me questions.,N'hésite pas à me poser des questions.
Please feel free to make suggestions.,N'hésitez pas à faire des suggestions.
Please fill in this application form.,Veuillez remplir ce formulaire de candidature.
Please follow the nurse's directions.,Veuillez suivre les instructions de l'infirmière.
Please follow the nurse's directions.,Merci de vous conformer aux recommandations de l'infirmière.
Please hurry. I don't have all night.,"S'il te plaît, dépêche-toi ! Je n'ai pas toute la nuit !"
Please hurry. I don't have all night.,"S'il vous plaît, dépêchez-vous ! Je n'ai pas toute la nuit !"
Please move your bicycle out of here.,"Bougez votre vélo de là, s'il vous plaît !"
Please move your bicycle out of here.,"Bouge ton vélo de là, s'il te plaît !"
Please say hello to your wife for me.,"Dis bonjour à ta femme de ma part, s'il te plaît."
Please say that once again in French.,"Dites ça à nouveau en français, je vous prie !"
Please say that once again in French.,"Dis ça à nouveau en français, je te prie !"
Please send me a picture of yourself.,S'il vous plaît envoyez-moi une photo de vous.
Please send me a picture of yourself.,Veuillez m'envoyer une photo de vous.
Please send me a picture of yourself.,"Envoie-moi une photo de toi, s'il te plait."
Please send me your latest catalogue.,"S'il vous plaît, pouvez-vous m'envoyer votre dernier catalogue ?"
Please tell me you're making this up.,"Dis-moi que tu es en train d'inventer ça, s'il te plaît."
Please write to me from time to time.,"Écris-moi de temps en temps, s'il te plait."
Please write your date of birth here.,Veuillez écrire votre date de naissance ici.
Please write your date of birth here.,"Écris ta date de naissance ici, s'il te plaît."
Please write your name with a pencil.,Écrivez votre nom avec un crayon s'il vous plaît.
Popularity has nothing to do with it.,Ça n’a rien à voir avec la popularité.
"Potentially, that could happen again.","Potentiellement, cela pourrait se reproduire."
"Potentially, that could happen again.","Potentiellement, cela pourrait arriver à nouveau."
Prices these days are extremely high.,Les prix sont de nos jours extrêmement élevés.
Psychology deals with human emotions.,La psychologie se penche sur les émotions humaines.
Put the book back where you found it.,Repose le livre là où tu l'as trouvé.
Put the book back where you found it.,Remettez le livre là où vous l'avez trouvé.
Quite a few people came to the party.,Pas mal de monde est venu à la fête.
Rabbits are extremely social animals.,Les lapins sont des animaux extrêmement sociaux.
Rabid dogs usually foam at the mouth.,Les chiens enragés ont habituellement les babines qui écument.
Rain prevented us from taking a walk.,La pluie nous a empêchés d'aller nous promener.
"Recently, I don't have much appetite.",Je n'ai pas vraiment d'appétit dernièrement.
"Recently, I moved to a new apartment.","Récemment, j'ai emménagé dans un nouvel appartement."
Repetition is the mother of learning.,Répétition est mère d'apprentissage.
"Reportedly, there were no casualties.",On ne rapportait aucune victime.
Rockefeller was governor of New York.,Rockefeller a été gouverneur de New York.
Roll up your sleeves and get to work.,Remettez-vous tout de suite au travail.
Salmon lay their eggs in fresh water.,Le saumon pond ses œufs en eau douce.
School begins the day after tomorrow.,L'école commence après-demain.
School starts in September in Europe.,L'école commence en septembre en Europe.
School starts in September in Europe.,Les cours commencent en septembre en Europe.
Seoul is the capitаl of South Korea.,Séoul est la capitale de la Corée du Sud.
Several animals escaped from the zoo.,Plusieurs animaux s'échappèrent du zoo.
Several animals escaped from the zoo.,Plusieurs animaux se sont échappés du zoo.
Several students came to the library.,Plusieurs étudiants sont venus à la bibliothèque.
Several students came to the library.,Plusieurs élèves sont venus à la bibliothèque.
She accused me of stealing her money.,Elle m'a accusé de lui avoir volé son argent.
She advised him to come back at once.,Elle lui conseilla de revenir sans tarder.
She advised him to come back at once.,Elle lui a conseillé de revenir sans tarder.
She advised him to come back at once.,Elle lui conseilla de revenir immédiatement.
She advised him to come back at once.,Elle lui a conseillé de revenir immédiatement.
She advised him to come back at once.,Elle lui conseilla de revenir tout de suite.
She advised him to come back at once.,Elle lui a conseillé de revenir tout de suite.
She advised him to get more exercise.,Elle lui conseilla de faire davantage d'exercice.
She advised him to get more exercise.,Elle lui a conseillé de faire davantage d'exercice.
She advised him to keep his promises.,Elle lui conseilla de tenir ses promesses.
She advised him to keep his promises.,Elle lui a conseillé de tenir ses promesses.
She advised him to take the medicine.,Elle lui conseilla de prendre le remède.
She advised him to take the medicine.,Elle lui a conseillé de prendre le remède.
She advised him to visit that museum.,Elle lui a conseillé de visiter ce musée.
She advised him where he should stay.,Elle lui conseilla où il devrait séjourner.
She advised him where he should stay.,Elle lui a conseillé où il devrait séjourner.
She advises him on technical matters.,Elle le conseille sur des affaires techniques.
She always wears fashionable clothes.,Elle porte toujours des vêtements à la mode.
She and I have been married 30 years.,Nous avons été mariés pendant 30 ans.
She apologized to him for being late.,Elle lui présenta ses excuses pour son retard.
She apologized to him for being late.,Elle lui a présenté ses excuses pour son retard.
She appears to have a lot of friends.,Elle semble avoir beaucoup d'amis.
She appears to have a lot of friends.,Elle semble avoir beaucoup d'amies.
She argued with him and then hit him.,Elle s'est disputée avec lui puis l'a frappé.
She arranged the flowers beautifully.,Elle a magnifiquement arrangé les fleurs.
She asked him not to leave her alone.,Elle le pria de ne pas la laisser seule.
She asked him to come into her house.,Elle lui demanda de venir chez elle.
She asked him to give her some money.,Elle lui demanda de lui donner de l'argent.
She asked him to give her some money.,Elle lui a demandé de lui donner de l'argent.
She asked me if I knew Tom's address.,Elle m'a demandé si je connaissais l'adresse de Tom.
She attempted to persuade her father.,Elle a essayé de convaincre son père.
She attempted to persuade her father.,Elle essaya de convaincre son père.
She bought a new house the other day.,Elle a acheté une nouvelle maison l'autre jour.
She bought a new house the other day.,Elle a fait l'acquisition d'une nouvelle maison l'autre jour.
She cleaned the house all by herself.,Elle a nettoyé la maison toute seule.
She complained to him about the food.,Elle se plaignit à lui au sujet de la nourriture.
She complained to him about the food.,Elle s'est plainte à lui au sujet de la nourriture.
She cooked vegetable soup last night.,Elle a préparé une soupe de légumes hier soir.
She couldn't convince him to go home.,Elle ne pourrait pas le convaincre de rentrer chez lui.
She couldn't convince him to go home.,Elle ne put le convaincre de rentrer chez lui.
She couldn't convince him to go home.,Elle n'a pas pu le convaincre de rentrer chez lui.
She couldn't convince him to go home.,Elle ne pourrait pas le convaincre de rentrer à son domicile.
She couldn't convince him to go home.,Elle ne put le convaincre de rentrer à son domicile.
She couldn't convince him to go home.,Elle n'a pas pu le convaincre de rentrer à son domicile.
She declared that she was not guilty.,Elle a déclaré qu'elle n'était pas coupable.
She did not answer all the questions.,Elle n'a pas répondu à toutes les questions.
She died on a cold night in December.,Elle mourut par une froide nuit de décembre.
She disapproved of my trip to Vienna.,Elle a désapprouvé mon voyage à Vienne.
She divided the cake between the two.,Elle a partagé le gâteau entre les deux personnes.
She doesn't need to go there herself.,Elle n'a pas besoin de s'y rendre en personne.
She doesn't need to go there herself.,Elle n'a pas besoin d'y aller en personne.
She drummed her fingers on the table.,Elle tambourina des doigts sur la table.
She fell down and broke her left leg.,Elle tomba à terre et se brisa la jambe gauche.
She finished her homework in an hour.,Elle a terminé ses devoirs en une heure.
She forced him to eat his vegetables.,Elle le força à manger ses légumes.
She gave him something cold to drink.,Elle lui donna quelque chose de frais à boire.
She gave him something cold to drink.,Elle lui a donné quelque chose de frais à boire.
She gives him everything he asks for.,Elle lui donne tout ce qu'il demande.
She glanced briefly at the newspaper.,Elle a brièvement jeté un coup d'œil au journal.
She got a present from her boyfriend.,Elle reçut un présent de son petit ami.
She got a present from her boyfriend.,Elle reçut un présent de son copain.
She got a present from her boyfriend.,Elle a reçu un présent de son ami.
She got a present from her boyfriend.,Elle a reçu un présent de son copain.
She got a present from her boyfriend.,Elle a reçu un présent de son petit copain.
She got a present from her boyfriend.,Elle reçut un présent de son petit copain.
She got through her work before five.,Elle en a terminé avec son travail avant cinq heures.
She got very angry with her children.,Elle se mit très en colère contre ses enfants.
She got very angry with the children.,Elle se mit très en colère contre ses enfants.
She had a good time talking with him.,Elle a passé du bon temps à converser avec lui.
She has about as many stamps as I do.,Elle a à peu près autant de timbres que moi.
She has an automatic washing machine.,Elle a une machine à laver automatique.
She has an uncle who works in a bank.,Elle a un oncle qui travaille dans une banque.
She has been to Hawaii several times.,Elle est allée à Hawaii plusieurs fois.
She has just finished washing dishes.,Elle vient de finir de faire la vaisselle.
She has legally divorced her husband.,Elle a divorcé de son mari en bonne et due forme.
She has not seen him for a long time.,Elle ne l'a pas vu depuis longtemps.
She has this big room all to herself.,Elle a cette grande chambre pour elle toute seule.
She heard him sing his favorite song.,Elle l'entendit chanter sa chanson préférée.
She hit me on the head with a hammer.,Elle m'a tapé sur la tête avec un marteau.
She ignored him until he became rich.,Elle l'ignora jusqu'à ce qu'il devienne riche.
She ignored him until he became rich.,Elle l'a ignoré jusqu'à ce qu'il devienne riche.
"She ignored him, which proved unwise.","Elle l'ignora, ce qui s'avéra malavisé."
She invited us to her birthday party.,Elle nous invita à sa fête d'anniversaire.
She invited us to her birthday party.,Elle nous a invité à sa fête d'anniversaire.
She is a very intelligent young lady.,C'est une jeune femme très intelligente.
She is always complaining of her job.,Elle se plaint toujours de son travail.
She is buying books in the bookstore.,Elle est en train d'acheter des livres à la librairie.
She is devoted to her three children.,Elle est entièrement dévouée à ses trois enfants.
She is endowed with a special talent.,Elle est dotée d'un talent spécial.
She is getting prettier and prettier.,Elle devient de plus en plus jolie.
She is no longer what she used to be.,Elle n'est plus ce qu'elle était.
She is not ashamed of her misconduct.,Elle n'a pas honte de son inconduite.
She is often mistaken for her sister.,On la prend souvent pour sa sœur.
She is wearing an expensive necklace.,Elle porte un collier de prix.
She kept me waiting for over an hour.,Elle me laissa attendre plus d'une heure.
She knows more than she's letting on.,Elle en sait davantage qu'elle admet.
She laid her head down on the pillow.,Elle posa sa tête sur l'oreiller.
She looked pleased with her new ring.,Elle a l'air contente de sa nouvelle bague.
She looks better in Japanese clothes.,Elle a l'air mieux dans des vêtements japonais.
She loves Tom more than she loves me.,Elle aime Tom plus qu'elle ne m'aime.
She needs him more than he needs her.,Elle a plus besoin de lui que lui d'elle.
She needs him more than he needs her.,Elle a davantage besoin de lui que lui d'elle.
She nuzzled up against her boyfriend.,Elle se blottit contre son petit ami.
She offered her seat to an old woman.,Elle a offert son siège à une femme agée.
She offered her seat to an old woman.,Elle a offert son siège a une vieille femme.
She offered her seat to an old woman.,Elle offrit son siège à une femme âgée.
She offered her seat to an old woman.,Elle offrit son siège à une vieille femme.
She ordered him to clean up his room.,Elle lui ordonna de nettoyer sa chambre.
She panicked when she heard the news.,Elle paniqua quand elle entendit la nouvelle.
She panicked when she heard the news.,Elle a paniqué en entendant la nouvelle.
She panicked when she heard the news.,Elle a paniqué quand elle a entendu les informations.
She passed by without glancing at me.,Elle est passée sans même me jeter un regard.
She passed the examination with ease.,Elle a réussi l'examen avec facilité.
She picked up one of the glass vases.,Elle prit l'un des vases en verre.
She played the piano with enthusiasm.,Elle jouait du piano avec enthousiasme.
She prepared a wonderful meal for us.,Elle nous a préparé un merveilleux repas.
She prepared a wonderful meal for us.,Elle nous prépara un merveilleux repas.
She pressed her lips firmly together.,Elle serra fermement les lèvres l'une contre l'autre.
She pulled her sweater over her head.,Elle tira son chandail au-dessus de sa tête.
She really wanted to tell the secret.,Elle voulait vraiment dévoiler le secret.
She removed the papers from the desk.,Elle retira les papiers du bureau.
She returned the book to the library.,Elle restitua le livre à la bibliothèque.
She returned the book to the library.,Elle a restitué le livre à la bibliothèque.
She spoke scarcely a word of English.,Elle parle difficilement un mot d'anglais.
She substituted margarine for butter.,Elle a utilisé de la margarine à la place du beurre.
She talked him into quitting his job.,Elle l'a persuadé de quitter son emploi.
She taught him how to play the piano.,Elle lui enseigna à jouer du piano.
She taught him how to play the piano.,Elle lui a enseigné à jouer du piano.
She told him all about her childhood.,Elle lui dit tout au sujet de son enfance.
She told him all about her childhood.,Elle lui a tout dit au sujet de son enfance.
She tried to get whatever she wanted.,Elle a essayé d'avoir tout ce qu'elle voulait.
She turned to the left at the corner.,Elle a tourné à gauche à l'angle.
She used margarine instead of butter.,Elle a utilisé de la margarine à la place du beurre.
She used margarine instead of butter.,Elle a employé de la margarine à la place du beurre.
She used margarine instead of butter.,Elle utilisa de la margarine à la place du beurre.
She used margarine instead of butter.,Elle employa de la margarine à la place du beurre.
She used the car to go to the office.,Elle a pris sa voiture pour aller au bureau.
She used to play tennis every Sunday.,Elle jouait au tennis tous les dimanches.
She used to pray before going to bed.,Elle avait l'habitude de prier avant de se coucher.
She wanted to wash the dirty clothes.,Elle voulait laver les vêtements sales.
She was almost knocked down by a car.,Elle faillit être renversée par une voiture.
She was born and brought up in Osaka.,Elle est née et a été élevée à Osaka.
She was close to breaking into tears.,Elle était sur le point de fondre en larmes.
She was disappointed with the result.,Elle a été déçue par le résultat.
She was obliged to marry the old man.,Elle fut obligée d'épouser le vieil homme.
"She was only frightened, not injured.","Elle n'a été qu'apeurée, pas blessée."
She was satisfied with the new dress.,La nouvelle robe lui plut.
She was stupid enough to believe him.,Elle fut assez stupide pour le croire.
She was supposed to call him at 2:30.,Elle était censée l'appeler à deux heures et demie.
She was supposed to call him at 2:30.,Elle était censée l'appeler à quatorze heures trente.
She was too tired to keep on working.,Elle était trop fatiguée pour continuer à travailler.
She was watching TV when I came home.,Elle regardait la télévision quand je suis rentré à la maison.
She whispered something into his ear.,Elle murmura quelque chose à son oreille.
She will give you what money she has.,Elle te donnera tout l'argent dont elle dispose.
She wore a red scarf around her neck.,"Elle portait, autour du cou, une écharpe rouge."
She would often come late for school.,Elle arrivait souvent en retard à l'école.
She writes to her son every so often.,Elle écrit à son fils de temps en temps.
She's accustomed to getting up early.,Elle est habituée à se lever tôt.
She's been sick since last Wednesday.,Elle est malade depuis mercredi dernier.
She's collecting material for a book.,Elle rassemble du matériel pour un livre.
She's maxed out all her credit cards.,Elle a excédé tous les plafonds de ses cartes de crédit.
She's not confident about the future.,Elle n'est pas confiante en l'avenir.
She's the breadwinner in this family.,C'est elle le soutien de famille.
Should we make the suggested changes?,Devrions-nous effectuer les changements suggérés ?
"Show me a list of your rates, please.","Montrez-moi une liste de vos tarifs, s'il vous plaît."
Show me the photos you took in Paris.,Montre-moi les photos que tu as prises à Paris.
Show me what you have in your pocket.,Montre-moi ce que tu as dans la poche.
Small family farms were disappearing.,Les petites fermes familiales disparaissaient.
Smoking does you more harm than good.,Fumer te fait davantage de mal que de bien.
Soldiers must carry out their orders.,Les soldats doivent exécuter leurs ordres.
Some built houses partly underground.,Quelques-uns construisirent des maisons partiellement souterraines.
Some children do not like vegetables.,Certains enfants n'aiment pas les légumes.
Some people caught rats and ate them.,Certaines personnes capturèrent des rats et les mangèrent.
"Some were farmers, some were hunters.","Certains étaient des fermiers, certains des chasseurs."
Someone asked me to give this to you.,Quelqu'un m'a demandé de vous donner ceci.
Someone must have left the door open.,Quelqu'un a dû laisser la porte ouverte.
Someone must've left the window open.,Quelqu'un doit avoir laissé la fenêtre ouverte.
Someone stole my wallet on the train.,Quelqu'un a volé mon portefeuille dans le train.
Something might have happened to her.,Quelque chose aurait pu lui arriver.
Sometimes cows are killed by coyotes.,"Parfois, des vaches sont tuées par des coyotes."
Sometimes it's too late to apologize.,Il est parfois trop tard pour présenter ses excuses.
"Sorry, but that's not what I ordered.","Désolé, mais ce n'est pas ce que j'ai commandé."
Stand where you are or I'll kill you.,Reste où tu es ou je te tuerai !
Stand where you are or I'll kill you.,Restez où vous êtes ou je vous tuerai !
Stock prices plunged to a record low.,Le cours des actions a plongé vers un record à la baisse.
Stop chattering and finish your work.,Arrête de bavarder et termine ton travail.
Stop spending money on stupid things.,Arrêtez de dépenser de l'argent en idioties !
Stop spending money on stupid things.,Arrête de dépenser de l'argent en idioties !
Stop stalling and do what I told you.,Arrête de traîner des pieds et fais ce que je t'ai dit.
"Suddenly, a good idea occurred to me.","Soudain, il me vint une bonne idée."
Sumo is a traditional Japanese sport.,Le sumo est un sport traditionnel japonais.
Swimming should help you lose weight.,La natation devrait t'aider à perdre du poids.
Swimming should help you lose weight.,La natation devrait vous aider à perdre du poids.
Take the elevator to the fifth floor.,Prenez l'ascenseur jusqu'au 5e étage.
Tell Tom I'll pick him up on the way.,Dis à Tom que je le récupérerai sur le chemin.
Tell me a little bit about your trip.,Raconte-moi un peu ton voyage.
Tell me what time I need to be there.,Dis-moi à quelle heure je dois venir.
Tell me your impression of this book.,Donne-moi ton impression à propos de ce livre.
Tell us about what you've been doing.,Raconte-nous ce que tu as fait.
Thank you for all you've done for us.,Merci pour tout ce que vous avez fait pour nous.
Thank you for all you've done for us.,Merci pour tout ce que tu as fait pour nous.
Thank you for granting me permission.,Merci de m'accorder la permission.
Thank you for sending me a nice card.,Merci de m'avoir envoyé une belle lettre.
Thank you very much for your present.,Merci beaucoup pour votre cadeau.
Thank you very much for your present.,Merci beaucoup pour ton cadeau.
Thanks for showing me how to do that.,Merci de me montrer comment on fait ça.
Thanks for showing me how to do this.,Merci de me montrer comme faire.
Thanks for showing me how to do this.,Merci de me montrer comme faire ça.
"Thanks to your help, I could succeed.","Grâce à ton aide, j'ai pu réussir."
That actress is as beautiful as ever.,Cette actrice est toujours aussi belle.
That all happened in just three days.,Tout cela s'est produit en seulement trois jours.
That boy denies stealing the bicycle.,Ce garçon nie avoir volé le vélo.
That broken vase is my grandfather's.,Ce vase brisé est à mon grand-père.
That cheese is made from goat's milk.,Ce fromage est fait avec du lait de chèvre.
That cheese is made from goat's milk.,Ce fromage est confectionné à partir de lait de chèvre.
That cheese is made from goat's milk.,Ce fromage est préparé à partir de lait de chèvre.
That cheese is made from goat's milk.,Ce fromage est préparé à base de lait de chèvre.
That cloud looks like a rabbit to me.,Ce nuage ressemble pour moi à un lapin.
That gold ring belonged to my mother.,Cette bague d'or appartenait à ma mère.
That guy still doesn't know who I am.,Ce type ne sait toujours pas qui je suis.
That job will take at least ten days.,Ce travail prendra au moins dix jours.
That kind of thing happens every day.,Ce genre de choses arrive tous les jours.
That matter will take care of itself.,Ce problème se résoudra de lui-même.
That old bridge is anything but safe.,Ce vieux pont est tout sauf sûr.
That school looks just like a prison.,Cette école ressemble vraiment à une prison.
That school looks just like a prison.,Cette école ressemble à une prison.
That shirt doesn't go with the pants.,Cette chemise ne va pas avec le pantalon.
That song reminds me of my childhood.,Cette chanson me rappelle mon enfance.
That sounds like a reasonable demand.,Ça a l'air d'une demande raisonnable.
That store no longer sells cosmetics.,Ce magasin ne vend plus de cosmétiques.
That vending machine is out of order.,Ce distributeur automatique est en panne.
That vending machine is out of order.,Ce distributeur automatique est hors-service.
That was a pretty stupid thing to do.,C'était une chose assez stupide à faire.
That was just the tip of the iceberg.,Ce n'était que la partie émergée de l'iceberg.
"That wasn't so hard to admit, was it?","Ce n'était pas si dur à admettre, non ?"
That wasn't what I had planned to do.,Ce n'était pas ce que j'avais prévu de faire.
That's 20% of the world's population.,C'est 20% de la population mondiale.
That's Tom's house with the red roof.,Cette maison au toit rouge est celle de Tom.
That's a horse of a different colour.,"Ça, c'est une autre affaire."
That's a really interesting question.,C'est une question vraiment intéressante.
That's a really shallow thing to say.,Ça manque vraiment de profondeur.
"That's an amazing distance, isn't it?","C'est une distance incroyable, n'est-ce pas ?"
That's enough. I don't want any more.,C'est assez. Je n'en veux pas plus.
That's enough. I don't want any more.,Cela suffit. Je n'en veux plus.
That's exactly what I want you to do.,C'est exactement ce que je veux que tu fasses.
That's not important for you to know.,Ce n'est pas important pour vous de le savoir.
That's not important for you to know.,Ce n'est pas important pour toi de le savoir.
That's not important for you to know.,Il n'importe pas que tu le saches.
That's not important for you to know.,Il n'importe pas que vous le sachiez.
That's the answer to all my problems.,C'est la réponse à tous mes problèmes.
That's the reason I bought this book.,C'est la raison pour laquelle j'ai acheté ce livre.
That's what I expected it to be like.,C'est ainsi que j'espérais que ce soit.
That's what I expected it to be like.,C'est tel que je l'espérais.
That's what I want most in the world.,C'est ce que je veux le plus au monde.
That's what I would do in your place.,C'est ce que je ferais à ta place.
That's what I'm supposed to be doing.,C'est ce que je suis censé être en train de faire.
That's what I'm supposed to be doing.,C'est ce que je suis censée être en train de faire.
The Mayor addressed a large audience.,Le maire s'est adressé à un large auditoire.
The Mona Lisa has an enigmatic smile.,La Joconde arbore un sourire énigmatique.
The Mona Lisa has an enigmatic smile.,La Joconde affiche un sourire énigmatique.
The accident happened in this manner.,L'accident s'est passé de cette façon.
The addict died from a drug overdose.,Le drogué est mort d'une surdose.
The apples he sent me were delicious.,Les pommes qu'il m'a fait parvenir étaient délicieuses.
The balcony juts out over the street.,Le balcon déborde sur la rue.
The bank was run by private citizens.,La banque était dirigée par des citoyens privés.
The bus leaves every fifteen minutes.,Le bus part tous les quarts d'heure.
The bus leaves every fifteen minutes.,Le bus part toutes les quinze minutes.
The bus will be here in five minutes.,Le bus sera là dans cinq minutes.
The bus will be here in five minutes.,Le bus sera ici dans cinq minutes.
The cancer has spread to her stomach.,Le cancer s'est étendu à son estomac.
The cancer has spread to her stomach.,Le cancer a gagné son estomac.
The candle was blown out by the wind.,La bougie a été éteinte par le vent.
The car is old but in good condition.,"La voiture est vieille, mais en bon état."
The cat doesn't look happy to see us.,Le chat n'a pas l'air heureux de nous voir.
The cat doesn't look happy to see us.,La chatte n'a pas l'air heureuse de nous voir.
The cat is playing with the children.,Le chat joue avec les enfants.
The ceiling is very low in this room.,Le plafond est très bas dans cette salle.
"The cellar is ugly, dark, and stinky.","La cave est laide, sombre, et puante."
The child is sleeping on his stomach.,L'enfant dort sur le ventre.
The child is suffering from the heat.,Le gosse souffre de la chaleur.
The child is suffering from the heat.,La gosse souffre de la chaleur.
The children are creating a painting.,Les enfants réalisent un tableau.
The children were sliding on the ice.,Les enfants glissaient sur la glace.
The church is just across the street.,L'église est juste de l'autre côté de la rue.
The city was full of hungry soldiers.,La ville était pleine de soldats affamés.
The clerk waited on them immediately.,Le serveur les servit immédiatement.
The clouds are coming from the south.,Les nuages arrivent du sud.
The club has more than fifty members.,Le cercle compte plus de cinquante membres.
The cold weather extended into April.,Le temps froid se prolongea jusqu'en avril.
The collection is open to the public.,Cette collection est ouverte au public.
The company accepted his application.,La société accepta sa candidature.
The company released a press release.,L'entreprise a publié un communiqué de presse.
The company's share price has fallen.,Le cours de l'action de la société a baissé.
The complaint is under investigation.,La plainte est à l'étude.
The contestant made two false starts.,Le participant fit deux faux départs.
The criminal escaped from the prison.,Le criminel s'est évadé de la prison.
The crocodile is a protected species.,Le crocodile est une espèce protégée.
The day is getting longer and longer.,Le jour s'allonge de plus en plus.
The dictionary is of great use to me.,Ce dictionnaire m'est très utile.
The dishes are piling up in the sink.,Les assiettes s'accumulent dans l'évier.
The doctor ordered me to stay in bed.,Le médecin m'a ordonné de rester au lit.
The dog is called Spot by the family.,Le chien est appelé 'Spot' par la famille.
The dog was in a box under the table.,Le chien était dans une boîte sous la table.
The dogs died inside the hot vehicle.,Les chiens sont morts à l'intérieur du véhicule brûlant.
The door needs another coat of paint.,La porte a besoin d'une autre couche de peinture.
The driver was charged with speeding.,Le conducteur a été inculpé pour excès de vitesse.
The economy of Japan is still stable.,L'économie du Japon est encore stable.
The electricity is off at the moment.,L’électricité est coupée pour le moment.
The enemy has demanded our surrender.,L'ennemi a exigé notre capitulation.
The explosion came about by accident.,L'explosion s'est produite par accident.
The fire destroyed the tall building.,Le feu détruisit le haut bâtiment.
The first step is always the hardest.,C'est le premier pas qui compte.
The first time is always the hardest.,La première fois est toujours la plus difficile.
The flowers in the garden need water.,Les fleurs du jardin ont besoin d'eau.
The flowers were swaying in the wind.,Les fleurs se balançaient au vent.
The food didn't look very appetizing.,La nourriture n'avait pas l'air très appétissante.
The food in this restaurant is bland.,La cuisine de ce restaurant est insipide.
The garrison was forced to surrender.,La garnison fut contrainte de se rendre.
The girl doesn't like to play soccer.,La fille n'aime pas jouer au football.
The heavy snowfall blocked the roads.,Les fortes chutes de neige ont bloqué les routes.
The hero died at the end of the book.,Le héros meurt à la fin du livre.
The human skull consists of 23 bones.,Le crâne humain se compose de vingt-trois os.
The hunter put ammunition in the gun.,Le chasseur chargea le fusil.
The island was struck by the typhoon.,L'île a été frappée par le typhon.
The king ruled the country for years.,Le roi gouverna le pays pendant des années.
The leaves of the tree turned yellow.,Les feuilles de l'arbre ont jauni.
The length of this ship is 30 meters.,La longueur de ce navire est de 30 mètres.
The man aimed a gun at the policeman.,L'homme pointa une arme en direction de l'agent de police.
The man aimed a gun at the policeman.,L'homme a pointé une arme en direction de l'agent de police.
The man caught the girl by the wrist.,L'homme attrapa la fille par le poignet.
The man had something under his coat.,L'homme avait quelque chose sous son manteau.
The man was hiding in a dense forest.,L'homme se cachait dans une forêt dense.
The manager deals with many problems.,Le gérant fait face à de nombreux problèmes.
The meeting broke up at nine o'clock.,La réunion s'est finie à 9 heures.
The meeting ended earlier than usual.,La réunion a fini plus tôt que d'habitude.
The meeting will take place tomorrow.,La réunion aura lieu demain.
"The more you have, the more you want.","Plus tu en as, plus tu en veux."
The motor does not function properly.,Le moteur ne fonctionne pas correctement.
The movie was a little disappointing.,Le film était un peu décevant.
The movie was better than I expected.,Le film était meilleur que ce que j'attendais.
The neighbor's dog is always barking.,Le chien du voisin est toujours en train d'aboyer.
The neighbor's dog is always barking.,Le chien de la voisine aboie sans cesse.
The new bridge is under construction.,Le nouveau pont est en construction.
The new tax law is full of loopholes.,La nouvelle loi fiscale est bourrée de failles.
The new tax law is full of loopholes.,La nouvelle loi fiscale est pleine d'échappatoires.
The new tax law is full of loopholes.,La nouvelle loi fiscale est pleine de lacunes.
The nurse anticipated all his wishes.,L'infirmière devançait tous ses désirs.
The old woman got hurt when she fell.,La vieille femme s'est blessée quand elle est tombée.
"The older we grow, the less we dream.","Plus nous vieillissons, moins nous rêvons."
The people expected a victory speech.,Les gens attendaient un discours de victoire.
The people rebelled against the king.,Les gens se révoltèrent contre le roi.
The people rejected the constitution.,Les gens rejetèrent la constitution.
The pizza smelled too good to resist.,La pizza sentait trop bon pour pouvoir y résister.
The planes arrived one after another.,Les avions arrivent l'un après l'autre.
The plants were damaged by the frost.,Les plantes furent abîmées par le gel.
"The point is, why didn't you tell me?",La question est : pourquoi ne me l'as-tu pas dit ?
"The point is, why didn't you tell me?",La question est : pourquoi ne me l'avez-vous pas dit ?
The police could not control the mob.,La police ne pouvait contrôler la foule.
The police told me not to leave town.,La police m'a dit de ne pas quitter la ville.
The policeman visited all the houses.,L'agent de police a visité toutes les maisons.
The pond is too shallow for swimming.,L'étang est trop peu profond pour nager.
The president governs for four years.,Le président gouverne pour quatre ans.
The priest took the sick man's place.,Le prêtre prit la place de l'homme malade.
The problem is that we have no money.,Le problème est que nous n'avons pas d'argent.
The professor is making a phone call.,Le professeur est en train de téléphoner.
The protesters set many cars on fire.,Les protestataires mirent le feu à de nombreuses voitures.
The protesters set many cars on fire.,Les protestataires ont mis le feu à de nombreuses voitures.
"The rain has let up, so we can begin.",La pluie s'est apaisée donc nous pouvons commencer.
The rain prevented me from going out.,La pluie m'a empêché de sortir.
The red hat goes well with her dress.,Ce chapeau rouge s'accorde bien avec sa robe.
The red hat goes well with her dress.,Le chapeau rouge est bien assorti avec sa robe.
The red hat goes well with her dress.,Le chapeau rouge va bien avec sa robe.
The revolution divided many families.,La révolution divisait de nombreuses familles.
The road was blocked by fallen rocks.,La route était bloquée par des éboulements de roches.
The roof is really in need of repair.,Le toit a vraiment besoin d'être réparé.
The room didn't have a single window.,La pièce n'avait pas une seule fenêtre.
The roses are in bloom in our garden.,Les roses sont en fleurs dans notre jardin.
The roses in my garden are beautiful.,Les roses de mon jardin sont belles.
The roses in the garden are blooming.,Les roses dans le jardin sont en train de fleurir.
The royal palace was built on a hill.,Le palais royal fut érigé sur une colline.
The same is true of all human beings.,Il en va de même pour tous les êtres humains.
The shell of an egg is easily broken.,La coquille d'un œuf se casse facilement.
The situation went from bad to worse.,La situation allait de pire en pire.
The soldier aimed his gun at the man.,Le soldat dirigea son fusil vers l'homme.
The soldiers returned to their lines.,Les soldats retournèrent dans leurs lignes.
The spaceship made a perfect landing.,La vaisseau spatial a effectué un atterrissage parfait.
The squirrel was busy gathering nuts.,L'écureuil était occupé à rassembler des noisettes.
The storm shouldn't affect our plans.,La tempête ne devrait pas affecter nos plans.
The streetlight over there is broken.,Le lampadaire là-bas est cassé.
The streets are lined with old shops.,Les rues regorgent de petites boutiques anciennes.
The students are having a recess now.,Les étudiants sont en vacances actuellement.
The students are sitting in a circle.,Les élèves sont assis en rond.
The students are sitting in a circle.,Les élèves sont assis en cercle.
The students did the work themselves.,Les étudiants effectuèrent le travail par eux-mêmes.
The students did the work themselves.,Les étudiantes effectuèrent le travail par elles-mêmes.
The students disobeyed their teacher.,Les élèves désobéirent à leur instituteur.
The students disobeyed their teacher.,Les élèves désobéirent à leur institutrice.
The students disobeyed their teacher.,Les élèves ont désobéi à leur instituteur.
The students disobeyed their teacher.,Les élèves ont désobéi à leur institutrice.
The students of this school are kind.,Les étudiants de cette école sont aimables.
The students seem to be sleepy today.,"Les élèves ont l'air endormis, aujourd'hui."
The students walked in a single file.,Les élèves marchèrent en file indienne.
The subway entrance is on the corner.,L'entrée du métro se trouve au coin.
"The sun was shining, yet it was cold.","Le soleil brillait, pourtant il faisait froid."
The suspect began to confess at last.,Le suspect a enfin commencé à avouer.
The temperature fell several degrees.,La température descendit de plusieurs degrés.
The temperature has suddenly dropped.,La température a soudainement baissé.
The terrorists released the hostages.,Les terroristes ont relâché les otages.
The thief escaped through the window.,Le voleur s'est enfui par la fenêtre.
The thieves made off with the jewels.,Les voleurs se sont carapatés avec les bijoux.
The train is made up of fifteen cars.,Le train se compose de quinze wagons.
The trouble is that we have no money.,Le problème est que nous n'avons pas d'argent.
The two brothers are very much alike.,Les deux frères se ressemblent beaucoup.
The two candidates are neck and neck.,Les deux candidats sont au coude à coude.
The two families live under one roof.,Les deux familles vivent sous le même toit.
The victim declined to press charges.,La victime a refusé de porter plainte.
The view from this room is wonderful.,La vue depuis cette pièce est magnifique.
The waiter went to get another glass.,Le serveur alla chercher un autre verre.
The walls were covered with graffiti.,Les murs étaient couverts de graffitis.
The weather is very cold in Istanbul.,Le temps est très froid à Istamboul.
The weather is very cold in Istanbul.,Le temps est très froid à Constantinople.
The workers are against the new plan.,Les employés sont contre le nouveau plan.
The workers took pride in their work.,Les ouvriers étaient fiers de leur travail.
The world doesn't revolve around you.,Le monde ne tourne pas autour de toi.
The young worker was asked to resign.,On demanda au jeune travailleur de démissionner.
Their losses reached one million yen.,Leurs pertes ont atteint un million de yens.
Their patience was about to give out.,Ils étaient sur le point de perdre patience.
There appears to have been a mistake.,Il semble qu'il y ait eu là une erreur.
There appears to have been a mistake.,Il apparaît qu'il ait eu une erreur.
There are a lot of books in his room.,Il y a beaucoup de livres dans sa chambre.
There are a lot of fish in that lake.,Il y a beaucoup de poissons dans ce lac.
There are a lot of fish in this lake.,Il y a beaucoup de poissons dans ce lac.
There are a lot of girls in the room.,Il y a beaucoup de filles dans la pièce.
There are a lot of people here today.,"Il y a beaucoup de gens, ici, aujourd'hui."
There are clean sheets under the bed.,Il y a des draps propres sous le lit.
There are dirty dishes in the sink­.,Il y a des plats sales dans l'évier.
There are fifty members in this club.,Il y a 50 membres dans ce club.
There are huge snakes on this island.,Il y a d'énormes serpents sur cette île.
There are many possible explanations.,Il y a beaucoup d'explications possibles.
There are many possible explanations.,Il y a de nombreuses explications possibles.
There are many rivers on that island.,"Il y a de nombreuses rivières, sur cette île."
There are no exceptions to this rule.,Il n'y a pas d'exceptions à cette règle.
There are no flowers growing on Mars.,Il ne pousse pas de fleurs sur Mars.
There are rumors that he will resign.,Il y a des rumeurs selon lesquelles il démissionnerait.
There are twenty-four hours in a day.,Il y a vingt-quatre heures dans une journée.
There aren't as many trains at night.,Il n'y a pas autant de trains la nuit.
There has been no rain for two weeks.,Il n'a pas plu depuis deux semaines.
There is a big hole in your stocking.,Il y a un gros trou à ton collant.
There is a bus every fifteen minutes.,Il y a un bus toutes les quinze minutes.
There is a cottage beyond the bridge.,Il y a une petite maison au-delà du pont.
There is a cottage beyond the bridge.,Il y a un cottage par delà le pont.
There is a lake in front of my house.,Devant ma maison se trouve un lac.
There is a line at the ticket office.,Il y a la queue au guichet.
There is a right time for everything.,Chaque chose en son temps.
There is a right time for everything.,Il y a un temps pour tout.
There is enough bread for all of you.,Il y a suffisamment de pain pour vous tous.
There is no excuse for such behavior.,Il n'y a pas d'excuse à un tel comportement.
There is no telling what will happen.,On ne peut pas dire ce qu'il adviendra.
There is no telling what will happen.,On ne peut pas dire ce qui se passera.
There is nothing to do but apologize.,Il n'y a rien d'autre à faire que de présenter ses excuses.
There is something wrong with my car.,Il y a quelque chose qui cloche avec ma voiture.
There isn't enough cake for everyone.,Il n'y a pas assez de gâteau pour tout le monde.
There used to be a hotel around here.,Il y avait un hôtel dans les environs.
There was a bridge across each river.,Sur chaque fleuve il y avait un pont.
There was a bridge across each river.,Sur chaque rivière il y avait un pont.
There was a lot of food in the house.,Il y avait beaucoup de nourriture dans la maison.
There was a mad rush toward the exit.,Il y eut une folle ruée vers la sortie.
There was no money left in my wallet.,Il n'y avait plus d'argent dans mon portefeuille.
There was no response to my question.,Il n'y a pas eu de réponse à ma question.
There was no response to my question.,Il n'y eut pas de réponse à ma question.
There was nothing he could have done.,Il n'y avait rien qu'il eût pu faire.
There was nothing we could have done.,Il n'y avait rien que nous eussions pu faire.
There were about one thousand people.,Il y avait à peu près mille personnes.
There were about one thousand people.,Il y avait environ un millier de personnes.
There were some unexpected questions.,Il y avait quelques questions inattendues.
There were some unexpected questions.,Il y a eu quelques questions inattendues.
There were some unexpected questions.,Il y eut des questions inattendues.
There weren't very many people there.,Il n'y avait pas de nombreuses personnes là.
There's a black sheep in every flock.,Il y a un mouton noir dans chaque troupeau.
There's a place I'd like to show you.,Il y a un endroit que j'aimerais te montrer.
There's a place I'd like to show you.,Il y a un endroit que j'aimerais vous montrer.
There's bamboo growing in the garden.,Du bambou pousse dans le jardin.
There's no chance that he'll recover.,Il n'y a aucune chance qu'il se remette.
There's no more butter in the fridge.,Il n'y a plus de beurre dans le frigo.
There's no way to get off the island.,Il n'y a aucun moyen de quitter l'île.
There's nothing I can do to help Tom.,Il n'y a rien que je puisse faire pour aider Tom.
There's nothing like a good hot bath.,Rien de tel qu'un bon bain chaud.
There's nothing like a good hot bath.,Il n'y a rien de tel qu'un bon bain chaud.
There's nothing like a good hot bath.,Rien ne vaut un bon bain chaud.
There's nothing that can stop us now.,"Rien ne peut nous arrêter, désormais."
There's nothing that can stop us now.,"Rien, désormais, ne peut nous arrêter."
There's plenty of blame to go around.,Il faut surmonter beaucoup de reproches.
There's plenty of food in the pantry.,Il y a plein de nourriture dans le garde-manger.
There's so much I want to say to you.,Il y a tellement de choses que je veux te dire.
There's so much I want to say to you.,J'ai tant de choses à te dire.
There's someone I'd like you to meet.,Il y a quelqu'un que j'aimerais que vous rencontriez.
There's someone I'd like you to meet.,Il y a quelqu'un que j'aimerais que tu rencontres.
There's someone hiding in the closet.,Quelqu'un se cache dans le placard.
There's something I have to tell you.,J'ai quelque chose à te dire.
There's something I have to tell you.,Il y a quelque chose que je dois te dire.
There's something I have to tell you.,Il y a quelque chose que je dois vous dire.
There's something I have to tell you.,J'ai quelque chose à vous dire.
There's something I need to tell you.,Il y a quelque chose que je dois te dire.
There's something I want to show you.,Il y a quelque chose que je veux te montrer.
There's something I want to show you.,Il y a quelque chose que je veux vous montrer.
There's something I want you to know.,Il y a quelque chose que je veux que tu saches.
There's something else in the drawer.,Il y a autre chose dans le tiroir.
There's too much sugar in the coffee.,Il y a trop de sucre dans le café.
These are more than just assumptions.,Ce sont plus que de simples hypothèses.
These are questions worth discussing.,Ce sont des questions qui méritent d'être débattues.
These books aren't just for children.,Ces livres ne sont pas que pour les enfants.
These flowers grow in warm countries.,Ces fleurs poussent dans les pays chauds.
These kittens are so cute and cuddly.,Ces chatons sont tellement mignons et câlins.
These shoes are way too small for me.,Ces chaussures sont bien trop petites pour moi.
These two have very little in common.,Ces deux-là n'ont pas grand-chose en commun.
They are seeing their uncle tomorrow.,Ils voient leur oncle demain.
They asked for an increase of salary.,Ils ont réclamé une augmentation de salaire.
They asked me for something to drink.,Ils me demandèrent quelque chose à boire.
They danced until six in the morning.,Ils ont dansé jusqu'à six heures du matin.
They danced until six in the morning.,Elles ont dansé jusqu'à six heures du matin.
They danced until six in the morning.,Ils dansèrent jusqu'à six heures du matin.
They danced until six in the morning.,Elles dansèrent jusqu'à six heures du matin.
They dealt with the prisoners kindly.,Ils s'occupaient gentiment des prisonniers.
They didn't know what to do with him.,Ils ne savaient que faire de lui.
They didn't know what to do with him.,Elles ne savaient que faire de lui.
They didn't swim because it was cold.,Ils ne se sont pas baignés parce qu’il faisait froid.
They didn't swim because it was cold.,Ils n'ont pas nagé en raison du froid.
They don't always obey their parents.,Ils n'obéissent pas toujours à leurs parents.
They enjoyed themselves at the party.,Ils se sont amusés à la fête.
They guarantee this clock for a year.,Cette montre est garantie un an.
They had to read the book many times.,Ils devaient lire le livre de nombreuses fois.
They incited him to commit the crime.,Ils l'ont incité à commettre un crime.
They incited him to commit the crime.,Elles l'ont incité à commettre un crime.
They incited him to commit the crime.,Ils l'incitèrent à commettre un crime.
They incited him to commit the crime.,Elles l'incitèrent à commettre un crime.
They just want an excuse to fire you.,Ils veulent juste une excuse pour te virer.
They just want an excuse to fire you.,Elles veulent seulement une excuse pour vous licencier.
They live in a city close to Beijing.,Ils habitent dans une ville proche de Pékin.
They made sure nobody could see them.,Ils s'assurèrent que personne ne pouvait les voir.
They made sure nobody could see them.,Elles s'assurèrent que personne ne pouvait les voir.
They made sure nobody could see them.,Ils se sont assurés que personne ne pouvait les voir.
They made sure nobody could see them.,Elles se sont assurées que personne ne pouvait les voir.
They made their way across the river.,Ils se sont débrouillés pour franchir le fleuve.
They never returned to their country.,Jamais ils ne retournèrent dans leur pays.
They never returned to their country.,Jamais elles ne retournèrent dans leur pays.
They revolted against the government.,Ils se révoltèrent contre le gouvernement.
They revolted against the government.,Elles se révoltèrent contre le gouvernement.
They should have arrived home by now.,"Ils doivent probablement être arrivés chez eux, maintenant."
They showed the scene in slow motion.,Ils montrèrent la scène au ralenti.
They talked on the phone every night.,Ils discutaient tous les soirs au téléphone.
They usually go to school by bicycle.,Elles se rendent d'ordinaire à l'école à vélo.
They visited their parents yesterday.,"Ils ont rendu visite, hier, à leurs parents."
They were angry about several things.,Ils étaient en colère à propos de nombreuses choses.
They were forecasting rain for today.,Ils annonçaient de la pluie pour aujourd'hui.
They were on board the same airplane.,Ils étaient à bord du même avion.
They were surprised by what they saw.,Ils furent surpris par ce qu'ils virent.
They were surprised by what they saw.,Elles furent surprises par ce qu'elles virent.
They were surprised by what they saw.,Ils ont été surpris par ce qu'ils ont vu.
They were surprised by what they saw.,Elles ont été surprises par ce qu'elles ont vu.
They were surprised by what they saw.,Ils furent surpris de ce qu'ils virent.
They were surprised by what they saw.,Elles furent surprises de ce qu'elles virent.
They were surprised by what they saw.,Ils ont été surpris de ce qu'ils ont vu.
They were surprised by what they saw.,Elles ont été surprises de ce qu'elles ont vu.
They will cut down on their expenses.,Ils réduiront leurs dépenses.
They'll be so happy to have Tom back.,Ils seront si heureux de retrouver Tom.
They'll be so happy to have Tom back.,Elles seront si heureuses de retrouver Tom.
They're going to give me an estimate.,Ils vont me donner un devis.
They're having a break at the moment.,"Pour le moment, ils font une pause."
Things have been pretty tough lately.,"Les choses ont été assez difficiles, ces derniers temps."
This Sunday is Mother's Day in Spain.,La fête des mères tombe ce dimanche en Espagne.
This beach is a paradise for surfers.,Cette plage est un paradis pour les surfeurs.
This book contains forty photographs.,Ce livre contient quarante photographies.
This book is difficult to understand.,Ce livre est difficile à comprendre.
This book is divided into four parts.,Ce livre est divisé en quatre parties.
This book isn't as heavy as that one.,Ce livre-ci n'est pas aussi lourd que celui-là.
This bus will take you to the museum.,Ce bus vous emmènera au musée.
This cheese is made from goat's milk.,Ce fromage est confectionné à partir de lait de chèvre.
This cheese is made from goat's milk.,Ce fromage est préparé à partir de lait de chèvre.
This cheese is made from goat's milk.,Ce fromage est préparé à base de lait de chèvre.
This chemical is extremely dangerous.,Ce produit chimique est extrèmement dangereux.
This clock loses three minutes a day.,Cette horloge perd trois minutes par jour.
"This coat is nice, but too expensive.","Ce manteau est beau, mais trop cher."
This custom dates from ancient times.,Cette tradition date de temps immémoriaux.
This custom should be done away with.,On devrait abandonner cette coutume.
This desk cost three hundred dollars.,Ce bureau coûtait trois cents dollars.
This desk is a little too low for me.,Ce bureau est quelque peu trop bas pour moi.
This doesn't make sense to me either.,Ça n'a pas de sens pour moi non plus.
This gun is reportedly very powerful.,On dit que cette arme à feu est très puissante.
This gun is reportedly very powerful.,On dit que ce canon est très puissant.
This has all been a misunderstanding.,Tout a été un malentendu.
This hotel is better than that hotel.,Cet hôtel est meilleur que celui-là.
This house has triple–pane windows.,Cette maison est pourvue de fenêtres à triple vitrage.
This hurts more than you can imagine.,Ça blesse plus que tu ne peux l'imaginer.
This hurts more than you can imagine.,Cela fait plus mal que vous ne pouvez l'imaginer.
This is a book of children's stories.,C'est un livre d'histoires pour les enfants.
This is a difficult problem to solve.,C'est un problème difficile à résoudre.
This is a great business opportunity.,C'est une belle opportunité de faire des affaires.
This is a lot more fun than studying.,C'est bien plus amusant que d'étudier.
This is a lot more fun than studying.,C'est bien plus marrant que d'étudier.
This is a matter of great importance.,C’est très important.
This is a portrait of my late father.,C’est un portrait de mon défunt père.
This is a portrait of my late father.,C'est un portrait de mon défunt père.
This is a problem for elderly people.,C'est un problème pour les personnes âgées.
This is a serious case of negligence.,C'est une très grave négligence.
This is an exquisite little painting.,C'est un petit tableau exquis.
This is an extremely important point.,C'est un point extrèmement important.
This is an extremely important point.,C'est un point crucial.
This is definitely not what I wanted.,Ce n'est certainement pas ce que je souhaitais.
This is exactly what I wanted to see.,C'est exactement ce que je voulais voir.
This is something I don't understand.,C'est quelque chose que je ne comprends pas.
This is something I don't understand.,"Ça, c'est quelque chose que je ne comprends pas."
This is something I need to do alone.,C'est quelque chose que je dois faire seul.
This is the best camera in the store.,C'est le meilleur appareil photo du magasin.
This is the book I was talking about.,Voici le livre dont je parlais.
This is the boy who found your watch.,C'est le garçon qui a trouvé ta montre.
This is the key that opens that door.,C'est la clé qui ouvre cette porte.
This is the office in which he works.,C'est le bureau dans lequel il travaille.
This is the place where Tom was born.,C'est l'endroit où Tom est né.
This is the secret of true happiness.,Voilà le secret du véritable bonheur.
This is the village where I was born.,C'est le village où je suis né.
This is what you've been waiting for.,C'est ce que tu attendais.
This is what you've been waiting for.,C'est ce que vous attendiez.
This is why I don't have a boyfriend.,C'est pour ça que je n'ai pas de copain.
This is why I don't have a boyfriend.,Voilà pourquoi je n'ai pas de petit ami.
This isn't the time for stupid jokes.,Ce n'est pas le moment pour les blagues idiotes.
This kind of book is of no use to us.,Ce genre de livre ne nous serait d'aucune utilité.
This kind of cat doesn't have a tail.,Cette sorte de chat ne possède pas de queue.
This lid is so tight I can't open it.,Ce couvercle est si serré que je ne peux l'ouvrir.
This lid is too tight for me to open.,Ce couvercle est trop serré pour que je puisse l'ouvrir.
This mail will be delivered tomorrow.,Ce courrier sera distribué demain.
This mine will close down next month.,Cette mine fermera ses portes le mois prochain.
This painting is attributed to Monet.,Ce tableau est attribué à Monet.
This park is a paradise for children.,Ce parc est un paradis pour les enfants.
This park reminds me of my childhood.,Ce parc me rappelle mon enfance.
This place was bombed during the war.,Cet endroit a été bombardé pendant la guerre.
This product is expensive to produce.,Ce produit est cher à fabriquer.
This question is difficult to answer.,Il est difficile de répondre à cette question.
This really is a dangerous situation.,C'est vraiment une situation dangereuse.
This report is very sloppily written.,Ce rapport est écrit sans aucun soin.
This road curves gently to the right.,Cette route tourne légèrement vers la droite.
This room has space for fifty people.,Cette pièce peut contenir cinquante personnes.
This rule does not apply to the case.,Cette règle ne s'applique pas à l'affaire.
This rule does not apply to the case.,Cette règle ne s'applique pas au cas.
This should become standard practice.,Cela devrait devenir une pratique courante.
This song reminds me of my childhood.,Cette chanson me rappelle mon enfance.
This tree is more than a century old.,Cet arbre a plus d'un siècle.
This vending machine is out of order.,Le distributeur est en panne.
Those two children were the same age.,Ces deux enfants avaient le même âge.
Those were the best years of my life.,C'étaient les meilleures années de ma vie.
Those were the best years of my life.,Celles-ci furent les meilleures années de ma vie.
Those who know him speak well of him.,Ceux qui le connaissent disent du bien de lui.
Three more passengers got on the bus.,Encore trois personnes montèrent dans le bus.
Time's up. Please pass in your exams.,Le temps est écoulé. Veuillez remettre vos copies d'examen.
"To tell the truth, I didn't go there.","Pour dire la vérité, je n'y suis pas allé."
"To tell the truth, I didn't go there.","Pour dire la vérité, je ne m'y suis pas rendu."
"To tell the truth, I do not like him.","Franchement, je ne l'aime pas."
Tobacco was one of their major crops.,Le tabac était l'une de leurs principales cultures.
Tom admitted he had accepted a bribe.,Tom a avoué avoir accepté un pot-de-vin.
Tom advised Mary to go to the police.,Tom a conseillé à Mary d'aller voir la police.
Tom always asks me the same question.,Tom me pose toujours la même question.
Tom always asks me the same question.,Tom me pose sans arrêt la même question.
Tom always drinks tea in the morning.,Tomas boit toujours du thé le matin.
Tom always goes to school by bicycle.,Tom va tout le temps à l'école à vélo.
Tom and I went to a party last night.,Tom et moi sommes allés à une fête la nuit dernière.
Tom and Mary are no longer in Boston.,Tom et Mary ne sont plus à Boston.
Tom and Mary are really good friends.,Tom et Mary sont vraiment de bons amis.
Tom and Mary became lifelong friends.,Tom et Marie sont devenus des amis pour la vie.
Tom and Mary had a whirlwind romance.,Tom et Marie ont vécu une idylle éclair.
Tom and Mary left the party together.,Tom et Mary ont quitté la fête ensemble.
Tom and Mary left the party together.,Tom et Mary quittèrent la fête ensemble.
Tom and Mary make a very nice couple.,Tom et Mary font un très joli couple.
Tom and Mary really loved each other.,Tom et Marie s'aimaient vraiment.
Tom and Mary returned to their seats.,Tom et Mary retournèrent à leurs places.
Tom and Mary used to be good friends.,Tom et Mary étaient de bons amis.
Tom and Mary work in the same office.,Tom et Mary travaillent dans le même bureau.
Tom answered the teacher's questions.,Tom a répondu aux questions du professeur.
Tom answered the teacher's questions.,Tom répondit aux questions du professeur.
Tom answered the teacher's questions.,Tom a répondu aux questions de la professeure.
Tom answered the teacher's questions.,Tom répondit aux questions de la professeure.
Tom asked Mary if she had to do that.,Tom a demandé à Marie si elle a dû faire ça.
Tom asked Mary if she had to do that.,Tom demanda à Marie si elle était obligée de faire ça.
Tom asked Mary to come back tomorrow.,Tom demanda à Mary de revenir demain.
Tom asked Mary to come over and help.,Tom demanda à Mary de venir l'aider.
Tom asked Mary to come to his office.,Tom demanda à Mary de venir à son bureau.
Tom asked Mary to explain her answer.,Tom demanda à Mary d'expliquer sa réponse.
Tom asked Mary to get a hold of John.,Tom demanda à Mary de contacter John.
Tom asked Mary to pass him the gravy.,Tom demanda à Mary de lui passer la sauce.
Tom asked Mary to wake him up at six.,Tom a demandé à Mary de le réveiller à six heures.
Tom asked Mary to watch the children.,Tom a demandé à Mary de surveiller les enfants.
Tom asked Mary whether she liked him.,Tom a demandé à Mary si elle l'aimait bien.
Tom asked Mary why she had done that.,Tom a demandé à Mary pourquoi elle avait fait ça.
Tom asked me if I liked Chinese food.,Tom m'a demandé si j'aimais la nourriture chinoise.
Tom asked me to take Mary to the zoo.,Tom m'a demandé d'emmener Mary au zoo.
Tom asked the teacher some questions.,Tom posa quelques questions à l'enseignant.
Tom ate what little food he had left.,Tom manga le peu de nourriture qu'il lui restait.
Tom ate what little food he had left.,Tom a mangé le peu de nourriture qu'il lui restait.
Tom banged his head on a tree branch.,Tom s'est cogné la tête à une branche d'arbre.
Tom became a successful photographer.,Tom est devenu un photographe talentueux.
Tom bought some vegetables and fruit.,Tom a acheté des légumes et des fruits.
Tom bought three bottles of red wine.,Thomas a acheté 3 bouteilles de vin rouge.
Tom called to say that he'll be late.,Tom a appelé pour dire qu'il serait en retard.
Tom can speak French better than you.,Tom sait mieux parler le français que toi.
"Tom can speak French, but Mary can't.",Tom sait parler français mais pas Mary.
Tom certainly is an eloquent speaker.,Tom est vraiment un orateur éloquent.
Tom changes his password every month.,Tom change de mot de passe tous les mois.
Tom clearly doesn't want to be there.,Tom ne veut clairement pas y être.
Tom complained about the high prices.,Tom s'est plaint des prix élevés.
Tom confuses his right with his left.,Tom confond la droite et la gauche.
Tom couldn't answer Mary's questions.,Tom ne pouvait pas répondre aux questions de Mary.