English words/sentences,French words/sentences
I think a movie is more entertaining than any book.,Je pense qu'un film est beaucoup plus entrainant que n'importe quel livre.
I think it's going to get steadily hotter from now.,Je crois qu'il va faire de plus en plus chaud à partir de maintenant.
I think that I understand what Tom's trying to say.,Je crois que je comprends ce que Tom essaie de dire.
I think that I understand what Tom's trying to say.,Je crois que je comprends ce que Tom essaye de dire.
I think there's no point in trying to convince her.,Je pense qu'il ne sert à rien d'essayer de la convaincre.
I think there's no point in trying to convince him.,Je pense qu'il ne sert à rien d'essayer de le convaincre.
I think you need to buy a new pair of hiking boots.,Je pense que tu as besoin d'acheter une nouvelle paire de chaussures de marche.
I think you should stick to your training schedule.,Je pense que tu devrais t'en tenir à ton programme d'entraînement.
I think you should stick to your training schedule.,Je pense que vous devriez vous en tenir à votre programme d'entraînement.
I thought for sure you would stay in Japan forever.,Je pensais pour de bon que tu resterais pour toujours au Japon.
I thought for sure you would stay in Japan forever.,Je pensais pour de bon que vous resteriez pour toujours au Japon.
I thought it'd be fun to sing a few songs together.,J'ai pensé qu'il serait amusant de chanter ensemble quelques chansons.
I thought you didn't want to talk about this stuff.,Je pensais que tu ne voulais pas parler de ça.
I told you guys to go home. Why are you still here?,Je vous ai dit que vous deviez rentrer chez vous. Pourquoi êtes-vous encore là ?
"I took the 10:30 train, which was ten minutes late.","J'ai pris le train de 10 :30, lequel était en retard de dix minutes."
I usually toss my loose change into my desk drawer.,Je flanque d'habitude ma petite monnaie dans mon tiroir de bureau.
I want a boat that will take me far away from here.,Je veux un bateau qui m'emmènera loin d'ici.
I want a boat that will take me far away from here.,Je veux un bateau qui m'emmènera très loin d'ici.
I want guards posted here and I want them here now.,Je veux des gardes postés ici et je les veux maintenant !
I want to apologize for the way I acted last night.,Je veux présenter mes excuses pour la manière dont j'ai agi hier soir.
I want to clean the house before my parents return.,Je veux nettoyer la maison avant que mes parents reviennent.
I want to discuss a very important matter with you.,Je veux m'entretenir avec toi d'une affaire très importante.
I want to discuss a very important matter with you.,Je veux m'entretenir avec vous d'une affaire très importante.
I want to find out if the warranty has expired yet.,Je veux déterminer si la garantie est déjà expirée.
I want to get there early so we can get good seats.,Je veux y arriver tôt afin que nous obtenions de bonnes places.
I want to share this with my grandchildren one day.,Je souhaite partager ceci avec mes petits-enfants un jour.
I want to spend more time doing things that matter.,Je veux passer davantage de temps à faire des choses qui comptent.
I want to talk with the manager about the schedule.,Je voudrais parler avec le manager à propos du calendrier.
I want to talk with the manager about the schedule.,Je voudrais m'entretenir avec le gérant au sujet du calendrier.
I want you to go to your room and pack your things.,Je veux que tu ailles dans ta chambre et que tu emballes tes affaires.
I want you to go to your room and pack your things.,Je veux que vous alliez dans votre chambre et que vous emballiez vos affaires.
I want you to write to me as soon as you get there.,Je veux que vous m'écriviez aussitôt arrivée.
"I wanted to help, but there was nothing I could do.","Je voulais aider, mais il n'y avait rien que je pouvais faire."
I was wondering if you were going to show up today.,Je me demandais si tu allais venir aujourd'hui.
I will give you this bicycle as a birthday present.,Je vous donnerai cette bicyclette comme cadeau d'anniversaire.
I will give you this bicycle as a birthday present.,Je te donnerai ce vélo comme cadeau d'anniversaire.
I wish my girlfriend would spend more time with me.,J'aimerais que ma copine passe davantage de temps avec moi.
I wish my girlfriend would spend more time with me.,J'aimerais que ma petite amie passe davantage de temps avec moi.
I wish that noise would stop. It gets on my nerves.,J'aimerais que ce bruit cesse. Ça me tape sur les nerfs.
I wonder how many horses died during the Civil War.,Je me demande combien de chevaux sont morts durant la guerre de sécession.
I wonder if I should talk to her about the problem.,Je me demande si je devrais lui parler du problème.
I wonder if I should talk to her about the problem.,Je me demande si je devrais l'entretenir du problème.
I would rather you came on Friday than on Thursday.,Je préférerais que vous veniez vendredi plutôt que jeudi.
I would sooner die than get up early every morning.,Je préférerais encore mourir plutôt que de me lever tôt tous les matins.
I wouldn't ask this of you if it weren't important.,Je ne te le demanderais pas si ce n'était pas important.
I'd be delighted if they asked me to give a speech.,Je serais ravi si elles me demandaient de prononcer un discours.
I'd be delighted if they asked me to give a speech.,Je serais ravie si elles me demandaient de prononcer un discours.
I'd be delighted if they asked me to give a speech.,Je serais ravi s'ils me demandaient de prononcer un discours.
I'd be delighted if they asked me to give a speech.,Je serais ravie s'ils me demandaient de prononcer un discours.
I'd be depressed if they asked me to quit the team.,Je serais déprimé s'ils me demandaient de quitter l'équipe.
I'd be depressed if they asked me to quit the team.,Je serais déprimée s'ils me demandaient de quitter l'équipe.
I'd be depressed if they asked me to quit the team.,Je serais déprimé si elles me demandaient de quitter l'équipe.
I'd be depressed if they asked me to quit the team.,Je serais déprimée si elles me demandaient de quitter l'équipe.
I'd be surprised if they asked me to give a speech.,Je serais surpris qu'ils me demandent de prononcer un discours.
I'd be surprised if they asked me to give a speech.,Je serais surprise qu'ils me demandent de prononcer un discours.
I'd be surprised if they asked me to give a speech.,Je serais surpris qu'elles me demandent de prononcer un discours.
I'd be surprised if they asked me to give a speech.,Je serais surprise qu'elles me demandent de prononcer un discours.
I'd like some information about your new computers.,Je voudrais quelques informations à propos de vos nouveaux ordinateurs.
I'd like to call him. Do you have his phone number?,J'aimerais l'appeler. Tu as son numéro de téléphone ?
I'd like to speak with Tom in private for a moment.,J’aimerais parler rapidement à Tom en tête à tête.
I'd like to try out this new model before I buy it.,J'aimerais essayer ce nouveau modèle avant de l'acheter.
I'll explain to you how to use it when I come back.,Je t'expliquerai comment l'utiliser une fois que je serai rentré.
I'll get in touch with you again about this matter.,Je reste à nouveau en contact avec vous pour ce problème.
I'm glad to have this opportunity to work with you.,Je suis heureux d'avoir cette occasion de travailler avec toi.
I'm glad to have this opportunity to work with you.,Je suis content d'avoir cette occasion de travailler avec vous.
I'm going drinking with some of my friends tonight.,Je vais boire un coup avec quelques uns de mes amis ce soir.
I'm going to deal with the problem in this chapter.,Je vais traiter le problème dans ce chapitre.
I'm going to explain all this in more detail later.,Je vais vous expliquer tout cela plus en détail ultérieurement.
I'm looking for an apartment in the center of town.,Je cherche un appartement au centre de la ville.
I'm looking forward to spending more time with you.,J'ai hâte de passer plus de temps avec toi.
I'm looking forward to spending more time with you.,J'ai hâte de passer plus de temps avec vous.
I'm not going out because I have to do my homework.,"Je ne sors pas, car je dois faire mes devoirs."
I'm one of the thirty people who needed to do that.,Je suis l'une des trente personnes qui avaient besoin de le faire.
I'm pretty sure Tom knows what he's supposed to do.,Je suis presque sûr que Tom sait ce qu'il est censé faire.
I'm pretty sure Tom knows what he's supposed to do.,Je suis presque sûre que Tom sait ce qu'il est censé faire.
"I'm sure if you put your mind to it, you can do it.","Je suis certain que si vous y consacrez votre esprit, vous pouvez le faire."
I'm thinking of going to Germany to study medicine.,Je pense que je vais aller en Allemagne pour étudier la médecine.
I'm trying to find the person who owns this guitar.,J'essaie de trouver la personne à qui cette guitare appartient.
I'm very happy you'll be visiting Tokyo next month.,Je suis très contente que tu visites Tokyo le mois prochain.
I'm wondering what'll happen if I push this button.,Je me demande ce qu'il se passera si j'appuie sur ce bouton.
I've already decided who to give my old bicycle to.,J'ai déjà décidé à qui donner mon vieux vélo.
I've already done everything you've asked me to do.,J'ai déjà fait tout ce que vous m'avez demandé de faire.
I've been learning how to write kanji with a brush.,J'ai appris à écrire les idéogrammes à l'aide d'un pinceau.
I've been waiting for a friend of mine for an hour.,J'ai attendu un des amis pendant une heure.
I've decided to join the volunteer fire department.,J'ai décidé de devenir membre des pompiers bénévoles.
I've done bad things that I should be punished for.,J'ai fait de mauvaises choses pour lesquelles je devrais être puni.
I've got a friend who works for the New York Times.,J'ai un ami qui travaille pour le New York Times.
"I've got no place to go, so I'm going to stay here.",Je n'ai nulle part où aller alors je vais rester ici.
"I've heard of him, but I don't know him personally.",J'ai entendu parler de lui mais je ne le connais pas personnellement.
I've learned not to put much stock in what he says.,J'ai appris à ne pas accorder trop de crédit à ce qu'il dit.
I've made up my mind to learn how to play the harp.,J'ai décidé d'apprendre à jouer de la harpe.
I've never seen Tom do what you say he always does.,Je n'ai jamais vu Tom faire ce que tu dis qu'il fait tout le temps.
I've never seen Tom do what you say he always does.,Je n'ai jamais vu Tom faire ce que vous dites qu'il fait tout le temps.
I've never seen anything more beautiful in my life.,Je n'ai jamais rien vu de plus beau de ma vie.
I've never told anyone that my father is in prison.,Je n'ai jamais dit à personne que mon père est en prison.
I've never told anyone that my father is in prison.,Je n'ai jamais dit à quiconque que mon père est en prison.
I've never told anyone that my father is in prison.,Je n'ai jamais dit à personne que mon père était en prison.
I've never told anyone that my father is in prison.,Je n'ai jamais dit à quiconque que mon père était en prison.
I've never told anyone why I have trouble sleeping.,Je n'ai jamais dit à personne pourquoi j'ai des troubles du sommeil.
I've only had my driver's license for three months.,Je ne dispose de mon permis de conduire que depuis trois mois.
"If I create an example, will you correct it for me?","Si je crée un exemple, le corrigeras-tu pour moi ?"
"If I have any more questions, where can I find you?",Où puis-je vous trouver si j’ai de quelconques questions additionnelles ?
"If I tell her the truth, she will never forgive me.","Si je lui dis la vérité, elle ne me pardonnera jamais."
"If I tell him the truth, she will never forgive me.","Si je lui dis la vérité, elle ne me pardonnera jamais."
"If I were a rich man, I wouldn't have to work hard.","Si j'étais un homme riche, je n'aurais pas à travailler dur."
"If he had failed the exam, what would he have done?","S'il avait échoué à l'examen, qu'aurait-il fait ?"
"If he told me the truth, I would have forgiven him.","S'il m'avait dit la vérité, je lui aurais pardonné."
"If it rains tomorrow, I'm not going to the meeting.","S'il pleut demain, je n'irai pas à la réunion."
"If my brother hadn't helped me, I would've drowned.","Mon frère ne m'eût-il pas aidé, je me serais noyé."
"If my brother hadn't helped me, I would've drowned.","Mon frère ne m'eût-il pas aidée, je me serais noyée."
"If my brother hadn't helped me, I would've drowned.","Si mon frère ne m'avait pas aidé, je me serais noyé."
"If my brother hadn't helped me, I would've drowned.","Si mon frère ne m'avait pas aidée, je me serais noyée."
"If no one has a better proposal, let's get to work.","Si personne n'a de meilleure proposition, mettons-y nous."
"If you can't have children, you could always adopt.","Si tu ne peux pas avoir d'enfants, tu peux toujours en adopter."
"If you don't have enough money, I'll lend you some.","Si vous ne disposez pas d'assez d'argent, je vous en prêterai."
"If you don't have enough money, I'll lend you some.","Si tu n'as pas assez d'argent, je t'en prêterai."
"If you don't pay rent, the landlord will evict you.","Si vous ne payez pas le loyer, le propriétaire va vous expulser."
If you taste this sauce you'll find it a bit salty.,Si tu goûtes cette sauce tu la trouveras un peu salée.
"In addition to English, she speaks French fluently.","En plus de l'anglais, elle parle couramment français."
"In case of an emergency, what number should I call?",Quel numéro devrais-je composer en cas d'urgence ?
"In order to use a computer, you must learn to type.",Vous devez apprendre à taper pour utiliser un ordinateur.
"In short, he's run off without paying off his debt.","En bref, il s'est enfui sans payer ses dettes."
"In the land of the blind, the one-eyed man is king.","Au pays des aveugles, le borgne est roi."
Is there any difference between your idea and hers?,Y a-t-il une différence quelconque entre ton idée et la sienne ?
Is there any difference between your idea and hers?,Y a-t-il la moindre différence entre votre idée et la sienne ?
It appears to me that you put on my hat by mistake.,"Il m'apparait que vous avez, par erreur, mis mon chapeau."
It appears to me that you put on my hat by mistake.,"Il me semble que tu as, par erreur, mis mon chapeau."
It doesn't work so well because the battery is low.,Ça ne marche pas si bien parce que la pile est usée.
It has been her dream to be a university professor.,Devenir professeur d'université est son rêve.
It is abnormal to have the heart on the right side.,Il est anormal d'avoir le cœur du côté droit.
It is believed that whales have their own language.,Les gens pensent que les baleines possèdent leur propre langage.
It is difficult for beginners to enjoy windsurfing.,"Il est difficile, pour les débutants, de s'amuser en planche à voile."
It is impossible to substitute machines for people.,Il est impossible de substituer des machines aux humains.
It is interesting that no one noticed that mistake.,C'est intéressant que personne n'a remarqué l'erreur.
It is not easy to understand why you want to leave.,Il n'est pas facile de comprendre pourquoi tu veux partir.
It is said that he is the richest man in the world.,Il est soi-disant l'homme le plus riche du monde.
It is so dreadful that I don't want to think of it.,C'est tellement horrible que je ne veux pas y penser.
It looks like the thief came in through the window.,Il semble que le voleur soit passé par la fenêtre.
It may be unwise of you to advertise your presence.,Il n'est peut-être pas raisonnable de faire savoir votre présence.
"It may rain tomorrow, but we are going in any case.",Il pleuvra peut-être demain mais nous irons quand-même.
"It rained all day long yesterday, so I stayed home.","Il a plu toute la journée d'hier, alors je suis resté à la maison."
It seems that the computer was infected by a virus.,On dirait que l’ordinateur a été infecté par un virus.
It took me a couple of hours to solve this problem.,Il m'a fallu deux heures pour résoudre ce problème.
It was believed that the sun went around the earth.,On croyait que le soleil tournait autour de la terre.
It was careless of you to leave the key in the car.,C'était inconsidéré de ta part de laisser la clé dans la voiture.
It was difficult for us to decide which one to buy.,Il nous fut difficile de décider lequel choisir.
It was difficult for us to decide which one to buy.,Il nous fut difficile de décider laquelle choisir.
It was difficult for us to decide which one to buy.,Il nous a été difficile de décider lequel choisir.
It was in 1939 that the Second World War broke out.,C'est en 1939 que la Seconde Guerre mondiale éclata.
It was such a pleasant day that we went for a walk.,C'était une journée si agréable que nous sommes allés nous promener.
It was too muggy for me to get to sleep last night.,Il faisait trop lourd pour que je m'endorme la nuit dernière.
It would be interesting to see if we could do that.,Ce serait intéressant de voir si nous pouvons faire ça.
It would be prudent to worry about the details now.,"Il serait prudent de se soucier des détails, maintenant."
It would mean a great deal to me if you would stay.,"Ça voudrait dire beaucoup pour moi, si vous restiez."
It would mean a great deal to me if you would stay.,"Ça voudrait dire beaucoup pour moi, si tu restais."
It would seem that you know something that I don't.,Il semblerait que vous sachiez quelque chose que j'ignore.
It'd definitely be worth it to expand on your idea.,Ton idée vaut sûrement le coup d'être explorée.
It'll take some time to finish unloading the truck.,Ça prendra du temps pour finir de décharger le camion.
"It's a beautiful night for a swim, don't you think?","Belle nuit pour une baignade, n'est-ce-pas ?"
It's a fort built to defend the town from invasion.,C'est un fort construit pour protéger la ville des invasions.
"It's ached before, but never as badly as right now.","Ça a fait mal avant, mais pas aussi cruellement que maintenant."
It's already eleven o'clock. I must be leaving now.,Il est déjà onze heures. Je dois partir.
"It's bad weather, to be sure, but we've seen worse.","C'est du mauvais temps, ça ne fait pas de doute, mais nous avons vu pire."
It's been a long time since we last saw each other.,Cela fait longtemps que nous nous sommes vus pour la dernière fois.
It's been a long time since we last saw each other.,Cela fait longtemps que nous nous sommes vues pour la dernière fois.
It's dangerous to expose babies to strong sunlight.,Il est dangereux de laisser un bébé exposé à un fort ensoleillement.
It's fun to learn slang words in foreign languages.,C'est marrant d'apprendre des mots d'argot dans des langues étrangères.
It's fun to learn slang words in foreign languages.,C'est rigolo d'apprendre des mots d'argot dans des langues étrangères.
It's fun to learn slang words in foreign languages.,C'est gai d'apprendre des mots d'argot dans des langues étrangères.
It's good to see that our efforts were not in vain.,Je suis content de constater que nos efforts n'ont pas été vains.
It's hard to tell whether Tom dyes his hair or not.,C'est difficile de dire si Tom se teint les cheveux ou non.
It's impossible to take on more work at the moment.,Il est impossible de prendre plus de travail en ce moment.
It's natural for family members to help each other.,Il est naturel aux membres d'une famille de s'entraider.
It's no use pleading because they'll never give in.,C'est inutile de supplier car ils ne céderont jamais.
It's no use pretending that you can't speak French.,Il est inutile de prétendre que tu ne sais pas parler français.
It's no use pretending that you can't speak French.,Il est inutile de prétendre que vous ne savez pas parler français.
It's not natural for a mother to outlive her child.,Il n'est pas naturel pour une mère de survivre à son enfant.
"It's out of stock, but I can give you a rain check.","Ce n'est plus en stock, mais je peux vous faire un bon."
"Judging from his appearance, he must be a rich man.","À en juger par son apparence, il doit être riche."
"Just as we are talking, there was a loud explosion.","Alors même que nous parlions, il y eut une bruyante explosion."
Just observe your cat and you will get to know him.,Observe ton chat et tu le connaîtras.
Keep an eye on my suitcase while I buy the tickets.,Garde un œil sur ma valise pendant que j'achète les billets.
Let's go out and have a good time with our friends.,Sortons et passons du bon temps avec nos amis.
Let's hope we can avoid this problem in the future.,Espérons que nous pourrons éviter ce problème dans le futur.
Let's not do anything that might get us in trouble.,Ne faisons rien qui pourrait nous causer des ennuis.
Let's see if we can come up with a better solution.,Voyons si nous pouvons trouver une meilleure solution.
Let's spread the map on the table and talk it over.,Étalons la carte sur la table et discutons.
Lie on the bench for a while with your eyes closed.,Allonge-toi sur le banc pour quelques instants avec les yeux fermés.
Life in prison is worse than the life of an animal.,La vie en prison est pire que la vie d'un animal.
"Like all dogs, he'll chase a rabbit if he sees one.","Comme tous les chiens, il va pourchasser un lapin s'il en voit un."
Losing your health is worse than losing your money.,Perdre sa santé est pire que perdre son argent.
Make sure you turn everything off before you leave.,Assurez-vous d'avoir tout éteint avant de partir.
Many architectural monstrosities are seen in Tokyo.,De nombreuses monstruosités architecturales peuvent être vues à Tokyo.
Many schools are closed today because of the storm.,Beaucoup d'écoles sont fermées aujourd'hui à cause de la tempête.
Many schools are closed today because of the storm.,De nombreuses écoles sont fermées aujourd'hui en raison de la tempête.
Many sects have initiation rituals for new members.,De nombreuses sectes ont des rites d'initiation pour les nouveaux membres.
Many stores offer discounts in the month of August.,Beaucoup de magasins proposent des rabais au mois d'août.
Many young people go abroad during summer vacation.,Plein de jeunes gens vont à l'étranger pendant leurs vacances d'été.
Many young people in Japan eat bread for breakfast.,De nombreux jeunes gens au Japon mangent du pain au petit déjeuner.
Metal spoons are generally made of stainless steel.,Les cuillères métalliques sont généralement faites d'acier inoxydable.
More money for education will spur economic growth.,Allouer plus d'argent à l'éducation stimulera la croissance économique.
My cat likes it when I scratch her behind the ears.,Mon chat aime que je le gratouille derrière les oreilles.
My cat likes it when I scratch her behind the ears.,Ma chatte aime que je la gratouille derrière les oreilles.
My cousin has a large collection of action figures.,Mon cousin a une large collection de figurines.
"My dog is blind, but he loves to go out for a walk.","Mon chien est aveugle, mais il aime sortir se promener."
My dream is to become a very strong mahjong player.,Mon rêve est de devenir un très bon joueur de mahjong.
My father has been doing this job for twenty years.,Mon père fait ce travail depuis vingt ans.
My father loves doing some tinkering in the garage.,Mon père adore faire du bricolage dans le garage.
My grandfather cannot walk without a walking stick.,Mon grand-père ne peut pas marcher sans canne.
My husband makes a hundred thousand dollars a year.,Mon mari gagne cent mille dollars par an.
My little sister sure knows how to push my buttons.,Ma petite sœur sait très bien comment m'énerver.
My mother bought me two pairs of pants last Sunday.,"Dimanche dernier, ma mère m'a acheté deux pantalons."
My mother is the first one to get up every morning.,Ma mère est la première à se lever tous les matins.
My mother made me study for three hours last night.,Ma mère m'a fait étudier pendant trois heures la nuit dernière.
My mother put thirteen candles on my birthday cake.,Ma mère a mis 13 bougies sur mon gâteau d'anniversaire.
My parents sent me to fat camp when I was thirteen.,Mes parents m'ont envoyé en camp pour gros quand j'avais treize ans.
My parents sent me to fat camp when I was thirteen.,Mes parents m'ont envoyée en camp pour gros quand j'avais treize ans.
My parents threw me out of the house when I was 16.,Mes parents m'ont viré de la maison quand j'avais seize ans.
My sister dressed herself for the party in a hurry.,Ma sœur s'est habillée en vitesse pour la soirée.
My uncle has completely recovered from his illness.,Mon oncle est complètement guéri de sa maladie.
My wife did not attend the party and neither did I.,Ma femme n'est pas venue à la fête et moi non plus.
Napoleon's headquarters were in an unused windmill.,Le quartier général de Napoléon était dans un moulin désaffecté.
Never choose a vocation just because it looks easy.,Ne choisissez jamais une vocation parce qu'elle semble facile.
Never go to a doctor whose office plants have died.,N'allez jamais chez un docteur dont les plantes d'intérieur sont mortes.
Never in my life have I heard or seen such a thing.,Jamais de ma vie je n'ai vu ou entendu pareille chose.
"No matter how he tried, he could not open the door.","Il avait beau essayer, il ne pouvait pas ouvrir la porte."
"No matter how long it takes, I will finish the job.","Peu importe le temps que ça prendra, je finirai ce boulot."
"No matter what you may say, I won't change my mind.","Quoi que vous disiez, je ne changerai pas d'opinion."
"No matter what you may say, I won't change my mind.","Quoi que tu dises, je ne changerai pas d'opinion."
No one is so poor that he cannot afford to be neat.,Personne n'est assez pauvre pour ne pas pouvoir avoir l'air correct.
No other mountain in Japan is higher than Mt. Fuji.,Il n'y a pas de montagne plus grande que le Mont Fuji au Japon.
"Now that you have made your decision, you must act.",Maintenant que vous avez pris votre décision vous devez agir.
"Now you've come of age, you have the right to vote.","Maintenant que tu as atteint ta majorité, tu as le droit de vote."
Oceans do not so much divide the world as unite it.,Les océans divisent moins le monde qu'ils ne l'unissent.
"On the whole, I think your plan is a very good one.","Dans l'ensemble, je pense que votre projet est excellent."
"Once upon a time, there lived a beautiful princess.",Il était une fois une belle princesse.
One of the main products of this country is coffee.,Un des principaux produits de ce pays est le café.
One of the main products of this country is coffee.,L'une des plus grosses productions de ce pays est le café.
Opportunities like this don't come along every day.,De telles occasions ne se présentent pas tous les jours.
Our office is on the northern side of the building.,Notre bureau est du côté nord de l'immeuble.
"Out of twenty students, only one has read the book.","Sur vingt élèves, un seul a lu le livre."
"Out of twenty students, only one has read the book.","Sur vingt étudiantes, une seule a lu le livre."
Parents should monitor their children's activities.,Les parents devraient superviser les activités de leurs enfants.
People can easily tell the difference between them.,Les gens peuvent facilement faire la différence entre eux.
People can easily tell the difference between them.,Les gens peuvent facilement faire la différence entre elles.
People say that he is the richest man in this town.,Les gens disent qu'il est l'homme le plus riche de la ville.
Piercings can be a form of rebellion for teenagers.,Les piercings peuvent être une forme de rébellion pour les adolescents.
Please remove your shoes before entering the house.,Veuillez retirer vos chaussures avant d'entrer dans la maison.
Please speak more loudly so everybody can hear you.,"S'il vous plaît, parlez plus fort pour que tout le monde vous entende."
Please think it over and let me know your decision.,Réfléchissez-y s'il vous plaît et faites-moi part votre décision.
Please turn off the lights when you leave the room.,Veuillez éteindre les lumières lorsque vous quittez la pièce.
Please turn off the lights when you leave the room.,"Éteins les lumières quand tu quittes la pièce, s'il te plaît."
Please write your name at the bottom of this paper.,Veuillez écrire votre nom au bas de ce document.
Possibly the factory will be closed down next week.,Il est possible que l'usine soit fermée la semaine prochaine.
President Lincoln was what we call a self-made man.,Le Président Lincoln était ce qu'on appelle un autodidacte.
Real friends stick together through thick and thin.,Les vrais amis restent ensemble au travers des épreuves.
Refer to the Users' Guide if you have any problems.,Référez-vous au guide de l'utilisateur si vous avez le moindre problème.
Robert Deniro made a cameo appearance in the movie.,Robert Deniro a fait une brève apparition dans le film.
Rome was the largest city in the world at the time.,"Auparavant, Rome fut la plus grande ville du monde."
Satoru is the fastest runner out of the five of us.,"De nous cinq, Satoru est celui qui court le plus vite."
See to it that this problem gets fixed by tomorrow.,Fais en sorte que ce problème soit réglé pour demain !
See to it that this problem gets fixed by tomorrow.,Faites en sorte que ce problème soit réglé pour demain !
She agreed with him on what to do with the old car.,Elle fut d'accord avec lui sur ce qu'il fallait faire avec la vieille voiture.
She agreed with him on what to do with the old car.,Elle fut d'accord avec lui sur ce qu'il convenait de faire avec la vieille voiture.
She agreed with him on what to do with the old car.,Elle a été d'accord avec lui sur ce qu'il fallait faire avec la vieille voiture.
She agreed with him on what to do with the old car.,Elle a été d'accord avec lui sur ce qu'il convenait de faire avec la vieille voiture.
She always fed her children before she fed her dog.,Elle a toujours nourri ses enfants avant de nourrir son chien.
She always fed her children before she fed her dog.,Elle nourrissait toujours ses enfants avant de nourrir son chien.
"She asked if she could use the phone, so I let her.","Elle a demandé si elle pouvait utiliser le téléphone, alors je l'ai laissé faire."
"She asked if she could use the phone, so I let her.","Elle demanda si elle pouvait utiliser le téléphone, alors je la laissai faire."
She bears an uncanny resemblance to Marilyn Monroe.,Elle a une troublante ressemblance avec Marilyn Monroe.
She became a mother when she was fifteen years old.,Elle devint mère à l'âge de 15 ans.
She became a mother when she was fifteen years old.,Elle devint mère quand elle eut 15 ans.
She can sing better than anybody else in her class.,Elle sait chanter mieux que n'importe qui dans sa classe.
She cleared the dishes from the table after dinner.,Elle débarrassa la vaisselle de la table après dîner.
She cleared the dishes from the table after dinner.,Elle débarrassa la vaisselle de la table après déjeuner.
She gets herself worked up over every little thing.,Elle s'excite pour rien du tout.
She has a very good relationship with her students.,Elle a un très bon contact avec ses étudiants.
She has three times as many dictionaries as you do.,Elle a trois fois plus de dictionnaires que toi.
She is always complaining about something or other.,Elle se plaint toujours d'une chose ou d'une autre.
She is capable of teaching both English and French.,Elle est capable d'enseigner à la fois l'anglais et le français.
She is firmly determined to own a store of her own.,Elle est fermement déterminée à posséder son propre magasin.
She made it plain that she wanted to go to college.,Elle fit clairement comprendre qu'elle voulait aller à la fac.
She made it plain that she wanted to go to college.,Elle fit clairement comprendre qu'elle voulait aller à l'université.
She made it plain that she wanted to go to college.,Elle fit clairement comprendre qu'elle voulait aller à la faculté.
She made it plain that she wanted to go to college.,Elle fit clairement comprendre qu'elle voulait aller dans une grande école.
She made it plain that she wanted to go to college.,Elle fit clairement comprendre qu'elle voulait aller dans une école supérieure.
She made it plain that she wanted to go to college.,Elle a fait clairement comprendre qu'elle voulait aller à la fac.
She made it plain that she wanted to go to college.,Elle a fait clairement comprendre qu'elle voulait aller à l'université.
She made it plain that she wanted to go to college.,Elle a fait clairement comprendre qu'elle voulait aller à la faculté.
She made it plain that she wanted to go to college.,Elle a fait clairement comprendre qu'elle voulait aller dans une école supérieure.
She made it plain that she wanted to go to college.,Elle a fait clairement comprendre qu'elle voulait aller dans une grande école.
She made it plain that she wanted to go to college.,Elle a fait clairement comprendre qu'elle voulait aller en fac.
She made it plain that she wanted to go to college.,Elle a fait clairement comprendre qu'elle voulait aller à l'univ.
She regretted that she had not followed his advice.,Elle regretta ne pas avoir suivi son conseil.
She replied that she had never seen the man before.,Elle répondit qu'elle n'avait jamais encore vu cet homme.
She scrubbed the floor of the kitchen with a brush.,Elle frotta le sol de la cuisine avec une brosse.
She speaks English as if she were a native speaker.,Elle parle anglais comme si c'était sa langue maternelle.
She told us that we must call a doctor immediately.,Elle nous dit que nous devions appeler un médecin immédiatement.
She took a ten-day trip to Europe with her friends.,Elle a fait un voyage de dix jours en Europe avec son ami.
She took off her old shoes and put on the new ones.,Elle retira ses vieilles chaussures et passa les nouvelles.
She tried to persuade him not to decline the offer.,Elle essaya de le convaincre de ne pas refuser l'offre.
She tried to persuade him not to decline the offer.,Elle a essayé de le convaincre de ne pas refuser l'offre.
She used Skype frequently because she was overseas.,"Comme elle était à l'étranger, elle téléphonait fréquemment avec Skype."
She was at a loss for words to express her feeling.,Elle ne trouvait plus les mots pour exprimer ses sentiments.
She was happy to be introduced to him at the party.,Elle était contente de lui être présentée à la fête.
She was kind enough to accompany me to the station.,Elle a eu la gentillesse de m'accompagner à la gare.
She was only 18 when she graduated from university.,Elle n'avait que 18 ans quand elle fut diplômée de l'université.
She waved both her hands so that he could find her.,Elle agitait ses deux mains pour qu'il puisse la trouver.
"She wrote him a long letter, but he didn't read it.",Elle lui écrivit une longue lettre mais il ne la lut pas.
"She wrote him a long letter, but he didn't read it.",Elle lui a écrit une longue lettre mais il ne l'a pas lue.
She'll get the better of you if you aren't careful.,Elle va profiter de vous si vous ne faites pas attention.
She's been having trouble with back pain for years.,Elle a eu des problèmes de dorsalgie des années durant.
Some large birds prey upon small birds and animals.,Certains grands oiseaux chassent les petits et des animaux.
Some people believe that black cats bring bad luck.,Certaines personnes pensent que les chats noirs portent malheur.
Some people take a bath every day and others don't.,"Certaines personnes se baignent tous les jours, d'autres pas."
Someone broke into Tom's house while he was asleep.,Quelqu'un s'est introduit dans la maison de Tom pendant qu'il dormait.
"Speaking of last night, what time did you get home?","Tiens, d'ailleurs, à quelle heure tu es arrivé chez toi, la nuit dernière?"
"Suppose you had ten million yen, what would you do?","Supposons que vous ayez dix millions de yens, qu'en feriez-vous ?"
Tell Tom what'll happen to him if he doesn't do it.,Dis à Tom ce qui va lui arriver s'il ne fait pas ça.
Tell me which of the two cameras is the better one.,Dites-moi lequel des deux appareils photo est le meilleur.
That child may have been kidnapped on his way home.,Cet enfant a pu être enlevé sur le chemin de chez lui.
"That old man is, so to speak, a walking dictionary.","Le vieil homme est, pour ainsi dire, un dictionnaire ambulant."
That's a very good question. I'm glad you asked it.,C'est une très bonne question. Je me réjouis que vous l'ayez posée.
That's the most important thing to do at this time.,C'est la chose la plus importante à faire à cette heure.
"That, of course, does not mean that they are right.",Ça ne veut naturellement pas dire qu'ils ont raison.
The Amazon is fed by a large number of tributaries.,L'Amazone a un grand nombre d'affluents.
The Amazon is fed by a large number of tributaries.,L'Amazone est alimenté par un grand nombre d'affluents.
The Cabinet is meeting today to discuss the crisis.,Le conseil des ministres se réunit aujourd'hui pour discuter de la crise.
The Cold War ended when the Soviet Union collapsed.,La guerre froide se termina en même temps que la chute de l'URSS.
The English class system is known for its snobbery.,Le système anglais de classes est connu pour son snobisme.
The Japanese government made an important decision.,Le Gouvernement Japonais a pris une importante décision.
The President of the United States is now in Japan.,Le président des États-Unis est actuellement au Japon.
The South Pole is a lot colder than the North Pole.,Le pôle Sud est bien plus froid que le pôle Nord.
The United States is abundant in natural resources.,Les États-Unis sont riches en ressources naturelles.
The air we breathe consists of oxygen and nitrogen.,L'air que nous respirons est constitué d'oxygène et d'azote.
The artistic beauty of the garden is truly amazing.,La beauté artistique du jardin est vraiment incroyable.
The bar was so smoky that my eyes started to sting.,Le café était tellement enfumé que mes yeux commençaient à piquer.
The bar was so smoky that my eyes started to sting.,Le café était tellement enfumé que les yeux commençaient à me brûler.
"The bat was stolen yesterday, along with the balls.","La batte de baseball a été volée hier, tout comme les balles."
The best place to hide something is in plain sight.,Le meilleur endroit pour cacher quelque chose est sous le nez de tout le monde.
The best way to predict the future is to invent it.,La meilleure façon de prédire l'avenir est de l'inventer.
The book I bought last week was really interesting.,Le livre que j'ai acheté la semaine dernière était vraiment intéressant.
The bronze statue looks quite nice from a distance.,La statue de bronze a l'air assez belle à distance.
The buildings were damaged by the storm last night.,"Les bâtiments ont été endommagés par la tempête, la nuit dernière."
The castle was transformed into a marvelous museum.,Le château a été transformé en un merveilleux musée.
The climate of Canada is cooler than that of Japan.,Le climat du Canada est plus froid que celui du Japon.
The committee can only act in an advisory capacity.,Le comité ne peut agir qu'en qualité de conseil.
The committee consists of scientists and engineers.,Le comité est composé de scientifiques et d'ingénieurs.
The cost of living in the United States was rising.,Le coût de la vie aux États-Unis d'Amérique augmentait.
The day will soon come when man can travel to Mars.,Le jour arrivera bientôt où l'homme pourra voyager vers Mars.
The detective shadowed the suspect for four blocks.,Le détective fila le suspect le long de quatre pâtés de maisons.
The entire family lives there in a messy apartment.,"Toute la famille loge là, dans un petit appartement malpropre."
The equator divides the earth into two hemispheres.,L'équateur divise la Terre en deux hémisphères.
"The fog was so dense, we could hardly see anything.",Le brouillard était si épais que nous ne pouvions presque rien voir.
The following was inspired in part by a true story.,Ce qui suit fut partiellement inspiré d'une histoire vraie.
The hounds flushed the fox out of its hiding place.,Les chiens levèrent le renard de sa cachette.
The housing situation shows no hope of improvement.,La situation du logement ne montre aucun espoir d'amélioration.
"The job looked quite simple, but it took me a week.","Le travail semblait assez simple, mais il m'a pris une semaine."
The knight swore an oath of allegiance to the king.,Le chevalier a prêté serment d'allégeance au roi.
The last time I saw Tom he was walking on crutches.,"La dernière fois que j'ai vu Tom, il marchait avec des béquilles."
The lunar month is shorter than the calendar month.,Le mois lunaire est plus court que le mois du calendrier.
The meeting will be held next week at the earliest.,La réunion se tiendra la semaine prochaine au plus tôt.
The mere sight of the doctor made my cousin afraid.,La simple vue du docteur effrayait mon cousin.
The money we offered them was obviously not enough.,Le montant que nous leur avons proposé n'était manifestement pas suffisant.
The new server should have much better performance.,Le nouveau serveur devrait être beaucoup plus performant.
The old man in front of us is ninety-two years old.,Le vieux devant nous a quatre-vingt-douze ans.
The opposite sides of a parallelogram are parallel.,Les côtés opposés d'un parallélogramme sont parallèles.
The other boys teased him when he got his hair cut.,Les autres garçons se sont moqués de lui quand il a eu les cheveux coupés.
The painting is not worth the price you are asking.,La peinture ne vaut pas le prix que vous proposez.
The parents are playing a game with their children.,Les parents jouent à un jeu avec leurs enfants.
The pentagram is an important symbol in witchcraft.,Le pentacle est un symbole important en sorcellerie.
The person we're trying to catch is very dangerous.,La personne que nous essayons d'attraper est très dangereuse.
The police assembled a lot of evidence against him.,La police a réuni beaucoup de preuves contre lui.
The politician was thought to be telling the truth.,"Du politicien, on supposait, qu'il disait la vérité."
The prize money enabled me to go on a world cruise.,La récompense m'a permis de partir en croisière autour du monde.
The radio is too loud. Please turn the volume down.,"La radio est trop forte. Baisse le volume, je te prie."
The reason is that I want to be an English teacher.,Parce que je veux devenir professeur d'anglais.
The region is relatively rich in mineral resources.,La région est relativement riche en ressources minérales.
The root of a flower is as weak as a baby's finger.,La racine d'une fleur est aussi faible que le doigt d'un bébé.
The ship will arrive in San Francisco this evening.,Le bateau arrive ce soir à San Francisco.
The slaughter of the prisoners was a barbarous act.,Le massacre des prisonniers était un acte barbare.
The slippery snake slithered right out of his hand.,Le serpent glissant s'échappa de ses mains.
The smell of dirty socks makes me want to throw up.,L'odeur des chaussettes sales me donne envie de vomir.
The smell of macaroni and cheese makes me nauseous.,L'odeur des macaronis au fromage me donne la nausée.
The spell was broken and the pig turned into a man.,Le sort fut rompu et le porc se transforma en homme.
The spinal column is composed of twenty-four bones.,La colonne vertébrale est composée de vingt-quatre os.
The street is blocked because of the demonstration.,La rue est bouchée à cause de la manifestation.
The teacher dismissed his class when the bell rang.,L'instituteur ajourna son cours lorsque la cloche retentit.
The thief used a screwdriver to break into the car.,Le voleur a utilisé un tournevis pour s'introduire dans la voiture.
The tip of the spear was dipped in a deadly poison.,La pointe de la lance était trempée dans un poison mortel.
The train was almost an hour behind schedule today.,Le train était en retard de presque une heure aujourd'hui.
The truth is that nothing is totally true or false.,"La vérité, c'est que rien n'est tout à fait vrai, ni tout à fait faux."
The two countries do not have diplomatic relations.,Les deux pays n'ont pas de bonnes relations diplomatiques.
The vaccination left a funny little mark on my arm.,La vaccination laissa une petite marque rigolote sur mon bras.
The village is connected with our town by a bridge.,Le village est relié à notre ville par un pont.
The whistle of the steam train woke us at daybreak.,Le sifflet du train à vapeur nous réveilla au point du jour.
The world's rainforests are currently disappearing.,Les forêts tropicales sont actuellement en voie de disparition.
The world's rainforests are currently disappearing.,Les forêts pluviales sont actuellement en voie de disparition.
The young woman was carrying an infant in her arms.,La jeune femme portait un enfant dans les bras.
Then the pen fell from my hand and I just listened.,Alors le stylo me tomba de la main et je ne fis qu'écouter.
Theory and practice do not necessarily go together.,La théorie et la pratique ne vont pas nécessairement ensemble.
Theory and practice do not necessarily go together.,La théorie et la pratique ne vont pas forcément de pair.
There are cherry trees on both sides of the street.,Il y a des cerisiers des deux côtés de la route.
There are cherry trees on both sides of the street.,Il y a des cerisiers des deux côtés de la rue.
There are dangers that threaten both men and women.,Il y a des dangers qui menacent aussi bien les hommes que les femmes.
"There are fifteen people here, counting the guests.","Il y a quinze personnes ici, en comptant les invités."
There are nine girls and three boys in the library.,Il y a neuf filles et trois garçons dans la bibliothèque.
There are people who don't like to go to bed early.,Il y a des gens qui n'aiment pas se coucher tôt.
There are some cases where this rule doesn't apply.,Il y a des cas pour lesquels cette règle ne s’applique pas.
There aren't any fish living in this river anymore.,Il n'y a plus de poisson vivant dans cette rivière.
There has always been war and there always will be.,La guerre a toujours existé et elle existera toujours.
There is a subtle difference between the two words.,Il y a une subtile différence entre les deux mots.
There is an old castle at the foot of the mountain.,Il y a un vieux château au pied de la montagne.
There is usually a cool breeze here in the evening.,Par ici il y a habituellement une brise fraîche le soir.
There seems to be something peculiar about the boy.,Il semble qu'il y ait quelque chose de particulier chez ce garçon.
There was absolutely nothing you could do about it.,Il n'y avait absolument rien que vous puissiez y faire.
There was absolutely nothing you could do about it.,Il n'y avait absolument rien que tu pouvais y faire.
There was nothing that I could do but wait for him.,Je ne pouvais rien faire sauf l'attendre.
There were beautiful flowers on the reception desk.,Il y avait de belles fleurs au bureau de la réception.
There's no need for you to prepare a formal speech.,Il n'est pas nécessaire que vous prépariez un discours formel.
There's no way I'm taking the rap for his mistakes.,Il n'est pas question que je me fasse enguirlander à cause de ses erreurs.
There's nothing you can say that'll change my mind.,Il n'y a rien que tu puisses dire qui me ferait changer d'avis.
"These are just guidelines, not hard and fast rules.","Ce sont uniquement des directives, non des règles absolues."
"These are just guidelines, not hard and fast rules.","Ce sont juste des indications, non des règles absolues."
They do not waste anything nor throw anything away.,Ils ne gâchent ni jettent quoi que ce soit.
They don't know what they should do with the money.,Ils ne savent pas ce qu'ils devraient faire avec l'argent.
They had been saving money for the trip for a year.,Ils économisaient de l'argent pour le voyage depuis un an.
They had been saving money for the trip for a year.,Elles économisaient de l'argent pour le voyage depuis un an.
They have been on good terms with their neighbours.,Ils sont en bons termes avec leurs voisins.
They have enough capital to build a second factory.,Ils disposent de suffisamment de capital pour bâtir une seconde usine.
They put off their departure due to the heavy snow.,Ils ont reporté leur départ à cause des fortes chutes de neige.
They replaced the broken television with a new one.,Ils ont remplacé le téléviseur cassé par un nouveau.
They said he was still weak from a recent sickness.,"Ils l'ont dit encore faible, suite à une récente maladie."
They said he was still weak from a recent sickness.,"Ils ont dit qu'il était encore faible, suite à une maladie récente."
They say dogs hear better than we do. Is that true?,On dit que les chiens entendent mieux que nous. Est-ce que c'est vrai ?
They searched here and there looking for survivors.,Ils ont fouillé ici et là à la recherche de survivants.
They told me that I was overqualified for this job.,Ils m'ont dit que j'étais sur-qualifié pour ce travail.
They were pretty tired after having worked all day.,Ils étaient vraiment fatigués après avoir travaillé toute la journée.
They were standing still with their eyes wide open.,Ils restaient là avec les yeux grand ouvert.
They won us over with their small-town hospitality.,Ils nous gagnèrent à eux avec leur hospitalité villageoise.
This air conditioner consumes a lot of electricity.,Cette climatisation consomme beaucoup d'électricité.
This climate is having a bad effect on your health.,Le climat a un mauvais effet sur votre santé.
This climate is having a bad effect on your health.,Le climat a un effet néfaste sur ta santé.
This company is listed on the Paris stock exchange.,Cette entreprise est cotée à la bourse de Paris.
"This flower is yellow, but all the others are blue.","Cette fleur est jaune, mais toutes les autres sont bleues."
This guidebook might be of use to you on your trip.,Ce guide pourrait t'être utile pour ton voyage.
This is a good dictionary for high school students.,C'est un bon dictionnaire pour les lycéens.
This is a limited time offer to new customers only.,Voici une offre limitée dans le temps réservée aux nouveaux clients.
This is an express train. It won't make many stops.,C'est un train rapide. Il ne fera que peu d’arrêt.
This is the house where I lived when I was a child.,C'est la maison où je vivais quand j'étais petit.
This is the house where I lived when I was a child.,C'est la maison où j'ai vécu quand j'étais enfant.
This is the house where I lived when I was a child.,C'est la maison où j'ai vécu lorsque j'étais enfant.
This island belonged to France in the 19th century.,Cette île a appartenu à la France au XIXe siècle.
This isn't my umbrella. It belongs to someone else.,Ce n'est pas mon parapluie. Il appartient à quelqu'un d'autre.
This kind of weather makes me want to stay indoors.,Ce genre de temps me donne envie de rester à l'intérieur.
This medicine will ensure you a good night's sleep.,Ce médicament vous assurera une bonne nuit de sommeil.
This might be the last time we ever see each other.,Cela pourrait être la dernière fois que l'on se voit.
This might be the last time we ever see each other.,Cela pourrait être la dernière fois que nous nous voyons.
This novel was written by a famous American writer.,Ce roman a été écrit par un célèbre écrivain américain.
This river isn't deep enough for this kind of boat.,Cette rivière n'est assez profonde pour ce genre de bateau.
This semester I failed two students for plagiarism.,"Ce semestre, j'ai collé deux de mes étudiants pour plagiat."
This semester I failed two students for plagiarism.,"Ce semestre, j'ai recalé deux étudiants pour plagiat."
This song reminds me of my junior high school days.,Cette chanson me rappelle le temps où j'allais au lycée.
This tree is the tallest and oldest in this forest.,Cet arbre est le plus grand et le plus ancien de la forêt.
Thousands of people became victims of this disease.,Des milliers de gens furent victimes de cette maladie.
To learn a foreign language requires a lot of time.,Apprendre une langue étrangère demande beaucoup de temps.
To learn a foreign language requires a lot of time.,Apprendre une langue étrangère requiert beaucoup de temps.
"To tell the truth, I don't like his way of talking.","À vrai dire, je n'aime pas sa façon de parler."
"To the best of my knowledge, the rumor is not true.","Pour autant que je sache, la rumeur est infondée."
Tom and Mary usually speak to each other in French.,Tom et Marie parlent généralement français entre eux.
Tom and Mary were sitting at a table in the corner.,Tom et Mary étaient assis à une table dans le coin.
Tom asked Mary many questions about life in Boston.,Tom a posé beaucoup de questions à Marie à propos de la vie à Boston.
Tom became more and more handsome as he grew older.,Tom devint de plus en plus beau à mesure qu'il grandissait.
Tom became more and more handsome as he grew older.,Tom est devenu de plus en plus beau à mesure qu'il grandissait.
Tom certainly doesn't seem to know what he's doing.,Tom ne semble certainement pas savoir ce qu'il est en train de faire.
Tom didn't eat pizza with the rest of us yesterday.,Tom n'a pas mangé de pizza avec le reste d'entre nous hier.
Tom didn't say anything about where he'd come from.,Tom n'a rien dit sur l'endroit d'où il venait.
Tom doesn't have enough money to buy what he wants.,Tom n'a pas assez d'argent pour acheter ce qu'il veut.
Tom doesn't know what Mary wants to eat for dinner.,Tom ne sait pas ce que Mary veut manger pour le dîner.
Tom doesn't know what to buy Mary for her birthday.,Tom ne sait pas quoi acheter à Mary pour son anniversaire.
"Tom doesn't mind the cold, but Mary can't stand it.","Le froid ne dérange pas Tom, mais Mary ne le supporte pas."
"Tom dressed himself quickly, then ran out the door.","Tom s'est habillé en vitesse, puis il a couru dehors."
Tom fell asleep as soon as his head hit the pillow.,Tom s'est endormi aussitôt sa tête posée sur l'oreiller.
Tom finally decided to try jumping over the stream.,Tom a finalement décidé d'essayer de sauter au-dessus du ruisseau.
Tom found the book Mary had given him quite boring.,Tom a trouvé le livre que Mary lui avait donné plutôt ennuyeux.
Tom goes to the barber less than four times a year.,Tom va chez le coiffeur moins de quatre fois par an.
Tom got fired and was escorted out of the building.,Tom a été viré et raccompagné à la sortie du bâtiment.
Tom got fired and was escorted out of the building.,Tom a été viré et escorté du bâtiment.
Tom got too close to the fire and singed his beard.,Tom s'approcha trop près du feu et roussit sa barbe.
Tom handed the key to Mary and she opened the door.,Tom tendit la clef à Marie et elle ouvrit la porte.
Tom has been living in Boston for a very long time.,Tom a vécu à Boston pendant très longtemps.
Tom held a glass filled with wine in his left hand.,Tom tenait un verre rempli de vin dans sa main gauche.
Tom intends to live in Boston for more than a year.,Tom a l'intention de rester à Boston pendant plus d'un an.
"Tom is only five, but he already knows how to read.","Tom n'a que cinq ans, mais il sait déjà lire."
Tom is standing on the table to change a lightbulb.,Tom est debout sur la table pour changer une ampoule.
Tom managed to do everything he was supposed to do.,Tom est arrivé à faire tout ce qu'il était censé faire.
Tom opened the door and told Mary John wasn't home.,Tom ouvrit la porte et dit à Mary que John n'était pas rentré.
Tom said he couldn't remember his own phone number.,Tom a dit qu'il ne pouvait plus se rappeler son propre numéro de téléphone.
Tom said he didn't know what he was supposed to do.,Tom dit qu'il ne savait pas ce qu'il devait faire.
Tom said he didn't know what he was supposed to do.,Tom dit qu'il ne savait pas ce qu'il était supposé faire.
Tom said that he didn't think that Mary was hungry.,Tom a dit qu'il ne pensait pas que Marie avait faim.
Tom said that he didn't want to go to Mary's party.,Tom a dit qu’il ne voulait pas aller à la fête de Marie.
Tom said that he thought that Mary would be hungry.,Tom a dit qu'il pensait que Mary aurait faim.
Tom saw Mary stealing money from the cash register.,Tom a vu Mary voler de l'argent à la caisse enregistreuse.
Tom says he feels much better today than yesterday.,Tom dit qu'il se sent beaucoup mieux aujourd'hui qu'hier.
Tom sold his car to Mary for three hundred dollars.,Tom a vendu sa voiture à Mary pour trois cents dollars.
Tom takes his teddy bear with him wherever he goes.,Tom emporte son ours Teddy partout où il va.
Tom takes his teddy bear with him wherever he goes.,Tom emporte son ours en peluche partout où il va.
Tom thinks he can succeed where others have failed.,Tom pense qu'il peut réussir là où d'autres ont échoué.
Tom thought it would be a good idea to leave early.,Tom pensa que ce serait une bonne idée de partir tôt.
Tom thought it would be a good idea to leave early.,Tom a pensé que ce serait une bonne idée de partir tôt.
Tom told me he wasn't planning on eating out today.,Tom m'a dit qu'il ne comptait pas manger à l'extérieur aujourd'hui.
Tom unfastened his seatbelt and got out of the car.,Tom a enlevé sa ceinture de sécurité et est sorti de la voiture.
Tom wants to forgive his father for abandoning him.,Tom veut pardonner à son père de l'avoir abandonné.
"Tom was wearing shoes, but he wasn't wearing socks.",Tom portait des chaussures mais ne portait pas de chaussettes.
Tom was worried that his cat would never come back.,Tom avait peur que son chat ne revienne jamais.
Tom wasn't allowed to tell Mary everything he knew.,Tom n'était pas autorisé à dire à Mary tout ce qu'il savait.
Tom will try to convince Mary to accept your offer.,Tom essaiera de convaincre Mary d'accepter votre offre.
Tufts University is a very famous school in Boston.,L'Université Tufts est une école très connue de Boston.
Up to that time he had been staying with his uncle.,"Jusqu'à cette période, il était resté avec son oncle."
Was your high school's basketball team a good team?,Est-ce que l'équipe de basket de ton lycée était une bonne équipe ?
"Water is liquid. When it freezes, it becomes solid.","L'eau est liquide. Lorsqu'elle gèle, elle devient solide."
We all want to know why you weren't here yesterday.,Nous aimerions tous savoir pourquoi tu n'étais pas là hier.
We all wondered why she had dumped such a nice man.,Nous nous demandions tous pourquoi elle avait balancé un homme aussi charmant.
We all wondered why she had dumped such a nice man.,Nous nous demandâmes tous pourquoi elle avait balancé un homme aussi charmant.
We are looking for somebody who can use a computer.,Nous recherchons quelqu'un qui sache se servir d'un ordinateur.
We are responsible for your protection from now on.,Nous sommes désormais responsables de votre protection.
We can't afford to make this kind of mistake again.,On ne peut pas se permettre de refaire cette erreur.
We dissected a frog to examine its internal organs.,Nous disséquâmes une grenouille pour examiner ses organes internes.
We don't yet know if that's going to happen or not.,Nous ne savons pas encore si cela va arriver ou pas.
We estimate the damages to be one thousand dollars.,Nous estimons le dommage à mille dollars.
We had no choice but to call the police last night.,Nous n'avons pas eu d'autres choix que d'appeler la police la nuit dernière.
We have about thirty bottles of wine in the cellar.,Nous avons environ trente bouteilles de vin à la cave.
We have been enjoying peace for more than 40 years.,Nous avons profité de la paix depuis plus de quarante ans.
We have five days to go before the summer vacation.,Il nous reste cinq jours avant les vacances d'été.
We have to be prepared to cope with violent storms.,Nous devons nous préparer à faire face à de violentes tempêtes.
We haven't talked to each other since the accident.,Nous ne nous sommes pas parlés depuis l'accident.
"We hurried to the airport, but we missed the plane.","Nous nous sommes dépêchés pour aller à l'aéroport, mais nous avons raté l'avion."
We may as well stay here till the weather improves.,Nous pouvons tout aussi bien rester ici jusqu'à ce que le temps s'améliore.
We must create a safe environment for our children.,Nous devons créer un environnement sécurisé pour nos enfants.
We must take into account the fact that she is old.,Nous devons tenir compte du fait qu'elle est âgée.
We must think about peaceful uses of atomic energy.,Nous devons penser aux utilisations pacifiques de l'énergie atomique.
We now know that the testimony he gave was coerced.,Nous savons désormais que le témoignage qu'il donna était contraint.
We saw something move in the shadows just up ahead.,"Nous vîmes quelque chose bouger parmi les ombres juste là-haut, devant."
We should learn from those who have gone before us.,Nous devrions apprendre de ceux qui sont partis avant nous.
We spent too much for Christmas presents this year.,Nous avons trop dépensé pour les cadeaux de Noël cette année.
"We used to have airplanes, but we had to sell them.",Nous avions des avions mais nous avons dû les vendre.
We wandered aimlessly around the shopping district.,Nous nous sommes baladés dans le quartier commerçant.
We wandered aimlessly around the shopping district.,Nous errâmes sans but autour du quartier commerçant.
We were taught that World War II broke out in 1939.,On nous a enseigné que la Seconde Guerre mondiale avait commencé en 39.
We were thinking of asking you to join our company.,Nous réfléchissions à vous demander de rejoindre notre société.
We were thinking of asking you to join our company.,Nous réfléchissions à te demander de rejoindre notre société.
We'll just have to wait and see how things pan out.,Nous n'aurons qu'à attendre pour voir comment les choses évoluent.
We're not going to give Tom the money he asked for.,Nous ne donnerons pas à Tom l'argent qu'il demandait.
We're starting to question what we thought we knew.,Nous commençons à douter de ce que nous pensions savoir.
"We've finished the work, so we may as well go home.","Nous avons terminé le travail, aussi nous pouvons aussi bien rentrer chez nous."
Wealthy older men often marry younger trophy wives.,Les vieux hommes riches épousent souvent de jeunes femmes décoratives.
Were you going to the train station when I saw you?,Te rendais-tu à la gare lorsque je t'ai vu ?
Were you going to the train station when I saw you?,Te rendais-tu à la gare lorsque je t'ai vue ?
Were you going to the train station when I saw you?,Vous rendiez-vous à la gare lorsque je vous ai vu ?
Were you going to the train station when I saw you?,Vous rendiez-vous à la gare lorsque je vous ai vue ?
What activity do you spend most of your time doing?,À quelle activité t'adonnes-tu la plupart du temps ?
What activity do you spend most of your time doing?,À quelle activité vous adonnez-vous la plupart du temps ?
What are some foods you usually eat with soy sauce?,Quels sont les aliments qu'on mange habituellement avec de la sauce de soja ?
What are some foods you usually eat with soy sauce?,Quels sont les aliments que tu manges habituellement avec de la sauce de soja ?
What are some foods you usually eat with soy sauce?,Quels sont les aliments que vous mangez habituellement avec de la sauce de soja ?
What do you do to keep yourself from getting bored?,Que fais-tu pour ne pas t'ennuyer ?
What do you do to keep yourself from getting bored?,Que faites-vous pour éviter l'ennui ?
What do you think about Japan's educational system?,Que pensez-vous du système d'éducation japonais ?
What have you bought your girlfriend for Christmas?,"Qu'as-tu acheté à ta copine, pour Noël ?"
What have you bought your girlfriend for Christmas?,"Qu'avez-vous acheté à votre petite-amie, pour Noël ?"
What is Tom doing here? I thought he was in Europe.,Que fait Tom ici ? Je le croyais en Europe.
What kind of clothes do you usually wear to school?,Quel genre de vêtements portes-tu généralement à l'école ?
What kind of clothes do you usually wear to school?,Quel genre d'habits portez-vous généralement à l'école ?
"What on earth were you thinking, bringing him here?",Quelle idée de l'amener ici ?
What should I do to find a suitable job for myself?,Que dois-je faire pour trouver un emploi qui me conviendrait ?
"What! This T-shirt is 3,000 yen? This is a rip-off!",Quoi ? Ce T-shirt coûte 3000 yens ? C'est une arnaque !
What's the difference between asteroids and comets?,Quelle est la différence entre des astéroïdes et des comètes ?
What's the good of having a car if you don't drive?,"À quoi ça sert que tu aies une voiture, vu que tu ne conduis pas ?"
What's the most important part of a good education?,Quelle est la chose la plus importante pour faire une bonne éducation ?
What's the name of the highest mountain in Germany?,Quel est le nom de la plus haute montagne d'Allemagne ?
"When I got up, the sun was already high in the sky.","Quand je me suis levé, le soleil était déjà haut."
"When you get on the highway, shift into fifth gear.","Lorsque tu entres sur l'autoroute, passe en cinquième !"
"When you get on the highway, shift into fifth gear.","Lorsque vous pénétrez sur l'autoroute, passez en cinquième !"
"Whenever I hear that song, I think of my childhood.","Chaque fois que j'entends cette chanson, je pense à mon enfance."
"Whenever I try to get near her, she pushes me away.","Chaque fois que je tente de l'approcher, elle me repousse."
"Whether rains or not, the game is going to be held.","Saison des pluies ou pas, la partie aura lieu."
"Which do you like better, the sea or the mountains?",Que préférez-vous ? La mer ou la montagne ?
Why do you have your umbrella up? It's not raining.,Pourquoi tenez-vous votre parapluie en l'air ? Il ne pleut pas.
Will the government raise the consumption tax soon?,Est-ce que le gouvernement prévoie d'augmenter les taxes sur la consommation d'ici peu ?
"With a little more effort, he would have succeeded.","En faisant un peu plus d'effort, il aurait réussi."
Would it have been better if Tom hadn't been there?,Ne serait-il pas mieux si Tom n'était pas là ?
Would you carry this up to the second floor for me?,Voudriez-vous me porter ceci au premier étage ?
Would you carry this up to the second floor for me?,Voudriez-vous me monter ceci au premier étage ?
Would you ever go out with a guy who couldn't sing?,Sortirais-tu jamais avec un gars qui ne saurait pas chanter ?
Would you ever go out with a guy who couldn't sing?,Sortiriez-vous jamais avec un gars qui ne saurait pas chanter ?
Would you like for me to make you something to eat?,Aimerais-tu que je vous fasse quelque chose à manger ?
Would you like to get something to eat? It's on me.,Voudriez-vous avoir quelque chose à manger ? C'est pour moi.
Yesterday I happened to run into Tom on the street.,Hier j'ai rencontré par hasard Tom dans la rue.
"You can also ride on an old, restored, steam train.",Il est aussi possible de monter dans un vieux train à vapeur restauré.
You can hear the news on the radio at nine o'clock.,Vous pouvez entendre les nouvelles à la radio à neuf heures.
You can't buy this medicine without a prescription.,Tu ne peux pas acheter ce médicament sans ordonnance.
You can't buy this medicine without a prescription.,Vous ne pouvez pas acheter ce médicament sans ordonnance.
You could count to ten when you were two years old.,"Tu pouvais compter jusqu'à dix, quand tu avais deux ans."
You could count to ten when you were two years old.,Tu pouvais compter jusqu'à dix lorsque tu avais deux ans.
You have to look out for other cars when you drive.,Vous devez faire attention aux autres voitures lorsque vous conduisez.
You have to study hard to catch up with your class.,Vous devez étudier dur pour rattraper votre classe.
"You may not believe it, but it is nonetheless true.","Tu n'es pas forcé d'y croire, mais c'est néanmoins la vérité."
"You may not believe it, but it is nonetheless true.","Tu n'y crois peut-être pas, mais malgré tout c'est un fait."
"You may not believe it, but it is nonetheless true.","Tu peux ne pas y croire, mais c'est tout de même un fait."
You must consider what kind of work you want to do.,Tu dois réfléchir à quelle sorte de travail tu veux faire.
You must make allowance for his lack of experience.,Vous devez prendre son manque d'expérience en considération.
You must make allowance for his lack of experience.,Tu dois prendre son manque d'expérience en considération.
You must make allowance for his lack of experience.,On doit prendre son manque d'expérience en considération.
You must make an effort to get along with everyone.,Tu dois faire un effort pour t'entendre avec tout le monde.
You need to find another way out of this situation.,Tu dois trouver une autre issue à cette situation.
You need to find another way out of this situation.,Vous devez trouver une autre issue à cette situation.
You never can tell what kind of job you might find.,Tu ne peux jamais dire quelle sorte d'emploi tu vas peut-être trouver.
You never listen. I might as well talk to the wall.,"Tu n'écoutes jamais, c'est comme si je parlais à un mur."
You should always knock before entering Tom's room.,Vous devriez toujours toquer avant de rentrer dans la chambre de Tom.
You should have been more careful with your health.,Tu aurais dû être plus prudent avec ta santé.
You should have been more careful with your health.,Vous auriez dû prendre davantage de soin de votre santé.
You should make sure that you don't make Tom angry.,Tu devrais t'assurer de ne pas énerver Tom.
You should not cut in when someone else is talking.,Tu ne dois pas interrompre quelqu'un qui est en train de parler.
You shouldn't talk about people behind their backs.,Vous ne devriez pas parler des gens dans leur dos.
You talk so fast I can't understand a word you say.,Tu parles tellement vite que je ne comprends pas un mot de ce que tu dis.
You were just in the wrong place at the wrong time.,"Tu étais simplement au mauvais endroit, au mauvais moment."
You will save time if you adopt this new procedure.,Vous gagnerez du temps si vous adoptez cette nouvelle procédure.
You'll be asleep by the time your father gets home.,Tu seras endormi au moment où ton père arrivera à la maison.
You'll be asleep by the time your father gets home.,Tu seras endormie au moment où ton père arrivera à la maison.
You'll be asleep by the time your father gets home.,Vous serez endormi au moment où votre père arrivera à la maison.
You'll be asleep by the time your father gets home.,Vous serez endormie au moment où votre père arrivera à la maison.
You'll be asleep by the time your father gets home.,Vous serez endormis au moment où votre père arrivera à la maison.
You'll be asleep by the time your father gets home.,Vous serez endormies au moment où votre père arrivera à la maison.
You're the most beautiful woman in the whole world.,Tu es la femme la plus belle du monde.
You're the most beautiful woman in the whole world.,Tu es la femme la plus belle au monde.
You're the most beautiful woman in the whole world.,Vous êtes la femme la plus belle du monde.
You're the most beautiful woman in the whole world.,Vous êtes la femme la plus belle au monde.
You're welcome to stay with us as long as you want.,Vous pouvez volontiers rester avec nous aussi longtemps que vous le voulez.
Your answer to the question turned out to be wrong.,Votre réponse à la question s'est révélée inexacte.
Your answer to the question turned out to be wrong.,Votre réponse à la question s'est avérée fausse.
"Do you have any siblings? ""No, I'm an only child.""","« As-tu des frères et sœurs ? » « Non, je suis fils unique. »"
"May I help you? ""No, thank you. I'm just looking.""","« Puis-je vous aider ? » « Non, merci. Je ne fais que regarder. »"
"My father doesn't drink. ""Neither does my father.""",« Mon père ne boit pas. » « Le mien non plus. »
"Whose cows are these? ""They are my grandmother's.""",« A qui sont ces vaches ? » « Elles sont à ma grand-mère. »
"Will you have another slice of pie? ""Yes, please.""","« Désires-tu un autre morceau de gâteau ? » « Oui, s'il te plait. »"
"Will you have another slice of pie? ""Yes, please.""","« Désires-tu un autre morceau de gâteau ? » « Oui, s'il vous plait. »"
"Will you have another slice of pie? ""Yes, please.""","« Désirez-vous un autre morceau de gâteau ? » « Oui, s'il vous plait. »"
"Will you have another slice of pie? ""Yes, please.""","«Désirez-vous un autre morceau de gâteau ?» «Oui, s'il te plait.»"
"You're a good guitarist. ""I'd like to think I am.""",« Vous êtes bon guitariste ! » « J'aimerais le penser ! »
"You're a good guitarist. ""I'd like to think I am.""",« Vous êtes un bon guitariste ! » « J'aimerais le penser ! »
"You're a good guitarist. ""I'd like to think I am.""",« Tu es bon guitariste ! » « J'aimerais le penser ! »
"You're a good guitarist. ""I'd like to think I am.""",« Tu es un bon guitariste ! » « J'aimerais le penser ! »
"You're a good guitarist. ""I'd like to think I am.""",« Tu es bonne guitariste ! » « J'aimerais le penser ! »
"You're a good guitarist. ""I'd like to think I am.""",« Tu es une bonne guitariste ! » « J'aimerais le penser ! »
"You're a good guitarist. ""I'd like to think I am.""",« Vous êtes bonne guitariste ! » « J'aimerais le penser ! »
"You're a good guitarist. ""I'd like to think I am.""",« Vous êtes une bonne guitariste ! » « J'aimerais le penser ! »
A beautiful woman was seated one row in front of me.,Une belle femme était assise une rangée devant moi.
A caged cricket eats just as much as a free cricket.,Le grillon en cage dévore autant que le grillon en liberté.
A clear conscience is the sure sign of a bad memory.,Une conscience pure est un signe indubitable de mauvaise mémoire.
A drunk driver was responsible for the car accident.,Un conducteur ivre a été responsable de l'accident de voiture.
A dye was injected into a vein of the patient's arm.,Un colorant a été injecté dans une veine du bras du patient.
A fire broke out at the inn where they were staying.,Un feu a démarré à l'auberge où ils étaient.
A large amount of money was spent on the new bridge.,Une grosse somme d'argent fut consacrée au nouveau pont.
A large amount of money was spent on the new bridge.,Une grosse somme d'argent a été consacrée au nouveau pont.
A lot of people are now trying to sell their houses.,Beaucoup de gens sont actuellement en train d'essayer de vendre leurs maisons.
A man was complaining of something in a sharp voice.,Un homme se plaignait de quelque chose avec une voix aiguë.
A man who wanted to see you came while you were out.,Un homme qui cherchait à vous rencontrer est venu pendant que vous étiez sorti.
A plastic cup is better than one made of real glass.,Une tasse en plastique est meilleure qu'une en verre véritable.
A poet looks at the world as a man looks at a woman.,Un poète regarde le monde comme un homme regarde une femme.
A preliminary hearing is scheduled for October 20th.,Une audience préliminaire est prévue pour le 20 octobre.
A violinist I know says that he owns a Stradivarius.,Un violoniste que je connais dit qu'il possède un Stradivarius.
A wise businessman knows how to clamp down on costs.,Un homme d'affaires avisé sait comment restreindre les coûts.
Actually it might be a good idea to start right now.,"En fait, ce serait une bonne idée de commencer tout de suite."
"After hearing the sad news, she broke down in tears.","Après avoir entendu la triste nouvelle, elle s'effondra en larmes."
"After some hesitation, he laid the book on the desk.",Après quelques hésitations il posa le livre sur le bureau.
"After we walked for a while, we arrived at the lake.","Après avoir marché un moment, nous arrivâmes au lac."
"After we walked for a while, we arrived at the lake.","Après avoir marché un moment, nous sommes arrivés au lac."
"After we walked for a while, we arrived at the lake.","Après avoir marché un moment, nous sommes arrivées au lac."
Aiding and abetting the enemy is considered treason.,Assister et encourager l'ennemi est considéré comme de la trahison.
"All of a sudden, three dogs appeared in front of us.","Tout à coup, trois chiens apparurent devant nous."
All of my great-grandparents died before I was born.,Tous mes arrières-grands-parents sont morts avant ma naissance.
"Along with thousands of others, he fled the country.","En même temps que des milliers d'autres, il a quitté le pays."
Ancient coins were found inside the mysterious tomb.,Des monnaies antiques furent trouvées à l'intérieur de la mystérieuse tombe.
Are you really going to let Tom go there by himself?,Est-ce que tu vas vraiment laisser Tom aller là-bas tout seul ?
Are you sure you want to put your life in her hands?,Es-tu sûr de vouloir mettre ta vie entre ses mains ?
Are you sure you want to put your life in her hands?,Êtes-vous sûr de vouloir mettre votre vie entre ses mains ?
Aren't you hot? Why don't you take off your sweater?,Tu n'as pas chaud ? Pourquoi n'enlèves-tu pas ton pull ?
Armenia joined the World Trade Organization in 2003.,L’Arménie a rejoint l’Organisation mondiale du commerce en 2003.
"As of tomorrow, this e-mail address will be invalid.","À compter de demain, cette adresse électronique ne sera plus valable."
"As soon as she heard the news, she burst into tears.","Aussitôt qu'elle entendit la nouvelle, elle éclata en sanglots."
Atomic energy can be utilized for peaceful purposes.,L'énergie atomique peut être utilisée à des fins pacifiques.
Attach a recent photograph to your application form.,Joignez une photographie récente à votre demande.
"Be quiet. If you aren't quiet, you'll be thrown out.","Soyez calmes. Si vous n'êtes pas calmes, on vous jettera dehors."
"Be quiet. If you aren't quiet, you'll be thrown out.","Soyez calme. Si vous n'êtes pas calme, on vous jettera dehors."
"Be quiet. If you aren't quiet, you'll be thrown out.","Sois calme. Si tu n'es pas calme, on te jettera dehors."
Buying such an expensive car is out of the question.,Acheter une voiture aussi chère est hors de question.
Can you briefly sum up what was said at the meeting?,Pouvez-vous résumer brièvement ce qui a été dit à la réunion ?
Can you briefly sum up what was said at the meeting?,Peux-tu résumer brièvement ce qui s'est dit à la réunion ?
Can you imagine what life will be like for them now?,"Pouvez-vous imaginer ce que la vie sera pour eux, désormais ?"
Can you imagine what life will be like for them now?,"Peux-tu imaginer ce que la vie sera pour elles, désormais ?"
Can you please take this package to the post office?,"Peux-tu apporter ce paquet à la poste, s'il te plaît ?"
Can you teach me how to play the guitar like you do?,Est-ce que tu peux m'apprendre à jouer de la guitare comme toi ?
Canadian officials weighed the supplies of each man.,Les fonctionnaires canadiens pesèrent les provisions de chaque homme.
Complaining about something doesn't change anything.,Se plaindre de quelque chose ne change rien.
Could you lend me your bicycle for a couple of days?,Pourrais-tu me prêter ton vélo pendant deux jours ?
Could you please give me some more examples of that?,Peux-tu me donner plus d'exemples de ça s'il te plaît.
Could you tell me how to get to the nearest station?,Pourriez-vous me dire comment me rendre à la gare la plus proche ?
"Curiously, a flower bloomed on the withered up tree.","Curieusement, une fleur s'épanouit sur l'arbre desséché."
"Daddy, can you read me a story before I go to sleep?","Papa, est-ce que tu peux me lire une histoire avant de dormir ?"
Did you know that some foxes lived on this mountain?,Saviez-vous que quelques renards vivaient sur cette montagne ?
Did you learn to speak French when you were a child?,As-tu appris à parler français quand tu étais enfant ?
Did you learn to speak French when you were a child?,Avez-vous appris à parler français lorsque vous étiez enfants ?
Do unto others as you would have others do unto you.,Fais aux autres ce que tu voudrais qu'ils te fassent.
Do you intend to answer all my questions truthfully?,Avez-vous l'intention de répondre sincèrement à mes questions ?
Do you know which deity this temple is dedicated to?,Savez-vous à quelle divinité ce temple est dédié ?
Do you really think I had something to do with that?,Penses-tu vraiment que j'avais quelque chose à voir avec ça ?
Do you really think I had something to do with that?,Pensez-vous vraiment que j'avais quelque chose à voir avec cela ?
Do you think Tom will reach the top of the mountain?,Penses-tu que Tom va atteindre le sommet de la montagne ?
Do you think a little salt would improve the flavor?,Crois-tu qu'un peu de sel améliorera la saveur ?
Do you think something like that will repeat itself?,Penses-tu qu'une telle chose va se reproduire ?
Don't make any noise or you'll scare the birds away.,Ne fais pas de bruit ou tu effraieras les oiseaux.
Don't pretend you don't know what I'm talking about.,Ne fais pas semblant d'ignorer de quoi je parle !
Don't pretend you don't know what I'm talking about.,Ne faites pas semblant d'ignorer de quoi je parle !
Don't push your child into any vocation he dislikes.,Ne poussez pas votre enfant dans quelque vocation qu'il n'aime pas.
Don't translate English into Japanese word for word.,Ne traduisez pas mot à mot de l'anglais au japonais.
Don't you have anything better to do with your time?,N'as-tu rien à faire de mieux de ton temps ?
Don't you have anything better to do with your time?,N'avez-vous rien à faire de mieux de votre temps ?
Don't you think it odd that she was in such a hurry?,Vous ne trouvez pas bizarre qu'elle était si pressée ?
Ecology is the study of living things all around us.,L'écologie est l'étude du vivant qui nous entoure.
Employees are prohibited from watching the Olympics.,Les employés ne sont pas autorisés à regarder les jeux olympiques.
Employees are prohibited from watching the Olympics.,Il est interdit aux employés de regarder les jeux olympiques.
"Even if he does something bad, he'll never admit it.","Même s'il fait quelque chose de répréhensible, il ne l'admettra jamais."
Even the cleverest students can make silly mistakes.,Même les étudiants les plus intelligents peuvent faire des erreurs stupides.
"Every year, many older people die in road accidents.","Chaque année, beaucoup de personnes âgées meurent dans des accidents de la route."
"Excuse me, what's the shortest route to the station?","Veuillez m'excuser, quel est le chemin le plus court pour la gare ?"
Father translated the French document into Japanese.,Mon père a traduit en japonais le document français.
Flies and mosquitoes interfered with his meditation.,Des mouches et des moustiques s'ingérèrent dans sa méditation.
Fluency in English is a very marketable skill today.,"De nos jours, parler couramment anglais est une compétence avantageuse."
"For the past 10 years, I've fed my dog dry dog food.","Pendant les dix dernières années, j'ai nourri mon chien avec des croquettes sèches."
"Frankly speaking, this novel isn't very interesting.","Pour parler franchement, ce roman n'est pas très intéressant."
Fresh fruit and vegetables are good for your health.,Les fruits frais et les légumes sont bons pour votre santé.
Grandmother looks after the children during the day.,Grand-mère s'occupe des enfants pendant la journée.
Have you been told when you are expected to be here?,T'a-t-on dit quand tu es attendu ici ?
Have you been told when you are expected to be here?,Vous a-t-on dit quand vous êtes attendu ici ?
Have you been told when you are expected to be here?,T'a-t-on dit quand tu es attendue ici ?
Have you been told when you are expected to be here?,Vous a-t-on dit quand vous êtes attendue ici ?
Have you been told when you are expected to be here?,Vous a-t-on dit quand vous êtes attendus ici ?
Have you been told when you are expected to be here?,Vous a-t-on dit quand vous êtes attendues ici ?
Have you been told when you are expected to be here?,T'a-t-on indiqué quand tu es attendu ici ?
Have you been told when you are expected to be here?,T'a-t-on indiqué quand tu es attendue ici ?
Have you been told when you are expected to be here?,Vous a-t-on indiqué quand vous êtes attendue ici ?
Have you been told when you are expected to be here?,Vous a-t-on indiqué quand vous êtes attendu ici ?
Have you been told when you are expected to be here?,Vous a-t-on indiqué quand vous êtes attendues ici ?
Have you been told when you are expected to be here?,Vous a-t-on indiqué quand vous êtes attendus ici ?
Have you given any thought to having dinner with me?,As-tu réfléchi le moins du monde à dîner avec moi ?
Have you given any thought to having dinner with me?,Avez-vous réfléchi le moins du monde à dîner avec moi ?
He always takes his time in everything that he does.,Il prend toujours son temps pour tout ce qu'il fait.
He buttoned up his coat before walking out the door.,Il boutonna son manteau avant de sortir par la porte.
He called in to say he could not attend the meeting.,Il a appelé pour dire qu'il ne pourrait pas assister à la réunion.
He came to the United States as a boy from Scotland.,"Il arriva aux États-Unis d'Amérique, enfant, en provenance d'Écosse."
He can do five somersaults without breaking a sweat.,Il peut faire cinq sauts périlleux sans souci.
"He can't do this kind of work, and she can't either.",Il ne peut pas faire ce type de métier et elle non plus.
He checked the calculations again just to make sure.,Il a revérifié les calculs pour être sûr.
"He did not answer the phone, so I sent him an email.","Comme il n'a pas répondu au téléphone, je lui ai envoyé un courriel."
He died within a few days of his hundredth birthday.,Il est mort quelques jours avant son centième anniversaire.
He ditched the car in an alley and took off running.,Il abandonna la voiture dans une allée et se mit à courir.
He expressed his feelings in the form of a painting.,Il a exprimé ses sentiments par une peinture.
He fell asleep behind the wheel and had an accident.,Il s'est endormi au volant et a eu un accident.
He gave an explanation about why he had been absent.,Il donna une explication à son absence.
He had made enemies during his early political life.,Il s'était fait des ennemis au cours du début de sa vie politique.
He had no sooner arrived than he was asked to leave.,Il était à peine arrivé qu'on lui demandait déjà de partir.
He has no intention to interfere with your business.,Il ne compte pas se mêler de tes affaires.
He has recently made remarkable progress in English.,Il fait des progrès remarquables en anglais ces derniers temps.
He hasn't been heard from since he left the country.,"Depuis qu'il a quitté le pays, on n'a pas entendu parler de lui."
He hit the center of the target with his first shot.,Il a touché le centre de la cible du premier coup.
He is a gentleman. He cannot have said such a thing.,"C'est un gentleman, il ne peut avoir dit une telle chose."
He is by far the best baseball player at our school.,Il est de loin le meilleur joueur de base-ball de notre école.
He is not the man that he was when I first knew him.,Il n'est plus le même homme que lorsque je l'ai connu pour la première fois.
He is one of the most popular students in the class.,Il est un des étudiants les plus populaires de la classe.
He is said to have been very poor when he was young.,On dit qu'il a été très pauvre quand il était jeune.
He isn't smart enough to add up numbers in his head.,Il n'a pas assez de cervelle pour faire des additions de tête.
He left the house without so much as saying goodbye.,Il a quitté la maison sans dire « au revoir ».
He pinched and scraped for many years to save money.,Il se serra la ceinture pendant de nombreuses années afin d'économiser de l'argent.
He ran away from home three times before he was ten.,Il a fugué de la maison trois fois avant ses dix ans.
"He reads French and German, not to speak of English.","Il lit le français et l'allemand, sans parler de l'anglais."
He seldom reads an editorial and is not a book worm.,Il lit rarement un éditorial et n'est pas un rat de bibliothèque.
He sent me a letter saying that he could not see me.,Il me fit parvenir une lettre disant qu'il ne pouvait me voir.
He sent me a letter saying that he could not see me.,Il m'envoya une lettre disant qu'il ne pouvait me voir.
He sometimes is absent from work without good cause.,Il est parfois absent du travail sans bonne raison.
He told the children about his adventures in Africa.,Il a raconté aux enfants ses aventures en Afrique.
He told the children about his adventures in Africa.,Il conta aux enfants ses aventures en Afrique.
He took a look at the newspaper before going to bed.,Il parcourut le journal avant d'aller se coucher.
He took charge of the firm after his father's death.,Il a pris le contrôle de l'entreprise après le décès de son père.
He tried to approach her using every possible means.,Il tenta de s'approcher d'elle en utilisant tous les moyens possibles.
He was a former university professor and researcher.,C'était un ancien professeur d'université et un chercheur.
He was aware of my presence but he did not greet me.,Il était au courant de ma présence mais il ne m'a pas salué.
He was completely cleared of the charge against him.,Il a été complètement lavé de l'accusation qui pesait contre lui.
He was found lying unconscious on the kitchen floor.,On le retrouva étalé et inconscient sur le sol de la cuisine.
He was found lying unconscious on the kitchen floor.,Il a été trouvé étendu inconscient sur le sol de la cuisine.
He was strong enough to help his father on the farm.,Il était assez fort pour aider son père à la ferme.
He was very kind to invite me to his birthday party.,Il a vraiment été gentil de m'inviter à la fête de son anniversaire.
He watched after the children as they were swimming.,Il surveillait les enfants tandis qu'ils nageaient.
He will be prosecuted to the full extent of the law.,Il sera poursuivi avec toute la sévérité de la loi.
He will look after the cats for me while I'm abroad.,Il s'occupera des chats pour moi quand je serai à l'étranger.
"He worked very hard, but could make little progress.","Il a travaillé très dur, mais n'a fait que peu de progrès."
He would often sit for hours without doing anything.,Il reste souvent assis durant des heures à ne rien faire.
He would sooner die than get up early every morning.,Il préférerait mourir plutôt que de se lever tôt chaque matin.
He'll never achieve anything unless he works harder.,Il n'arrivera jamais à rien s'il ne travaille pas plus dur.
He's been staying at that hotel since five days ago.,Il reste à cet hôtel depuis cinq jours.
He's studying hard so he can pass the entrance exam.,Il travaille dur afin de réussir l'examen d'entrée.
Help yourselves. There's plenty more in the kitchen.,Servez-vous. Il y en a encore plein dans la cuisine.
Her daughter has what it takes to be a good teacher.,Sa fille a l’étoffe d’une bonne enseignante.
Her daughter has what it takes to be a good teacher.,Sa fille a l’étoffe d’un bon professeur.
Her daughter has what it takes to be a good teacher.,Sa fille a l’étoffe d’une bonne professeure.
Her daughter has what it takes to be a good teacher.,Sa fille a l’étoffe d’une bonne institutrice.
Her husband wants to have his own way in everything.,Son époux veut tout faire à sa façon.
Her ideas on education are very different from mine.,Ses idées sur l'éducation sont très différentes des miennes.
Here's some money. Go buy yourself something to eat.,Voilà un peu d'argent. Va t'acheter quelque chose à manger.
"Hey, I may have no money, but I still have my pride.","Eh, j'ai peut-être pas d'argent, mais j'ai toujours ma fierté."
His brazen act of defiance almost cost him his life.,Son acte impudent de défiance a failli lui coûter la vie.
His son's criminal activities caused him great pain.,Les activités criminelles de son fils lui ont causé une grande douleur.
How did you become interested in studying languages?,Comment en êtes-vous venu à vous intéresser à l'étude des langues ?
How did you become interested in studying languages?,Comment en êtes-vous venue à vous intéresser à l'étude des langues ?
How did you become interested in studying languages?,Comment en êtes-vous venus à vous intéresser à l'étude des langues ?
How did you become interested in studying languages?,Comment en êtes-vous venues à vous intéresser à l'étude des langues ?
How did you become interested in studying languages?,Comment en es-tu venu à t'intéresser à l'étude des langues ?
How did you become interested in studying languages?,Comment en es-tu venue à t'intéresser à l'étude des langues ?
How do I know this isn't another one of your tricks?,Comment sais-je qu'il ne s'agit pas d'un autre de tes tours ?
How do I know this isn't another one of your tricks?,Comment sais-je qu'il ne s'agit pas d'un autre de vos tours ?
How do you know that you can't do it unless you try?,"Comment savez-vous que vous ne pouvez pas, à moins d'essayer ?"
How do you know that you can't do it unless you try?,"Comment sais-tu que tu ne peux pas, à moins d'essayer ?"
How many payments will it take to pay off this loan?,Combien d'échéances seront-elles nécessaires pour liquider cet emprunt ?
How many times a week does the soccer team practice?,Combien de fois par semaine l'équipe de football s'entraîne-t-elle ?
How many times have I told you not to use that word?,Combien de fois t'ai-je dit de ne pas utiliser ce mot ?
How many times have I told you to fold your clothes?,Combien de fois vous ai-je dit de plier vos vêtements ?
How many times have I told you to fold your clothes?,Combien de fois t'ai-je dit de plier tes vêtements ?
How much did you spend on Christmas gifts this year?,"Combien as-tu dépensé en cadeaux de Noël, cette année ?"
How much did you spend on Christmas gifts this year?,"Combien avez-vous dépensé en cadeaux de Noël, cette année ?"
How much longer will I have to stay in the hospital?,Combien de temps encore devrai-je rester à l'hôpital ?
"How would you like your coffee, black or with cream?","Comment préférez-vous votre café, noir ou avec crème ?"
Huskies get along well with children and other dogs.,Les Huskies s'entendent bien avec les enfants et les autres chiens.
I am counting on you to deliver the opening address.,Je compte sur vous pour prononcer le discours d'ouverture.
I am going to introduce you to the rest of the crew.,Je vais vous présenter au reste de l'équipage.
I am in the habit of taking a shower in the morning.,J'ai l'habitude de prendre une douche le matin.
I answered your questions. Now let me ask you a few.,"J'ai répondu à vos questions. Maintenant, laissez-moi vous en poser quelques unes."
I answered your questions. Now let me ask you a few.,"J'ai répondu à tes questions. Maintenant, laisse-moi t'en poser quelques unes."
I avoid crossing the street here if I am in a hurry.,J'évite de traverser la rue ici si je suis pressé.
I can usually tell when someone is hiding something.,J'arrive habituellement à deviner lorsque quelqu'un cache quelque chose.
I can't believe I let you talk me into volunteering.,Je n'arrive pas à croire que je vous laisse me persuader de me porter volontaire.
I can't believe I let you talk me into volunteering.,Je n'arrive pas à croire que je te laisse me persuader de me porter volontaire.
I can't concentrate on my work because of the noise.,Je ne peux pas me concentrer sur mon travail à cause du bruit.
I can't do without an air conditioner in the summer.,Je ne peux rien faire sans la climatisation en été.
I can't figure out how to delete what I just posted.,Je n'arrive pas à comprendre comment supprimer ce que je viens de publier.
I can't help but feel like I've forgotten something.,Je ne peux m'empêcher d'avoir l'impression d'avoir oublié quelque chose.
I can't help but feel like I've forgotten something.,Je ne peux m'empêcher d'avoir l'impression que j'ai oublié quelque chose.
I can't imagine what life would be like without you.,Je n'arrive pas à imaginer à quoi la vie ressemblerait sans toi.
I can't imagine what life would be like without you.,Je n'arrive pas à imaginer à quoi la vie ressemblerait sans vous.
I can't look at this photo without feeling very sad.,Je ne peux regarder cette photo sans éprouver beaucoup de tristesse.
I can't remember the last time I ate with my family.,Je n'arrive pas à me rappeler la dernière fois que j'ai mangé avec ma famille.
I completely forgot to make something for us to eat.,J'ai complètement oublié de préparer quelque chose à manger pour nous.
I couldn't hear what was happening in the next room.,Je ne pouvais pas entendre ce qui se passait dans la pièce d'à côté.
I didn't have to pay for the plane ticket to Boston.,Je n'ai pas eu à payer le ticket d'avion pour Boston.
I didn't want to look stupid in front of my friends.,Je ne voulais pas avoir l'air stupide devant mes amis.
I don't care what you say. It's not going to happen!,Hors de question !
I don't have a lot of time. Can you take care of it?,Je n'ai pas beaucoup de temps. Est-ce que tu peux t'en occuper ?
I don't like to take on such heavy responsibilities.,Je ne supporte pas d'assumer de si lourdes responsabilités.
"I don't speak French, but I can understand it a bit.",Je ne parle pas le français mais j'arrive à le comprendre un peu.
"I don't speak French, but I can understand it a bit.",Je ne parle pas le français mais je parviens à le comprendre un peu.
I don't think I'll ever sound like a native speaker.,Je ne pense pas qu'on ne me percevra jamais comme un locuteur natif.
I don't think he has anything to do with the matter.,Je ne pense pas qu'il ait quelque chose à voir avec ça.
I don't think that Tom realizes how rude he's being.,Je ne pense pas que Tom se rende compte de la sévérité dont il fait preuve.
I don't understand what the author is trying to say.,Je ne comprends pas ce que l'auteur essaie de dire.
I don't want to do anything that might be dangerous.,Je ne veux rien faire qui pourrait s'avérer dangereux.
"I don't want to do this, but you leave me no choice.","Je ne veux pas faire ça, mais tu ne me laisses pas le choix."
"I don't want to do this, but you leave me no choice.","Je ne veux pas faire ça, mais vous ne me laissez pas le choix."
I don't want you anywhere near the medicine cabinet.,Je ne veux pas que vous soyez près de la trousse à pharmacie.
I don't yet know how much money we're going to need.,Je ne sais pas encore de combien d’argent nous aurons besoin.
I enjoyed the concert except that the hall was cold.,J'ai apprécié le concert sauf qu'il faisait froid dans la salle.
I expect you to give me an answer by this afternoon.,J'attends que vous me donniez une réponse pour cette après-midi.
I expect you to give me an answer by this afternoon.,J'attends que tu me donnes une réponse pour cette après-midi.
I expect you to give me an answer by this afternoon.,J'attends que vous me donniez une réponse pour cet après-midi.
I expect you to give me an answer by this afternoon.,J'attends que tu me donnes une réponse pour cet après-midi.
I figured you'd probably never want to see me again.,J'ai imaginé que vous ne voudriez probablement jamais plus me revoir.
I forgot to tell you why we're asking for donations.,J'ai oublié de vous indiquer pourquoi nous sollicitons des dons.
I found my father's diary that he kept for 30 years.,J'ai trouvé le journal que mon père a tenu pendant 30 ans.
"I gave him a warning, to which he paid no attention.",Je lui ai donné un avertissement auquel il n'a prêté aucune attention.
I gave some of my old clothes to the Salvation Army.,J'ai donné certains de mes vieux vêtements à l'armée du Salut.
I gave some of my old clothes to the Salvation Army.,J'ai donné de vieux vêtements à moi à l'Armée du Salut.
I get a three percent commission on anything I sell.,J'ai une commission de trois pour cent sur tout ce que je vends.
I get a three percent commission on anything I sell.,J'obtiens une commission de trois pour cent sur tout ce que je vends.
I get nervous when I speak in front of large crowds.,Je deviens nerveux lorsque je parle devant une foule nombreuse.
I get nervous when I speak in front of large crowds.,Je deviens nerveuse lorsque je parle devant une foule nombreuse.
I get the feeling you don't really want me to drive.,J'ai le sentiment que vous ne voulez pas vraiment que je conduise.
I get the feeling you don't really want me to drive.,J'ai le sentiment que tu ne veux pas vraiment que je conduise.
I get very angry when you don't answer my questions.,Je me mets très en colère lorsque vous ne répondez pas à mes questions.
I get very angry when you don't answer my questions.,Je me mets très en colère lorsque tu ne réponds pas à mes questions.
I got an email yesterday that was written in French.,"J'ai reçu un courriel, hier, qui était rédigé en français."
I hadn't intended to work at this company this long.,Je n'avais pas l'intention de travailler aussi longtemps dans cette entreprise.
I have a lot of things I have to do before tomorrow.,J'ai beaucoup de choses à faire avant demain.
I have been living in Rio de Janeiro for four years.,J'habite à Rio de Janeiro depuis quatre ans.
"I have read sixty pages, while he has read only ten.","J'ai lu soixante pages, pendant qu'il en a seulement lues dix."
I have several things I'd like to talk to you about.,Il y a plusieurs choses dont je voudrais te parler.
I have several things I'd like to talk to you about.,Il y a plusieurs choses dont je voudrais vous parler.
I have some doubts about his coming in this weather.,J'ai quelques doutes quant à sa venue par ce temps.
I have to alter my clothes because I've lost weight.,Je dois retoucher mes vêtements parce que j'ai perdu du poids.
I have to go soon because I left the engine running.,Il faut bientôt que j'y aille car j'ai laissé le moteur allumé.
I have to make sure that Tom and Mary don't do that.,Je dois m'assurer que Tom et Mary ne le fassent pas.
I haven't eaten since breakfast and I'm very hungry.,Je n'ai pas mangé depuis le petit-déjeuner et j'ai très faim.
I hear that you are having an unusually cold winter.,On m'a dit que vous aviez un hiver exceptionnellement froid.
I hope you have brains enough to see the difference.,J'espère que tu as assez de jugeotte pour voir la différence.
I hope you have brains enough to see the difference.,J'espère que vous avez assez de cervelle pour voir la différence.
I just heard that Tom and Mary are moving to Boston.,Je viens d'apprendre que Tom et Mary déménagent à Boston.
"I just think you should be more careful, that's all.","Je pense simplement que tu devrais être plus prudent, c'est tout."
"I just think you should be more careful, that's all.","Je pense simplement que tu devrais être plus prudente, c'est tout."
"I just think you should be more careful, that's all.","Je pense simplement que vous devriez être plus prudent, c'est tout."
"I just think you should be more careful, that's all.","Je pense simplement que vous devriez être plus prudents, c'est tout."
"I just think you should be more careful, that's all.","Je pense simplement que vous devriez être plus prudente, c'est tout."
"I just think you should be more careful, that's all.","Je pense simplement que vous devriez être plus prudentes, c'est tout."
I just want to go home and see my wife and the kids.,Je veux juste aller chez moi et voir ma femme et les enfants.
I just want to make sure we're all on the same page.,Je veux juste m'assurer que nous sommes tous sur la même longueur d'onde.
I just want to make sure we're all on the same page.,Je veux juste m'assurer que nous sommes toutes sur la même longueur d'onde.
I knew you liked me even though you never showed it.,Je savais que tu m'aimais même si tu ne l'as jamais montré.
"I know you probably want to be alone, so I'll leave.",Je sais que vous voulez probablement vous retrouver seul alors je vais partir.
"I know you probably want to be alone, so I'll leave.",Je sais que vous voulez probablement vous retrouver seule alors je vais partir.
"I know you probably want to be alone, so I'll leave.",Je sais que vous voulez probablement vous retrouver seuls alors je vais partir.
"I know you probably want to be alone, so I'll leave.",Je sais que vous voulez probablement vous retrouver seules alors je vais partir.
"I know you probably want to be alone, so I'll leave.",Je sais que tu veux probablement te retrouver seul alors je vais partir.
"I know you probably want to be alone, so I'll leave.",Je sais que tu veux probablement te retrouver seule alors je vais partir.
"I know you see it, but are you really looking at it?","Je sais que tu le vois, mais est-ce que tu le regardes vraiment ?"
"I know you see it, but are you really looking at it?","Je sais que vous la voyez, mais la regardez-vous vraiment ?"
"I know you see it, but are you really looking at it?","Je sais que tu le vois, mais le regardes-tu vraiment ?"
I met your son yesterday and he greeted me politely.,J'ai rencontré votre fils hier et il m'a poliment salué.
I met your son yesterday and he greeted me politely.,J'ai rencontré votre fils hier et il m'a poliment saluée.
I met your son yesterday and he greeted me politely.,J'ai rencontré ton fils hier et il m'a poliment salué.
I met your son yesterday and he greeted me politely.,J'ai rencontré ton fils hier et il m'a poliment saluée.
I never meant for things to happen the way they did.,Je n'ai jamais voulu que ça se passe comme ça.
I never meant for things to happen the way they did.,Je n'avais jamais voulu que les choses se passent de cette manière.
I only wish I had a little more time to finish this.,J'aimerais seulement disposer d'un petit peu plus de temps pour finir ça.
I plan to buy a new car as soon as I can afford one.,Je prévois d'acheter une nouvelle voiture dès que j'en ai les moyens.
I plan to buy a new car as soon as I can afford one.,Je prévois d'acquérir une nouvelle voiture dès que je peux me le permettre.
I plan to buy a new car as soon as I can afford one.,Je prévois d'acquérir une nouvelle voiture dès que mes moyens me le permettent.
I really don't understand what you're talking about.,Je ne comprends vraiment pas de quoi vous parlez.
I really don't understand what you're talking about.,Je ne comprends vraiment pas de quoi tu parles.
I received a letter from one of my friends in Japan.,J'ai reçu une lettre de l'un de mes amis au Japon.
I returned to my hometown after five years' absence.,Je suis retourné dans ma ville natale après cinq ans d'absence.
I should've advised Tom to not talk to Mary anymore.,J'aurais dû prévenir Tom de ne plus parler à Mary.
I spend at least three hours a week studying French.,Je passe au moins trois heures par semaine à étudier le français.
I spent the morning trying to figure out what to do.,J'ai passé la matinée à essayer de trouver quoi faire.
I studied hard so that I could pass the examination.,J'ai étudié dur afin d'être reçu à mon examen.
I suppose Tom told you what time he plans to arrive.,Je suppose que Tom t'a dit à quelle heure il prévoit d'arriver.
I suppose Tom told you what time he plans to arrive.,Je suppose que Tom vous a dit à quelle heure il prévoit d'arriver.
"I think I might join you, but I haven't decided yet.","Je pense que je me joindrai à vous, mais je n'ai pas encore décidé."
I think I still have time for another cup of coffee.,Je pense avoir encore le temps pour une autre tasse de café.
I think he has enough intelligence to understand it.,Je crois qu'il est assez intelligent pour le comprendre.
I think it's time for me to get a new email address.,Je pense qu'il est temps pour moi de prendre une nouvelle adresse électronique.
I think it's time for me to say what I really think.,Je pense qu'il est temps que je dise ce que je pense vraiment.
I think it's time for me to say what I really think.,Je pense que le temps est venu pour moi de dire vraiment ce que je pense.
I think the time is right to introduce this product.,Je pense que c'est le bon moment pour lancer ce produit.
I think there is no point in trying to persuade him.,Je pense qu'il ne sert à rien d'essayer de le convaincre.
I think we should be allowed to go anywhere we want.,Je pense que nous devrions être autorisés à aller où bon nous semble.
I think we should be allowed to go anywhere we want.,Je pense que nous devrions être autorisées à aller où bon nous semble.
I think you'd better lie low until she forgives you.,Je pense que tu devrais adopter un profil bas jusqu'à ce qu'elle te pardonne.
"I thought it would be a good concert, but it wasn't.","Je pensais que ça serait un bon concert, mais ce ne fut pas le cas."
I thought you said you were going to be on vacation.,Je croyais que vous aviez dit que vous alliez être en vacances.
I thought you'd be full after eating that big steak.,Je pensais que tu serais rassasié après avoir mangé ce gros steak.
I thought you'd be full after eating that big steak.,Je pensais que tu serais rassasiée après avoir mangé ce gros steak.
I thought you'd be full after eating that big steak.,Je pensais que vous seriez rassasié après avoir mangé ce gros steak.
I thought you'd be full after eating that big steak.,Je pensais que vous seriez rassasiée après avoir mangé ce gros steak.
I thought you'd be full after eating that big steak.,Je pensais que vous seriez rassasiés après avoir mangé ce gros steak.
I thought you'd be full after eating that big steak.,Je pensais que vous seriez rassasiées après avoir mangé ce gros steak.
I told Tom he should save a little money each month.,J'ai dit à Tom de mettre un peu d'argent de côté chaque mois.
I took the liberty of calling him by his first name.,J'ai pris la liberté de l'appeler par son prénom.
I used to go swimming in the sea when I was a child.,J'allais souvent nager dans la mer quand j'étais enfant.
"I waited for Tom for three hours, but he never came.","J'ai attendu Tom trois heures, mais il n'est jamais venu."
I want to make sure I understand what you're saying.,Je veux m'assurer de comprendre ce que vous dites.
I want to make sure I understand what you're saying.,Je veux m'assurer de comprendre ce que tu dis.
I was angry with myself for making so many mistakes.,J'étais en colère contre moi-même d'avoir commis tant d'erreurs.
I was careful not to say anything to make him angry.,Je veillai à ne rien dire qui puisse le mettre en colère.
I was caught in a shower on my way home from school.,J'ai été pris sous une averse en revenant de l'école à la maison.
I was late for the meeting because of a traffic jam.,J'étais en retard pour la réunion à cause d'un embouteillage.
I was late for the meeting because of a traffic jam.,J'étais en retard pour la réunion à cause d'une file.
"I was planning to do my homework, but I fell asleep.","J'avais prévu de faire mes devoirs, mais je me suis endormi."
"I was unable to attend the party, nor did I want to.","Je ne pouvais pas assister à la fête, et je ne le voulais pas non plus."
I was wondering when you were going to tell me that.,Je me demandais quand tu allais me le dire.
I was wondering when you were going to tell me that.,Je me demandais quand vous alliez me le dire.
I went into the town in search of a good restaurant.,Je suis allé en ville pour y chercher un bon restaurant.
I went to bed after preparing everything in advance.,Je suis allé me coucher après avoir tout préparé à l'avance.
I will get through with my homework before he comes.,Je finirai mes devoirs avant qu'il n'arrive.
I will have finished the work by seven this evening.,J'aurai fini le travail à dix-neuf heures ce soir.
I will never forget your kindness as long as I live.,Tant que je vivrai je n'oublierai jamais ta gentillesse.
I will never forget your kindness as long as I live.,"Autant que je vivrai, je n'oublierai jamais ta gentillesse."
I wish I could've eaten at that restaurant with you.,J'aurais aimé pouvoir manger dans ce restaurant avec toi.
I wish there were a French translation of this book.,J'aimerais qu'il y ait une traduction française de ce livre.
I wish there were a better translation of this book.,J'aimerais qu'il y ait une meilleure traduction de ce livre.
I wish we could have met under better circumstances.,J'aimerais que nous ayons pu nous rencontrer sous de meilleurs auspices.
I wish we could have met under better circumstances.,J'aimerais que nous ayons pu nous rencontrer dans de meilleures circonstances.
"I wish you were wrong, but I know that you're right.","J'aimerais que tu aies tort, mais je sais que tu as raison."
I wonder what Tom would do in a situation like this.,Je me demande ce que Tom ferait dans une telle situation.
I wonder what the average weight of a strawberry is.,Je me demande quel est le poids moyen d'une fraise.
I would just like to thank all of you for your work.,J'aimerais simplement vous remercier tous pour votre travail !
I would like to give him a present for his birthday.,Je voudrais lui offrir un cadeau pour son anniversaire.
I would like to leave this town and never come back.,Je voudrais quitter cette ville et ne jamais revenir.
I would rather stay at home than go out in the rain.,Je préférerais rester à la maison plutôt que de sortir sous la pluie.
I would really like to know why he did such a thing.,J'aimerais vraiment savoir pourquoi il a fait une telle chose.
"I'd explain it to you, but your brain would explode.","Je te l'expliquerais, mais ton cerveau exploserait."
"I'd explain it to you, but your brain would explode.","Je te l'expliquerais bien, mais ton cerveau exploserait."
I'd like a chance to explain why I made this choice.,J'aimerais une chance d'expliquer pourquoi j'ai fait ce choix.
I'd like to discuss some problems we've been having.,J'aimerais m'entretenir de problèmes que nous avons eus.
I'd like to discuss some problems we've been having.,J'aimerais discuter de problèmes que nous avons eus.
I'd like to do shopping on Fifth Avenue in New York.,J'aimerais faire du shopping sur la Cinquième Avenue à New York.
I'd like to earn my keep while I'm staying with you.,Je voudrais gagner ma nourriture pendant que je séjourne chez toi.
I'd like to earn my keep while I'm staying with you.,Je voudrais gagner ma nourriture pendant que je séjourne chez vous.
"I'd like to study French, but I don't have the time.","J'aimerais étudier le français, mais je n'ai pas le temps."
I'd like to talk to the coordinator of this project.,J'aimerais discuter avec le coordonnateur de ce projet.
I'd like you to look after my dog during my absence.,J'aimerais que vous vous occupiez de mon chien durant mon absence.
I'd like you to look after my dog during my absence.,J'aimerais que vous vous occupiez de ma chienne durant mon absence.
I'd like you to look after my dog during my absence.,J'aimerais que tu t'occupes de mon chien durant mon absence.
I'd like you to look after my dog during my absence.,J'aimerais que tu t'occupes de ma chienne durant mon absence.
I'd like you to translate this document into French.,J'aimerais que tu traduises ce document en français.
I'd like you to translate this document into French.,J'aimerais que vous traduisiez ce document en français.
I'll be back soon. I have to run to the post office.,Je reviens vite. Je dois courir à la poste.
I'll postpone my trip to Scotland until it's warmer.,Je repousserai mon voyage en Écosse jusqu'à ce qu'il fasse plus chaud.
I'll provide you with all the necessary information.,Je vous fournirai toute l'information nécessaire.
I'll provide you with all the necessary information.,Je te fournirai toute l'information nécessaire.
I'm afraid I can't make myself understood in French.,J'ai peur de ne pas pouvoir me faire comprendre en français.
I'm getting pretty bored with driving every morning.,J'en ai plutôt marre de conduire chaque matin.
I'm going to have to ask you to put your phone away.,Je vais devoir vous demander d'éloigner votre téléphone.
I'm hanging a picture of my grandmother on the wall.,J'accroche au mur une photo de ma grand-mère.
I'm hanging a picture of my grandmother on the wall.,J'accroche au mur un portrait de ma grand-mère.
I'm looking for an easy-to-read manga with furigana.,Je cherche un manga facile à lire et avec des furiganas.
I'm looking forward to going hunting with my father.,J'attends avec impatience d'aller chasser avec mon père.
I'm not going to be able to finish this before 2:30.,Je ne vais pas pouvoir finir ceci avant 14 h 30.
"I'm not going to buy one of those, at least not yet.","Je ne vais pas en acheter un, du moins pour l'instant."
I'm not going to make the same mistake as last time.,Je ne vais pas faire la même erreur que la dernière fois.
"I'm not saying this to hurt you, but it's the truth.",Je ne le dis pas pour te blesser mais c'est la vérité.
"I'm not saying this to hurt you, but it's the truth.",Je ne le dis pas pour vous blesser mais c'est la vérité.
I'm probably not the only one that needs to do that.,Je ne suis probablement pas le seul qui a besoin de le faire.
I'm quite certain I don't want to be married to you.,Je suis tout à fait certain que je ne veux pas t'épouser.
I'm really looking forward to relaxing this weekend.,J'ai vraiment hâte de me détendre ce week-end.
I'm really not that worried about what might happen.,Je ne suis pas spécialement inquiet de ce qui pourrait se passer.
I'm sorry for the pain I caused you and your family.,"Je suis désolé pour la douleur que je vous ai causée, à toi et à ta famille."
I'm sorry for the pain I caused you and your family.,"Je suis désolé pour la douleur que je vous ai causée, à vous et à votre famille."
I'm sorry for the pain I caused you and your family.,"Je suis désolée pour la douleur que je vous ai causée, à toi et à ta famille."
I'm sorry for the pain I caused you and your family.,"Je suis désolée pour la douleur que je vous ai causée, à vous et à votre famille."
"I'm sorry, but I can't attend the meeting in person.",Je m'excuse mais je ne pourrai participer en personne à la réunion.
"I'm sorry, but I can't lend you my car next weekend.",Je suis désolé mais je ne peux pas te prêter ma voiture le week-end prochain.
I'm sure everything will take a turn for the better.,Je suis sûr que tout va s'arranger pour le mieux.
I'm surprised to see you smoking. You didn't use to.,Ça me surprend de te voir fumer. Tu n'en avais pas l'habitude.
I'm very tired. I don't feel like taking a walk now.,Je suis très fatigué. Je n'ai pas envie d'aller faire un tour.
I've been trying to get a little exercise every day.,J'ai essayé de faire un petit peu d'exercice tous les jours.
"If I eat too much chocolate, I break out in pimples.","Si je mange trop de chocolat, j'ai une éruption de boutons."
"If I had had more time, I would have written to you.","Si j'avais eu plus de temps, je t'aurais écrit."
"If I had more money, I could move to a bigger house.","Si j'avais davantage d'argent, je pourrais déménager pour une maison plus grande."
"If I were in good health, I could pursue my studies.","Si j'étais en bonne santé, je pourrais poursuivre mes études."
"If I'd wanted your opinion, I would've asked for it.","Si j'avais voulu ton opinion, je te l'aurais demandée."
"If blaming me makes you feel better, go right ahead.","Si me blâmer te fait te sentir mieux, vas-y."
"If blaming me makes you feel better, go right ahead.","Si me le reprocher vous fait vous sentir mieux, allez-y."
"If for some reason that happened, what would you do?","Si, pour une raison quelconque, cela arrivait, que ferais-tu ?"
"If for some reason that happened, what would you do?","Si, pour une raison quelconque, cela survenait, que ferais-tu ?"
"If for some reason that happened, what would you do?","Si, pour une raison quelconque, cela advenait, que ferais-tu ?"
"If for some reason that happened, what would you do?","Si, pour une raison quelconque, cela avait lieu, que ferais-tu ?"
"If for some reason that happened, what would you do?","Si, pour une raison quelconque, cela arrivait, que feriez-vous ?"
"If for some reason that happened, what would you do?","Si, pour une raison quelconque, cela advenait, que feriez-vous ?"
"If for some reason that happened, what would you do?","Si, pour une raison quelconque, cela survenait, que feriez-vous ?"
"If for some reason that happened, what would you do?","Si, pour une raison quelconque, cela avait lieu, que feriez-vous ?"
"If she'd known the results, she'd have been shocked.","Si elle avait connu les résultats, elle en aurait été choquée."
"If that guitar weren't so expensive, I could buy it.","Si cette guitare n'était pas aussi chère, je pourrais me la payer."
"If there's anything else you need, just let me know.","Si tu as besoin de quoi que ce soit d'autre, tu n'as qu'à me le faire savoir."
"If there's anything else you need, just let me know.","Si vous avez besoin de quoi que ce soit d'autre, faites-le-moi savoir."
"If you can't come, please let me know ahead of time.","Si vous ne pouvez pas venir, faites-le-moi savoir par avance, je vous prie !"
"If you can't come, please let me know ahead of time.","Si vous ne pouvez pas venir, veuillez me le faire savoir par avance !"
"If you can't stand the heat, get out of the kitchen.","Si vous ne supportez pas la chaleur, sortez de la cuisine."
"If you could go back in time, what would you change?","Si tu pouvais remonter le temps, qu'est-ce que tu changerais ?"
"If you could go back in time, what would you change?","Si vous pouviez remonter le temps, que changeriez-vous ?"
"If you don't hurry, you won't get there before dark.","Si tu ne te dépêches pas, tu n'y seras pas avant la nuit."
"If you don't hurry, you won't get there before dark.","Si vous ne vous dépêchez pas, vous n'y arriverez pas avant la nuit."
"If you don't mind, I'd like to be alone for a while.","Si vous n'y voyez pas d'inconvénient, j'aimerais être seul un moment."
"If you don't mind, I'd like to be alone for a while.","Si vous n'y voyez pas d'inconvénient, j'aimerais être seule un moment."
"If you don't mind, I'd like to be alone for a while.","Si tu n'y vois pas d'inconvénient, j'aimerais être seul un moment."
"If you don't mind, I'd like to be alone for a while.","Si tu n'y vois pas d'inconvénient, j'aimerais être seule un moment."
"If you really don't want to come, you don't have to.","Si tu ne veux vraiment pas venir, tu ne le dois pas."
"If you take this medicine, you'll feel a lot better.","Si tu prends ce remède, tu te sentiras beaucoup mieux."
"If you take this medicine, you'll feel a lot better.","Si vous prenez ce remède, vous vous sentirez beaucoup mieux."
"If you want to be free, destroy your television set.","Si tu veux être libre, détruis ta télévision."
"If you want to be free, destroy your television set.","Si tu veux être libre, détruis ton téléviseur !"
"If you were more ambitious, you could go a long way.","Si tu étais plus ambitieux, tu pourrais aller loin."
"If you're smart, you'll cash out while you're ahead.","Si t'es malin, tu profiteras pendant que t'es devant."
"If you've got something to say, go ahead and say it.","Si tu as quelque chose à dire, vas-y et dis-le."
"In American football, a touchdown scores six points.",En football américain un touché vaut six points.
"In Kyoto, you can see both old and modern buildings.","À Kyoto, on peut voir à la fois des bâtiments anciens et modernes."
"In addition to a thick fog, there was a heavy swell.","En plus d'un brouillard épais, il y avait une forte houle."
"In this word, the accent falls on the last syllable.","Dans ce mot, l'accent tombe sur la dernière syllabe."
Industrial countries require a lot of skilled labor.,Les pays industriels requièrent beaucoup de main-d'œuvre qualifiée.
Instant noodles are a staple among college students.,Les nouilles instantanées sont la base de l'alimentation parmi les élèves des collèges.
Instant noodles are a staple among college students.,Les nouilles instantanées sont la base de l'alimentation parmi les élèves de facultés.
Iran is the eighteenth largest country in the world.,L'Iran est le dix-huitième plus grand pays du monde.
Is it necessary for me to explain the reason to him?,Est-il nécessaire que je lui en explique la raison ?
Is there any chance of my borrowing your typewriter?,Y a-t-il une possibilité que je puisse emprunter la machine à écrire ?
Is there anyone here who knows someone in Australia?,Y a-t-il quelqu'un ici qui connaisse quelqu'un en Australie ?
Is there somewhere we can talk privately about this?,Y a-t-il un endroit où l'on puisse en parler en privé ?
Isn't there anything that will make you feel better?,N'y a-t-il rien qui vous fera vous sentir mieux ?
Isn't there anything that will make you feel better?,N'y a-t-il rien qui te fera te sentir mieux ?
It goes without saying that money is not everything.,Il va sans dire que l'argent ne fait pas tout.
It is not easy to catch a hare with your bare hands.,Il est difficile d'attraper un lièvre avec les mains.
It is not easy to catch a hare with your bare hands.,Il est difficile d'attraper un lièvre à la main.
It is probable that she will win the speech contest.,Il est probable qu'elle va gagner le concours d'élocution.
It only took us fifteen minutes to complete the job.,Cela ne nous prit que quinze minutes de terminer le travail.
"It rained yesterday, but it cleared up this morning.","Il a plu hier, mais ça s'est éclairci ce matin."
It takes two hours to go to school by bus and train.,Cela prend deux heures pour aller à l'école en bus et en train.
It took a long time to accustom myself to the noise.,Il m'a fallu longtemps pour m'accoutumer au bruit.
It took him several weeks to recover from the shock.,Ça lui a demandé plusieurs semaines pour se remettre du choc.
It took me a long time to do my homework last night.,Ça m'a pris beaucoup de temps de faire mes devoirs hier soir.
It was a cold evening even though it was summertime.,"C'était une soirée fraîche, alors que c'était l'été."
It was careless of you to leave the key in your car.,C'était imprudent de votre part de laisser la clé dans votre voiture.
It was courteous of him to write a letter of thanks.,C'était courtois de sa part d'écrire une lettre de remerciements.
It was harder to do that than I thought it would be.,C'était plus difficile à faire que ce que je pensais.
"It was his car, not mine, that broke down yesterday.","C'était sa voiture, pas la mienne, qui est tombée en panne hier."
It was his lengthy narrative that bored me to death.,C'est son récit interminable qui m'a ennuyé à mourir.
It was not until recently that she changed her mind.,Ce n'est que récemment qu'elle a changé d'avis.
It was not until yesterday that I learned the truth.,"Jusqu'à hier, je n'avais pas appris la vérité."
It was raining so hard that we decided to stay home.,Il pleuvait si fort que nous avons décidé de rester à la maison.
It would be better if we didn't attend that meeting.,Il serait préférable que nous n'assistions pas à cette réunion.
It's a pity that Tom isn't able to be with us today.,C'est dommage que Tom ne puisse pas être avec nous aujourd'hui.
It's already eleven. It's high time you were in bed.,Il est déjà onze heures. Tu devrais déjà être au lit.
It's already eleven. It's high time you were in bed.,Il est déjà onze heures. Il est grand temps que vous soyez au lit.
It's been three years since I began studying French.,Cela fait trois ans que j'ai commencé à étudier le français.
It's doubtful if we'll finish in time for Christmas.,Il est douteux que nous finissions à temps pour Noël.
It's expensive to rent an office in downtown Boston.,Cela coûte cher de louer un bureau dans le centre de Boston.
It's foolish on your part to swim when it's so cold.,C'est fou de ta part de nager quand il fait si froid.
It's going to rain soon. Look at those black clouds.,"Il va bientôt pleuvoir, regarde ces nuages noirs."
It's natural to be nervous when the plane takes off.,C'est naturel d'être nerveux quand l'avion décolle.
It's no use trying to keep secrets from journalists.,Il est inutile d'essayer de garder des secrets pour les journalistes.
"It's not that I don't want to go, I can't afford to.","Ce n'est pas que je ne veux pas y aller, c'est que je ne peux pas me le permettre."
It's the sort of day when you'd like to stay in bed.,C'est le genre de jour où tu voudrais rester dans ta chambre.
It's the sort of day when you'd like to stay in bed.,C'est le genre de jours durant lesquels j'aimerais rester au lit.
Japan is a leader in the world's high-tech industry.,Le Japon est en tête de l'industrie mondiale des hautes technologies.
"Just out of curiosity, what do you expect to happen?","Juste par curiosité, qu'attends-tu qu'il se passe ?"
"Just out of curiosity, what do you expect to happen?","Juste par curiosité, qu'attendez-vous qu'il se passe ?"
Kyoto gets lots of visitors from all over the world.,Kyoto reçoit beaucoup de visiteurs du monde entier.
Lake Biwa could be seen from where we were standing.,Nous pouvions voir le lac Biwa d'où nous étions.
Large amounts of money were spent on the new bridge.,De grosses sommes d'argent furent consacrées au nouveau pont.
Large amounts of money were spent on the new bridge.,De grosses sommes d'argent ont été consacrées au nouveau pont.
Laser surgery can fix some kinds of vision problems.,La chirurgie laser peut corriger certains problèmes de la vision.
Last night it was so hot that I couldn't sleep well.,"La nuit dernière, il faisait tellement chaud que je n'ai pas bien dormi."
"Last night, I went to bed without brushing my teeth.","Hier soir, je suis allée au lit sans me brosser les dents."
"Last night, we looked at the stars from the rooftop.","La nuit dernière, nous avons observé les étoiles depuis le toit."
Learning French takes longer than most people think.,Apprendre le français requiert plus de temps que ce que la plupart des gens pense.
Let's continue working together to make that happen.,Continuons à travailler ensemble pour que cela se produise.
Let's not forget that Tom doesn't understand French.,N'oublions pas que Tom ne comprend pas le français.
Let's spend less time arguing and more time working.,Passons moins de temps à nous disputer et davantage à travailler.
"London, where I live, used to be famous for its fog.","Londres, là où j'habite, était réputé pour son brouillard."
"Long, long ago, there lived an old man and his wife.",Il y a très très longtemps vivaient un vieil homme et sa femme.
"Long, long ago, there lived an old man in a village.","Il y a très, très longtemps vivait un vieil homme dans un village."
Look carefully. I'm going to show you how it's done.,Regarde bien. Je vais te montrer comment on fait.
Lots of people in Japan are indifferent to politics.,Beaucoup de personnes au Japon ne s'intéressent pas à la politique.
"Machines may one day think, but they'll never laugh.","Les machines pourront peut-être penser, un jour, mais elles ne riront jamais."
Many children stay after school for club activities.,Beaucoup d’enfants restent après l’école pour des activités culturelles et sportives.
Mary felt like Tom was undressing her with his eyes.,Mary se sentait comme si Tom essayait de la déshabiller avec ses yeux.
"Meditation doesn't cost anything, but it takes time.",La méditation ne coûte rien mais ça prend du temps.
Milk has to be kept at a relatively low temperature.,On doit conserver le lait à température relativement basse.
Mt. Fuji is higher than any other mountain in Japan.,Le mont Fuji est la plus haute des montagnes du Japon.
Mt. Fuji is higher than any other mountain in Japan.,Le mont Fuji est plus haut que n'importe quelle autre montagne japonaise.
My cat likes it when we scratch him behind the ears.,Mon chat aime qu'on lui gratte derrière les oreilles.
"My cousin, who is a lawyer, is in France at present.","Mon cousin, qui est avocat, est en France actuellement."
My coworker really knows how to suck up to the boss.,Mon collègue sait vraiment faire de la lèche au patron.
My doctor told me that I needed to lose some weight.,Mon docteur m'a dit que j'avais besoin de perdre du poids.
My doctor told me that I needed to lose some weight.,Mon médecin m'a dit qu'il fallait que je perde du poids.
My driving instructor says I should be more patient.,Mon moniteur d’auto-école dit que je devrais être plus patient.
My family went to the zoo to see pandas last Sunday.,"Dimanche dernier, ma famille est allée au zoo pour voir des pandas."
My father has already given up smoking and drinking.,Mon père a déjà arrêté de fumer et de boire.
My grandmother was pulling up weeds in her backyard.,Ma grand-mère sarclait les mauvaises herbes à l'arrière du jardin.
My hands were shaking too much to thread the needle.,Mes mains tremblaient trop pour enfiler l'aiguille.
My little brother always sleeps with his teddy bear.,Mon petit frère dort toujours avec son ours en peluche.
My money seems to disappear by the end of the month.,Mon argent semble disparaître à la fin du mois.
My mother hasn't slept in 3 days due to her illness.,Ma mère n'a pas dormi ces 3 derniers jours à cause de sa maladie.
My neighbor always mows his lawn on Sunday mornings.,Mon voisin tond toujours sa pelouse le dimanche matin.
My parents had already eaten by the time I got home.,Mes parents avaient déjà mangé quand je suis rentré à la maison.
My picture's in every police station in the country.,Ma photo est dans tous les postes de police du pays.
My pride prevented me from borrowing money from him.,La fierté m'empêcha de lui emprunter de l'argent.
My short-term memory is getting shorter and shorter.,Ma mémoire immédiate est de plus en plus courte.
My sister belonged to the basketball club last year.,Ma sœur faisait partie du club de basketball l'année dernière.
My sister is a twenty-one years old college student.,Ma sœur est une étudiante universitaire de 21 ans.
My uncle gave me a book yesterday. This is the book.,Mon oncle m'a donné un livre hier. Voici le livre.
"My uncle went to Mexico in 1983, never to come back.",Mon oncle est parti au Mexique en 1983 pour n'en jamais revenir.
My wife and I did our Christmas shopping in October.,Ma femme et moi avons fait nos achats de Noël en octobre.
My wife and I prefer to spend time at home together.,Ma femme et moi préférons passer du temps ensemble à la maison.
Never drive faster than your guardian angel can fly.,Ne conduis jamais plus vite que ton ange gardien ne peut voler.
Never in his life had he encountered such a dilemma.,Il n'a jamais rencontré un tel dilemme de sa vie.
"No matter how hard I try, I can't swim to that rock.","J'ai beau essayer, je n'arrive pas à nager jusqu'à ce rocher."
"No matter how long it takes, I will finish the work.","Peu importe le temps que ça prend, je finirai le travail."
"No matter how rich he may be, he is never contented.","Quel que soit la richesse qu'il puisse détenir, il n'est jamais satisfait."
"No matter how rich you are, you can't buy true love.","Qu'importe combien on est riche, on ne peut acquérir le véritable amour."
Nobody could've known that this was going to happen.,Personne ne pouvait savoir que cela se passerait.
Nobody seems to have paid attention to what he said.,Personne ne semble avoir prêté attention à ce qu'il a dit.
Nothing would make me happier than to see you happy.,Rien ne me rendrait plus heureux que de vous voir heureux.
Nothing would make me happier than to see you happy.,Rien ne me rendrait plus heureuse que de te voir heureux.
Nothing would make me happier than to see you happy.,Rien ne me rendrait plus heureux que de te voir heureuse.
Nothing would make me happier than to see you happy.,Rien ne me rendrait plus heureux que de te voir heureux.
Nothing would make me happier than to see you happy.,Rien ne me rendrait plus heureux que de vous voir heureuse.
Nothing would make me happier than to see you happy.,Rien ne me rendrait plus heureux que de vous voir heureuses.
Nothing would make me happier than to see you happy.,Rien ne me rendrait plus heureuse que de vous voir heureuses.
Nothing would make me happier than to see you happy.,Rien ne me rendrait plus heureuse que de vous voir heureuse.
Nothing would make me happier than to see you happy.,Rien ne me rendrait plus heureuse que de vous voir heureux.
Nothing would make me happier than to see you happy.,Rien ne me rendrait plus heureuse que de te voir heureuse.
Novels aren't being read as much as they used to be.,Les romans ne sont plus aussi lus qu'auparavant.
"Now that I have enough money, I can get that camera.","Maintenant que j'ai suffisamment d'argent, je peux m'acheter cet appareil photo."
"On the following day, we all had terrible hangovers.","Le jour suivant, nous eûmes tous de terribles gueules de bois."
"On the following day, we all had terrible hangovers.","Le jour suivant, nous eûmes toutes de terribles gueules de bois."
"On the following day, we all had terrible hangovers.","Le jour suivant, nous avons tous eu de terribles gueules de bois."
"On the following day, we all had terrible hangovers.","Le jour suivant, nous avons toutes eu de terribles gueules de bois."
"One morning, she unexpectedly met him on the street.","Un matin, elle le rencontra de manière inopinée, dans la rue."
One of the people you were with is a friend of mine.,Une des personnes avec qui tu étais est un ami à moi.
Our ancestors arrived in this country 150 years ago.,Nos ancêtres arrivèrent dans ce pays il y a 150 ans.
Our education system needs to be seriously revamped.,Notre système éducatif doit être sérieusement repensé.
Our house has seven rooms including the dining room.,"Notre maison compte sept pièces, la salle à manger comprise."
Parents should monitor their children's whereabouts.,Les parents devraient superviser les déplacements de leurs enfants.
Parents teach their children that it's wrong to lie.,"Les parents apprennent à leurs enfants que mentir, c'est mal."
People change. There's not much you can do about it.,Les gens changent. Il n'y a pas grand chose que tu puisses y faire.
People change. There's not much you can do about it.,Les gens changent. Il n'y a pas grand chose qu'on puisse y faire.
People change. There's not much you can do about it.,Les gens changent. Il n'y a pas grand chose que vous puissiez y faire.
People change. There's not much you can do about it.,Les gens changent. Il n'y a pas grand chose à y faire.
People should be the masters of their own destinies.,Les gens devraient être maîtres de leur propre destin.
Please give me a little more time to think about it.,Je te prie de m'accorder un peu plus de temps pour y réfléchir.
Please give me a little more time to think about it.,Je vous prie de m'accorder un peu plus de temps pour y réfléchir.
Please have the porter take the baggage to our room.,Veuillez faire porter les bagages à notre chambre.
Please promise me that you'll never lie to me again.,"S'il te plaît, promets-moi que tu ne me mentiras plus jamais."
Please promise me that you'll never lie to me again.,"S'il vous plaît, promettez-moi que vous ne me mentirez plus jamais."
Please promise me that you'll never lie to me again.,"Promettez-moi, je vous prie, que vous ne me mentirez plus jamais !"
Please promise me that you'll never lie to me again.,"Promets-moi, je te prie, que tu ne me mentiras plus jamais !"
Please refer to the owner's manual for more details.,Veuillez vous reporter au guide d'utilisation pour plus de détails.
Please remember to mail the letter on your way home.,Veuillez penser à poster la lettre sur le chemin de votre domicile.
Please say hello to her if you see her at the party.,"Salue-la de ma part si tu la vois à la fête, s'il te plaît."
Poyang Lake is the largest freshwater lake in China.,Le lac Poyang est le plus grand lac d'eau douce de Chine.
Proper qualifications are required for the position.,Des qualifications appropriées sont requises pour le poste.
"Quite by chance, I met my old friend at the airport.","Tout à fait par chance, je rencontrai mon vieil ami à l'aéroport."
Reading is to the mind what exercise is to the body.,La lecture est à l'esprit ce que l'exercice physique est au corps.
Riding a unicycle is one thing I'm not very good at.,Faire du monocycle est un truc auquel je suis pas très bon.
Save your long-winded explanations for someone else.,Épargne tes explications alambiquées pour quelqu'un d'autre !
Save your long-winded explanations for someone else.,Épargnez vos explications alambiquées pour quelqu'un d'autre !
Science has brought about many changes in our lives.,La science a apporté de nombreuses choses à nos vies.
Several houses were carried away by the great flood.,De plusieurs maisons furent emportées par la crue.
She agreed with him that I should go to the meeting.,Elle fut d'accord avec lui que je devrais me rendre à la réunion.
She agreed with him that I should go to the meeting.,Elle a été d'accord avec lui que je devrais me rendre à la réunion.
She breaks something every time she cleans the room.,Elle casse quelque chose chaque fois qu'elle nettoie la pièce.
"She cried and cried, but no one came to comfort her.",Elle pleura tant et plus mais personne ne vint la réconforter.
"She cried and cried, but nobody came to comfort her.",Elle pleura tant et plus mais personne ne vint la réconforter.
"She cried and cried, but nobody came to comfort her.",Elle a pleuré tant et plus mais personne n'est venu la réconforter.
She explained to him why she was late for his party.,Elle lui expliqua pourquoi elle était en retard à sa fête.
She explained to him why she was late for his party.,Elle lui a expliqué pourquoi elle était en retard à sa fête.
She finally managed to get a hold of her old friend.,Elle se débrouilla finalement pour entrer en contact avec son vieil ami.
She had a good time talking with him about his trip.,Elle passa un agréable moment à discuter avec lui de son voyage.
She had a good time talking with him about his trip.,Elle passa un agréable moment à discuter avec lui à propos de son voyage.
She had a good time talking with him about his trip.,Elle passa un agréable moment à s'entretenir avec lui de son voyage.
She had a good time talking with him about his trip.,Elle passa un agréable moment à s'entretenir avec lui au sujet de son voyage.
She had a good time talking with him about his trip.,Elle a passé un agréable moment à s'entretenir avec lui au sujet de son voyage.
She had a good time talking with him about his trip.,Elle a passé un agréable moment à s'entretenir avec lui de son voyage.
She had a good time talking with him about his trip.,Elle a passé un agréable moment à discuter avec lui à propos de son voyage.
She had a good time talking with him about his trip.,Elle a passé un agréable moment à discuter avec lui de son voyage.
She had an unassuming air that put everyone at ease.,Elle avait un air sans prétention qui mettait chacun à son aise.
She held him like mother gorillas hold their babies.,Elle le tint de la manière dont les mères-gorilles tiennent leurs bébés.
She hid the letter carefully so no one would see it.,Elle cacha soigneusement la lettre de manière à ce que personne ne la voie.
She introduced herself to the people who were there.,Elle se présenta aux personnes qui étaient là.
"She is fresh from college, so she has no experience.","Elle vient de sortir de l'université, donc elle n'a pas d'expérience."
"She is fresh from college, so she has no experience.","Elle vient de sortir de l'école, donc elle n'a pas d'expérience."
She is too young to understand that her father died.,Elle est trop jeune pour comprendre que son père est mort.
She looked at me with tears running down her cheeks.,Elle me regarda avec des larmes coulant de ses joues.
She makes sure that her family eats a balanced diet.,Elle s'assure que sa famille ait un régime équilibré.
She sat next to him wishing she were somewhere else.,Elle s'assit près de lui en souhaitant qu'elle fut ailleurs.
She sat next to him wishing she were somewhere else.,Elle s'assit près de lui en souhaitant être ailleurs.
She showed him several books that were on the shelf.,Elle lui montra plusieurs livres sur l'étagère.
She spends a little time each day reading the Bible.,Elle passe un peu de temps chaque jour à lire la Bible.
She spends over a third of her time doing paperwork.,Elle passe plus du tiers de son temps à de la paperasse.
She spends over a third of her time doing paperwork.,Elle passe plus du tiers de son temps à s'occuper de paperasse.
She spends over a third of her time doing paperwork.,Elle passe plus du tiers de son temps à s'occuper de papiers.
She spends three dollars a day for lunch and dinner.,Elle dépense trois dollars par jour pour le déjeuner et le dîner.
"She wanted a piece of cake, but there was none left.",Elle voulait un morceau de gâteau mais il n'y en avait plus.
"She wanted a piece of cake, but there was none left.","Elle voulait un truc facile, mais il n'y en avait aucun de reste."
She waved her hand until the train was out of sight.,Elle agita la main jusqu'à ce que le train soit hors de vue.
She went over the list to see if her name was there.,Elle parcourut la liste pour voir si son nom y figurait.
She went to Italy for the purpose of studying music.,Elle se rendit en Italie pour étudier la musique.
She went to the hairdresser's to have her hair done.,Elle est allée chez le coiffeur pour faire ses cheveux.
She will surely be enjoying a hot bath at this hour.,Elle apprécierait certainement un bon bain à cette heure.
She would rather listen to others than talk herself.,Elle préfère écouter les autres que de parler elle-même.
"She wrote him a long letter, but she didn't mail it.",Elle lui écrivit une longue lettre mais ne la posta pas.
"She wrote him a long letter, but she didn't mail it.",Elle lui écrivit une longue lettre mais ne la mit pas au courrier.
"She wrote him a long letter, but she didn't mail it.",Elle lui a écrit une longue lettre mais ne l'a pas postée.
"She wrote him a long letter, but she didn't mail it.",Elle lui a écrit une longue lettre mais ne l'a pas mise au courrier.
"She wrote him a long letter, but she didn't mail it.",Elle lui écrivit une longue lettre mais ne l'envoya pas.
"Since I couldn't pay the rent, I asked him for help.","Comme je ne pouvais pas payer le loyer, je lui ai demandé de l'aide."
"Since my mother was sick, I stayed home from school.","Comme ma mère était malade, je suis resté à la maison au lieu d'aller à l'école."
"Since my mother was sick, I stayed home from school.","Comme ma mère était malade, je suis restée à la maison plutôt que d'aller à l'école."
Singers use microphones to make their voices louder.,Les chanteurs utilisent des microphones pour amplifier leurs voix.
"Some eggs weren't rotten, but the rest of them were.","Quelques œufs étaient bons, mais les autres étaient pourris."
Some people are reading some magazines on the train.,Certaines personnes lisent des magazines dans le train.
Someone should talk to him and tell him what's what.,Quelqu'un devrait lui parler et lui dire ce qu'il en est.
Someone should talk to him and tell him what's what.,Quelqu'un devrait lui parler et lui dire de quoi il retourne.
Take a look at the FAQ before you call tech support.,Jetez un œil aux QFP avant d'appeler le service technique.
Take an umbrella with you in case it begins to rain.,Prends un parapluie avec toi au cas où il se mette à pleuvoir.
Take your hat off when you enter a house of worship.,Découvrez votre chef lorsque vous pénétrez dans un lieu de culte.
Take your hat off when you enter a house of worship.,Ôtez votre couvre-chef lorsque vous pénétrez dans un lieu de culte.
That pretty bird did nothing but sing day after day.,Ce bel oiseau ne faisait rien d'autre que chanter jour après jour.
That's nonsense. Nobody but a fool would believe it.,C'est insensé. Seul un idiot croirait cela.
That's the computer on which he writes his articles.,C'est l'ordinateur sur lequel il écrit son article.
That's the computer on which he writes his articles.,C'est l'ordinateur avec lequel il écrit ses articles.
That's the reason why I couldn't attend the meeting.,C'est la raison pour laquelle je ne pouvais pas assister à la réunion.
The European Union has eliminated the death penalty.,L'Union Européenne a aboli la peine de mort.
The Hermitage Museum is located in Saint Petersburg.,Le musée de l'Ermitage se situe à Saint-Pétersbourg.
The Internet is an invaluable source of information.,Internet est une source d'information inestimable.
The Internet is now something we can't live without.,Internet est à présent quelque chose sans lequel nous ne pouvons pas vivre.
The Japanese government can't cope with the problem.,Le gouvernement japonais ne sait pas gérer le problème.
The Japanese government can't cope with the problem.,Le gouvernement japonais ne peut pas gérer le problème.
The Shinano is longer than any other river in Japan.,La Shinano est la plus longue de toutes les rivières du Japon.
The Zulu tribe in South Africa has its own language.,La tribu Zoulou en Afrique du Sud a sa propre langue.
The aim is to be out of the country within the hour.,Le but est de quitter le pays dans l'heure.
The botanist studied the flora of the remote island.,Le botaniste étudia la flore de l'île lointaine.
The boy took off his clothes and put on his pajamas.,Le garçon se déshabilla puis enfila son pyjama.
The businessman appeared on television this morning.,L'homme d'affaire est passé à la télévision ce matin.
The children are building sand castles on the beach.,Les enfants construisent des châteaux de sable à la plage.
The climate here is very similar to that of England.,Le climat ici est très comparable à celui de l'Angleterre.
The climate of Japan is milder than that of England.,Le climat du Japon est plus doux que celui de l'Angleterre.
"The cop went through his pockets, but found nothing.","Le policier lui a fait les poches, mais n'a rien trouvé."
The cops like the victim's boyfriend for the murder.,Les flics s'intéressent au petit ami de la victime pour le meurtre.
"The couple separated, never to see each other again.",Le couple se sépara et ils ne se virent jamais plus.
The decision whether I should see her is mine alone.,La décision de savoir si je devrais la rencontrer ou pas n'appartient qu'à moi.
The dirty boy turned out to be a prince in disguise.,Le garçon pouilleux se révéla être un prince déguisé.
The doctor reassured me about my father's condition.,Le docteur me rassura quant à l'état de mon père.
The doctor told me to eat fewer high-calorie snacks.,Le médecin m'a dit de manger moins d'en-cas hautement caloriques.
The fluctuation in prices caused a financial crisis.,La fluctuation des prix a causé une crise financière.
The following images are not for the faint of heart.,Les images qui suivent ne sont pas faites pour les âmes sensibles.
The front windshield of a car was smashed to pieces.,Le pare-brise d'une voiture fut brisé.
The front windshield of a car was smashed to pieces.,Le pare-brise d'une voiture a été mis en pièces.
The girl closed her eyes and listened to the pastor.,La jeune fille ferma les yeux et écouta le pasteur.
The girl went into the forest to look for mushrooms.,La jeune fille est allée dans la forêt à la recherche de champignons.
The government collapsed after a vote in parliament.,Le gouvernement est tombé après un vote au parlement.
The government collapsed after a vote in parliament.,Le gouvernement tomba après un vote au parlement.
The government should invest more money in industry.,Le gouvernement devrait investir davantage dans l'industrie.
The governor cut the tape and opened the new bridge.,Le gouverneur coupa le ruban et ouvrit le nouveau pont à la circulation.
The hikers were all but frozen when they were found.,Les randonneurs étaient pratiquement gelés quand on les a trouvés.
The hotel we stayed at last summer is near the lake.,L'hôtel où nous avons séjourné l'été dernier est proche du lac.
The house is opposite the church. You can't miss it.,La maison est en face de l'église. Vous ne pouvez pas la rater.
The ice on the lake is too thin to bear your weight.,La glace sur le lac est trop fine pour supporter ton poids.
The idea of surprising her suddenly crossed my mind.,L'idée de la surprendre traversa soudain mon esprit.
The leaves on the trees have begun to change colors.,Les feuilles sur les arbres ont commencé à changer de couleurs.
The man left the restaurant without paying his bill.,L'homme quitta le restaurant sans payer son addition.
The man who came to visit you didn't say who he was.,L'homme qui est venu te voir ne s'est pas présenté.
"The minute I entered the room, they stopped talking.","Au moment où je suis entré dans la pièce, ils ont cessé de parler."
"The more I think about it, the less I understand it.","Plus j'y pense, moins je le comprends."
"The more I think about it, the less I understand it.","Plus j'y pense, moins je la comprends."
"The more I think about it, the less I understand it.","Plus j'y réfléchis, moins je le comprends."
"The more I think about it, the less I understand it.","Plus j'y réfléchis, moins je la comprends."
The mother and daughter represented two generations.,La mère et la fille ont représenté deux générations.
The movie we saw last night was filmed in Australia.,Le film que nous avons vu hier soir a été filmé en Australie.
The national debt has trebled in the last ten years.,La dette nationale a triplé au cours des dix dernières années.
The natives saw an airplane then for the first time.,Les indigènes virent alors un avion pour la première fois.
The needs of the many outweigh the needs of the few.,Les besoins du plus grand nombre l'emportent sur les nécessités du plus petit.
The new engine must undergo all the necessary tests.,Le nouveau moteur doit subir tous les tests nécessaires.
The new law is expected to cut air pollution by 60%.,La nouvelle loi est censée réduire la pollution de l'air de soixante pour cent.
The newborn chicks still have not opened their eyes.,Les poussins nouveaux-nés n'ont pas encore ouvert leurs yeux.
"The next morning, the snowman had completely melted.","Le lendemain matin, le bonhomme de neige était complètement fondu."
"The next morning, the snowman had completely melted.","Le lendemain matin, le bonhomme de neige avait complètement fondu."
"The party will be held outdoors, weather permitting.","La fête se tiendra à l'extérieur, si le temps le permet."
The police are investigating the cause of the crash.,La police enquête sur l'origine de l'accident.
The priest who speaks French will be here next week.,Le prêtre qui parle français sera là la semaine prochaine.
The prime minister fell into the Danube and drowned.,Le Premier Ministre est tombé dans le Danube et s'est noyé.
The prince asked the little girl why she was crying.,Le prince demanda à la petite fille pourquoi elle pleurait.
The prince asked the little girl why she was crying.,Le prince a demandé à la petite fille pourquoi elle pleurait.
"The problem is not what he said, but how he said it.","Le problème ne réside pas dans ce qu'il a dit, mais dans la manière dont il l'a dit."
The production of vegetables is growing in our area.,La production de légumes est en croissance dans notre région.
The professor was unable to comprehend what I meant.,Le professeur fut incapable de comprendre ce que je voulais dire.
The senator has a very demanding schedule this week.,Le sénateur a un emploi du temps très chargé cette semaine.
The shortage of manpower poses a big problem for us.,Le manque de main-d'œuvre nous pose un grand problème.
The situation is getting worse and worse day by day.,La situation empire de jour en jour.
The speaker should stand where everyone can see him.,L'orateur devrait se tenir là où tout le monde peut le voir.
The speed with which we forget is just unbelievable.,La vitesse à laquelle on oublie est tout simplement incroyable.
The story is true. Only the names have been changed.,L'histoire est vraie. Seuls les noms ont été modifiés.
The strange-looking woman was thought to be a witch.,On pensait que cette femme étrange était une sorcière.
The strange-looking woman was thought to be a witch.,La femme à l'allure étrange était considérée comme étant une sorcière.
The teacher explained the meaning of the word to us.,L'instituteur nous expliqua la signification du mot.
The three gunshot victims are in critical condition.,Les trois victimes de la fusillade sont dans un état critique.
The tornado left a trail of destruction in its wake.,La tornade laissa une traînée de destruction dans son sillage.
The town was destroyed by the flood after the storm.,La ville fut détruite par les inondations après la tempête.
The tree's root system stretches over thirty meters.,Le réseau de racines de l'arbre s'étend sur plus de trente mètres.
The two countries are engaged in biological warfare.,Les deux pays sont engagés dans une guerre biologique.
The use of this type of radio has become widespread.,L'utilisation de ce type de radio est devenue répandue.
The youth was arrested for being involved in a riot.,Le jeune fut arrêté pour son implication dans une émeute.
Their modest income doesn't allow for many luxuries.,Leur revenu modeste ne leur permet pas beaucoup de gâteries.
There are a lot of beautiful songs on these records.,Il y a de nombreuses belles chansons sur ces albums.
There are a lot of beautiful songs on these records.,Il y a de nombreuses belles chansons sur ces disques.
There are around three thousand mosques in Istanbul.,Il y a environ trois mille mosquées à Istanbul.
There is not much doubt about the cause of the fire.,Il n'y a pas trop de doutes à avoir quant au parcours du feu.
There is not much possibility of his coming on time.,Il y a peu de chance qu'il arrive à l'heure.
There used to be an art museum in this neighborhood.,"Autrefois, il y avait un musée dans le voisinage."
There was once a time when I could not trust others.,Il fut un temps où je ne pouvais faire confiance aux autres.
There's a huge mark up on imported electronic goods.,Il y a une marge énorme sur les biens électroniques importés.
There's a rumor going around that she got a new job.,Une rumeur circule qu'elle aurait un nouvel emploi.
There's a rumor going around that she got a new job.,Une rumeur circule qu'elle aurait un nouveau boulot.
There's been a lawyer in the family for generations.,Il y a eu un avocat dans la famille depuis des générations.
There's hardly any hope that he'll win the election.,Il n'y a guère d'espoir qu'il remporta les élections.
There's hardly any hope that he'll win the election.,Il y a bien peu d'espoir quant à sa victoire aux élections.
There's no telling when she'll stab you in the back.,On ne peut pas savoir quand elle nous trahira.
There's nothing more important to me than my family.,Il n'y a rien de plus important pour moi que ma famille.
There's something I have to let you know right away.,Il y a quelque chose dont je dois vous informer sans tarder.
"These cookies aren't expensive, but they taste good.",Ces cookies ne coûtent pas cher mais ils ont bon goût.
These simple tips will help you declutter your home.,Ces conseils simples vous aideront à désencombrer votre maison.
They announced that they were going to have a party.,Ils annoncèrent qu'ils organisaient une fête.
They announced that they were going to have a party.,Ils ont annoncé qu'ils organisent une fête.
They can produce the same goods at a far lower cost.,Ils peuvent produire les mêmes marchandises à un coût bien plus bas.
They carried the injured player away on a stretcher.,Ils ont emporté le joueur blessé sur une civière.
"They did not know it was impossible, so they did it.","Ils ne savaient pas que c'était impossible, alors ils l'ont fait."
They guaranteed regular employment to their workers.,Ils garantirent un emploi régulier à leurs salariés.
They guaranteed regular employment to their workers.,Ils ont garanti un emploi régulier à leurs salariés.
They hoped to sell the stocks at even higher prices.,Ils espéraient vendre les actions à des prix encore plus élevés.
They said that contact with the plane had been lost.,Ils dirent que le contact avec l'avion avait été perdu.
They say that he is the richest person in the world.,Ils disent qu'il est la personne la plus riche du monde.
They say that he is the richest person in the world.,Elles disent qu'il est la personne la plus riche du monde.
They say we'll have an earthquake one of these days.,Ils disent que nous aurons un de ces jours un tremblement de terre.
They set fire to their neighbour's house in revenge.,Ils mirent le feu à la maison de leur voisin pour se venger.
They should have the right to decide for themselves.,Elles devraient avoir le droit de décider par elles-mêmes.
They should have the right to decide for themselves.,Ils devraient avoir le droit de décider par eux-mêmes.
They stayed in the room with me for the whole night.,Ils restèrent dans la pièce avec moi toute la nuit durant.
They stayed in the room with me for the whole night.,Elles restèrent dans la pièce avec moi toute la nuit durant.
They stayed in the room with me for the whole night.,Ils sont restés dans la pièce avec moi toute la nuit durant.
They stayed in the room with me for the whole night.,Elles sont restées dans la pièce avec moi toute la nuit durant.
They won't allow me to do what I'm being paid to do.,Ils refusent de me laisser faire ce pour quoi je suis payé.
They won't allow me to do what I'm being paid to do.,Ils refusent de me laisser faire ce pour quoi je suis payée.
They won't allow me to do what I'm being paid to do.,Elles refusent de me laisser faire ce pour quoi je suis payé.
They won't allow me to do what I'm being paid to do.,Elles refusent de me laisser faire ce pour quoi je suis payée.
They won't allow me to do what I'm being paid to do.,Ils ne m'autoriseront pas à faire ce pour quoi je suis payé.
They won't allow me to do what I'm being paid to do.,Ils ne m'autoriseront pas à faire ce pour quoi je suis payée.
They won't allow me to do what I'm being paid to do.,Elles ne m'autoriseront pas à faire ce pour quoi je suis payé.
They won't allow me to do what I'm being paid to do.,Elles ne m'autoriseront pas à faire ce pour quoi je suis payée.
This carbon fiber bicycle is incredibly lightweight.,Ce vélo en fibre de carbone est incroyablement léger.
This chapter will focus on the concepts of geometry.,Ce chapitre sera consacré aux concepts de la géométrie.
This is one of the most popular restaurants in town.,C'est l'un des restaurants les plus populaires de la ville.
This is the last message I ever plan to send to you.,C'est le dernier message que j'envisage jamais de vous envoyer.
This is the last message I ever plan to send to you.,C'est le dernier message que j'envisage jamais de t'envoyer.
This is the most comfortable chair I've ever sat in.,C'est chaise la plus confortable dans laquelle je me sois jamais assis.
This is the most massive structure I have ever seen.,C'est la structure la plus massive que j'ai jamais vue.
This job shouldn't take more than a couple of hours.,Ce boulot ne devrait pas prendre plus de deux heures.
This particular model has a really low battery life.,Ce modèle particulier a une durée de vie de la batterie très faible.
This town hasn't changed much in the last ten years.,Cette ville n'a pas beaucoup changé au cours des dix dernières années.
"To be honest, I've never heard of this place before.","À dire vrai, je n'ai jamais entendu parler de cet endroit auparavant."
"To tell the truth, I don't like what you're wearing.","A vrai dire, je n'aime pas ce que tu portes."
"Today was a good day, so I'll sleep soundly tonight.","Aujourd'hui a été une bonne journée, donc je dormirai profondément ce soir."
"Today, I watched a play written by a friend of mine.","Aujourd'hui, j'ai regardé une pièce écrite par un ami à moi."
"Today, I watched a play written by a friend of mine.","Aujourd'hui, j'ai regardé une pièce écrite par une de mes amies."
Tom Jackson is one of the best detectives in Boston.,Tom Jackson est un des meilleurs enquêteurs de Boston.
Tom always makes fun of John because of his dialect.,Tom se moque toujours de John à cause de son dialecte.
Tom and I haven't seen each other since our divorce.,Tom et moi ne nous sommes pas revus depuis notre divorce.
Tom and Mary agreed to work together on the project.,Tom et Mary acceptèrent de travailler ensemble sur le projet.
Tom and Mary have decided to get married in October.,Tom et Mary ont décidé de se marier en octobre.
Tom and Mary were only thirteen when they first met.,Tom et Mary n'avaient que treize ans lorsqu'ils se sont rencontrés pour la première fois.
Tom asked Mary to teach him how to play the ukulele.,Tom a demandé à Mary de lui apprendre à jouer du ukulélé.
Tom asked Mary what kind of books she liked to read.,Tom demanda à Mary quel genre de livres elle aimait lire.
Tom came into the room without knocking on the door.,Tom est entré dans la pièce sans frapper.
Tom criticized Mary for not doing the job correctly.,Tom a critiqué Mary pour ne pas avoir fait le boulot correctement.
Tom died in Boston in 2013 when he was 30 years old.,Tom est mort à Boston en 2013 à l'âge de 30 ans.
Tom doesn't know what Mary means when she says that.,Tom ne sait pas ce que Marie veut dire quand elle dit cela.
Tom doesn't like being told he's not old enough yet.,Tom n'aime pas qu'on lui dise qu'il n'est pas encore assez grand.
Tom doesn't make enough money to support his family.,Tom ne gagne pas assez d'argent pour aider sa famille.
Tom doesn't make enough money to support his family.,Tom ne gagne pas assez d'argent pour subvenir aux besoins de sa famille.
Tom doesn't need to apologize. He did nothing wrong.,Tom n'a pas besoin de s'excuser. Il n'a rien fait de mal.
Tom drinks at least three liters of water every day.,Tom boit au moins trois litres d'eau par jour.
Tom has a picture of a squirrel on his bedroom wall.,Tom a une photographie d'un écureuil sur le mur de sa chambre.
Tom has donated a lot of money to various charities.,Tom a fait don de beaucoup d'argent à divers organismes de bienfaisance.
"Tom is a left-handed pitcher, but bats right-handed.","Tom est un lanceur gaucher, mais un batteur droitier."
Tom is trying to make sure that everything is ready.,Tom essaie de s'assurer que tout est prêt.
Tom is usually the one who puts the children to bed.,Tom est habituellement celui qui couche les enfants.
Tom only plays the bagpipes when Mary isn't at home.,Tom joue de la cornemuse seulement quand Mary n'est pas à la maison.
"Tom opened the door, even though I asked him not to.","Tom ouvrit la porte, quand bien même je lui avais demandé de ne pas le faire."
Tom plays the guitar better than anyone else I know.,Tom joue mieux la guitare qu'aucune autre de mes connaissances.
Tom said Mary didn't think John did that with Alice.,Tom a dit que Mary ne pensait pas que John ait fait ça avec Alice.
Tom said that he didn't want to ever see Mary again.,Tom a dit qu'il ne voulait plus jamais revoir Mary.
Tom saw the newspaper on the floor and picked it up.,Tom vit le journal sur le sol et le ramassa.
Tom saw the newspaper on the floor and picked it up.,Tom a vu le journal sur le sol et l'a ramassé.
Tom says he can't ignore Mary's behavior any longer.,Tom dit qu'il ne peut pas ignorer le comportement de Mary plus longtemps.
Tom says he knows how difficult it'll be to do that.,Tom dit qu'il sait à quel point il sera difficile de faire cela.
Tom says he's having trouble coping with the stress.,Tom dit qu'il a du mal à supporter le stress.
Tom says that he wants me to go to Boston with Mary.,Tom dit qu'il veut que j'aille à Boston avec Marie.
Tom spends about an hour a day practicing the piano.,Tom passe environ une heure par jour à pratiquer le piano.
Tom stayed up all night. Now he's too tired to work.,Tom est resté debout toute la nuit. Maintenant il est trop fatigué pour travailler.
Tom stopped at a convenience store to buy some milk.,Tom s'est arrêté dans une supérette pour acheter du lait.
Tom thought it would be a good idea to see a doctor.,Tom a pensé que ce serait une bonne idée de voir un docteur.
Tom told Mary that she should be ashamed of herself.,Tom a dit à Mary qu'elle devrait avoir honte.
Tom told me that Mary was the one who told him that.,Tom m'a dit que c'était Marie qui le lui avait dit.
Tom told me that he couldn't really trust Microsoft.,Tom m'a dit qu'il ne pouvait pas vraiment faire confiance à Microsoft.
Tom wanted to spend the rest of his life in America.,Tom voulait passer le reste de sa vie en Amérique.
Tom was the one who planted the roses in our garden.,C'est Tom qui a planté les roses dans notre jardin.
Tom was wearing his pajamas when he opened the door.,Tom portait son pyjama quand il a ouvert la porte.
Tom was wearing his pajamas when he opened the door.,Tom portait son pyjama quand il ouvrit la porte.
Tom's negative attitude is beginning to irritate me.,L'attitude négative de Tom commence à m'agacer.
Tom's thinking of moving so he'll be closer to Mary.,Tom pense à déménager pour se rapprocher de Marie.
Tom's younger brother is dating Mary's older sister.,Le petit frère de Tom sort avec la grande sœur de Mary.
"Unfortunately, I have to get up early every morning.","Malheureusement, je dois me lever de bonne heure chaque matin."
"Until now, I've never been spoken to by a foreigner.","Jusqu'à présent, un étranger ne m'a jamais adressé la parole."
"Upon seeing what was happening, we decided to leave.","À la vue de ce qui se passait, nous décidâmes de partir."
We are busy preparing for our wedding and honeymoon.,Nous sommes occupés à préparer notre mariage et notre lune de miel.
We are looking forward to going on a hike next week.,Nous sommes impatients de partir en randonnée la semaine prochaine.
"We considered going, but finally decided against it.",Nous envisagions de nous y rendre mais nous décidâmes finalement de ne pas le faire.
We could see the lights of the town in the distance.,Nous pouvions voir les lumières de la ville au loin.
We don't have as much in common as I thought we did.,Nous n'avons pas autant en commun que je le pensais.
We enjoyed the cool breeze that came from the river.,Nous avons profité de la brise fraîche qui venait de la rivière.
We gave a party in celebration of his 70th birthday.,Nous avons fait une fête pour célébrer son 70e anniversaire.
We had to shut the window because of the mosquitoes.,Nous avons dû fermer la fenêtre à cause des moustiques.
We had to wait until she found a chair and sat down.,Nous avons dû attendre qu'elle trouve une chaise et qu'elle s'assoie.
We have enough money to buy one more bottle of wine.,Nous avons assez d'argent pour acheter une bouteille de vin supplémentaire.
"We have the extra-large size, but not in that color.","Nous avons la très grande taille, mais pas dans cette couleur."
"We invited him to the party, but he did not show up.",Nous l'avons invité à la fête mais il ne s'est pas pointé.
"We invited him to the party, but he did not show up.",Nous l'avons invité à la fête mais il ne s'est pas montré.
We know very little about the cause of this disease.,Nous savons très peu de choses de la cause de ce mal.
We know very little about the cause of this disease.,Nous savons très peu de choses de la cause de cette maladie.
We need to concentrate on coming up with a new plan.,Nous devons nous concentrer pour trouver un nouveau plan.
We need to remember to put some gasoline in the car.,Nous devons nous rappeler de mettre de l'essence dans la voiture.
We often come across Japanese tourists in this area.,On rencontre souvent des touristes japonais dans ce quartier.
We ran out of gas in the middle of the intersection.,Nous tombâmes en panne d'essence au milieu du carrefour.
We saw Tom talking to Mary in the park this morning.,Nous avons vu Tom parler à Mary dans le parc ce matin.
We should make every effort to maintain world peace.,Nous devrions faire tous les efforts possibles pour maintenir la paix dans le monde.
We shouldn't judge people based on their appearance.,Nous ne devrions pas juger les gens sur leur apparence.
We used to play musical chairs in elementary school.,Nous jouions aux chaises musicales à l'école primaire.
We're doing everything we can to find your daughter.,Nous faisons tout ce que nous pouvons pour retrouver votre fille.
We're doing everything we can to find your daughter.,Nous faisons tout notre possible pour retrouver votre fille.
We're going to have to make some very tough choices.,Nous allons devoir faire des choix très difficiles.
"We're out of tissue paper, so I need to go buy some.","Nous n'avons plus de papier de soie, je dois donc aller en acheter."
"Weather permitting, we will go on a picnic tomorrow.","Si le temps le permet, nous irons pique-niquer demain."
What answer did you come up with for question three?,Tu as mis quelle réponse pour la question trois ?
What are some foods you usually eat with chopsticks?,Quels sont les aliments qu'on mange habituellement avec des baguettes ?
What are some foods you usually eat with chopsticks?,Quels sont les aliments que tu manges habituellement avec des baguettes ?
What are some foods you usually eat with chopsticks?,Quels sont les aliments que vous mangez habituellement avec des baguettes ?
What are some of the health benefits of eating fish?,Quels sont certains des bénéfices sur la santé de la consommation de poisson ?
What are you going to do during the summer holidays?,Que vas-tu faire pendant tes vacances d'été ?
What are you going to do during the summer holidays?,Qu'allez-vous faire pendant vos vacances d'été ?
What does this have to do with our current problems?,Qu'est-ce que ça a à voir avec nos problèmes actuels ?
What makes you so sure that this won't happen again?,Qu'est-ce qui vous rend si sûr que ça n'arrivera pas de nouveau ?
What makes you so sure that this won't happen again?,Qu'est-ce qui vous rend si sûre que ça ne se produira pas à nouveau ?
What proof do you have that he committed this crime?,Quelles preuves avez-vous qu'il a commis ce crime ?
What sort of information do you get on the Internet?,Quel type d'information trouve-t-on sur Internet ?
What sort of information do you get on the Internet?,Quelle sorte d'information trouve-t-on sur Internet ?
What you have just said reminds me of an old saying.,Ce que tu as dit me rappelle un vieux proverbe.
What're you going to do during your summer vacation?,Que vas-tu faire pendant tes vacances d'été ?
What're you going to do during your summer vacation?,Qu'allez-vous faire pendant vos vacances d'été ?
"When I got to school, the race had already finished.","Lorsque je parvins à l'école, la course était déjà terminée."
"When I was in school, I really hated writing essays.","Lorsque j'étais à l'école, j'avais vraiment horreur d'écrire des dissertations."
"When I was in school, I really hated writing essays.","Lorsque j'étais à l'école, j'avais vraiment horreur de faire des rédactions."
"When Tom got home, his children were already asleep.","Quand Tom est rentré, ses enfants dormaient déjà."
"When he was a child, he would go fishing on Sundays.","Lorsqu'il était petit, il allait pêcher le dimanche."
"When the results are made public, I'll let you know.","Lorsque les résultats seront rendus publics, je te le ferai savoir."
"When the results are made public, I'll let you know.","Lorsque les résultats seront rendus publics, je vous le ferai savoir."
"When we're together, I don't worry about the future.","Lorsque nous sommes ensemble, je ne me soucie pas du futur."
When were you thinking of coming back to the States?,Quand pensais-tu revenir aux USA ?
When were you thinking of coming back to the States?,Quand pensiez-vous revenir aux USA ?
"When you're in a hurry, it's easy to make a mistake.","Quand on est pressé, il est facile de commettre une erreur."
Where were you? We've been looking all over for you.,Où étais-tu ? Nous t'avons cherché partout.
"Whether he agrees or not, we won't change our plans.","Qu'il soit d'accord ou pas, nous ne changerons pas nos plans."
"While swimming in the pool, she lost her locker key.",Elle a perdu la clé de son casier pendant qu'elle nageait dans la piscine.
"While waiting for the bus, I was caught in a shower.","Tandis que j'attendais le bus, j'ai été pris sous une averse."
Who knows what he'll accomplish if given the chance?,Qui sait ce qu'il accomplira si une chance lui est donnée ?
Who knows what he'll accomplish if given the chance?,Qui sait ce qu'il accomplira si une chance lui est accordée ?
Who's the man sitting at the other end of the table?,Qui est l'homme qui est assis à l'autre bout de la table ?
Whoever thought of this stupid plan should be fired.,Quiconque a pensé ce plan stupide devrait être viré.
Why are there so many dishonest people in the world?,Pourquoi y a-t'il tant de gens malhonnêtes dans le monde ?
Why ask me? Wouldn't it be better to do it yourself?,Pourquoi me demander ? Ne serait-ce pas mieux que tu le fasses toi-même ?
Why do I get the feeling I'm not going to like this?,Pourquoi ai-je le sentiment que je ne vais pas aimer ça ?
Why don't you start by telling us who went with you?,Pourquoi ne commences-tu pas par nous dire qui est allé avec toi ?
Why don't you start by telling us who went with you?,Pourquoi ne commencez-vous pas par nous dire qui est allé avec vous ?
Why don't you start by telling us who went with you?,Pourquoi ne commences-tu pas par nous dire qui y est allé avec toi ?
Why don't you start by telling us who went with you?,Pourquoi ne commencez-vous pas par nous dire qui y est allé avec vous ?
Why don't you tell me the way you think it happened?,Pourquoi ne me dites-vous pas de quelle manière vous pensez que ça s'est passé ?
Why don't you tell me the way you think it happened?,Pourquoi ne me dis-tu pas de quelle manière tu penses que ça s'est passé ?
Why don't you tell me the way you think it happened?,Pourquoi ne me dites-vous pas de quelle manière vous pensez que c'est arrivé ?
Why don't you tell me the way you think it happened?,Pourquoi ne me dis-tu pas de quelle manière tu penses que c'est arrivé ?
"With his new job, he's taken on more responsibility.",Il a pris davantage de responsabilités avec son nouvel emploi.
Yesterday I didn't do that because I had a headache.,"Hier, je n'ai pas fait ça car j'avais mal à la tête."
You and I both know that that isn't going to happen.,Vous et moi savons tous les deux que cela n'arrivera pas.
You can adjust this desk to the height of any child.,Vous pouvez ajuster ce bureau à la taille de n'importe quel enfant.
You can probably buy one of these cheaper elsewhere.,Tu peux sans doute en acheter un moins cher ailleurs.
You can't accomplish anything without taking a risk.,On ne saurait rien accomplir sans encourir de risque.
You can't be forced to testify against your husband.,On ne peut vous forcer à témoigner contre votre mari.
You can't just leave us here with no food and water.,Vous ne pouvez pas simplement nous laisser ici sans nourriture ni eau.
You can't just leave us here with no food and water.,Tu ne peux pas simplement nous laisser ici sans nourriture ni eau.
You can't rely on him these days to do a proper job.,"On ne peut pas compter sur lui pour faire un boulot convenable, ces temps-ci."
You could pass for a teenager if you wore a T-shirt.,Tu pourrais passer pour un adolescent si tu portais un T-shirt.
You don't have to be a genius to know who said that.,Tu n'as pas besoin d'être un génie pour savoir qui a dit ça.
You have no right to pass judgement on these people.,Vous n'avez aucun droit de porter un jugement sur ces gens.
You keep on making the same mistake time after time.,Tu continues à faire la même erreur à chaque fois.
You keep on making the same mistake time after time.,Vous continuez à faire la même erreur à chaque fois.
You know this isn't the way we should be doing this.,Tu sais que ce n'est pas la manière avec laquelle nous devrions faire ça.
You know this isn't the way we should be doing this.,Vous savez que ce n'est pas la manière avec laquelle nous devrions faire ça.
You may take this book as long as you keep it clean.,Tu pourras prendre ce livre tant que tu le gardes propre.
You must not think about your immediate profit only.,Tu ne dois pas penser qu'à ton profit immédiat.
You need to wear thick socks to keep your feet warm.,Tu dois porter des chaussettes épaisses pour garder les pieds au chaud.
You ought not to have said a thing like that to him.,Tu n'aurais pas dû lui dire une telle chose.
You ought not to have said a thing like that to him.,Vous n'auriez pas dû lui dire une telle chose.
You should acquaint yourself with the local customs.,Tu devrais te familiariser avec les coutumes locales.
You should have told him about it while he was here.,Vous auriez dû lui en parler tandis qu'il était là.
You should have told him about it while he was here.,Vous auriez dû lui en parler tant qu'il était là.
You should have told him about it while he was here.,Tu aurais dû lui en parler tandis qu'il était là.
You should not have lent the money to such a person.,Tu n'aurais pas dû prêter cet argent à une telle personne.
You still haven't told me what your phone number is.,Tu ne m'as toujours pas dit quel est ton numéro de téléphone.
You still haven't told me what your phone number is.,Vous ne m'avez toujours pas dit quel est votre numéro de téléphone.
You still haven't told me why you decided not to go.,Tu ne m'as toujours pas dit pourquoi tu as décidé de ne pas partir.
You'll have to take his place in case he can't come.,"Tu devras prendre sa place, au cas où il ne puisse venir."
You'll have to take his place in case he can't come.,"Vous devrez prendre sa place, au cas où il ne puisse venir."
You'll have to take his place in case he can't come.,"Il faudra que vous preniez sa place, au cas où il ne puisse venir."
You'll have to take his place in case he can't come.,"Il faudra que tu prennes sa place, au cas où il ne puisse venir."
You're asking me to do something I don't want to do.,Vous me demandez de faire quelque chose que je ne souhaite pas faire.
You're asking me to do something I don't want to do.,Tu me demandes de faire quelque chose que je ne veux pas faire.
You're going to turn a lot of heads with that dress.,Tu vas tourner bien des têtes avec cette robe.
You're going to turn a lot of heads with that dress.,Vous allez tourner bien des têtes avec cette robe.
"You've worked with Tom for a long time, haven't you?","Tu as travaillé avec Tom pendant longtemps, n'est-ce pas ?"
A book without preface is like a body without a soul.,"Un livre sans préface, c'est comme un corps sans âme."
A boy snatched my purse as he rode by on his bicycle.,Un garçon m'a dérobé mon sac en passant à vélo.
A dog's sense of smell is much keener than a human's.,Le sens de l'odorat d'un chien est plus fin que celui d'un humain.
A fund was set up to preserve endangered marine life.,Un fonds a été créé pour préserver la vie marine.
A good poker player can tell when someone's bluffing.,Un bon joueur de poker peut deviner quand quelqu'un bluffe.
A house without books is like a room without windows.,Une maison sans livres est comme une pièce sans fenêtres.
A husband and wife promise always to love each other.,Un mari et une femme promettent toujours de s'aimer l'un l'autre.
A husband and wife promise always to love each other.,Un époux et une épouse promettent toujours de s'aimer l'un l'autre.
A little reflection will show you that you are wrong.,"Si tu réfléchis un peu, tu comprendras que tu te trompes."
A lot of countries participated in the Olympic Games.,Beaucoup de pays ont participé aux Jeux Olympiques.
A lot of people think that lawyers get paid too much.,Beaucoup de gens pensent que les avocats sont trop payés.
A number of countries have strict laws against drugs.,De nombreux pays ont des lois strictes contre les drogues.
A polite manner is characteristic of Japanese people.,Les manières polies sont caractéristiques des Japonais.
A professional thief can jimmy a car door in no time.,Un voleur professionnel peut crocheter une portière de voiture en un rien de temps.
A putrid smell came up out of the hole in the ground.,Une odeur putride se dégageait du trou dans le sol.
A selfish man thinks of nothing but his own feelings.,Un homme égoïste ne pense à rien sauf à ses propres sentiments.
A small snowball is capable of starting an avalanche.,Une petite boule de neige peut déclencher une avalanche.
A stay of execution was ordered at the eleventh hour.,Une suspension de l'exécution fut ordonnée in extremis.
A stay of execution was ordered at the eleventh hour.,Un sursis de l'exécution a été ordonné à la dernière minute.
A trip to America this summer is out of the question.,"Un voyage en Amérique, cet été, est hors de question."
A university job would give you a lot more free time.,Un travail universitaire vous donnerait bien plus de temps libre.
A winter sport that many people enjoy is ice skating.,Un des sports d'hiver que beaucoup de personnes apprécient est le patinage sur glace.
"About this time tomorrow, we'll be climbing Mt. Fuji.","Demain à la même heure, nous serons en pleine ascension du Mont Fuji."
"According to the newspaper, it's going to rain today.","D'après le journal, il pleuvra aujourd'hui."
"After a while, corn flakes in milk will become soggy.","Après un moment, les pétales de maïs se ramollissent dans le lait."
"After dinner, bring your guitar along and we'll sing.","Après dîner, amène ta guitare et nous chanterons."
"After the war, he managed to escape to South America.","Après la guerre, il se débrouilla pour s'enfuir en Amérique du Sud."
"After the war, he managed to escape to South America.","Après la guerre, il s'est débrouillé pour s'enfuir en Amérique du Sud."
"Agriculture was developed more than 10,000 years ago.",L'agriculture fut élaborée il y a plus de dix mille ans.
Air pollution prevents some plants from growing well.,La pollution de l'air empêche certaines plantes de pousser normalement.
Alcohol affects you more quickly on an empty stomach.,L'alcool vous affecte plus rapidement sur un estomac vide.
All I want to do is close my eyes and get some sleep.,"Tout ce que je veux faire, c'est fermer les yeux et prendre du sommeil."
All humanity will suffer if a nuclear war breaks out.,Toute l'humanité souffrira si une guerre nucléaire éclate.
All my friends like the same kind of music that I do.,Tous mes amis aiment la même musique que moi.
All my friends like the same kind of music that I do.,Tous mes amis apprécient la même musique que moi.
All the flowers in the garden died for lack of water.,Toutes les fleurs du jardin sont mortes à cause du manque d'eau.
All three of my brothers are now somewhere in Boston.,Mes trois frères sont maintenant tous quelque part à Boston.
Almost a third of the gunshot victims were teenagers.,Presque un tiers des victimes de la fusillade étaient des adolescents.
Almost a third of the gunshot victims were teenagers.,Presque un tiers des victimes de la fusillade furent des adolescents.
"Although my car is very old, it still runs very well.","Bien que ma voiture soit très vieille, elle roule toujours très bien."
American kitchens are much bigger than Japanese ones.,Les cuisines américaines sont plus grandes que les cuisines japonaises.
An undercover operative infiltrated the organization.,Un agent secret infiltra l'organisation.
"Anticipating a cold winter, we bought a bigger stove.","Anticipant un hiver froid, nous avons acheté un poêle plus grand."
Anyone over eighteen years of age counts as an adult.,Toute personne de plus de dix-huit ans compte pour un adulte.
Are you going to ask Mary to go to the prom with you?,Est-ce que tu vas demander à Mary d'aller au bal de promo avec toi ?
Are you going to break up with me if I get fat again?,Vas-tu rompre avec moi si je redeviens gros ?
Are you saying that you don't want to see me anymore?,Es-tu en train de dire que tu ne veux plus me voir ?
Are you saying that you don't want to see me anymore?,Êtes-vous en train de dire que vous ne voulez plus me voir ?
Are you seriously thinking about buying that old car?,Penses-tu sérieusement à acheter cette vieille voiture ?
Are you seriously thinking about buying that old car?,Penses-tu sérieusement à acheter cette chignole ?
Are you seriously thinking about buying that old car?,Penses-tu sérieusement à acheter cette vieille guimbarde ?
Are you seriously thinking about buying that old car?,Pensez-vous sérieusement à acheter cette vieille voiture ?
Are you seriously thinking about buying that old car?,Pensez-vous sérieusement à faire l'acquisition de cette vieille voiture ?
Are you seriously thinking about selling this online?,Pensez-vous sérieusement à vendre cela en ligne ?
Are you seriously thinking about selling this online?,Pensez-vous sérieusement à vendre cela sur Internet ?
Are you seriously thinking about selling this online?,Penses-tu sérieusement à vendre cela en ligne ?
Are you seriously thinking about selling this online?,Penses-tu sérieusement à vendre cela sur Internet ?
Are you suggesting that it's beyond my comprehension?,Es-tu en train de suggérer que c'est au-delà de ma compréhension ?
Are you suggesting that it's beyond my comprehension?,Êtes-vous en train de suggérer que c'est au-delà de ma compréhension ?
"As soon as we find out anything, we will contact him.","Nous le contacterons, dès que nous trouverons quelque chose."
"As soon as you get the wall painted, you can go home.","Dès que tu as fini de peindre le mur, tu peux rentrer."
"At the sound of my voice, my dog pricked up his ears.","Au son de ma voix, mon chien dressait l'oreille."
Babies grow up inside the amniotic fluid in the womb.,"Les bébés grandissent au milieu du liquide amniotique, dans l'utérus."
"Because my mother is sick, my father will cook today.","Ma mère étant malade, mon père fera la cuisine aujourd'hui."
Beekeepers remove the honeycomb to collect the honey.,Les apiculteurs enlèvent les rayons de miel pour recueillir le miel.
"Before we go anywhere, we should exchange some money.","Avant d'aller quelque part, nous devrions changer un peu d'argent."
"Better to die on our feet, than to live on our knees.",Il vaut mieux mourir sur pieds que de vivre à genoux.
Buildings are much stronger now than they used to be.,Les immeubles sont beaucoup plus solides de nos jours qu'ils ne l'étaient auparavant.
Can you wake me up at seven o'clock tomorrow morning?,Peux-tu me réveiller à sept heures demain matin ?
Can you wake me up at seven o'clock tomorrow morning?,Pouvez-vous me réveiller à sept heures demain matin ?
Certain smells can easily trigger childhood memories.,Certaines odeurs peuvent facilement évoquer des souvenirs d'enfance.
Cheese and other dairy products do not agree with me.,Le fromage et les autres produits laitiers ne me réussissent pas.
Children like to pretend to be adults when they play.,Les enfants aiment jouer aux adultes.
Citizens are debating about health care at City Hall.,Les citoyens débattent sur les soins de santé à l'hôtel de ville.
Compare your sentence with the one on the blackboard.,Comparez votre phrase avec celle sur le tableau.
Compare your sentence with the one on the blackboard.,Comparez votre phrase avec celle du tableau.
Compare your sentence with the one on the blackboard.,Compare ta phrase avec celle sur le tableau.
Could you do me a favor? Will you lend me some money?,Pouvez-vous m'accorder une faveur ? Pouvez-vous me prêter de l'argent ?
Could you please tell me again where you put the key?,Pourrais-tu me répéter où tu as mis la clé ?
Could you please tell me again where you put the key?,Pourriez-vous me répéter où vous avez mis la clé ?
Could you please tell me again where you put the key?,Pourrais-tu me redire où tu as mis la clé ?
Could you please tell me again where you put the key?,Pourrais-tu me dire à nouveau où tu as mis la clé ?
Could you please tell me where the nearest church is?,Pourriez-vous me dire où se trouve l'église la plus proche ?
Cutting a cake into equal pieces is rather difficult.,Partager un gâteau en parts égales est assez délicat.
Did Tom talk to you about his plans for next weekend?,Est-ce que Tom t'a parlé de ses projets pour le week-end de la semaine prochaine ?
Did Tom talk to you about his plans for next weekend?,Est-ce que Tom t'a parlé de ce qui est prévu pour le week-end de la semaine prochaine ?
Did you get my email yesterday with the instructions?,As-tu reçu hier mon courriel avec les instructions ?
Did you get my email yesterday with the instructions?,Avez-vous reçu hier mon courriel avec les instructions ?
Did you really think it would be different this time?,Pensais-tu vraiment que ce serait différent cette fois ?
Did you really think it would be different this time?,Pensiez-vous vraiment que ce serait différent cette fois-ci ?
Do you eat spaghetti by twirling it around your fork?,Manges-tu les spaghettis en les enroulant autour de ta fourchette ?
Do you eat spaghetti by twirling it around your fork?,Mangez-vous les spaghettis en les enroulant autour de votre fourchette ?
Do you feel like going for a swim in the creek later?,"Avez-vous envie d'aller nager dans le ruisseau, plus tard ?"
Do you have a showroom for your products in the city?,Avez-vous une salle d'exposition pour vos produits en ville ?
Do you have any idea who would do this kind of thing?,Avez-vous la moindre idée de qui ferait une telle chose ?
Do you have any idea who would do this kind of thing?,Avez-vous la moindre idée de qui ferait une chose pareille ?
Do you have any idea who would do this kind of thing?,As-tu la moindre idée de qui ferait une telle chose ?
Do you have any idea who would do this kind of thing?,As-tu la moindre idée de qui ferait une chose pareille ?
Do you know why spring rolls are called spring rolls?,Savez-vous pourquoi les rouleaux de printemps sont ainsi nommés ?
Do you know why spring rolls are called spring rolls?,Sais-tu pourquoi les rouleaux de printemps sont ainsi nommés ?
Do you think that Tom would enjoy doing that with us?,Penses-tu que ça plairait à Tom de faire ça avec nous ?
Do you think we should just wait and hope it changes?,Pensez-vous que nous devrions attendre en espérant que cela change?
Do you think you could climb to the top of this tree?,Penses-tu que tu pourrais grimper jusqu'en haut de cet arbre ?
Do you think you could climb to the top of this tree?,Pensez-vous que vous pourriez grimper jusqu'en haut de cet arbre ?
Do you think you could teach me to play the bagpipes?,Penses-tu que tu puisses m'apprendre à jouer de la cornemuse ?
Don't act like you don't know what I'm talking about.,Ne fais pas comme si tu ne savais pas de quoi je parlais.
Don't act like you don't know what I'm talking about.,Ne faites pas comme si vous ne saviez pas de quoi je parlais.
Don't breathe a word of what I've told you to anyone.,Ne dis rien de ce que je t'ai raconté.
Don't breathe a word of what I've told you to anyone.,Cela reste entre nous.
Don't forget to bring your umbrella in case it rains.,N'oubliez pas de prendre votre parapluie au cas où il pleuvrait.
Don't interfere with him if you want him to like you.,Ne te mêle pas de ses affaires si tu veux qu'il t'aime.
Don't interfere with him if you want him to like you.,Ne vous mêlez pas de ses affaires si vous voulez qu'il vous aime.
Don't tell Tom about what we plan to do next weekend.,Ne parle pas à Tom de ce que nous prévoyons de faire le week-end prochain.
Drivers must look out for children crossing the road.,Les conducteurs doivent faire attention aux enfants qui traversent la route.
Each of them has to write a report about what he saw.,Chacun doit écrire un rapport sur ce qu'il a vu.
Education doesn't consist of learning a lot of facts.,L'éducation ne consiste pas à apprendre beaucoup de faits.
Eliminating the deficit will be a very difficult job.,Éliminer le déficit sera un travail difficile.
English is spoken in many countries around the world.,L'anglais est parlé dans de nombreux pays à travers le monde.
"Even though the weather was bad, I decided to go out.","Bien que le temps fût mauvais, je décidai de sortir."
"Even though the weather was bad, I decided to go out.","Bien que le temps fût mauvais, j'ai décidé de sortir."
"Every time he goes out, he drops in at the bookstore.","Chaque fois qu'il sort, il passe dans une librairie."
Everybody does stupid stuff like that in high school.,Tout le monde fait ce genre de connerie au lycée.
Everybody falls in love at least once in their lives.,Tout le monde tombe amoureux au moins une fois dans sa vie.
Finishing the job by Tuesday will be a piece of cake.,Finir le travail pour mardi sera du gâteau.
Flash photography is not permitted beyond this point.,"Passé cette limite, il n'est pas permis de prendre des photos avec un flash."
Fresh fruits and vegetables are good for your health.,Les fruits frais et les légumes sont bons pour la santé.
"From a literary point of view, his work is a failure.","D'un point de vue littéraire, son œuvre est ratée."
Giving advice to him is like talking to a brick wall.,"Lui donner des conseils, c'est comme parler à un mur."
Haiti is a nation that seems hopelessly impoverished.,Haïti est une nation qui parait désespérément appauvrie.
Happiness in marriage is entirely a matter of chance.,Le bonheur au sein du mariage est entièrement une affaire de chance.
Happiness in marriage is entirely a matter of chance.,Le bonheur conjugal est un pur hasard.
Have you ever walked through a graveyard at midnight?,As-tu déjà marché à travers un cimetière à minuit ?
"Having failed several times, he tried to do it again.","Après avoir échoué plusieurs fois, il essaya une nouvelle fois."
He began by saying that he would not speak very long.,Il a commencé par dire qu'il ne parlerait pas très longtemps.
He breathed deeply before entering his boss's office.,Il inspira profondément avant d'entrer dans le bureau de son patron.
He bribed that politician with a great deal of money.,Il a soudoyé cet homme politique avec une grosse somme d'argent.
He bribed that politician with a great deal of money.,Il a corrompu ce politicien avec un bon paquet d'argent.
He can mask his feeling if the occasion calls for it.,Il peut dissimuler ses sentiments si les circonstances le demandent.
He can't work properly until he's had his cup of joe.,Il ne peut travailler correctement que lorsqu'il a eu son kawa.
He cannot speak French without making a few mistakes.,Il ne peut pas parler le français sans faire quelques fautes.
He caught the first train and got there just in time.,Il a pris le premier train et est arrivé juste à temps.
He complains about one thing or another all the time.,Il est toujours à se plaindre d'une chose ou d'une autre.
He completely failed to understand why she got angry.,Il n'a rien compris aux raisons de sa colère.
He contends that primitive life once existed on Mars.,Il affirme qu'une vie primitive a existé sur Mars.
He demanded that I should pay the money back at once.,Il demanda que je le rembourse tout de suite.
He demanded that I should pay the money back at once.,Il exigea que je rembourse immédiatement l'argent.
"He didn't only teach at school, he also wrote novels.","Il ne faisait pas qu'enseigner à l'école, Il écrivait aussi des romans."
He does nothing but complain from morning till night.,Il ne fait que se plaindre du matin au soir.
He dreaded having to spend Christmas in the hospital.,Il avait peur de devoir passer Noël à l'hôpital.
He fleeced three old ladies of their meager pensions.,Il pluma trois vieilles dames de leurs maigres retraites.
He found it very hard to keep the conversation going.,Il trouva très difficile d'entretenir la conversation.
He had a kind word and a pleasant smile for everyone.,Il eut un mot gentil et un sourire agréable à l'intention de chacun.
He had a kind word and a pleasant smile for everyone.,Il a eu un mot gentil et un sourire agréable à l'intention de chacun.
He hid his emotions and pretended to be enthusiastic.,Il a caché ses émotions et a prétendu être enthousiaste.
"He is a nice person, to be sure, but not very clever.","C'est un chic type, assurément, mais pas très malin."
He is so full of conceit that everybody dislikes him.,Il est tellement vaniteux que tout le monde le déteste.
He is the last person I would want to go skiing with.,Il est la dernière personne avec qui je voudrais aller skier.
He isn't the kind of person who we want to work with.,Il n'est pas le genre de personne avec qui on aimerait travailler.
"He lived in France for some time, then went to Italy.","Il vécut en France quelque temps, puis alla en Italie."
He made many grammatical mistakes in his composition.,Il a fait beaucoup de fautes de grammaire dans sa dissertation.
He narrowly escaped from the bus when it caught fire.,Il s'est échappé de justesse du bus lorsque celui-ci a pris feu.
He said that he had been in California for ten years.,Il a dit qu'il était resté en Californie pendant dix ans.
He spent another sleepless night watching television.,Il a encore passé une nuit blanche devant la télévision.
He suggested that the meeting be put off till Monday.,Il a suggéré le report de la réunion à lundi.
He tried to be brave while he was being held hostage.,Il essaya d'être courageux tandis qu'il était pris en otage.
He warned the children against playing in the street.,Il a averti l'enfant de ne pas jouer dans la rue.
He was always pulling my leg when we worked together.,"Lorsque nous travaillions ensemble, il ne cessait de me charrier."
He was kind enough to show me the way to the station.,Il fut assez aimable de me montrer le chemin jusqu'à la station.
He wears expensive clothes and owns a lot of jewelry.,Il porte des vêtements coûteux et possède beaucoup de bijoux.
He went to Austria for the purpose of studying music.,Il est allé en Autriche afin d'étudier la musique.
He wore a pullover sweater to keep from getting cold.,Il a porté un pullover pour ne pas avoir froid.
He's not such a great writer and I think he knows it.,Il n'est pas un très bon écrivain et je pense qu'il le sait.
Her explanation concerning that matter matches yours.,Son explication de cette affaire concorde avec la vôtre.
Her father never let her go to town with her friends.,Son père ne la laissait jamais aller en ville avec ses amis.
Her husband eats everything she puts in front of him.,Son mari mange tout ce qu'elle lui met devant le nez.
His brother had been a truck driver for thirty years.,Son frère avait été chauffeur routier durant trente ans.
His health has been getting worse since the accident.,Sa santé s'est détériorée depuis l'accident.
His long absences were starting to provoke suspicion.,Ses absences prolongées commencèrent à éveiller la suspicion.
His obscene remarks will be expunged from the record.,Ses remarques obscènes seront expurgées de l'enregistrement.
His only wish was to see his son again one more time.,Son seul désir était de revoir son fils une fois de plus.
His son-in-law completely recovered from his illness.,Son gendre est complètement rétabli.
His warm way with people had made him hugely popular.,Son contact chaleureux avec les gens l'a rendu extrêmement populaire.
How about ice cream with chocolate sauce for dessert?,Que diriez-vous d'une crème glacée avec une sauce au chocolat pour le dessert?
How did the railway accident at Tokyo Station happen?,Comment l'accident de chemin de fer à la gare de Tokyo est-il arrivé ?
How did the railway accident at Tokyo Station happen?,Comment l'accident de chemin de fer à la gare de Tokyo est-il survenu ?
How did the railway accident at Tokyo Station happen?,Comment a eu lieu l'accident de chemin de fer à la gare de Tokyo ?
How do I know that you're not going to do that again?,Comment sais-je que tu ne vas pas à nouveau le faire ?
How do you know that light travels faster than sound?,Comment sais-tu que la lumière est plus rapide que le son ?
How much money do you have in your pockets right now?,Combien d'argent as-tu dans tes poches à l'instant ?
How much money has been spent on building the museum?,Combien d'argent a-t-on dépensé pour construire le musée ?
How old were you when you learned to write your name?,Quel âge aviez-vous lorsque vous avez appris à écrire votre nom ?
How old were you when you learned to write your name?,Quel âge avais-tu lorsque tu as appris à écrire ton nom ?
Hundreds of unemployed men sleep there day and night.,Des centaines d'hommes sans emploi dorment là jour et nuit.
I always drink a glass of milk before going to sleep.,Je bois toujours un verre de lait avant d'aller me coucher.
I always drink a glass of milk before going to sleep.,Je bois toujours un verre de lait avant d'aller dormir.
I always have a good supply of tissues in my pockets.,J'ai toujours une bonne réserve de mouchoirs dans mes poches.
I always have difficulty in making myself understood.,Je peine toujours à me faire comprendre.
I always make it a point to paint things as they are.,Je me suis toujours efforcé de peindre les choses telles qu'elles sont.
I always thought this would be the right thing to do.,J'ai toujours pensé que c'était la bonne chose à faire.
I am given a monthly allowance of fifty thousand yen.,Je reçois une allocation mensuelle de cinquante mille yens.
I am not quite sure if we can meet your requirements.,Je ne suis pas sûr que nous satisfassions à vos exigences.
I ate about half of it and left the rest on my plate.,J'en ai mangé environ la moitié et laissé le reste dans mon assiette.
I beg your pardon. I didn't think this was your seat.,Je vous demande pardon. Je ne pense pas que cela soit votre siège.
I began to be afraid you would never come back again.,Je commençais à craindre que vous ne reviendriez jamais.
I bet you think I'm just writing that to impress you.,Je parie que tu crois que j'écris ça seulement pour t'impressionner.
I built a house within a stone's throw of the forest.,J'ai construit une maison à un jet de pierre de la forêt.
I built a house within a stone's throw of the forest.,J'ai érigé une maison à un jet de pierre de la forêt.
I can't believe I'm stuck here in this room with you.,"Je n'arrive pas à croire que je sois coincé ici, dans cette pièce, avec toi."
I can't believe I'm stuck here in this room with you.,"Je n'arrive pas à croire que je sois coincée ici, dans cette pièce, avec toi."
I can't believe I'm stuck here in this room with you.,"Je n'arrive pas à croire que je sois coincé ici, dans cette pièce, avec vous."
I can't believe I'm stuck here in this room with you.,"Je n'arrive pas à croire que je sois coincée ici, dans cette pièce, avec vous."
I can't believe you actually did something like that.,Je n'arrive pas à croire que vous ayez vraiment fait une telle chose.
I can't believe you actually did something like that.,Je n'arrive pas à croire que tu aies vraiment fait une telle chose.
I can't concentrate with all this commotion going on.,Je ne parviens pas à me concentrer avec tout ce tumulte.
I can't figure out how to register a new domain name.,Je n'arrive pas à comprendre comment enregistrer un nouveau nom de domaine.
I canceled my appointment because of urgent business.,J'ai annulé mon rendez-vous à cause d'une affaire urgente.
I cannot help loving her in spite of her many faults.,Je ne peux m'empêcher de l'aimer en dépit de ses nombreux défauts.
"I carried one bag, but the other one was left behind.","J'ai porté une valise, mais l'autre a été laissée sur place."
I did everything in my power to protect her from you.,J'ai fait tout ce qui était en mon pouvoir pour la protéger de vous.
I did everything in my power to protect her from you.,J'ai fait tout ce qui était en mon pouvoir pour la protéger de toi.
I didn't know that soccer was such a dangerous sport.,Je ne savais pas que le football était un sport si dangereux.
I didn't know that soccer was such a dangerous sport.,J'ignorais que le football était un sport si dangereux.
I didn't know that we wouldn't be allowed to do that.,J'ignorais que nous ne serions pas autorisés à le faire.
"I didn't win, but at least I got a consolation prize.","Je n'ai pas gagné, mais au moins ai-je obtenu un lot de consolation."
I don't care what people think about the way I dress.,Je me fiche de ce que les gens pensent de ma façon de m'habiller.
I don't care why Tom did it. I'm just glad he did it.,Ça m'est égal de savoir pourquoi Tom l'a fait. Mais je suis bien content qu'il l'ait fait.
"I don't have a lot of money, but I get along somehow.","Je n'ai pas beaucoup d'argent mais je me débrouille, d'une manière ou d'une autre."
"I don't know about you, but I feel pretty good today.","Je ne sais pas pour toi, mais je me sens assez bien aujourd'hui."
"I don't know about you, but I feel pretty good today.","Je ne sais pas ce qu'il en va pour vous, mais je me sens assez bien aujourd'hui."
"I don't know what it is, but it's something very big.","Je ne sais pas de quoi il s'agit, mais c'est quelque chose de très gros."
"I don't know what it is, but it's something very big.","Je ne sais pas ce que c'est, mais c'est quelque chose de très grand."
I don't know whether he's younger or older than I am.,Je ne sais pas s'il est plus jeune ou plus âgé que moi.
"I don't know who I'll miss more, you or your brother.","Je ne sais qui, de toi ou de ton frère, me manquera le plus."
"I don't know who I'll miss more, you or your brother.","Je ne sais qui, de vous ou de votre frère, me manquera le plus."
I don't see why everyone thinks this book is so good.,Je ne vois pas pourquoi tout le monde pense que ce livre est si bien.
I don't think I'd mind eating Chinese food every day.,Je ne pense pas que ça me dérangerait de manger chinois tous les jours.
I don't think this sentence is grammatically correct.,Je ne pense pas que cette phrase soit grammaticalement correct.
I don't understand why pepperoni pizza is so popular.,Je ne comprends pas pourquoi les pizzas pepperoni sont si populaires.
I don't want to bother you guys while you're working.,"Je ne veux pas vous déranger, les mecs, pendant que vous travaillez."
I don't want to share the hotel room with a stranger.,Je ne veux pas partager la chambre d'hôtel avec un inconnu.
I don't want to think about what could have happened.,Je ne veux pas penser à ce qui aurait pu arriver.
I don't want to think about what could have happened.,Je me refuse à penser à ce qui aurait pu arriver.
"I estimate that the work will cost more than $10,000.",J‘estime que le travail coûtera plus de 10 000 $.
I expect a subway station will be here in the future.,J'espère qu'il y aura ici une station de métro dans l'avenir.
I fell in love with a girl I met in Boston last year.,Je suis tombé amoureux d'une fille que j'ai rencontré à Boston l'année dernière.
I finally understand what you were trying to tell me.,J'ai finalement compris ce que tu essayais de me dire.
I forgot to shutter the windows before the storm hit.,J'oubliai de fermer les volets avant que la tempête ne frappe.
I found my father's diary which he kept for 30 years.,J'ai trouvé le journal que mon père a tenu pendant 30 ans.
I go to the beach almost every weekend in the summer.,"En été, je vais à la plage presque tous les week-ends."
I got a stomach tumor and had to have it operated on.,J'ai eu une tumeur de l'estomac et j'ai dû la faire opérer.
"I got this as a wedding gift, but I've never used it.",Je l'ai reçu en cadeau de mariage mais ne l'ai jamais utilisé.
"I got this as a wedding gift, but I've never used it.",Je l'ai reçue en cadeau de mariage mais ne l'ai jamais utilisée.
"I got this as a wedding gift, but I've never used it.",J'ai reçu ceci en cadeau de mariage mais ne l'ai jamais utilisé.
I got up earlier than usual to catch the first train.,Je me suis levé plus tôt que d'habitude afin d'attraper le premier train.
I got up earlier than usual to catch the first train.,Je me suis levée plus tôt que d'habitude afin d'attraper le premier train.
I guess I don't understand what you're trying to say.,Je suppose que je ne comprends pas ce que vous essayez de dire.
I guess I don't understand what you're trying to say.,Je suppose que je ne comprends pas ce que vous tentez de dire.
I guess I don't understand what you're trying to say.,Je suppose que je ne comprends pas ce que tu essaies de dire.
I guess I don't understand what you're trying to say.,Je suppose que je ne comprends pas ce que tu tentes de dire.
I had hardly left home when it began to rain heavily.,J'avais à peine quitté la maison lorsqu'il se mit à fortement pleuvoir.
I had lunch with Tom at a restaurant near the office.,J'ai déjeuné avec Tom dans un restaurant près du bureau.
I had no idea that you were having problems with Tom.,J'étais loin d'imaginer que tu avais des problèmes avec Tom.
I had no idea that you were having problems with Tom.,J'étais loin d'imaginer que vous aviez des problèmes avec Tom.
I had planned to leave for New York the next morning.,J'avais prévu de partir pour New-York le lendemain matin.
I have just arrived. I haven't even unpacked my bags.,Je viens d'arriver. Je n'ai pas même encore débouclé mes valises.
I have no idea how many people will be at the picnic.,Je n'ai aucune idée du nombre de personnes qui viendront au pique-nique.
I have no interest whatsoever in eating English food.,Je n'ai pas la moindre envie de manger anglais.
I hope something good happens before the day is over.,J'espère que quelque chose de bien va se produire avant que la journée soit finie.
I just had something incredibly strange happen to me.,Il vient de m'arriver quelque chose d'incroyablement étrange.
I just want some souvenirs to remember this place by.,Je veux juste quelques souvenirs afin de me rappeler cet endroit.
I know that Japanese songs are very difficult for us.,Je sais que les chansons japonaises sont difficiles à chanter pour nous.
I know that Japanese songs are very difficult for us.,Je sais qu'on a du mal à chanter des chansons japonaises.
I know that the last thing you want to do is help me.,Je sais que la dernière chose que vous veuillez faire est de m'aider.
I know that the last thing you want to do is help me.,Je sais que la dernière chose que vous vouliez faire est de m'aider.
I know that the last thing you want to do is help me.,Je sais que la dernière chose que tu veuilles faire est de m'aider.
I know that the last thing you want to do is hurt me.,Je sais que la dernière chose que tu veuilles faire est de me blesser.
I know that the last thing you want to do is hurt me.,Je sais que la dernière chose que vous veuillez faire est de me blesser.
I know that the last thing you want to do is hurt me.,Je sais que la dernière chose que vous vouliez faire est de me blesser.
I leaned forward so I could catch every word he said.,Je me suis penché en avant pour ne pas perdre une miette de ce qu'il disait.
"I live in a town, but my parents live in the country.","J'habite en ville, mais mes parents habitent à la campagne."
I looked at my watch and noted that it was past five.,J'ai regardé ma montre et ai constaté qu'il était cinq heures passées.
I love the fact that you always seem to care so much.,J'adore le fait que tu sembles toujours prêter tellement d'attention.
I love to spend time trying to put together a puzzle.,J'adore passer du temps à essayer d'assembler les pièces d'un puzzle.
I make it a rule never to ask a woman how old she is.,"Par principe, je ne demande jamais son âge à une femme."
I make it a rule never to ask a woman how old she is.,Je me fais une règle de ne jamais demander à une femme quel âge elle a.
I must calculate how much money I'll spend next week.,Je dois calculer combien d'argent je vais dépenser la semaine prochaine.
I never realized how awful living all alone could be.,Je n'ai jamais pris conscience de combien vivre seul pouvait être épouvantable.
I never realized you were interested in Japanese art.,Je n’avais jamais réalisé que tu t’intéressais aux arts japonais.
I noticed him sitting with his back against the wall.,"Je l'ai remarqué, assis dos au mur."
I noticed him sitting with his back against the wall.,"Je l'ai remarqué, assis le dos au mur."
I now know more about Tom than I really want to know.,"A présent, j'en sais plus sur Tom que ce que j'aurais réellement voulu savoir."
I often spend my leisure time listening to the radio.,J'écoute souvent la radio pendant mes loisirs.
I prefer walking to driving in a big city like Tokyo.,Je préfère marcher plutôt que de conduire dans une grande ville comme Tokyo.
I ran into an old friend of mine outside the station.,Je suis tombé sur un vieil ami à moi devant la gare.
I read the newspaper every day when I was in college.,Je lisais le journal tous les jours quand j'étais à l'université.
I saw something very bright fly across the night sky.,J'ai vu quelque chose de très brillant voler dans le ciel nocturne.
I scribbled down his address in the back of my diary.,J'ai gribouillé son adresse au dos de mon journal.
I should've known it was going to be a waste of time.,J'aurais dû savoir que ça allait être une perte de temps.
I shouldn't have eaten the whole bag of potato chips.,Je n'aurais pas dû manger le sac complet de chips.
I shouldn't have to tell you to keep your room clean.,Je ne devrais pas avoir à te dire de tenir ta chambre propre.
I shouldn't have walked home late at night by myself.,"Je n'aurais pas dû rentrer tard à la maison, à pied, de nuit, tout seul."
I shouldn't have walked home late at night by myself.,"Je n'aurais pas dû rentrer tard à la maison, à pied, de nuit, toute seul."
I speak French to my father and English to my mother.,Je parle en français à mon père et en anglais à ma mère.
I spent a week in Berlin living with a German family.,J'ai passé une semaine à Berlin à vivre avec une famille allemande.
I spent hours looking for the key that I had dropped.,J'ai passé des heures à chercher la clé que j'avais laissée tomber.
I still can't believe Mary and I are getting married.,Je n'arrive toujours pas à croire que Mary et moi allons nous marier.
I still think we should've invited Tom to go with us.,Je pense toujours que nous aurions dû inviter Tom à venir avec nous.
I suppose I'll have to be more careful in the future.,Je suppose qu'il me faudra être plus prudent à l'avenir.
I suppose I'll have to be more careful in the future.,Je suppose qu'il me faudra être plus prudente à l'avenir.
I talked to Tom this morning just before the meeting.,J'ai parlé à Tom ce matin juste avant la réunion.
I think I should probably go home and get some sleep.,Je pense que je devrais probablement rentrer chez moi et dormir un peu.
I think Tom came here to tell us something important.,Je pense que Tom est venu nous dire quelque chose d'important.
I think it's impossible for him to solve the problem.,Je pense qu'il lui est impossible de résoudre ce problème.
I think it's time for me to consider going on a diet.,Je pense qu'il est temps que je réfléchisse à me mettre au régime.
I think it's time for me to move into a smaller home.,Je pense qu'il est temps pour moi de déménager pour un logement plus petit.
I think it's time for me to put new bait on the hook.,Je pense qu'il est temps que je mette un nouvel appât à l'hameçon.
I think it's time for me to split some more firewood.,Je pense qu'il est temps que je fende un peu plus de bois pour le feu.
I think it's time for me to walk away from this mess.,Je pense qu'il est temps que je m'éloigne de ce merdier.
I think it's time for me to walk away from this mess.,Je pense qu'il est temps que je m'éloigne de cette pagaille.
I think there's only a slim chance of that happening.,Je pense qu'il n'y a que peu de chances que cela arrive.
I think this piano hasn't been tuned for a few years.,Je pense que ce piano n'a pas été accordé depuis des années.
I think watching people playing chess isn't much fun.,Je pense que regarder des gens jouer aux échecs n'a rien d'amusant.
I think you're going to enjoy spending time with Tom.,Je pense que tu vas adorer passer du temps avec Tom.
I think you're going to enjoy spending time with Tom.,Je pense que vous allez apprécier passer du temps avec Tom.
I thought about giving my saxophone to Tom as a gift.,J’ai pensé offrir en cadeau mon saxophone à Tom.
I told her to sit down and to drink a glass of water.,Je lui dis de s'asseoir et de boire un verre d'eau.
I told her to sit down and to drink a glass of water.,Je lui ai dit de s'asseoir et de boire un verre d'eau.
"I told him, once for all, that I would not marry him.","Je lui ai dit, une fois pour toutes, que je ne me marierai pas avec lui."
I took advantage of a sale and bought three sweaters.,J'ai profité d'une promo et acheté trois pulls.
I understand I can get a bus to Disneyland from here.,Je pense pouvoir prendre un bus pour Disneyland d'ici.
I visited the town for the first time in a long time.,J'ai visité la ville pour la première fois depuis longtemps.
I want this photograph developed as soon as possible.,Je veux que cette photo soit développée aussi vite que possible.
"I want to get a good seat, so I plan to arrive early.","Je veux disposer d'une bonne place assise, alors je prévois d'arriver tôt."
I want to stop this rumor before it goes any further.,Je veux mettre fin à cette rumeur avant qu'elle ne se propage plus.
I want you to tell me everything you know about that.,Je veux que vous me disiez tout ce que vous savez à ce sujet.
I want you to tell me everything you know about that.,Je veux que vous me disiez tout ce que vous savez à ce propos.
I want you to tell me everything you know about that.,Je veux que tu me dises tout ce que tu sais à ce sujet.
I want you to tell me everything you know about that.,Je veux que tu me dises tout ce que tu sais à ce propos.
I want you to tell me everything you know about that.,Je veux que vous me disiez tout ce que vous en savez.
I want you to tell me everything you know about that.,Je veux que tu me dises tout ce que tu en sais.
I want you to understand this isn't going to be easy.,Je veux que tu comprennes que ça ne va pas être facile.
I want you to understand this isn't going to be easy.,Je veux que vous compreniez que ça ne va pas être facile.
I want you to understand this isn't going to be easy.,Je veux que tu comprennes que ça ne va pas être aisé.
I want you to understand this isn't going to be easy.,Je veux que vous compreniez que ça ne va pas être aisé.
I wanted to go outside and get a breath of fresh air.,Je voulais aller dehors et prendre un bol d'air frais.
I wanted to have a word with you about what happened.,Je voulais te toucher un mot de ce qui s'est passé.
I wanted to have a word with you about what happened.,Je voulais vous toucher un mot de ce qui s'est passé.
I wanted to have a word with you about what happened.,Je voulais te toucher un mot de ce qui a eu lieu.
I wanted to have a word with you about what happened.,Je voulais vous toucher un mot de ce qui a eu lieu.
I was born in Tokyo on the eighth of January in 1950.,Je suis né à Tokyo le huit janvier 1950.
I was in such a hurry that I forgot to lock the door.,J'étais tellement pressé que j'ai oublié de fermer la porte à clef.
I was in such a hurry that I forgot to lock the door.,J'étais si pressé que j'ai oublié de fermer la porte à clé.
I was surprised to see so many people at the concert.,J'étais surprise de voir autant de gens au concert.
I was wondering if I could take a vacation next week.,"Je me demandais si je pouvais prendre un congé, la semaine prochaine."
I wish I had studied English harder when I was young.,Si seulement j'avais étudié plus dur l'anglais quand j'étais jeune.
I wish I had the will power to stop eating junk food.,J'aimerais disposer de la volonté d'arrêter de manger de la malbouffe.
I wish I knew what happened to all our family photos.,J'aimerais savoir ce qui est arrivé à toutes nos photos de famille.
I won't divorce you unless you give me a good reason.,Je ne divorcerai pas de toi à moins que tu ne me donnes une raison valable.
I won't have enough time for everything I want to do.,Je n'aurai pas suffisamment de temps pour tout ce que je veux faire.
I won't have enough time for everything I want to do.,Je n'aurai pas assez de temps pour tout ce que je veux faire.
I won't have enough time for everything I want to do.,Je ne disposerai pas d'assez de temps pour tout ce que je veux faire.
I wonder if Prince William lets anyone call him Bill.,Je me demande si le Prince Guillaume laisse quiconque l'appeler Bill.
I wonder if he will stand by me when I am in trouble.,Je me demande s'il me soutiendra quand j'aurais des problèmes.
I wonder if she'll accept a belated birthday present.,Je me demande si elle acceptera un cadeau d'anniversaire en retard.
I wonder if there's a market for something like that.,Je me demande s'il y a un marché pour quelque chose de ce genre.
I wonder where to hang this picture that Tom gave me.,Je me demande où accrocher cette photo que m'a donnée Tom.
I worked in a post office during the summer vacation.,J'ai travaillé dans un service postal durant les congés d'été.
I would like it if we could spend more time together.,J'aimerais que nous puissions passer davantage de temps ensemble.
I would never consider building a house in this area.,Jamais je n'envisagerais de construire une maison dans ce coin.
I would rather go to the mountains than to the beach.,Je préfèrerais aller à la montagne plutôt qu'à la plage.
I would think you have other things to keep you busy.,J'imagine que d'autres choses t'occupent.
I would think you have other things to keep you busy.,J'imagine que d'autres choses vous occupent.
I would think you have other things to keep you busy.,J'imagine que d'autres choses te tiennent occupé.
I would think you have other things to keep you busy.,J'imagine que d'autres choses te tiennent occupée.
I would think you have other things to keep you busy.,J'imagine que d'autres choses vous tiennent occupé.
I would think you have other things to keep you busy.,J'imagine que d'autres choses vous tiennent occupés.
I would think you have other things to keep you busy.,J'imagine que d'autres choses vous tiennent occupée.
I would think you have other things to keep you busy.,J'imagine que d'autres choses vous tiennent occupées.
I'd like a copy of that document as soon as possible.,"J'aimerais disposer d'une copie de ce document, dès que possible."
I'd like to book a table for four for tomorrow night.,Je souhaiterais réserver une table pour quatre pour demain soir.
I'd like to talk to you when you have some free time.,"J'aimerais m'entretenir avec toi, lorsque tu auras du temps disponible."
I'd like to talk to you when you have some free time.,"J'aimerais te parler, lorsque tu auras du temps disponible."
I'd like to talk to you when you have some free time.,"J'aimerais te causer, lorsque tu auras du temps disponible."
I'd like to talk to you when you have some free time.,"J'aimerais discuter avec toi, lorsque tu auras du temps disponible."
I'd like to talk to you when you have some free time.,"J'aimerais m'entretenir avec vous, lorsque vous aurez du temps disponible."
I'd like to talk to you when you have some free time.,"J'aimerais discuter avec vous, lorsque vous aurez du temps disponible."
I'd like to talk to you when you have some free time.,"J'aimerais vous parler, lorsque vous aurez du temps disponible."
I'd like to talk to you when you have some free time.,"J'aimerais vous causer, lorsque vous aurez du temps disponible."
I'd like to try this on. Where are the fitting rooms?,Je voudrais essayer ça. Où sont les cabines d'essayage?
I'll arrange for someone to pick you up at your home.,Je m'arrangerai pour que quelqu'un vienne te chercher chez toi.
I'll arrange for someone to pick you up at your home.,Je m'arrangerai pour que quelqu'un vienne vous chercher chez vous.
I'm going to make you an offer that you can't refuse.,Je vais vous faire une proposition que vous ne pouvez pas refuser.
I'm going to make you an offer that you can't refuse.,Je vais te faire une proposition que tu ne peux pas refuser.
I'm looking forward to seeing you in a wedding dress.,Je suis impatient de te voir en robe de mariée.
I'm looking forward to seeing you in a wedding dress.,Je suis impatient de vous voir en robe de mariée.
I'm not buying you another drink until you say sorry.,"Tant que tu ne te seras pas excusé, je ne te paierai pas un autre verre."
I'm not flexible enough to sit in the lotus position.,Je ne suis pas assez souple pour m'asseoir dans la position du lotus.
I'm not good at eating Japanese food with chopsticks.,Je ne suis pas doué pour manger de la nourriture japonaise avec des baguettes.
I'm not sure if I'm going to be able to sing tonight.,Je ne suis pas certain que je vais pouvoir chanter ce soir.
"I'm only going to say this once, so listen carefully.","Je ne vais dire ceci qu'une seule fois, alors écoutez avec attention !"
"I'm only going to say this once, so listen carefully.","Je ne vais dire ceci qu'une seule fois, alors écoute avec attention !"
"I'm really bad with names, but I never forget a face.","Je suis vraiment nul avec les noms, mais je n'oublie jamais un visage."
I'm starting to think we'll never be able to do this.,Je commence à penser que nous ne serons jamais capables de faire ceci.
I'm sure Tom is going to be hungry when he gets home.,Je suis sûr que Tom aura faim quand il rentrera à la maison.
I'm sure the police will catch the robber eventually.,Je suis sûr que la police finira par attraper le voleur.
I'm surprised I don't have to do what you have to do.,Je suis surpris de ne pas avoir à faire ce que vous vous avez.
I've already sent an email to the support department.,J'ai déjà envoyé un courriel au service d'assistance.
I've always wanted to go to Australia with my family.,Je veux aller en Australie avec ma famille.
I've been given permission to inspect this equipment.,On m'a autorisé à inspecter cet équipement.
I've been looking for someone to babysit my children.,Je suis à la recherche de quelqu'un pour garder mes enfants.
I've been trying to get in touch with you for months.,Ça fait des mois que j'essaie d'entrer en contact avec vous.
I've been trying to get in touch with you for months.,Ça fait des mois que j'essaie d'entrer en contact avec toi.
I've decided to quit my job at the end of this month.,J'ai décidé de quitter mon emploi à la fin de ce mois.
I've got a feeling that something is about to happen.,J'ai le pressentiment que quelque chose est sur le point de se produire.
I've waited two whole hours. I can't wait any longer.,J'ai attendu deux heures entières. Je ne peux plus attendre davantage.
"If I had had more money, I would have bought the pen.","Si j'avais eu plus d'argent, j'aurais acheté le stylo."
"If I had wings to fly, I would have gone to save her.","Si je disposais d'ailes pour voler, je serais allé la sauver."
"If I knew her name and address, I could write to her.","Si je savais son nom et son adresse, je pourrais lui écrire."
"If he had gotten her advice, he would have succeeded.","S'il avait reçu ses conseils, il aurait réussi."
"If it had not been for his help, I would have failed.","S'il ne m'avait pas aidé, j'aurais échoué."
"If it had not been for his help, I would have failed.","S'il ne m'avait pas aidée, j'aurais échoué."
"If it rains tomorrow, the excursion will be canceled.","S'il pleut demain, l'excursion sera annulée."
"If it were not for the sun, we could not live at all.",Si ce n'était pas pour le soleil nous ne pourrions pas vivre du tout.
"If it were not for water, no one could live on earth.","Sans eau, personne ne pourrait vivre sur terre."
"If possible, I'd like to know the name of the author.","Si c'est possible, j'aimerais connaître le nom de l'auteur."
"If that guitar were not so expensive, I could buy it.","Si cette guitare n'était pas si chère, je pourrais l'acheter."
"If the shop is closed today, I'll try again tomorrow.","Si le magasin est fermé aujourd'hui, j'essaierai à nouveau demain."
"If there's anything you want to do, you should do it.","S'il y a quoi que ce soit que tu veuilles faire, tu devrais le faire."
"If there's anything you want to do, you should do it.","S'il y a quoi que ce soit que vous veuillez faire, vous devriez le faire."
"If there's anything you want to do, you should do it.","S'il y a quoi que ce soit que vous vouliez faire, vous devriez le faire."
"If walls could talk, what stories would they tell us?","Si les murs pouvaient parler, quelles histoires nous conteraient-ils ?"
"If you act like a child, you will be treated as such.","Si tu agis comme un enfant, tu seras traité comme tel."
"If you act like a child, you will be treated as such.","Si vous vous comportez comme une enfant, vous serez traité comme telle."
"If you don't want this, I'll give it to someone else.","Si tu n'en veux pas, je le donnerai à quelqu'un d'autre."
"If you don't want this, I'll give it to someone else.","Si tu ne veux pas de ceci, je le donnerai à quelqu'un d'autre."
"If you don't want this, I'll give it to someone else.","Si tu n'en veux pas, je la donnerai à quelqu'un d'autre."
"If you don't want this, I'll give it to someone else.","Si vous n'en voulez pas, je le donnerai à quelqu'un d'autre."
"If you don't want this, I'll give it to someone else.","Si vous n'en voulez pas, je la donnerai à quelqu'un d'autre."
"If you don't want this, I'll give it to someone else.","Si vous ne voulez pas de ceci, je le donnerai à quelqu'un d'autre."
"If you ever feel like doing that, go ahead and do it.","Si jamais tu as envie de faire ça, vas-y et fais-le."
"If you ever feel like doing that, go ahead and do it.","Si jamais ça te le dit, lâche ton lousse."
"If you have a question, please raise your right hand.","Si vous avez une question, veuillez lever la main droite."
"If you have a question, please raise your right hand.","Si tu as une question, lève la main droite, je te prie."
"If you need my advice, I'd be glad to give it to you.","Si vous aviez besoin de mes conseils, je serais ravi de vous les apporter."
"If you need my advice, I'd be glad to give it to you.","Si tu avais besoin de mes conseils, je serais ravi de te les apporter."
"If you pass this test, you could graduate next month.","Si tu réussis cet examen, tu pourrais avoir ton diplôme le mois prochain."
"If you pass this test, you could graduate next month.","Si vous réussissez cet examen, vous pourriez terminer vos études le mois prochain."
"If you're wrong, admit it. If you're right, be quiet.","Si tu as tort, admets-le. Si tu as raison, sois calme."
"If you're wrong, admit it. If you're right, be quiet.","Si vous avez tort, admettez-le. Si vous avez raison, soyez calme."
"If you've got a problem, I'd like to know what it is.","Si tu as un problème, j'aimerais savoir ce que c'est."
"If you've got a problem, I'd like to know what it is.","Si vous avez un problème, j'aimerais savoir ce dont il s'agit."
"In America, cars drive on the right side of the road.","En Amérique, les voitures roulent à droite."
"In America, cars drive on the right side of the road.","Aux États-Unis, les voitures circulent sur le côté droit de la route."
"In a crisis, you must get in touch with your teacher.","En cas de crise, vous devez prendre contact avec votre enseignant."
"In my city, the temperature is one degree above zero.","Dans ma ville, la température est un degré au-dessus de zéro."
"In terms of the pay you will get, is this a good job?","En termes de rémunération, est-ce un bon poste ?"
"In those days, I used to get up at six every morning.","En ces temps, j'avais pour habitude de me lever à 6 heures du matin."
Information will be provided on a need-to-know basis.,L'information sera délivrée en fonction de la nécessité.
Injustice anywhere is a threat to justice everywhere.,Une injustice où qu'elle soit est une menace pour la justice partout.
Is she so stupid that she believes that kind a thing?,Est-elle si stupide qu'elle croit ce genre de chose ?
It cost me one thousand yen to get the bicycle fixed.,Cela m'a coûté mille yen pour faire réparer mon vélo.
"It doesn't matter what game he plays, he always wins.","Le jeu auquel il joue n'a pas d'importance, il gagne toujours."
It goes without saying that health is most important.,Cela va de soi que la santé est l'essentiel.
It irritates Mary when Tom leaves the toilet seat up.,Cela met en colère Mary quand Tom laisse le siège des toilettes relevé.
It is dangerous to ride a motorbike without a helmet.,Il est dangereux de rouler sans casque à moto.
It is necessary for you to go and encourage the girl.,Il faut que tu ailles encourager la fille.
"It is not because I hate him, but because I love him.",Ce n'est pas parce que je le hais mais parce que je l'aime.
It is said that his father died in a foreign country.,"D'après ce qu'on dit, son père serait mort à l'étranger."
"It is true that he is young, but he is very reliable.","Il est vrai qu'il est jeune, mais il est très fiable."
"It is, even now, a book loved by men and women alike.","C'est, même aujourd'hui, un ouvrage adoré des hommes comme des femmes."
It looks like we're going to be staying here tonight.,J'ai l'impression qu'on va rester ici pour la nuit.
It makes no difference to me whether he comes or not.,Cela m'est indifférent qu'il vienne ou pas.
It pays in the long run to buy goods of high quality.,Cela paie sur le long terme d'acheter des biens de grande qualité.
It seems that he has something to do with the matter.,Il semble qu'il ait quelque chose à voir avec le sujet.
It seems to me that she has a tendency to exaggerate.,Il me semble qu'elle a tendance à exagérer.
It seems unlikely that the train will arrive on time.,Il semble improbable que le train arrive à l'heure.
It was much more difficult than we initially thought.,Ce fut beaucoup plus difficile que nous ne l'avions initialement pensé.
It was much more difficult than we initially thought.,Ce fut bien plus difficile que nous ne l'avions initialement pensé.
It was much more difficult than we initially thought.,Ça a été beaucoup plus difficile que nous ne l'avions initialement pensé.
It was much more difficult than we initially thought.,Ça a été bien plus difficile que nous ne l'avions initialement pensé.
It was so hot that I thought I was going to pass out.,Il faisait si chaud que je pensais que j'allais m'évanouir.
It was so hot that I thought I was going to pass out.,Il faisait tellement chaud que je pensais que j'allais m'évanouir.
It was so still that you would have heard a pin drop.,C'était si calme qu'on aurait entendu tomber une épingle.
It was such a cold day that we decided not to go out.,Il faisait tellement froid qu'on a décidé de ne pas sortir.
It will take time for him to recover from his wounds.,Ça lui prendra du temps de se remettre de ses blessures.
It would be a shame to let all this food go to waste.,Ce serait dommage de laisser toute cette nourriture se perdre.
It would be better for you not to ask him for advice.,Vous feriez mieux de ne pas lui demander conseil.
It'll probably take you about three hours to do that.,Cela vous prendra probablement environ trois heures pour faire cela.
"It's a nice day, isn't it? Why not go out for a walk?","C'est une bonne journée, n'est-ce pas ? Pourquoi ne pas sortir faire une marche ?"
It's about time you were independent of your parents.,Il est temps que tu sois indépendant de tes parents.
It's been a long time since I've had a real vacation.,Ça fait longtemps que je n'ai eu de vraies vacances.
It's been a long time since I've seen Tom this happy.,Cela faisait longtemps que je n'avais pas vu Tom aussi heureux.
It's difficult to feel at home in a foreign language.,C'est difficile de se sentir à l'aise en parlant une langue étrangère.
It's hard for an old man to change his way of living.,C'est difficile pour un vieil homme de changer sa manière de vivre.
It's hotter here in the valley than in the mountains.,Il fait plus chaud ici dans la vallée que dans les montagnes.
It's like a weight has been lifted from my shoulders.,C'est comme un poids qui a été retiré de mes épaules.
It's not going to be easy to finish this job on time.,Terminer ce boulot à temps ne va pas être facile.
It's not uncommon to see Americans kissing in public.,Il n'est pas rare de voir des Américains s'embrasser en public.
"It's not what you do, but how you do it that matters.","Ce n'est pas ce que tu fais, mais comment tu le fais qui importe."
It's still early. We should all just chill for a bit.,Il est encore tôt. Nous devrions tous juste nous détendre un peu.
Japan has changed significantly in the past 50 years.,Le Japon a fortement changé dans les 50 dernières années.
"Just looking at her, you can tell that she likes you.","Juste en la regardant, on peut voir qu'elle t'aime."
"Just looking at her, you can tell that she likes you.","Juste en la regardant, on peut voir qu'elle vous aime."
"Just looking at her, you can tell that she likes you.","Juste en la regardant, tu peux voir qu'elle t'aime."
"Just looking at her, you can tell that she likes you.","Juste en la regardant, vous pouvez voir qu'elle vous aime."
Just tell me this isn't going to get me into trouble.,Dis-moi juste que ça ne va pas m'attirer des ennuis.
"Last Sunday, Mary and I went to the library together.","Dimanche dernier, Marie et moi sommes allés ensemble à la bibliothèque."
Last night there was a big fire in the neighbourhood.,"La nuit dernière, il y a eu un incendie dans le voisinage."
"Last year, the company was sold to private investors.","L'année passée, la société a été vendue à des investisseurs privés."
Laws differ from state to state in the United States.,Les lois diffèrent d'un État à un autre aux États-Unis.
Let me read the paper when you have finished with it.,Laisse-moi lire le journal quand tu auras fini avec.
Let's find a solution that is acceptable to everyone.,Trouvons une solution acceptable pour tout le monde.
Let's not forget that Tom is only thirteen years old.,N'oublions pas que Tom a seulement treize ans.
Let's park the car here and walk the rest of the way.,Garons la voiture ici et faisons le reste du chemin à pied.
Lightning does sometimes strike the same place twice.,La foudre frappe parfois deux fois au même endroit.
Many Peruvians have the habit of chewing coca leaves.,Beaucoup de péruviens ont l'habitude de mâcher des feuilles de coca.
Many inmates on death row say they don't want to die.,"De nombreux prisonniers, dans le couloir de la mort, disent qu'ils ne veulent pas mourir."
Many people in these parts have fallen on hard times.,De nombreuses personnes dans les environs ont connu des moments difficiles.
Mary asked her friends if they thought Tom liked her.,Mary demanda à ses amis s'ils pensaient que Tom l'aimait.
Mary asked her friends if they thought Tom liked her.,Mary a demandé à ses amis s'ils pensaient que Tom l'aimait.
"Mary is not poor. On the contrary, she is quite rich.","Mary n'est pas pauvre, au contraire, elle est plutôt riche."
Mary pretended she was sick to avoid going to school.,Mary fit croire qu'elle était malade pour éviter d'aller à l'école.
Mathematics is not just the memorization of formulas.,Les mathématiques ne sont pas juste de la mémorisation de formules.
Meiji was beaten by Keio by a score of three to five.,Meiji a été vaincue par Keio avec un score de trois à cinq.
"Mommy, if I don't like the food, do I have to eat it?","Maman, si je n'aime pas la nourriture, suis-je obligé de la manger ?"
More and more married couples share household chores.,De plus en plus de couples mariés se partagent les tâches ménagères.
More than 40 percent of students go on to university.,Plus de 40 % des étudiants vont à l'université.
More than half the residents are opposed to the plan.,Plus de la moitié des résidents sont opposés au plan.
My dog ate a paper towel. I wonder if he'll get sick.,Mon chien a bouffé une serviette en papier. Je me demande si ça va le rendre malade.
My driver's license expires at the end of this month.,Mon permis de conduire expire à la fin de ce mois-ci.
My father doesn't allow me to go to the movies alone.,Mon père ne me permet pas d'aller au cinéma tout seul.
My father has been in good shape since his operation.,Mon père est dans un bon état depuis son opération.
My father was about to leave when the telephone rang.,Mon père était sur le point de partir lorsque le téléphone sonna.
My father will often read the newspaper during meals.,Mon père lit souvent le journal pendant le repas.
My grandpa believes that the moon landing was a hoax.,Mon pépé croit que l'atterrissage sur la Lune était un canular.
My house is only five minutes' walk from the station.,Ma maison est à seulement cinq minutes à pied de la gare.
My hubby and I used to go mountain climbing together.,Mon mari et moi avions l'habitude d'aller ensemble faire de l'escalade.
My laptop battery doesn't last as long as it used to.,La batterie de mon ordinateur portable ne dure plus aussi longtemps qu'elle en avait l'habitude.
My mom bought me this toy when I was eight years old.,Ma maman m'a acheté ce jouet quand j'avais huit ans.
My mother bought a refrigerator and had it delivered.,Ma mère a acheté un réfrigérateur et se l'est fait livrer.
My mother goes to the market every day to buy things.,Ma mère se rend au marché tous les jours pour acheter des trucs.
My mother goes to the market every day to buy things.,Ma mère va au marché tous les jours pour acheter des trucs.
My parents wouldn't let me date who I wanted to date.,Mes parents refusaient de me laisser sortir avec qui je voulais.
No extremely fat man has ever attempted such a thing.,Aucun homme extrêmement gros n'a jamais tenté une telle chose.
"No matter how cold it was, he never wore an overcoat.","Qu'importe le froid, il ne portait jamais de manteau."
"No matter how hard the training was, she never cried.","La formation eut beau être difficile, jamais elle ne pleura."
"No matter how hard the training was, she never cried.","La formation a eu beau être difficile, jamais elle n'a pleuré."
"No matter how hard the training was, she never cried.","Quelle que fût la difficulté de l'entraînement, elle n'a jamais pleuré."
"No matter how rich people are, they always want more.","Qu'importe leur richesse, les gens veulent toujours plus."
"No matter what you say, I'm convinced that I'm right.","Quoi que tu puisses dire, je suis convaincu d'avoir raison."
No one is working. Everyone's watching the World Cup.,Personne ne travaille. Tout le monde regarde la Coupe du monde.
No sooner had she opened the door than a cat ran out.,À peine avait-elle ouvert la porte qu'un chat s'échappa.
Nobody noticed that the picture was hung upside down.,Personne ne remarqua que le tableau était suspendu la tête en bas.
Not everything that you read on the Internet is true.,Tout ce que vous lisez sur Internet n'est pas vrai.
Not everything that you read on the Internet is true.,Tout ce qu'on lit sur Internet n'est pas vrai.
Not everything that you read on the Internet is true.,Tout ce que tu lis sur Internet n'est pas vrai.
Now why would you go and do a stupid thing like that?,"Maintenant, pourquoi irais-tu commettre une telle bêtise ?"
Now why would you go and do a stupid thing like that?,"Maintenant, pourquoi iriez-vous commettre une telle bêtise ?"
"Of all these books, this is by far the best on China.","De tous ces livres, celui-ci est de loin le meilleur sur la Chine."
"On the American flag, there's a star for every state.",Sur le drapeau étasunien figure une étoile pour chaque État.
"Once upon a time, there lived a great king in Greece.",Il était une fois un grand roi qui vivait en Grèce.
"One lives in Fukuoka, and the others live in Niigata.","L'un vit à Fukuoka, et les autres vivent à Niigata."
One man's terrorist is another man's freedom fighter.,Le terroriste pour l'un est un combattant de la liberté pour un autre.
One of the fellows you were with is a friend of mine.,Une des personnes avec qui vous étiez est un ami à moi.
One person more or less doesn't make much difference.,Une personne de plus ou de moins ne fait pas beaucoup de différence.
Parents can pass many diseases on to their offspring.,Les parents peuvent transmettre bien des maladies à leur progéniture.
People in these areas are growing hungrier each year.,Les habitants de ces zones souffrent de plus en plus de la faim chaque année.
People with physical disabilities abhor being pitied.,Les gens avec des handicaps physiques détestent qu'on les prenne en pitié.
Pershing's forces were not sent directly into battle.,Les forces de Pershing ne furent pas directement envoyées au combat.
Please don't nitpick just for the sake of nitpicking.,Je te prie de ne pas chercher des poux juste pour le plaisir.
Please fill out this questionnaire and send it to us.,"S'il vous plaît, remplissez ce questionnaire et envoyez-le-nous."
Please push this button at once in case of emergency.,Veuillez presser ce bouton immédiatement en cas d'urgence.
Practice is the only way to master foreign languages.,La pratique est la seule façon de maîtriser une langue étrangère.
"Properly used, certain poisons will prove beneficial.","Utilisés convenablement, certains poisons s’avéreront bénéfiques."
Rasputin had the whole Russian court under his spell.,Raspoutine tenait toute la cour de Russie sous son charme.
"Right now, all I want to do is sleep for a few hours.","Tout ce que je veux faire à l'instant, c'est de dormir pendant quelques heures."
Sales have dropped off at every big department store.,Les ventes ont chuté dans tous les grands magasins.
"Seen from the plane, the island looks very beautiful.","Vu d'avion, cette île a l'air très belle."
Several guys were hanging around in front of the bar.,Plusieurs types traînaient devant le bar.
She absolutely trounces me whenever we play Scrabble.,Elle me bat à plate couture chaque fois que nous jouons au Scrabble.
She advised him not to borrow money from his friends.,Elle lui recommanda de ne pas emprunter d'argent à ses amis.
She advised him not to borrow money from his friends.,Elle lui a recommandé de ne pas emprunter d'argent à ses amis.
She always has her hair done by a famous hairdresser.,Elle se fait toujours traiter les cheveux par un célèbre coiffeur.
She always prides herself on her academic background.,Elle tire toujours gloire de sa formation universitaire.
She argued with him about their children's education.,Elle se disputa avec lui au sujet de l'éducation de leurs enfants.
She argued with him about their children's education.,Elle s'est disputée avec lui au sujet de l'éducation de leurs enfants.
"She asked him to come into her house, but he refused.","Elle lui demanda de venir chez elle, mais il refusa."
"She asked him to come into her house, but he refused.","Elle lui a demandé de venir chez elle, mais il a refusé."
She became more and more beautiful as she grew older.,"Les années passant, elle devenait de plus en plus belle."
She cherishes the precious memories of her childhood.,Elle chérit les souvenirs précieux de son enfance.
She couldn't convince him to accept a personal check.,Elle ne put le convaincre d'accepter un chèque personnel.
She couldn't convince him to accept a personal check.,Elle n'a pas pu le convaincre d'accepter un chèque personnel.
She explained to him why she didn't like his parents.,Elle lui expliqua pourquoi elle n'aimait pas ses parents.
She explained to him why she didn't like his parents.,Elle lui a expliqué pourquoi elle n'aimait pas ses parents.
She fell in love with him the first time she met him.,Elle est tombée amoureuse de lui la première fois qu'elle l'a rencontré.
She gave me a large room while I stayed at her house.,Elle m'a donné une grande chambre quand je restais dans sa maison.
She has recently made remarkable progress in English.,Elle a fait d'incroyables progrès en anglais dernièrement.
She has spent hours at the gym trying to lose weight.,Elle a passé des heures à la salle de gym à essayer de perdre du poids.
She knelt beside him and asked him what his name was.,Elle s'agenouilla à côté de lui et lui demanda quel était son nom.
She knelt beside him and asked him what his name was.,Elle s'est agenouillée à côté de lui et lui a demandé quel était son nom.
She lived in the suburbs of Tokyo when she was young.,Elle habitait la banlieue de Tokyo quand elle était jeune.
She lost her way and on top of that it began to rain.,"Elle perdit son chemin, et pour comble de malchance, il se mit à pleuvoir."
She needed the entire afternoon to complete the work.,Elle eut besoin de toute l'après-midi pour accomplir le travail.
She needed the entire afternoon to complete the work.,Elle a eu besoin de toute l'après-midi pour terminer le travail.
She ran over her lines once before she went on stage.,Elle a revu une fois son texte avant de monter sur scène.
She ran very fast to catch up with the other members.,Elle courut très vite pour rattraper les autres membres.
She sang the song with tears running down her cheeks.,"Elle a chanté des chansons, des larmes lui coulant sur les joues."
She sat at the bar downing shot after shot of whisky.,"Elle était assise au bar, descendant les verres de whisky les uns à la suite des autres."
She should be there now because she left an hour ago.,Elle devrait être là maintenant parce qu'elle est partie il y a une heure.
She walked as fast as she could to catch up with him.,Elle marcha aussi vite qu'elle put pour le rattraper.
She walked as fast as she could to catch up with him.,Elle a marché aussi vite qu'elle a pu pour le rattraper.
She walked up to him and asked him what his name was.,Elle marcha vers lui et lui demanda quel était son nom.
She walked up to him and asked him what his name was.,Elle a marché vers lui et lui a demandé quel était son nom.
She was looking forward to going to a movie with him.,Elle était impatiente d'aller au cinéma avec lui.
She was looking forward to going to a movie with him.,Elle se réjouissait d'aller au cinéma avec lui.
"She was tired. However, she tried to finish the work.",Elle était fatiguée mais tenta toutefois d'achever le travail.
She's completely blasé about the dangers of smoking.,Elle est complètement blasée à propos des dangers du tabagisme.
She's not from here. She was born in another country.,Elle n'est pas d'ici. Elle est née dans un autre pays.
She's practicing English so she can get a better job.,Elle pratique l'anglais de manière à obtenir un meilleur emploi.
"Since he didn't know what to say, he remained silent.","Comme il ne savait pas quoi dire, il resta silencieux."
"Since he didn't know what to say, he remained silent.","Comme il ne savait pas quoi dire, il est resté silencieux."
"Since she got her braces, I've hardly seen her smile.","Depuis qu'elle a ses bagues dentaires, je l'ai à peine vue sourire."
"Since she got her braces, I've hardly seen her smile.","Depuis qu'elle porte un appareil dentaire, je l'ai à peine vue sourire."
Sixty-nine percent of adult Americans are overweight.,Soixante-neuf pour cent des adultes américains sont en surpoids.
"Some TV programs are interesting, and others are not.","Certains programmes TV sont intéressants, d'autres ne le sont pas."
"Some of them are healthy, but others are not healthy.",Certains d'entre eux sont sains mais d'autres non.
Some students looked at her with tears in their eyes.,Quelques étudiants la regardèrent avec des larmes dans les yeux.
Sometimes I can't really grasp the meaning of a word.,Parfois je n'arrive pas vraiment à saisir la signification d'un mot.
Sometimes you have to do things you don't want to do.,"Parfois, on doit faire des choses qu'on ne veut pas faire."
Sometimes you have to do things you don't want to do.,"Parfois, Il nous faut faire des choses que nous ne voulons pas faire."
Sometimes you have to do things you don't want to do.,"Parfois, nous devons faire des choses que nous ne voulons pas faire."
"Sorry, but I want to tell her this news face to face.","Désolé, mais je voudrais lui donner la nouvelle face à face."
"Sorry, but I want to tell her this news face to face.",Désolé mais je voudrais lui donner cette information directement.
Spanish is spoken in most countries of South America.,On parle espagnol dans la plupart des pays d'Amérique du sud.
Students should make use of the books in the library.,Les étudiants devraient utiliser les livres de la bibliothèque.
Such a man does not go hunting and seldom owns a gun.,Un tel homme ne va pas chasser et possède rarement une arme à feu.
Talking to your plants doesn't help them grow faster.,Parler à vos plantes ne les aide pas à pousser plus vite.
Tell Tom he has to do everything Mary asks him to do.,Dis à Tom qu'il doit faire tout ce que Marie lui demandera.
Tell Tom he has to do everything Mary asks him to do.,Dites à Tom de faire tout ce que Marie lui demandera.
Thank you very much for coming all the way to see me.,Merci d'avoir fait tout ce chemin pour venir me voir.
That kind of thing can happen when you're in a hurry.,Ce genre de chose peut survenir lorsque vous êtes pressé.
That kind of thing can happen when you're in a hurry.,Ce genre de chose peut survenir lorsque vous êtes pressés.
That kind of thing can happen when you're in a hurry.,Ce genre de chose peut survenir lorsque vous êtes pressée.
That kind of thing can happen when you're in a hurry.,Ce genre de chose peut survenir lorsque vous êtes pressées.
That was such good a book that I read it three times.,C'était un livre tellement bien que je l'ai lu trois fois.
That's not something I want to think about right now.,"Ce n'est pas quelque chose auquel je veux penser, à l'instant."
That's not the reason why I said the job wasn't easy.,Ce n'est pas la raison pour laquelle je disais que le travail n'était pas facile.
The Brazilian economy is growing by leaps and bounds.,L'économie brésilienne croit à pas de géant.
The British forces were ordered to seize the weapons.,On ordonna aux forces britanniques de saisir les armes.
The Nozomi is the fastest of all the trains in Japan.,Le Nozomi est le plus rapide de tous les trains au Japon.
The President is to speak on television this evening.,Le Président doit s'exprimer à la télévision ce soir.
The Rhine is the boundary between France and Germany.,Le Rhin est la limite séparant la France et l'Allemagne.
The State of Texas is almost the same size as France.,L'État du Texas a à peu près les mêmes dimensions que la France.
"The Tigers lost the game, which was a surprise to us.","Les Tigres ont perdu le match, ce qui fut pour nous une surprise."
The United States of America is a democratic country.,Les États-Unis d'Amérique sont un pays démocratique.
"The book was so gripping, I could hardly put it down.",Le bouquin était tellement captivant que j'ai à peine pu le poser.
The boy fell off the bicycle and fractured his skull.,Le garçon est tombé du vélo et s'est fait une fracture du crâne.
The bus stopped suddenly in the middle of the street.,Le bus s'est arrêté subitement au milieu de la rue.
The car won't start because the battery has run down.,La voiture ne veut pas démarrer car la batterie est à plat.
The child was afraid of being left alone in the dark.,L'enfant avait peur d'être laissé seul dans le noir.
The experience gave him an advantage over the others.,L'expérience lui a procuré un avantage sur les autres.
The fence was not high enough to keep the wolves out.,La clôture n'était pas assez haute pour empêcher les loups d'entrer.
The general ordered the deployment of two battalions.,Le général ordonna le déploiement de deux bataillons.
The girl was sobbing in the corner of the schoolroom.,La fille sanglotait au coin de la salle de classe.
The government should do away with these regulations.,Le gouvernement devrait abroger ces réglementations.
The lady that is speaking to that boy is his teacher.,La femme qui parle avec ce garçon est son institutrice.
The lady that is speaking to that boy is his teacher.,La femme qui parle avec ce garçon est son professeur.
The letters Tom wrote to Mary were returned unopened.,Les lettres que Tom a écrit à Mary ont été retournées non décachetées.
The magician asked for a volunteer from the audience.,Le magicien a demandé un volontaire dans le public.
The mechanic fixed my car without charging me a dime.,Le mécanicien a réparé ma voiture sans me charger un sou.
The mother was reluctant to leave her children alone.,La mère était réticente à l'idée de laisser ses enfants seuls.
The new computer is ten times as fast as the old one.,Le nouvel ordinateur est dix fois plus rapide que l'ancien.
The office where my father works is near the station.,Le bureau de mon père est près de la gare.
The old man narrowly escaped being run over by a car.,Le vieil homme échappa de justesse d'être renversé par une voiture.
"The older one grows, the weaker one's memory becomes.","Plus on vieillit, plus on perd la mémoire."
The peasantry revolted wielding pitchforks and clubs.,"La paysannerie se révolta, brandissant fourches et gourdins."
The police detained several suspects for questioning.,La police a détenu plusieurs suspects pour interrogatoire.
The policeman was off duty when he was shot to death.,Le policier n'était pas en service quand il a été abattu.
The politician tried to cover up the insider trading.,Le politicien a essayé de couvrir le délit d'initié.
The population of this city is decreasing every year.,La population de cette ville diminue chaque année.
The prince fell in love with a woodcutter's daughter.,Le prince tomba amoureux de la fille d'un bûcheron.
The principal shook hands with each of the graduates.,Le directeur serra la main à chacun des diplômés.
The problem is that solar energy just costs too much.,Le problème est que l'énergie solaire coûte simplement trop cher.
The recent frequency of earthquakes makes us nervous.,La récente fréquence des tremblements de terre nous rend nerveux.
The recent frequency of earthquakes makes us nervous.,La fréquence des tremblements de terre récemment nous rend nerveux.
The rescue party searched for the missing passengers.,L'équipe de secours est partie à la recherche des passagers disparus.
The rumor that they would get married spread at once.,La rumeur selon laquelle ils se marieraient se répandit tout de suite.
The same thing could be said about many other people.,On pourrait dire la même chose de nombreux autres gens.
"The sea got rough, so that we had to give up fishing.","La mer a commencé à forcir, aussi nous avons dû arrêter de pêcher."
The soldiers obeyed their commander without question.,Les soldats obéirent à leur commandant sans poser de questions.
The speed of the spread of AIDS is horrifyingly fast.,La vitesse de propagation du SIDA est horriblement rapide.
The students demonstrated against the new government.,Les étudiants ont manifesté contre le nouveau gouvernement.
The teacher demonstrated the idea with an experiment.,L'enseignant démontra l'idée par une expérience.
The teacher lined the children up in order of height.,L'enseignant mit les enfants en ligne par ordre de taille.
The thick fog made it impossible to see the building.,L'épais brouillard empêchait de voir le bâtiment.
The thieves divvied up the proceeds from their heist.,Les voleurs se répartirent le butin du casse.
The thieves divvied up the proceeds from their heist.,Les voleurs se sont répartis le butin du casse.
The train wasn't as crowded as I thought it would be.,Le train n'était pas aussi bondé que je le pensais.
The train wasn't as crowded as I thought it would be.,Le train n'était pas aussi bondé que je l'avais pensé.
The universe was born more than 12 billion years ago.,L'univers est né il y a plus de 12 milliards d'années.
The way you sit tells a great deal about your nature.,La manière par laquelle tu t'assois en dit long sur ta nature.
The woman who he thought was his aunt was a stranger.,"La femme qu'il prenait pour sa tante, était une étrangère."
The woman who he thought was his aunt was a stranger.,"La femme qu'il tenait pour sa tante, était une étrangère."
The world has changed a lot in the last thirty years.,"Le monde a beaucoup changé, ces trente dernières années."
There are people who don't like to go to sleep early.,Il y a des gens qui n'aiment pas dormir tôt.
There are still a lot of things that have to be done.,Il y a encore de nombreuses choses à faire.
There are still people who believe the earth is flat.,Il y a encore des gens qui croient que la Terre est plate.
There are still people who believe the earth is flat.,Il y a encore des gens pour croire que la Terre est plate.
There have been a lot of airplane accidents recently.,Il y a eu de nombreux accidents d'avion ces derniers temps.
There is a lady downstairs who wants to speak to you.,Il y a en bas une dame qui veut s'entretenir avec vous.
There is a lady downstairs who wants to speak to you.,Il y a en bas une dame qui veut parler avec toi.
There is a large parking lot in front of the station.,Il y a un grand parking en face de la gare.
There is no need to be frightened. He won't harm you.,Ce n'est pas nécessaire d'avoir peur. Il ne vous nuira pas.
"There is so much to do, and only a lifetime to do it.",Il y a tant à faire et seulement la durée d'une vie pour le faire.
There was only one case of chicken pox at the school.,Il n'y eut qu'un seul cas de varicelle à l'école.
There was only one case of chicken pox at the school.,Il n'y a eu qu'un seul cas de varicelle à l'école.
"There were no customers, so we closed the shop early.","Il n'y avait pas de clients, alors nous avons fermé le magasin tôt."
"There were no customers, so we closed the shop early.","Il n'y avait pas de clients, alors nous avons fermé tôt la boutique."
There's a movie I want to watch on TV tomorrow night.,"Il y a un film que je veux regarder à la télé, demain soir."
There's a rumor going around that you two are dating.,Il y a une rumeur qui circule selon laquelle vous sortez ensemble tous les deux.
There's a scratch here. Could you give me a discount?,Il y a une éraflure ici. Pouvez-vous m'accorder un rabais ?
There's nothing I like as much as the smell of roses.,Il n'y a rien que j'aime autant que l'odeur des roses.
There's something that I'd like to talk to you about.,Il y a quelque chose dont j'aimerais te parler.
These glasses do not fit me well. They are too large.,Ces lunettes ne me vont pas bien. Elles sont trop grandes.
These items must be returned to their rightful owner.,Ces objets doivent être rendus à leur propriétaire légitime.
These new computers can crunch data faster than ever.,Ces nouveaux ordinateurs peuvent mouliner les données plus vite que jamais.
They killed Tom as an example to the other prisoners.,Ils ont tué Tom pour montrer l'exemple aux autres prisonniers.
"They like ragtime, jazz and music with a swing to it.","Ils aiment le Ragtime, le Jazz et la musique qui balance."
"They like ragtime, jazz and music with a swing to it.","Elles aiment le Ragtime, le Jazz et la musique qui bouge."
They think the owner of the house is studying abroad.,Ils pensent que le propriétaire de la maison étudie à l'étranger.
They tortured the prisoner first and then killed him.,Ils ont d'abord torturé le prisonnier puis l'ont tué.
They were beginning to lose faith in their commander.,Ils commençaient à perdre foi en leur commandant.
They were even more interested in his beautiful wife.,Ils furent encore plus intéressés par sa belle épouse.
They were even more interested in his beautiful wife.,Elles furent encore plus intéressées par sa belle épouse.
They were even more interested in his beautiful wife.,Ils ont été encore plus intéressés par sa belle épouse.
They were even more interested in his beautiful wife.,Elles ont été encore plus intéressées par sa belle épouse.
This app automatically signs you in when you open it.,Cette application vous ouvre automatiquement une session lorsque vous l'ouvrez.
This bread is really delicious. Where did you buy it?,Ce pain est vraiment délicieux. Où l'as-tu acheté?
This camera is the one that Tom bought last Thursday.,Cette caméra est celle que Tom a achetée jeudi dernier.
This camera is the one that Tom bought last Thursday.,Cet appareil photo est celui que Tom a acheté jeudi dernier.
This elevator is out of order. Please use the stairs.,L'ascenseur est en panne. Merci d'utiliser les escaliers.
This is the most exciting book that I have ever read.,C'est le livre le plus passionnant que j'ai jamais lu.
This is the restaurant where we had dinner last week.,Voici le restaurant où nous avons dîné la semaine dernière.
This is the worst thing that has ever happened to me!,C'est la pire des choses qui me soit jamais arrivée !
This morning I missed the 8:30 train by five minutes.,Ce matin j'ai raté de cinq minutes le train de 8h30.
This photo is too blurry. I can't make out your face.,Cette photo est trop floue. Je n'arrive pas à distinguer ton visage.
This photo is too blurry. I can't make out your face.,Cette photo est trop floue. Je n'arrive pas à distinguer votre visage.
This place is arguably the best restaurant in London.,On dit que cet endroit est le meilleur restaurant de Londres.
This report is badly written and is full of mistakes.,Ce rapport est mal écrit et plein d'erreurs.
This storm is not dangerous. You don't need to worry.,Cette tempête n'est pas dangereuse. Il ne faut pas vous faire de souci.
This storm is not dangerous. You don't need to worry.,Cette tempête n'est pas dangereuse. Il ne faut pas te faire de souci.
This summer we'll go to the mountains and to the sea.,"Cet été, nous irons à la montagne et à la mer."
"To a man with a hammer, everything looks like a nail.","Pour un homme avec un marteau, tout ressemble à un clou."
"To cross the river, you can use a boat or the bridge.","Pour traverser le fleuve, tu peux utiliser un bateau ou le pont."
Tolstoy said that true friends must trust each other.,Tolstoï a dit que de vrais amis doivent se faire confiance.
"Tom agreed to be here at 2:30, but he's not here yet.","Tom a consenti à être là à 2:30, mais il ne l'est pas encore."
Tom always dresses in black or some other dark color.,Tom s'habille toujours en noir ou quelqu'autre couleur sombre.
Tom and Mary claim that they never lie to each other.,Tom et Marie prétendent qu'ils ne se mentent jamais l'un a l'autre.
Tom bet Mary that he could beat her at arm wrestling.,Tom a parié avec Mary qu'il pourrait la battre au bras de fer.
Tom burned all of the letters that Mary had sent him.,Tom a brûlé toutes les lettres que Marie lui avait envoyées.
Tom burned all of the letters that Mary had sent him.,Tom brûla toutes les lettres que Marie lui avait envoyées.
Tom decided to tell Mary the truth about his illness.,Tom décida de dire la vérité à Mary au sujet de sa maladie.
Tom didn't answer because he didn't know what to say.,Tom ne répondit pas car il ne savait pas quoi dire.
Tom didn't answer because he didn't know what to say.,Tom n'a pas répondu pas car il ne savait pas quoi dire.
Tom didn't seem surprised to see Mary at the concert.,Tom n'avait pas l'air surpris de voir Mary au concert.
Tom didn't seem surprised to see Mary at the concert.,Tom n'avait pas l'air surpris de voir Marie au concert.
Tom didn't want to marry a woman who wanted children.,Tom ne voulait pas se marier avec une femme voulant des enfants.
Tom disobeyed a direct order from a superior officer.,Tom a désobéi à un ordre direct d'un officier supérieur.
Tom disobeyed a direct order from a superior officer.,Tom a contesté un ordre émanant d'un supérieur hiérarchique.
Tom doesn't even let his daughter go out on weekends.,Tom ne laisse même pas sa fille sortir le week-end.
Tom doesn't have anyone to discuss his problems with.,Tom n'a personne avec qui discuter de ses problèmes.
Tom doesn't like women who wear way too much make up.,Tom n'aime pas les femmes qui portent trop de maquillage.
Tom dreams of owning a house in the center of Boston.,Tom rêve d'être propriétaire d'une maison dans le centre de Boston.
Tom fell asleep while driving and caused an accident.,Tom s'est endormi au volant et a causé un accident.
Tom fell asleep while driving and caused an accident.,Tom s'est endormi en conduisant et a causé un accident.
Tom finished his chores and then he did his homework.,Tom a terminé ses corvées et puis il a fait ses devoirs.
Tom finished his chores and then he did his homework.,Tom a terminé ses travaux et puis il a fait ses devoirs.
Tom had no sooner arrived than he was asked to leave.,À peine Tom était-il arrivé qu'on lui demanda de partir.
Tom had to pawn his guitar so he could pay his bills.,Tom a dû mettre sa guitare en gage pour payer ses factures.
Tom handed Mary a knife so she could peel the apples.,Tom passa un couteau à Marie pour qu'elle puisse éplucher les pommes.
Tom handed Mary a knife so she could peel the apples.,Tom tendit un couteau à Marie pour qu'elle puisse peler les pommes.
Tom injured himself when he jumped out of the window.,Tom s'est blessé lorsqu'il a sauté par la fenêtre.
Tom is going to learn how to do that sooner or later.,Tom apprendra un jour ou l'autre comment le faire.
Tom is going to learn how to do that sooner or later.,Tom va apprendre un jour ou l'autre comment le faire.
Tom is slowly catching up with the rest of the class.,Tom rattrape lentement le reste de la classe.
Tom is slowly catching up with the rest of the class.,Tom rattrape lentement son retard avec le reste de la classe.
Tom just wants to spend a little more time with Mary.,Tom a juste envie de passer un peu plus de temps avec Marie.
Tom likes to work in the garden before going to work.,Tom aime s'occuper de son jardin avant d'aller travailler.
Tom made it clear that he didn't like Mary very much.,Tom a clairement fait comprendre qu'il n'aimait pas beaucoup Mary.
Tom planted a small peach tree in front of his house.,Tom a planté un petit pêcher devant sa maison.
Tom ran out of matches so he couldn't light the fire.,Tom n'avait plus d'allumettes donc il ne pouvait pas allumer le feu.
Tom rode his bicycle down a quiet residential street.,Tom descendit à vélo une rue résidentielle tranquille.
Tom said that he had been cleaning the house all day.,Tom a dit qu'il avait nettoyé la maison toute la journée.
Tom said that he thought Mary could probably do that.,Tom a dit qu'il pensait que Mary pourrait probablement le faire.
Tom saw both Mary and John getting out of their cars.,Tom a vu Mary et John sortir de leurs voitures.
Tom seems to have lost interest in collecting shells.,Tom semble avoir perdu le goût de collectionner des coquillages.
Tom speaks French much better than he speaks English.,Tom parle bien mieux français qu'il ne parle anglais.
Tom spent the night in the small cabin near the lake.,Tom a passé la nuit dans la petite cabane près du lac.
"Tom thinks he's a genius, but I don't agree with him.","Tom pense être un génie, mais je ne suis pas d'accord avec lui."
Tom told Mary that he didn't like her sense of humor.,Tom a dit à Marie qu'il n'aimait pas son sens de l'humour.
Tom told everybody at school about what had happened.,Tom a dit à tout le monde à l'école ce qui s'était passé.
Tom wasn't ready to accept Mary's love or friendship.,"Tom n'était pas prêt à accepter l'amour de Marie, ni son amitié."
Tom whispered something in Mary's ear and she nodded.,Tom chuchota quelque chose à l'oreille de Mary et elle hocha la tête.
Tom wished that he could play tennis as well as Mary.,Tom espérait qu'il pourrait jouer au tennis aussi bien que Marie.
Tom wished that he could play tennis as well as Mary.,Tom espérait qu'il pourrait devenir un aussi bon joueur de tennis que Marie.
Tom's death has been officially ruled as an accident.,La mort de Tom a été officiellement écartée comme un accident.
"Unfortunately, I only understood half of what I read.","Malheureusement, je n'ai compris que la moitié de ce que j'ai lu."
We all mourned for the people killed in the accident.,Nous avons tous pleuré les gens morts dans l'accident.
We all mourned for the people killed in the accident.,Nous avons tous pleuré les gens décédés dans l'accident.
We all mourned for the people killed in the accident.,Nous avons tous pleuré les gens tués dans l'accident.
We are looking forward to seeing you and your family.,"Nous sommes impatients de vous voir, toi et ta famille."
We can get a beautiful view of the sea from the hill.,On peut avoir une belle vue sur la mer depuis la colline.
We can save a little time if we do what Tom suggests.,Nous pouvons économiser un peu de temps si nous faisons ce que Tom suggère.
We can't do anything until we get back to the office.,Nous ne pouvons faire quoi que ce soit jusqu'à ce que nous retournions au bureau.
We can't leave Tom here. He won't survive on his own.,Nous ne pouvons pas laisser Tom ici. Il ne survivra pas tout seul.
We climbed higher so that we might get a better view.,Nous avons grimpé plus haut pour avoir une meilleure vue.
We closed the restaurant three hours early yesterday.,Nous avons fermé le restaurant trois heures plus tôt hier.
We communicate with one another by means of language.,Nous communiquons les uns avec les autres par l'intermédiaire de la langue.
We don't need to waste money on things we don't need.,Nous n'avons pas besoin de gâcher de l'argent pour des choses dont nous n'avons pas besoin.
We have some guys on our team who can't speak French.,Nous avons quelques gars dans notre équipe qui ne peuvent pas parler français.
We have to figure out a way to get out of here alive.,Nous devons trouver un moyen de sortir d'ici en vie.
We have to figure out a way to get out of here alive.,Il nous faut trouver un moyen de sortir d'ici en vie.
We insist that a meeting be held as soon as possible.,Nous insistons pour qu'une réunion soit organisée le plus tôt possible.
"We looked out the window, but we didn't see anything.","Nous avons regardé par la fenêtre, mais nous n'avons rien vu."
We need to think together about the future of Europe.,Nous devons réfléchir ensemble au futur de l'Europe.
We need to think together about the future of Europe.,Nous devons réfléchir ensemble à l'avenir de l'Europe.
We provided the flood victims with food and clothing.,Nous avons fourni aux victimes de l'inondation de la nourriture et des vêtements.
We should have taken the schedule into consideration.,Nous aurions dû prendre en compte les horaires.
We talked in low voices so we wouldn't wake the baby.,Nous avons parlé à voix basse pour ne pas réveiller le bébé.
We tied him up so that he wouldn't be able to escape.,Nous l'avons attaché pour qu'il ne s'échappe pas.
We took advantage of the fine weather to play tennis.,Nous avons profité du beau temps pour jouer au tennis.
"We tried to get him to change his mind, but couldn't.",Nous avons tenté en vain de le faire changer d'avis.
We waited in the movie theater for the film to start.,Nous avons attendu le début du film dans la salle de cinéma.
We were caught in a shower while we were on a picnic.,On s'est retrouvé sous une pluie diluvienne pendant qu'on pique-niquait.
We were granted the privilege of fishing in this bay.,On nous a octroyé le privilège de pouvoir pêcher dans cette baie.
We were in the living room when we heard the gunshot.,Nous nous trouvions dans le salon lorsque nous entendîmes le coup de feu.
We were in the living room when we heard the gunshot.,Nous nous trouvions dans le salon lorsque nous entendîmes la détonation.
We were in the living room when we heard the gunshot.,Nous nous trouvions dans le salon lorsque nous avons entendu le coup de feu.
We were in the living room when we heard the gunshot.,Nous nous trouvions dans le salon lorsque nous avons entendu la détonation.
We would move to a bigger house if we had more money.,Nous déménagerions dans une maison plus grande si nous avions plus d'argent.
We're in the second week of an unrelenting heat wave.,Nous sommes dans la deuxième semaine d'une implacable vague de chaleur.
"We're not going to leave Mary alone with Tom, are we?","Nous n'allons pas laisser Mary seule avec Tom, n'est-ce pas ?"
We're the ones who have to pay for your carelessness.,Nous faisons les frais de votre incurie.
What I'm about to say is strictly between you and me.,Ce que je vais dire doit seulement rester entre nous.
What a wonderful morning! I feel on top of the world.,Quelle merveilleuse matinée ! Je me sens sur le toit du monde.
What do you do when you don't have time to eat lunch?,Que fais-tu lorsque tu n'as pas le temps de déjeuner ?
What do you do when you don't have time to eat lunch?,Que faites-vous lorsque vous n'avez pas le temps de déjeuner ?
What do you do when you don't have time to eat lunch?,Que fait-on lorsque on n'a pas le temps de déjeuner ?
What time does the shuttle bus leave for the airport?,À quelle heure part la navette pour l'aéroport ?
What's new with you? How is your new job working out?,Quoi de neuf ? Comment se passe ton nouvel emploi ?
What's the best Christmas present you've ever gotten?,Quel est le meilleur cadeau de Noël que tu as jamais reçu ?
"Whatever happens, I want you to know that I love you.","Quoi qu'il arrive, je veux que tu saches que je t'aime."
"Whatever happens, I want you to know that I love you.","Quoi qu'il arrive, je veux que vous sachiez que je vous aime."
"Whatever happens, I want you to know that I love you.","Quoi qu'il arrive, je veux que tu saches que je vous aime."
"When Tom stopped for a stop sign, his engine stalled.","Lorsque Tom s'est arrêté au stop, son engin a calé."
"When her husband died, she felt like killing herself.","Lorsque son mari mourut, elle voulut se tuer."
"When it comes to sweets, I just can't control myself.","Pour les sucreries, je ne sais pas me contrôler."
When was the last time you slept more than ten hours?,Quand as-tu dormi plus de dix heures pour la dernière fois ?
When was the last time you slept more than ten hours?,Quand avez-vous dormi plus de dix heures pour la dernière fois ?
"When you can't do what you want, you do what you can.","Quand on ne peut pas faire ce que l’on veut, on fait ce que l’on peut."
"Whenever I hear that song, I think of a certain girl.","Chaque fois que j'entends cette chanson, je pense à une certaine fille."
"Which kind of watch do you prefer, digital or analog?",Quelle sorte de montre préfères-tu ? Numérique ou analogique ?
"Which one do you prefer, the red one or the blue one?","Lequel tu préfères, le rouge ou le bleu ?"
Who takes care of your children while you're at work?,Qui s'occupe de tes enfants pendant que tu es au travail ?
Who takes care of your children while you're at work?,Qui prend soin de vos enfants pendant que vous êtes au travail ?
Why didn't you tell me that you wanted to go camping?,Pourquoi ne pas m'avoir dit que vous vouliez aller camper ?
Why didn't you try the dress on before you bought it?,Pourquoi n'as-tu pas essayé la robe avant de l'acheter ?
"Why do you say one thing, and then go and do another?",Pourquoi dis-tu une chose et ensuite tu y vas et tu fais autre chose ?
"Why do you say one thing, and then go and do another?",Pourquoi dites-vous une chose et ensuite vous y allez et vous faites autre chose ?
Why don't we think about this for another week or so?,Pourquoi ne réfléchissons-nous pas à ceci pendant plus ou moins une semaine supplémentaire ?
Why don't you come over and eat with us this evening?,Pourquoi ne viens-tu pas ici manger avec nous ce soir ?
Why don't you come over and eat with us this evening?,Pourquoi ne venez-vous pas ici manger avec nous ce soir ?
Women in that country are fighting for their freedom.,Les femmes de ce pays se battent pour leur liberté.
Would you carry this down to the second floor for me?,Voudriez-vous me descendre ceci au premier étage ?
Would you like to take part in this risky experiment?,Veux-tu participer à cette expérience risquée ?
Write down the facts needed to convince other people.,Écrivez les faits nécessaires pour convaincre d'autres gens.
Write down the facts needed to convince other people.,Écrivez les faits nécessaires pour convaincre les autres gens.
"Yesterday, Mary cleaned the house and washed clothes.","Hier, Mary a nettoyé la maison et lavé des vêtements."
"You are, hands down, the biggest idiot I've ever met.",Tu es sans conteste le pire des idiots que j'ai jamais rencontrés.
"You are, hands down, the biggest idiot I've ever met.","Tu es, haut la main, le pire des idiots que j'aie jamais rencontré."
You can never tell how long these meetings will last.,On ne sait jamais combien de temps dureront ces réunions.
You can't fix it in the amount of time you have left.,Vous ne pouvez pas le réparer au cours de la somme de temps qui vous reste.
You can't force me to do anything I don't want to do.,Tu ne peux pas me forcer à faire quelque chose que je ne veux pas faire.
You can't force me to do anything I don't want to do.,Vous ne pouvez pas me forcer à faire quelque chose que je ne veux pas faire.
"You don't have to eat with Tom, but I wish you would.","Tu n'es pas forcé de manger avec Tom, mais je souhaiterais que tu le fasses."
You don't have to say anything you don't want to say.,Tu n'as pas à dire quoi que ce soit que tu ne veuilles pas dire.
You don't have to talk about it if you don't want to.,Tu n'es pas obligé d'en parler si tu ne veux pas.
You don't have to talk about it if you don't want to.,Tu n'es pas obligée d'en parler si tu ne veux pas.
You don't have to talk about it if you don't want to.,Vous n'êtes pas obligé d'en parler si vous ne voulez pas.
You don't have to talk about it if you don't want to.,Vous n'êtes pas obligée d'en parler si vous ne voulez pas.
You don't have to talk about it if you don't want to.,Vous n'êtes pas obligés d'en parler si vous ne voulez pas.
You don't have to talk about it if you don't want to.,Vous n'êtes pas obligées d'en parler si vous ne voulez pas.
You don't have to talk about it if you don't want to.,Vous n'êtes pas obligé d'en parler si vous ne le voulez pas.
You don't have to talk about it if you don't want to.,Vous n'êtes pas obligée d'en parler si vous ne le voulez pas.
You don't have to talk about it if you don't want to.,Vous n'êtes pas obligés d'en parler si vous ne le voulez pas.
You don't have to talk about it if you don't want to.,Vous n'êtes pas obligées d'en parler si vous ne le voulez pas.
You don't have to talk about it if you don't want to.,Tu n'es pas obligée d'en parler si tu ne le veux pas.
You don't have to talk about it if you don't want to.,Tu n'es pas obligé d'en parler si tu ne le veux pas.
"You don't know why Tom didn't come yesterday, do you?","Vous ne savez pas pourquoi Tom était absent hier, n'est-ce pas ?"
You don't need to tell me what to do. I already know.,Tu n'as pas besoin de me dire quoi faire. Je le sais déjà.
You don't seem to be as organized as Tom seems to be.,Tu ne sembles pas aussi organisé que Tom.
You don't seem to be as organized as Tom seems to be.,Tu ne sembles pas aussi organisée que Tom.
You don't seem to be as organized as Tom seems to be.,Vous ne semblez pas aussi organisé que Tom.
You don't seem to be as organized as Tom seems to be.,Vous ne semblez pas aussi organisée que Tom.
You don't seem to be as organized as Tom seems to be.,Vous ne semblez pas aussi organisés que Tom.
You don't seem to be as organized as Tom seems to be.,Vous ne semblez pas aussi organisées que Tom.
You gave me your word that you would look after them.,Tu m'as promis que tu prendrais soin d'eux.
You gave me your word that you would look after them.,Vous m'avez promis que vous prendriez soin d'eux.
You just need to press this button to take a picture.,Tu as juste besoin d'appuyer sur ce bouton pour prendre une photo.
You look tired. You ought to rest for an hour or two.,Tu as l'air fatigué. Tu devrais te reposer une heure ou deux.
You might want to have someone look into that matter.,Tu voudrais peut-être que quelqu'un creuse cette affaire.
You might want to have someone look into that matter.,Vous voudriez peut-être que quelqu'un creuse cette affaire.
You need to set the record straight once and for all.,Tu dois remettre les pendules à l'heure une bonne fois pour toutes.
You need to set the record straight once and for all.,Vous devez remettre les pendules à l'heure une bonne fois pour toutes.
You never can tell what you might find at that store.,On ne peut jamais dire ce qu'on pourrait trouver dans ce magasin.
You ought to keep working while you have your health.,Tu devrais continuer à travailler tant que tu as la santé.
You pay for the convenience of living near a station.,Tu paies l'avantage de vivre à proximité d'une gare.
You really should get this agreement down in writing.,Vous devriez vraiment obtenir cet accord par écrit.
You should assume that email messages aren't private.,On devrait supposer que les courriels ne sont pas privés.
You should avoid calling a person after ten at night.,Tu devrais éviter de téléphoner chez quelqu'un après dix heures du soir.
You should look after the children from time to time.,Tu devrais surveiller les enfants de temps en temps.
You should look over the contract before you sign it.,Tu devrais parcourir le contrat avant de le signer.
You shouldn't eat any fish that come from this river.,Vous ne devriez pas manger de poisson provenant de cette rivière.
You shouldn't let your girlfriend borrow your iPhone.,Tu ne devrais pas laisser ta copine emprunter ton iPhone.
You shouldn't let your girlfriend borrow your iPhone.,Vous ne devriez pas laisser votre petite amie emprunter votre iPhone.
You sort of hinted that you wanted me to ask you out.,Tu as insinué à demi-mot que tu voulais que je t'invite à sortir.
You sort of hinted that you wanted me to ask you out.,Vous avez insinué à demi-mot que vous vouliez que je vous invite à sortir.
You sound like you don't want to be an archaeologist.,"À t'entendre, on dirait que tu ne veux pas être archéologue."
You sound like you don't want to be an archaeologist.,"À vous entendre, on dirait que vous ne voulez pas être archéologue."
"You want me to do your dirty work for you, don't you?","Tu veux que je fasse ton sale boulot pour toi, n'est-ce pas ?"
"You want me to do your dirty work for you, don't you?","Vous voulez que je fasse votre sale boulot pour vous, n'est-ce pas ?"
You'd better think twice before agreeing to do that.,Tu as intérêt à bien réfléchir avant d'accepter de faire ça.
You'll have to wait at least an hour to get a ticket.,Vous devrez attendre au moins une heure pour obtenir un billet.
You'll strain your eyes trying to read in this light.,Tu vas fatiguer tes yeux à essayer de lire dans cette lumière.
You'll strain your eyes trying to read in this light.,Vous allez fatiguer vos yeux à essayer de lire dans cette lumière.
"You're the only one who wants to do that, aren't you?","Tu es le seul à vouloir faire ça, n'est-ce pas ?"
"Young as he is, he has a large family to provide for.","Jeune comme il est, il a une grande famille à nourrir."
"Do you have anything to do? ""Nothing in particular.""",« Avez-vous quelque chose à faire ? » « Rien de spécial. »
"Don't wait for me. ""I wasn't going to wait for you.""",« Ne m'attends pas. » « Je n'allais pas t'attendre. »
Superman is showing at the movie theater this month.,Superman sort ce mois-ci au cinéma.
"What color is your underwear? ""I'm not wearing any.""","De quelle couleur sont tes sous-vêtements ? ""Je n'en porte pas."""
A combination of several mistakes led to the accident.,Une combinaison de plusieurs erreurs conduisit à l'accident.
A combination of several mistakes led to the accident.,Une combinaison de plusieurs erreurs a conduit à l'accident.
A contract with that company is worth next to nothing.,Un contrat avec cette entreprise ne vaut quasiment rien.
A dictionary is an important aid in language learning.,"Quand on étudie les langues, le dictionnaire est d'une aide précieuse."
A few important facts emerged after the investigation.,Quelques faits importants sont apparus après l'enquête.
A foreign language cannot be mastered in a year or so.,Une langue étrangère ne peut être maîtrisée en un an et quelques.
A good case can be made for the legalization of drugs.,Une bonne défense peut être faite de la légalisation de la drogue.
A heavy snow fell in Kyoto for the first time in ages.,Une lourde neige tomba sur Kyoto pour la première fois depuis des lustres.
A new museum is being built in the center of the city.,On construit un nouveau musée dans le centre-ville.
A note was attached to the document with a paper clip.,Une note était attachée au document avec un trombone.
A piece of bread was not enough to satisfy his hunger.,Un morceau de pain n'était pas suffisant pour apaiser sa faim.
A trust fund has been set up for each of the children.,Un fonds fiduciaire a été mis en place pour chacun des enfants.
"According to the weather report, it will snow tonight.","Selon le bulletin de la météo, il neigera ce soir."
"After a couple of drinks, the guy was feeling no pain.",Après quelques verres le type n'avait plus mal.
"After a slow summer season, business began to pick up.","Après une saison estivale morose, les affaires commencèrent à reprendre."
"After my leg heals, I'll be able to move around again.","Après que ma jambe soit guérie, je serai de nouveau capable de me mouvoir."
"After six games, Sampras had the edge on his opponent.","Après six jeux, Sampras prit l'avantage sur son rival."
"After the game, he went straight home to feed his dog.","Après la partie, il se rendit directement chez lui pour nourrir son chien."
"After the game, he went straight home to feed his dog.","Après la partie, il s'est rendu directement chez lui pour nourrir son chien."
All the songs I sang for you today were written by me.,Toutes les chansons que je vous ai chantées aujourd'hui ont été écrites par moi.
All the songs I sang for you today were written by me.,Je suis l'auteur de toutes les chansons que je vous ai chantées aujourd'hui.
An argument may be logically sound without being true.,Un argument peut être logiquement sensé sans être vrai.
An article about our school appeared in the newspaper.,Un article concernant notre école a été publié dans le journal.
Ancient archeological sites are under threat in Syria.,Des sites archéologiques antiques sont menacés en Syrie.
"Apparently, there is nothing that cannot happen today.","Apparemment, il n'y a rien qui ne puisse se produire aujourd'hui."
Are there any French magazines in your school library?,Y a-t-il des magazines français dans la bibliothèque de ton école ?
Are you able to buy a ticket after boarding the train?,Peut-on acheter un billet à bord du train ?
Are you absolutely certain that's not going to happen?,Es-tu absolument sûr que ça n'arrivera pas ?
Are you absolutely certain that's not going to happen?,Êtes-vous absolument sûres que cela n'arrivera pas ?
Are you planning on staying in Boston for a long time?,Envisagez-vous de rester à Boston pour une longue période ?
Are you saying you don't want to be a teacher anymore?,Es-tu en train de dire que tu ne veux plus être enseignant ?
Are you saying you don't want to be a teacher anymore?,Es-tu en train de dire que tu ne veux plus être enseignante ?
Are you saying you don't want to be a teacher anymore?,Êtes-vous en train de dire que vous ne voulez plus être enseignant ?
Are you saying you don't want to be a teacher anymore?,Êtes-vous en train de dire que vous ne voulez plus être enseignante ?
Are you seriously thinking about selling this on eBay?,Penses-tu sérieusement à vendre ça sur eBay ?
Are you seriously thinking about selling this on eBay?,Pensez-vous sérieusement à vendre ça sur eBay ?
Are you sure you want to leave without saying goodbye?,Es-tu sûr que tu veuilles partir sans dire au revoir ?
Are you sure you want to leave without saying goodbye?,Es-tu sûre que tu veuilles partir sans dire au revoir ?
Are you sure you want to leave without saying goodbye?,Êtes-vous sûr que vous veuillez partir sans dire au revoir ?
Are you sure you want to leave without saying goodbye?,Êtes-vous sûrs que vous veuillez partir sans dire au revoir ?
Are you sure you want to leave without saying goodbye?,Êtes-vous sûre que vous veuillez partir sans dire au revoir ?
Are you sure you want to leave without saying goodbye?,Êtes-vous sûres que vous veuillez partir sans dire au revoir ?
Are you sure you want to leave without saying goodbye?,Êtes-vous sûr que vous vouliez partir sans dire au revoir ?
Are you sure you want to leave without saying goodbye?,Êtes-vous sûre que vous vouliez partir sans dire au revoir ?
Are you sure you want to leave without saying goodbye?,Êtes-vous sûrs que vous vouliez partir sans dire au revoir ?
Are you sure you want to leave without saying goodbye?,Êtes-vous sûres que vous vouliez partir sans dire au revoir ?
"As he gets older, he's getting more and more stubborn.","En vieillissant, il devient de plus en plus têtu."
"As soon as I hung up, the phone started ringing again.",À peine avais-je raccroché le téléphone qu'il re-sonna.
"As soon as he went out of the house, it began to rain.","Dès qu'il sortit de la maison, il commença à pleuvoir."
"As soon as we get the tickets, we'll send them to you.","Dès que nous aurons les tickets, nous vous les enverrons."
"As these trees grow tall, they rob the grass of light.","À mesure que les arbres grandissent, ils privent l'herbe de lumière."
"As we went around the corner, the lake came into view.","Alors que nous atteignions le coin, le lac nous apparut."
Be careful not to drive on the wrong side of the road.,Fais attention à ne pas conduire du mauvais côté de la route !
Be careful not to drive on the wrong side of the road.,Faites attention à ne pas conduire du mauvais côté de la route !
Be sure to turn off the light when you leave the room.,Assurez-vous d'éteindre la lumière quand vous quittez la pièce.
"Because I live near the school, I come home for lunch.","Parce que j'habite près de l'école, je rentre à la maison pour le déjeuner."
"Because of the water shortage, I couldn't take a bath.","À cause de la pénurie d'eau, je n'ai pas pu prendre de bain."
"Being deeply thankful, he tried to express his thanks.","Étant profondément reconnaissant, il tenta d'exprimer ses remerciements."
Better bread without butter than cake without freedom.,Plutôt du pain sans beurre qu'une tarte sans liberté.
"Between you and me, I don't like our new team captain.","De toi à moi, je n'apprécie pas notre capitaine d'équipe."
Blow out all the candles on the birthday cake at once.,Souffle toutes les bougies du gâteau d'anniversaire d'un coup.
Call me if you want to do something together tomorrow.,"Appelle-moi si tu veux que nous fassions quelque chose ensemble, demain."
Call me if you want to do something together tomorrow.,"Appelez-moi si vous voulez que nous fassions quelque chose ensemble, demain."
Call me if you want to do something together tomorrow.,"Appelle-moi si vous voulez que nous fassions quelque chose ensemble, demain."
Calm down. We're just a few minutes from the hospital.,Calme-toi. On n'est qu'à quelques minutes de l'hôpital.
Calm down. We're just a few minutes from the hospital.,Calmez-vous. Nous ne sommes qu'à quelques minutes de l'hôpital.
Can you remember the first time you heard the Beatles?,Arrives-tu à te rappeler la première fois que tu as entendu les Beatles ?
Can you remember the first time you heard the Beatles?,Arrivez-vous à vous rappeler la première fois que vous avez entendu les Beatles ?
Could you please pull the weeds and water the flowers?,"Peux-tu, s'il te plait, arracher les mauvaises herbes et arroser les fleurs ?"
Did you break up with Tom or did he break up with you?,As-tu rompu avec Tom ou a-t-il rompu avec toi ?
Did you catch anything the last time you went fishing?,As-tu attrapé quelque chose la dernière fois que tu es allé pêcher ?
Discipline is the most important component of success.,La discipline est l'élément le plus important du succès.
Discipline is the most important component of success.,La discipline est la composante la plus importante de la réussite.
Do you have an extra English dictionary by any chance?,"Avez-vous un dictionnaire d'anglais supplémentaire, par hasard ?"
Do you have any questions about what needs to be done?,Avez-vous de quelconques questions à propos de ce qu'il faut faire ?
Do you know where to go or who to ask for information?,Sais-tu où te rendre ou à qui demander pour obtenir des informations ?
Do you know where to go or who to ask for information?,Savez-vous où vous rendre ou à qui demander pour obtenir des informations ?
Do you really think that I'm going to let you do that?,Penses-tu vraiment que je vais te laisser faire ça ?
Do you really think that I'm going to let you do that?,Pensez-vous vraiment que je vais vous laisser faire cela ?
Do you really want this information to be made public?,Veux-tu réellement que cette information soit rendue publique ?
Do you really want this information to be made public?,Voulez-vous réellement que cette information soit rendue publique ?
Do you think that you can put your idea into practice?,Penses-tu que tu puisses mettre ton idée en pratique ?
Do you think that you can put your idea into practice?,Pensez-vous pouvoir mettre votre idée en pratique ?
Do you want to go to prison for the rest of your life?,Veux-tu aller en prison pour le restant de tes jours ?
Do you want to go to prison for the rest of your life?,Voulez-vous passer le restant de vos jours en prison ?
Don't be so glum about it. Life has its ups and downs.,Ne sois pas triste pour ça. Dans la vie il y a des hauts et des bas.
"Don't even think about driving while intoxicated, Tom.","N'imagine même pas conduire en état d'ébriété, Tom."
Don't let me catch you doing anything like this again.,Que je ne vous attrape plus à nouveau à faire quoi que ce soit du genre !
Don't let me catch you doing anything like this again.,Que je ne t'attrape plus à nouveau à faire quoi que ce soit du genre !
Don't throw away this magazine. I haven't read it yet.,Ne jetez pas ce magazine. Je ne l'ai pas encore lu.
English is a very important language in today's world.,L'anglais est une langue très importante dans le monde actuel.
"Even if it rains, I will start early tomorrow morning.","Même s'il pleut, je partirai tôt demain matin."
"Even though he was sick, the boy still went to school.","Bien qu'il fut malade, le garçon alla néanmoins à l'école."
Every day I either ride a bike or get the bus to work.,"Tous les jours, je me rends au travail soit en vélo, soit en bus."
"Every time I read this book, I discover something new.","Chaque fois que je lis ce livre, je découvre quelque chose de nouveau."
"Every time she coughed, she felt a great deal of pain.","Chaque fois qu'elle toussait, elle ressentait une forte douleur."
"Every time she coughed, she felt a great deal of pain.","Chaque fois qu'elle toussait, elle ressentait de fortes douleurs."
"Everywhere he stopped, the people welcomed him warmly.","Partout où il s'arrêtait, les gens l'accueillaient chaleureusement."
Everywhere you look you can see young couples kissing.,"Où que l'on regarde, on peut voir de jeunes couples en train de s'embrasser."
Everywhere you look you can see young couples kissing.,"Où que l'on porte le regard, on peut voir de jeunes couples en train de s'embrasser."
Exercise is to the body what thinking is to the brain.,Le sport est au corps ce que la pensée est au cerveau.