English words/sentences,French words/sentences
None of us can speak French.,Aucun d'entre nous ne sait parler français.
Not all girls are like that.,Toutes les filles ne sont pas ainsi.
Not all of them are present.,Ils ne sont pas tous présents.
Not everybody can be a poet.,Tout le monde ne peut pas être poète.
Not everything is about you.,Tout ne se rapporte pas à toi.
Not everything is about you.,Tout ne se rapporte pas à vous.
Nothing happened between us.,Rien ne s'est passé entre nous.
Nothing unexpected happened.,Il ne s'est rien passé d’inattendu.
Nothing unexpected happened.,Rien d'inattendu ne s'est produit.
Nothing will stop his going.,Rien ne l'arrêtera.
Now I understand everything.,Maintenant je comprends tout.
"Now pay attention, children.","Maintenant, faites attention, les enfants."
Now shake hands and make up.,Maintenant serrez-vous la main et réconciliez-vous.
"Now, it's time to celebrate.",Il est maintenant temps de se réjouir.
"Now, it's time to celebrate.",Il est maintenant temps de nous réjouir.
"Obviously, it's not working.","À l'évidence, ça ne fonctionne pas."
Ogai is his favorite author.,Ogai est son auteur préféré.
"Oh come on, don't be scared.","Oh, allez, ne sois pas effrayé."
"Oh, no! My house is on fire!","Oh, non ! Ma maison est en feu !"
One of my friends knows you.,Un de mes amis te connaît.
Only three people were hurt.,Seulement trois personnes ont été blessées.
Open your book to page nine.,Ouvrez votre livre à la page neuf.
Our baby isn't speaking yet.,Notre bébé ne parle pas encore.
Our best friend is a doctor.,Notre meilleur ami est médecin.
Our dog will bite strangers.,Notre chien mord les étrangers.
Our friendship did not last.,Notre amitié n'a pas duré.
Our house was built in 2013.,Notre maison a été construite en 2013.
Our lives are in your hands.,Nos vies reposent entre tes mains.
Our lives are in your hands.,Nos vies reposent entre vos mains.
Our son died during the war.,Notre fils est mort pendant la guerre.
Our teacher is a real idiot.,Notre professeur est un parfait idiot.
Our team lost all its games.,Notre équipe a perdu tous ses matchs.
Parents love their children.,Les parents aiment leurs enfants.
Pay attention to what I say.,Faites attention à ce que je dis.
People are starting to talk.,Les gens commencent à parler.
People do that all the time.,Les gens font ça tout le temps.
Perhaps he knows this story.,Peut-être connaît-il cette histoire.
Perhaps he missed the train.,Peut-être a-t-il manqué le train.
Pickpockets target tourists.,Les tire-laines ciblent les touristes.
Pickpockets target tourists.,Les voleurs à la tire ciblent les touristes.
Playing tennis is his hobby.,Jouer au tennis est son hobby.
Please call before you come.,Je te prie d'appeler avant de venir.
Please call before you come.,Je vous prie d'appeler avant de venir.
Please come see me tomorrow.,Venez me voir demain s'il vous plait.
Please contact me by letter.,Veuillez me contacter par lettre.
Please correct the sentence.,"Corrigez cette phrase, s'il vous plait."
Please don't be angry at me.,Ne sois pas en colère contre moi s'il te plaît.
Please excuse my being late.,Veuillez excuser mon retard.
Please excuse my being late.,Veuillez excuser mon arrivée tardive.
Please fill out these forms.,Veuillez remplir ces formulaires.
Please find out where he is.,Veuillez trouver où il est.
Please give me a cup of tea.,Donne-moi une tasse de thé s'il te plaît.
Please give me one of these.,"Donne-m'en un, s'il te plaît."
Please give me one of these.,"Donnez-m'en un, s'il vous plaît."
Please give me one of these.,"Donne-m'en une, s'il te plaît."
Please give me one of these.,"Donnez-m'en une, s'il vous plaît."
Please let me come with you.,"S'il te plaît, emmène-moi avec toi."
Please paint the door white.,"S'il vous plait, peignez la porte en blanc."
Please pour me a little tea.,"Servez-moi un peu de thé, s'il vous plaît."
Please prepare for the trip.,Veuillez vous préparer pour le voyage.
Please prepare for the trip.,"Prépare-toi pour le voyage, je te prie."
Please refrain from smoking.,"Abstenez-vous de fumer, s'il vous plait."
Please send it to me by fax.,"S'il te plait, envoie-le-moi par fax."
Please send me another copy.,"Envoyez-moi une autre copie, s'il vous plaît."
Please show me your picture.,Montrez-moi votre photo.
Please speak in a low voice.,Veuillez parler à voix basse.
Please stop calling me that.,"Arrête de m'appeler comme ça, s'il te plaît."
Please stop calling me that.,Veuillez arrêter de m'appeler comme cela.
Please tell Tom Mary called.,"Tu peux dire à Tom que Mary a appelé, s'il te plait?"
Please tell Tom Mary called.,"Dis à Tom que Marie a appelé, s'il te plaît."
Please tell me how you feel.,"Dis-moi comment tu te sens, s'il te plaît."
Please tell me what that is.,"Dis-moi ce que c'est, s'il te plaît."
Please tell me your opinion.,Donnez-moi votre opinion s'il vous plaît.
Please turn down the volume.,"Baisse le niveau, s'il te plait."
Please turn down the volume.,Veuillez baisser le niveau.
Please turn off your engine.,"Coupe ton moteur, s'il te plait."
Please turn off your engine.,"Coupez votre moteur, je vous prie."
Please turn off your engine.,"Éteins ton moteur, s'il te plait."
Please turn off your engine.,"Éteignez votre moteur, s'il vous plait."
Please validate this ticket.,Merci de bien vouloir valider ce ticket.
Please wait a little longer.,"S'il te plaît, attends encore un petit peu."
Please write down your name.,Veuillez écrire votre nom.
Please write down your name.,"Écris ton nom, s'il te plaît."
Please write down your name.,"Écrivez votre nom, je vous prie."
Please write down your name.,"Écrivez votre nom, s'il vous plaît."
Please write down your name.,"Écris ton nom, je te prie."
Please write your name here.,Ecrivez votre nom ici s'il vous plaît.
Please write your name here.,Veuillez écrire votre nom ici.
Prices will certainly go up.,Les prix vont certainement augmenter.
Pus has formed in the wound.,Du pus s'est formé dans la plaie.
Put another log on the fire.,Mets une autre bûche sur le feu.
Put another log on the fire.,Mettez une autre bûche sur le feu.
Put everything in my basket.,Mettez tout dans mon panier.
Put the broom in the closet.,Mets le balai dans le placard.
Put the broom in the closet.,Mettez le balai dans le placard.
Put the car into the garage.,Mets la voiture au garage.
Put the question in writing.,Écrivez la question.
Put yourself in my position.,Mets-toi à ma place.
Rabbits like to eat carrots.,Les lapins aiment manger les carottes.
Rainy season begins in June.,La saison des pluies débute en juin.
Read the bottom of the page.,Lis le bas de la page !
Remember not to tell anyone.,Souviens-toi de ne le dire à personne !
Remember not to tell anyone.,Souvenez-vous de ne le dire à personne !
Rice grows in warm climates.,Le riz pousse dans les climats chauds.
Rice grows in warm climates.,Le riz pousse sous les climats chauds.
Rich soil yields good crops.,Un sol riche produit de bonnes récoltes.
Rome was not built in a day.,Rome ne s'est pas faite en un jour.
Roses have a nice fragrance.,Les roses sentent bon.
Roses have a nice fragrance.,Les roses ont un parfum agréable.
Rules are made to be broken.,Les règles sont faites pour être violées.
Safety is what matters most.,La sécurité est la chose la plus importante.
Say goodbye to your friends.,Dites au-revoir à vos amis.
School reopens in September.,L'école rouvre en septembre.
See if my answer is correct.,Vois si ma réponse est correcte.
See if my answer is correct.,Voyez si ma réponse est correcte.
Selling cars is my business.,Vendre des voitures est mon travail.
Selling cars is my business.,"Vendre des voitures, c'est ma partie."
Send for the doctor at once.,Envoyez chercher le docteur tout de suite.
"Sensing danger, he ran away.","Percevant le danger, il s'enfuit en courant."
Several plans were proposed.,Plusieurs plans furent proposés.
Shall I come to your office?,Dois-je me rendre à votre bureau ?
She advised him to exercise.,Elle lui conseilla de faire de l'exercice.
She advised him to exercise.,Elle lui a conseillé de faire de l'exercice.
She advised him to go there.,Elle lui conseilla de s'y rendre.
She advised him to go there.,Elle lui conseilla d'y aller.
She advised him to go there.,Elle lui a conseillé de s'y rendre.
She allowed him to go alone.,Elle lui permit d'y aller seul.
She allowed him to go alone.,Elle l'autorisa à s'y rendre seul.
She always dresses in black.,Elle s'habille toujours de noir.
She always gets her own way.,Elle obtient toujours ce qu'elle veut.
She appealed to me for help.,Elle a fait appel à moi pour l'aider.
She approved of the wedding.,Elle approuva le mariage.
She asked him out on a date.,Elle lui demanda de sortir avec lui.
She asked him out on a date.,Elle lui a demandé de sortir avec lui.
She asked him out on a date.,Elle lui demanda de sortir avec elle.
She asked him out on a date.,Elle lui a demandé de sortir avec elle.
She asked me if I could sew.,Elle m'a demandé si je savais coudre.
She attracted our attention.,Elle attira notre attention.
She bought her son a camera.,Elle acheta un appareil photo à son fils.
She brought me a cup of tea.,Elle m'apporta une tasse de thé.
She brought me a cup of tea.,Elle m'a apporté une tasse de thé.
She brought up two children.,Elle a élevé deux enfants.
She called him on the phone.,Elle l'a appelé au téléphone.
She called him on the phone.,Elle l'appela au téléphone.
She called me up from Tokyo.,Elle m'a appelé de Tokyo.
She came back an hour later.,Elle est revenue au bout d'une heure.
She can never keep a secret.,Elle ne sait jamais garder un secret.
She can play the piano well.,Elle sait bien jouer du piano.
She can run a full marathon.,Elle est capable de courir un marathon.
She closed her diary slowly.,Elle ferma lentement son journal.
She continued with the work.,Elle poursuivit le travail.
She continued with the work.,Elle a poursuivi le travail.
She cooked some fish for me.,Elle m'a cuisiné du poisson.
She cooks for him every day.,Elle cuisine pour lui quotidiennement.
She couldn't have said that.,Elle ne pourrait pas avoir dit ça.
She couldn't stop the tears.,Elle ne pouvait s'empêcher de pleurer.
She cut off the carrot tops.,Elle coupa le haut des carottes.
She decided on a blue dress.,Elle se décida pour une robe bleue.
She decided to have surgery.,Elle se décida à recourir à la chirurgie.
She decided to study abroad.,Elle a décidé d'aller étudier à l'étranger.
She declined the invitation.,Elle déclina l'invitation.
She despises people who lie.,Elle méprise les gens qui mentent.
She did it against her will.,Elle l'a fait contre son gré.
She did it for her children.,Elle l'a fait pour ses enfants.
She did not return till six.,Elle ne revint pas avant 6 heures.
She did not walk to the gym.,Elle ne se rendit pas à pied à la gym.
She did so out of curiosity.,Elle l'a fait par curiosité.
She didn't even try to help.,Elle n'essaya pas même d'aider.
She didn't even try to help.,Elle n'a même pas essayé d'aider.
She didn't give me her name.,Elle ne m'a pas donné son nom.
She didn't have any pencils.,Elle n'avait même pas un crayon.
She didn't like her husband.,Elle n'aimait pas son mari.
She didn't like her husband.,Elle n'a pas aimé son mari.
She didn't take many photos.,Elle n'a pas pris beaucoup de photos.
She died in a bike accident.,Elle est morte dans un accident de vélo.
She disappeared in the dark.,Elle disparut dans l'obscurité.
She doesn't have the ticket.,Elle n'a pas le billet.
She dressed herself quickly.,Elle s'habilla en vitesse.
She explained it over again.,Elle l'expliqua de nouveau depuis le début.
She first met him in Boston.,Elle l'a rencontré pour la première fois à Boston.
She found a nice tie for me.,Elle m'a trouvé une belle cravate.
She gave him a lot of money.,Elle lui donna beaucoup d'argent.
She gave him a lot of money.,Elle lui a donné beaucoup d'argent.
She gave him a nice present.,Elle lui a offert un chouette cadeau.
She gave him a nice present.,Elle lui offrit un beau cadeau.
She gave him his first kiss.,Elle lui donna son premier baiser.
She gave him his first kiss.,Elle lui a donné son premier baiser.
She gave me these old coins.,Elle m'a donné ces vieilles pièces.
She grabbed him by the hand.,Elle le saisit par la main.
She grabbed him by the hand.,Elle l'a saisi par la main.
She greeted me with a smile.,Elle m'a accueilli avec un sourire.
She greeted us with a smile.,Elle nous accueillit d'un sourire.
She guided me to the palace.,Elle me conduisit au palais.
She had long hair last year.,Elle avait les cheveux longs l'année dernière.
She handles a saw very well.,Elle manie très bien la scie.
She has a gift for prophecy.,Elle a un don de prophétie.
She has a lot of work to do.,Elle a beaucoup de travail à faire.
She has buried her only son.,Elle a enterré son fils unique.
She has him under her thumb.,Elle l'a sous sa coupe.
She has many valuable books.,Elle possède de nombreux ouvrages de valeur.
She has such beautiful eyes.,Elle a de si beaux yeux.
She has to pay for the book.,Elle doit payer pour le livre.
She hit him again and again.,Elle le frappa encore et encore.
She hurried across the lawn.,Elle se précipita à travers la pelouse.
She ignored all my warnings.,Elle a ignoré tous mes avertissements.
She ignored all my warnings.,Elle a ignoré toutes mes mises en garde.
She intended to go shopping.,Elle avait l'intention d'aller faire des courses.
She intended to go shopping.,Elle avait l'intention d'aller faire des emplettes.
She is a good tennis player.,C'est une bonne joueuse de tennis.
She is a short story writer.,Elle écrit des nouvelles.
She is always neat and tidy.,Elle est toujours soignée et ordonnée.
She is an excellent student.,C'est une excellente étudiante.
She is as beautiful as ever.,"Elle est belle, comme toujours."
She is certainly over forty.,Elle a certainement plus de quarante ans.
She is certainly over forty.,C'est certainement une quadra.
She is contemplating a trip.,Elle planifie un voyage.
She is dressed like a bride.,Elle est habillée en mariée.
She is drunk with happiness.,Elle est ivre de bonheur.
She is extremely attractive.,Elle est extrêmement séduisante.
She is gracious to everyone.,Elle est sympathique avec tout le monde.
She is in low spirits today.,Elle n'a pas le moral aujourd'hui.
She is muttering to herself.,Elle se parle à elle toute seule.
She is peeling the potatoes.,Elle épluche des pommes de terre.
She is proficient in French.,Elle maîtrise le français.
She is qualified as a nurse.,C'est une infirmière attitrée.
She is really into knitting.,C'est une fondue de tricot.
She is really into knitting.,Elle est vraiment passionnée de tricot.
She is sitting on the bench.,Elle est assise sur un banc.
She is the executive editor.,Elle est l’éditeur en chef.
She is used to living alone.,Elle est habituée à vivre seule.
She is very annoyed with me.,Elle est très fâchée après moi.
She is very fond of flowers.,Elle aime beaucoup les fleurs.
She is watering the flowers.,Elle est en train d'arroser les fleurs.
She is wearing a blue dress.,Elle porte une robe bleue.
She is wearing a nice watch.,Elle porte une belle montre.
She is writing a letter now.,Elle écrit une lettre maintenant.
She killed him with a knife.,Elle l'a tué avec un couteau.
She killed him with a knife.,Elle le tua avec un couteau.
She kissed him on the cheek.,Elle l'embrassa sur la joue.
She kissed him on the cheek.,Elle l'a embrassé sur la joue.
She knows French inside out.,Elle connaît tout du français.
She knows. She always knows.,Elle sait. Elle sait toujours.
She left France for America.,Elle quitta la France pour l'Amérique.
She left her ticket at home.,Elle a laissé son billet à la maison.
She left her ticket at home.,Elle a laissé son billet chez elle.
She left her ticket at home.,Elle a laissé son billet chez moi.
She left her ticket at home.,Elle a laissé son billet chez nous.
"She likes jazz, and so do I.","Elle aime le jazz, et moi aussi."
She likes painting pictures.,Elle aime peindre des tableaux.
She looked at me and smiled.,Elle m'a regardé et a souri.
She looks young for her age.,Elle semble jeune pour son âge.
She lost her son in the war.,Elle a perdu son fils à la guerre.
She loved her mother dearly.,Elle aimait sa mère tendrement.
She made a mess of the work.,Elle a gâché le boulot.
She made a mess of the work.,Elle a gâché le travail.
She made a new suit for him.,Elle lui confectionna un nouveau costume.
She made fun of her husband.,Elle se moquait de son mari.
She made him clean his room.,Elle lui fit nettoyer sa chambre.
She may not wait any longer.,Il se peut qu'elle n'attende pas plus longtemps.
She may not wait any longer.,Il se peut qu'elle n'attende pas davantage.
She may use this typewriter.,Elle peut utiliser cette machine à écrire.
She misses her family a lot.,Sa famille lui manque beaucoup.
She needs some help from us.,Elle a besoin d'aide de notre part.
She never stops complaining.,Elle n'arrête pas de se plaindre.
She owes him a lot of money.,Elle lui doit beaucoup d'argent.
She painted the walls white.,Elle a peint les murs en blanc.
She passed out on the floor.,Elle s'est évanouie par terre.
She proposed giving a party.,Elle suggéra de faire une fête.
She pushed him off the pier.,Elle le poussa de la jetée.
She pushed him off the pier.,Elle l'a poussé de la jetée.
She pushed him out the door.,Elle le poussa par la porte.
She put the children to bed.,Elle mit les enfants au lit.
She put the children to bed.,Elle a mis les enfants au lit.
She quit her job last month.,Elle a quitté son emploi le mois dernier.
She raced him down the hill.,Elle fit la course avec lui jusqu'au bas de la colline.
She ran as fast as possible.,Elle courut aussi vite qu'elle put.
She ran as fast as possible.,Elle a couru aussi vite que possible.
She really got on my nerves.,Elle m'a vraiment tapé sur les nerfs.
She really likes cats a lot.,Elle aime vraiment beaucoup les chats.
She remained silent all day.,Elle est restée silencieuse toute la journée.
She said she had been happy.,Elle a dit qu'elle avait été heureuse.
She said that she was happy.,Elle dit qu'elle était heureuse.
She said that she was happy.,Elle a dit qu'elle était heureuse.
She sat beside me in church.,Elle s'assit près de moi à l'église.
She seemed to have been ill.,Elle semblait avoir été malade.
She seemed to have been ill.,Il semble qu'elle ait été malade.
She should be there at noon.,Elle devrait être là à midi.
She should be there at noon.,Elle devrait y être à midi.
She shouldn't go by herself.,Elle ne devrait pas y aller seule.
She shouldn't go by herself.,Elle ne devrait pas s'y rendre seule.
She slapped him in the face.,Elle le frappa au visage.
She sleeps with two pillows.,Elle dort avec deux coussins.
She sleeps with two pillows.,Elle dort avec deux oreillers.
She smiled and said goodbye.,Elle sourit et prit congé.
She stabbed him in the back.,Elle le poignarda dans le dos.
She stabbed him in the back.,Elle l'a poignardé dans le dos.
She started from the summit.,Elle débuta au sommet.
She stays in touch with him.,Elle reste en contact avec lui.
She stopped picking daisies.,Elle s'arrêta de cueillir des pâquerettes.
She studies as hard as ever.,Elle étudie plus que jamais.
She took a sip of her drink.,Elle prit une gorgée de sa boisson.
She took a sip of her drink.,Elle a pris une gorgée de sa boisson.
She treated him like a king.,Elle le traita comme un roi.
She treated him like a king.,Elle l'a traité comme un roi.
She tried to commit suicide.,Elle a essayé de se suicider.
She tried to commit suicide.,Elle a tenté de se suicider.
She turned down my proposal.,Elle refusa ma proposition.
She turned pale at the news.,Elle pâlit à ces nouvelles.
She turned pale at the news.,Elle pâlit à la nouvelle.
She urged him to do the job.,Elle le pressa de faire le travail.
She usually walks to school.,Elle se rend d'ordinaire à l'école à pied.
She visited him once a year.,Elle lui rendit visite une fois par an.
She visited him once a year.,Elle lui a rendu visite une fois par an.
She visits him twice a year.,Elle lui rend visite deux fois par an.
She volunteered to help him.,Elle s'est portée volontaire pour l'aider.
She wanted to go out anyway.,"Elle voulait sortir, de toutes façons."
She wants me to go with her.,Elle veut que j'aille avec elle.
She wants to meet him again.,Elle veut le revoir.
She wants to meet him again.,Elle veut le rencontrer à nouveau.
She was a beauty in her day.,C'était une beauté dans sa jeunesse.
She was a middle-aged woman.,C'était une femme d'âge moyen.
She was accepted by Harvard.,Elle a été acceptée à Harvard.
She was almost hit by a car.,Elle a presque été heurtée par une voiture.
She was busy with housework.,Elle était occupée aux tâches ménagères.
She was holding an umbrella.,Elle tenait un parapluie.
She was ill for a long time.,Elle a été malade pendant longtemps.
She was in time for the bus.,Elle est arrivée à temps pour son bus.
She was my first girlfriend.,Elle fut ma première petite amie.
She was my first girlfriend.,Elle a été ma première petite amie.
She was robbed of her purse.,Son sac à main lui a été dérobé.
She was robbed of her purse.,On lui a volé son sac à main.
She was struck by lightning.,Elle a été frappé par la foudre.
She was wearing a black hat.,Elle portait un chapeau noir.
She was wearing a blue coat.,Elle portait un manteau bleu.
She wasn't able to meet him.,Elle fut dans l'incapacité de le rencontrer.
She wasn't able to meet him.,Elle a été dans l'incapacité de le rencontrer.
She went shopping elsewhere.,Elle est allée faire les courses autre part.
She went with him to Boston.,Elle est allée avec lui à Boston.
She will be late for dinner.,Elle sera en retard pour le dîner.
She won't call this evening.,Elle n’appellera pas ce soir.
"She wore a long, loose coat.",Elle portait un long et ample manteau.
She worries about my health.,Elle se soucie de ma santé.
She's digging her own grave.,Elle creuse sa propre tombe.
She's inquisitive by nature.,Elle est curieuse de nature.
She's looking the other way.,Elle est en train de regarder de l'autre côté.
She's much happier than him.,Elle est bien plus heureuse que lui.
She's much heavier than him.,Elle est bien plus lourde que lui.
She's much heavier than him.,Elle est beaucoup plus lourde que lui.
She's not the marrying type.,Elle n'est pas du genre à se marier.
She's the girl of my dreams.,C'est la fille de mes rêves.
She's the perfect housewife.,C'est une femme d'intérieur accomplie.
She's very afraid of snakes.,Elle a très peur des serpents.
She's very afraid of snakes.,Elle a une peur bleue des serpents.
Shops are quiet on weekdays.,Les magasins sont calmes les jours de semaine.
Short hair really suits her.,Les cheveux courts lui vont vraiment bien.
Should I take this medicine?,Dois-je prendre ce médicament ?
Should I take this medicine?,Devrais-je prendre ce remède ?
Should we call an ambulance?,Devrions-nous appeler une ambulance ?
"Show me another tie, please.","Montrez-moi une autre cravate, s'il vous plaît."
Silver costs less than gold.,L'argent coûte moins que l'or.
Skiing is my favorite sport.,Le ski est mon sport préféré.
Slaves did most of the work.,Les esclaves ont fait la majeure partie du travail.
Sleep on it before deciding.,"Avant une prise de décision, la nuit porte conseil."
"Smile at the camera, please!",Veuillez sourire à la caméra.
"Smile at the camera, please!","Souriez à la caméra, s'il vous plaît !"
Smoking affects your health.,Fumer affecte votre santé.
Smoking in bed is dangerous.,Fumer au lit est dangereux.
Snow fell early this winter.,Cet hiver la neige a été précoce.
"So, what happened this time?","Alors, que s’est-il passé cette fois ?"
"So, what're you waiting for?","Alors, qu'est-ce que tu attends ?"
"So, what're you waiting for?","Alors, qu'attendez-vous ?"
Soccer is my favorite sport.,Le football est mon sport préféré.
Soldiers are used to danger.,Les soldats sont habitués au danger.
Soldiers must follow orders.,Les soldats doivent suivre les ordres.
Some of them are my friends.,Parmi eux certains sont mes amis.
Some of them are my friends.,Certains d'entre eux sont mes amis.
Some of them are my friends.,Certaines d'entre elles sont mes amies.
Some of you already know me.,Quelques-uns d'entre vous me connaissent déjà.
Somebody left the lights on.,Quelqu'un a laissé les lumières allumées.
Somebody's inside the house.,Quelqu'un se trouve à l'intérieur de la maison.
Someone ate all the cookies.,Quelqu'un a mangé tous les gâteaux.
Someone ate all the cookies.,Quelqu'un a mangé tous les biscuits.
Someone has to pay the bill.,Il faut que quelqu'un paie la note.
Someone has to pay the bill.,Quelqu'un doit payer la note.
Someone is calling for help.,Quelqu'un appelle à l'aide.
Someone knocked on the door.,Quelqu'un a frappé à la porte.
Someone knocked on the door.,Quelqu'un a toqué à la porte.
Someone knocked on the door.,Quelqu'un frappa à la porte.
Someone knocked on the door.,Quelqu'un frappait à la porte.
Someone stole Tom's bicycle.,Quelqu'un a volé le vélo de Tom.
Someone stole my belongings.,Quelqu'un m'a volé mes affaires.
Someone was calling my name.,Quelqu'un appelait mon nom.
Someone's going to hurt Tom.,Quelqu'un va faire du mal à Tom.
Someone's taken my umbrella.,Quelqu'un a pris mon parapluie.
Someone's trying to kill me.,Quelqu'un essaie de me tuer!
Something fishy is going on.,Il se trame quelque chose de louche.
Something is going on today.,Il se passe quelque chose aujourd'hui.
Sorry I didn't reply sooner.,Désolé de ne pas avoir répondu plus tôt.
Sorry I didn't reply sooner.,Désolée de ne pas avoir répondu plus tôt.
"Sorry, I didn't notice that.","Désolé, je ne l'ai pas remarqué."
"Sorry, I didn't notice that.","Désolée, je ne l'ai pas remarqué."
"Sorry, something went wrong.","Désolé, quelque chose a foiré."
"Sorry, something went wrong.","Désolée, quelque chose a foiré."
"Sorry, something went wrong.","Désolé, quelque chose est allé de travers."
"Sorry, something went wrong.","Désolée, quelque chose est allé de travers."
"Sorry, the line is busy now.","Désolé, la ligne est occupée actuellement."
Spanish is spoken in Mexico.,L'espagnol est parlé au Mexique.
Spare me the grisly details.,Épargnez-moi les détails macabres !
Spare me the grisly details.,Épargne-moi les détails macabres !
Speaking English isn't easy.,Parler anglais n'est pas facile.
"Stay calm, and do your best.",Reste calme et fais de ton mieux !
Stay far away from that dog.,Restez loin de ce chien.
Stay far away from that dog.,Reste loin de ce chien.
Stay with us for a few days.,Restez avec nous pour quelques jours.
Stay with us for a few days.,Reste avec nous pendant quelques jours.
"Still, the war was not over.","Malgré tout, la guerre n'était pas terminée."
Stir the paint with a stick.,Remue la peinture avec un bâton !
Stir the paint with a stick.,Remuez la peinture avec un bâton !
Stir the paint with a stick.,Touillez la peinture à l'aide d'un bâton !
Stop pestering me. I'm busy.,"Arrête de m'ennuyer, je suis occupé."
"Strangely enough, he failed.","Bizarrement, il a échoué."
Sugar is bad for your teeth.,Le sucre est mauvais pour tes dents.
Sugar is bad for your teeth.,Le sucre est mauvais pour vos dents.
Take a short walk every day.,Marchez un peu tous les jours.
Take a short walk every day.,Faites une petite promenade tous les jours.
Take any two cards you like.,Prends deux cartes de ton choix.
"Take off your socks, please.",Veuillez retirer vos chaussettes.
"Take off your socks, please.","Retire tes chaussettes, s'il te plait."
"Take off your socks, please.","Retirez vos chaussettes, je vous prie."
"Take off your socks, please.",Veuillez enlever vos chaussettes.
Take the chair to your room.,Emmène la chaise dans ta chambre.
Take two of these red pills.,Prenez deux de ces pilules rouges.
Take two of these red pills.,Prends deux de ces pilules rouges.
Take whichever one you like.,Prends celui qui te chante.
Take whichever one you like.,Prends celui que tu aimes.
Take whichever one you like.,Prenez celui que vous aimez.
Take whichever one you want.,Prends celui que tu veux.
Take your umbrella with you.,Prenez un parapluie avec vous.
Tears rolled down my cheeks.,Les larmes ont coulé le long de mes joues.
Tell Tom that I'm exhausted.,Dis à Tom que je suis épuisé.
Tell Tom to be here by 2:30.,Dis à Tom d'être ici avant 14 h 30.
Tell Tom what Mary told you.,Dites à Tom ce que Mary vous a dit.
Tell Tom what Mary told you.,Dis à Tom ce que Mary t'a dit.
Tell Tom where he should go.,Dites à Tom où il devrait aller.
Tell me about your children.,Parle-moi de tes enfants.
Tell me about your children.,Parlez-moi de vos enfants.
Tell me all about your plan.,"Dites-moi tout ce qu'il y a à savoir sur votre plan, s'il vous plaît."
Tell me everything you know.,Dis-moi tout ce que tu sais.
Tell me everything you know.,Dites-moi tout ce que vous savez.
Tell me the meaning of life.,Dites-moi le sens de la vie.
Tell me the meaning of life.,Dis-moi le sens de la vie.
Tell me when dinner's ready.,Dis-moi quand le dîner est prêt.
Tell me where Tom took Mary.,Dites-moi où Tom a emmené Mary.
Tell me which one to choose.,Dis-moi laquelle choisir.
Tell me which one to choose.,Dis-moi lequel choisir.
Tell me which one to choose.,Dites-moi laquelle choisir.
Tell me which one to choose.,Dites-moi lequel choisir.
Tell us about your new book.,Parlez-nous de votre nouveau livre.
Tell us about your new book.,Parle-nous de ton nouveau livre.
Tell us how we may help you.,Dites-nous comment nous pouvons vous aider.
Tell us how we may help you.,Dis-nous comment nous pouvons t'aider.
Tell us what you want to do.,Dis-nous ce que tu veux faire !
Tell us what you want to do.,Dites-nous ce que vous voulez faire !
Ten houses were burned down.,Dix maisons ont été incendiées.
"Ten to one, he will succeed.",Dix contre un qu'il va réussir.
Thank you for all the gifts.,Merci pour tous les cadeaux.
Thank you for all your help.,Merci de toute votre aide.
Thank you for all your help.,Merci de toute ton aide.
Thank you for picking me up.,Merci d'être passée me prendre.
Thank you for picking me up.,Merci de m'avoir ramené.
Thank you for picking me up.,Merci d'être venu me chercher.
Thank you for the other day.,Merci pour l'autre jour.
Thank you for your courtesy.,Je vous remercie pour votre courtoisie.
Thank you for your interest.,Merci pour votre attention.
Thank you for your kindness.,Merci pour votre gentillesse.
Thank you for your kindness.,Merci de votre gentillesse.
Thank you for your kindness.,Merci de ta gentillesse.
Thank you for your patience.,Merci pour votre patience.
Thank you for your purchase.,Merci pour votre achat.
"Thank you very much, doctor.","Merci beaucoup, Docteur."
Thanks again for everything.,Encore merci pour tout.
Thanks for bringing me here.,Merci de m'avoir amené ici.
Thanks for bringing me here.,Merci de m'avoir amenée ici.
Thanks for your cooperation.,Merci de votre coopération.
Thanks for your explanation.,Merci pour ton explication.
Thanks for your explanation.,Merci pour votre explication.
Thanks for your explanation.,Merci de vos éclaircissements.
Thanks for your hospitality.,Merci pour votre hospitalité.
Thanks for your hospitality.,Merci pour ton hospitalité.
Thanks for your quick reply.,Merci de ta prompte réponse.
That affair made him famous.,Cette affaire l'a rendu célèbre.
That amplifier doesn't work.,Cet amplificateur ne fonctionne pas.
"That brown one is mine, too.",Le brun est également à moi.
That building is our school.,Ce bâtiment est notre école.
That classroom is too small.,Cette salle de classe est trop petite.
That could be a coincidence.,Cela pourrait être une coïncidence.
That could buy us some time.,Cela pourrait nous faire gagner du temps.
That doesn't change a thing.,Cela ne change rien.
That doesn't help very much.,Ça n'aide pas beaucoup.
That flag is very beautiful.,Le drapeau est très beau.
That girl has a lovely doll.,Cette fille a une adorable poupée.
That girl is very beautiful.,Cette fille est très jolie.
That guy is completely nuts!,Ce mec est complètement zinzin !
That guy's a friend of mine.,Ce type est un de mes amis.
That guy's a friend of mine.,Ce type est un ami à moi.
That hardly matters anymore.,Cela n'a guère plus d'importance.
That house appears deserted.,La maison paraît déserte.
That house needs repainting.,Cette maison a besoin d'être repeinte.
That is just typical of him.,C'est vraiment typique de lui.
That is out of the question.,C'est hors de question.
That is what I want to know.,C'est ce que je veux savoir.
That is where you are wrong.,C'est là que vous faites erreur.
That is where you are wrong.,C'est là que vous avez fait erreur.
That is where you are wrong.,C'est là que tu te trompes.
That is where you are wrong.,C'est là que vous vous trompez.
That is where you are wrong.,C'est là que tu commets une erreur.
That isn't really necessary.,Ce n'est pas vraiment nécessaire.
That looks suspicious to me.,Ça m'a l'air suspect.
That made me change my mind.,Cela m'a fait changer d'avis.
That man is unworthy of you.,Cet homme est indigne de toi.
That man is unworthy of you.,Cet homme est indigne de vous.
That meal was simply divine.,Ce repas était simplement divin.
That meal was simply divine.,Ce repas était tout bonnement divin.
That might happen on Monday.,Il se pourrait que cela se passe lundi.
That might not be necessary.,Il se pourrait que ça ne soit pas nécessaire.
That place is always packed.,Cet endroit est toujours bondé.
That probably didn't happen.,Ça n'est probablement pas arrivé.
That really isn't necessary.,Ce n'est vraiment pas nécessaire.
That room is not very large.,Cette pièce n'est pas très grande.
That seems like a good idea.,Cela semble être une bonne idée.
That seems suspicious to me.,Cela me semble suspect.
That should please everyone.,Cela devrait faire plaisir à tout le monde.
That should please everyone.,Ça devrait plaire à tout le monde.
That sounded like a gunshot.,Ça a fait le bruit d'une détonation.
That sounded like a gunshot.,Ça a fait le bruit d'un coup de feu.
That sounded like a gunshot.,Ça a résonné comme une détonation.
That sounded like a gunshot.,Ça a résonné comme un coup de feu.
That statement is incorrect.,Cette affirmation est inexacte.
That strong light blinds me.,Cette lumière intense m'aveugle.
That town is two miles away.,Cette ville est distante de 2 miles.
That was a beautiful speech.,C'était un beau discours.
That was a foolish decision.,C'était une décision stupide.
That was a pretty good move.,Ce fut un assez bon mouvement.
That was a pretty good move.,Ce fut un assez bon coup.
That was a pretty good move.,Ce fut une assez bonne mesure.
That was just another party.,Ce n'était qu'une fête de plus.
That was just what I needed.,C'était exactement ce dont j'avais besoin.
That was only the beginning.,Ce n'était que le début.
That was pretty interesting.,C'était assez intéressant.
That was really interesting.,C'était très intéressant.
That was very well executed.,C'était très bien fait.
That wasn't exactly my plan.,Ce n'était pas exactement mon plan.
That wasn't very easy to do.,Ce ne fut pas très facile à faire.
That wasn't very hard to do.,Ce n'était pas très difficile à faire.
That wasn't what I intended.,Ce n'était pas mon intention.
That will be done this week.,Ce sera fait cette semaine.
That will cost thirty euros.,Ça va faire 30 euros.
That will put you in danger.,Ça te mettra en danger.
That's a beautiful painting.,C'est un beau tableau.
That's a comforting thought.,C'est une pensée réconfortante.
That's a good thing to have.,C'est une bonne chose à avoir.
That's a heartwarming scene.,C'est une scène touchante.
That's a photo of my sister.,C'est une photographie de ma sœur.
"That's a shrew, not a mouse.","C'est une musaraigne, pas une souris."
That's a very good question.,C'est une très bonne question.
That's actually pretty cool.,"C'est assez bonnard, en vérité."
That's actually very common.,C'est en fait très courant.
That's all I know right now.,C'est tout ce que je sais pour l'instant.
That's all I needed to hear.,C'est tout ce que j'avais besoin d'entendre.
That's all I needed to hear.,C'est tout ce dont j'avais besoin d'entendre.
That's all I needed to know.,C'est tout ce que j'avais besoin de savoir.
That's all I wanted to hear.,C'est tout ce que je voulais entendre.
That's all I wanted to know.,C'est tout ce que je voulais savoir.
That's all I'm trying to do.,C'est tout ce que j'essaie de faire.
That's all that matters now.,C'est tout ce qui compte maintenant.
That's all that's necessary.,C'est tout ce qui est nécessaire.
That's all you need to know.,C'est tout ce qu'il vous faut savoir.
That's all you need to know.,C'est tout ce qu'il te faut savoir.
That's an exact measurement.,C'est une mesure exacte.
That's exactly what I meant.,C'est précisément ce que je voulais dire.
That's exactly what I think.,C'est exactement ce que je pense.
That's exactly what I'd say.,C'est exactement ce que je dirais.
That's exactly what he said.,C’est exactement ce qu'il a dit.
That's exactly what we need.,C'est précisément ce qu'il nous faut.
That's exactly what we need.,C'est exactement ce qu'il nous faut.
That's exactly what we want.,C'est exactement ce que nous voulons.
That's exactly what we want.,C'est exactement ce qu'on veut.
That's good for a first try.,"C'est bien, pour un premier essai."
That's good for a first try.,"C'est bien, pour une première tentative."
That's how I feel right now.,C'est ce que je ressens à l'instant.
That's just what you needed.,C'est précisément ce dont tu avais besoin.
That's just what you needed.,C'est précisément ce dont vous aviez besoin.
That's just what you needed.,C'est précisément ce qu'il vous fallait.
That's just what you needed.,C'est précisément ce qu'il te fallait.
That's more than I expected.,C'est plus que je n'escomptais.
That's my favorite painting.,C'est mon tableau favori.
That's none of your concern.,Ce n'est pas ton affaire.
That's none of your concern.,Ça ne vous regarde en rien.
That's not an issue anymore.,Ce n'est plus un problème.
That's not for me to decide.,Ce n'est pas à moi d'en décider.
That's not going to stop me.,Ça ne va pas m'arrêter.
"That's not important, is it?","Ce n'est pas important, non ?"
That's not our only problem.,Ce n'est pas notre seul problème.
That's not really necessary.,Ce n'est pas vraiment nécessaire.
That's not really the point.,Ce n'est pas vraiment le sujet.
That's not such a good idea.,Ce n'est pas une si bonne idée.
That's not the best example.,Ce n'est pas le meilleur exemple.
That's not the only problem.,Ce n'est pas le seul problème.
That's not the only problem.,Ce n'est pas l'unique problème.
That's not the right answer.,Ce n'est pas la bonne réponse.
That's not the way I see it.,Ce n'est pas ainsi que je le vois.
That's not the way I see it.,Ce n'est pas la manière dont je le vois.
"That's not very good, is it?","Ce n'est pas très bon, n'est-ce pas ?"
That's not what I asked you.,Ce n'est pas ce que je vous ai demandé.
That's not what I asked you.,Ce n'est pas ce que je t'ai demandé.
That's not what I was doing.,Ce n'est pas ce que j'étais en train de faire.
That's one of my weaknesses.,C'est une de mes faiblesses.
That's probably a good idea.,C'est probablement une bonne idée.
That's really not necessary.,Ce n'est pas vraiment nécessaire.
That's really not the point.,Ce n'est vraiment pas le sujet.
That's really what you want?,C'est vraiment ce que tu veux ?
That's the price of success.,C'est la rançon du succès.
"That's the problem, I think.","C'est le problème, je pense."
That's too difficult for me.,C'est trop difficile pour moi.
That's very generous of you.,C'est très généreux de votre part.
That's what I'm counting on.,C'est ce sur quoi je compte.
That's what friends are for.,Les amis sont faits pour ça.
That's what friends are for.,Voilà à quoi servent les amis.
That's what smart people do.,C'est ce que les gens intelligents font.
That's what they always say.,C'est ce qu'ils disent toujours.
That's what they always say.,C'est ce qu'elles disent toujours.
That's what we want to know.,C'est ce que nous voulons savoir.
That's what we want to know.,C’est ce que nous voulons savoir.
That's what we've been told.,C'est ce qu'on nous a dit.
That's where the problem is.,C'est là que réside le problème.
That's why I did what I did.,C'est pourquoi j'ai fait ce que j'ai fait.
That's why I don't like you.,C'est pour ça que je ne t'aime pas.
That's why I need your help.,C'est pourquoi j'ai besoin de votre aide.
That's why I need your help.,C'est pourquoi j'ai besoin de ton aide.
"That's your favorite, right?","C'est ton préféré, non ?"
"That's your favorite, right?","C'est votre préférée, n'est-ce pas ?"
That’s actually the truth.,C'est en fait la vérité.
The Japanese have dark eyes.,Les Japonais ont les yeux foncés.
The Sahara is a vast desert.,Le Sahara est un grand désert.
The air is pure around here.,L'air est pur dans le coin.
The announcer spoke English.,Le présentateur parla en anglais.
The answer is pretty simple.,La réponse est plutôt simple.
The answer was discouraging.,La réponse était décourageante.
The arrow missed its target.,La flèche a manqué sa cible.
The audience began to laugh.,Le public commença à rire.
The baby screamed all night.,Le bébé a crié toute la nuit.
The beaches are better here.,Les plages sont meilleures ici.
The bed is very comfortable.,Le lit est très confortable.
The bellows are not working.,Les soufflets ne fonctionnent pas.
The bellows are not working.,La sonnette ne fonctionne pas.
The biggest concern is cost.,La plus grande préoccupation est le coût.
The bill must be paid today.,La facture doit être payée aujourd'hui.
The birds flew to the south.,Les oiseaux volèrent vers le sud.
The black umbrella is Tom's.,Le parapluie noir est à Tom.
The boat drifted out to sea.,Le bateau a dérivé en mer.
The boat sank to the bottom.,Le bateau a coulé au fond.
The book costs five dollars.,Le livre coûte cinq dollars.
The boss lady was very busy.,La cheffe était très occupée.
The boy caught a large fish.,Le garçon attrapa un gros poisson.
The boy caught a large fish.,Le garçon attrapa un grand poisson.
The boy caught a large fish.,Le garçon a attrapé un gros poisson.
The boy caught a large fish.,Le garçon a attrapé un grand poisson.
The boy got his hands dirty.,Le garçon s'est sali les mains.
The boy hid behind the door.,Le garçon se cacha derrière la porte.
The boy is tall for his age.,Le gamin est grand pour son âge.
The bridge is built of wood.,Ce pont est fait en bois.
The bucket is full of water.,Le seau est rempli d'eau.
The budget must be balanced.,Le budget doit être équilibré.
The bus was awfully crowded.,Le bus était terriblement bondé.
The bus was hot and crowded.,Il faisait chaud dans le bus et il était bondé.
The butcher ground the meat.,Le boucher hacha la viande.
The campaign ends on Monday.,La campagne finit lundi.
The cap is too small for me.,Le chapeau est trop petit pour moi.
The cap is too small for me.,La casquette est trop petite pour moi.
The car's almost out of gas.,La voiture n'a presque plus d'essence.
The castle might be haunted.,Le château pourrait être hanté.
The castle might be haunted.,Il se pourrait que le château soit hanté.
The cat climbed up the tree.,La chat grimpa à l'arbre.
The cat climbed up the tree.,Le chat a grimpé sur l'arbre.
The cattle starved to death.,Le bétail est mort de faim.
The ceremony was impressive.,La cérémonie était impressionnante.
The chairs are made of wood.,Les chaises sont faites de bois.
The challenges are enormous.,Les défis sont énormes.
The children are our future.,Les enfants sont notre avenir.
The children were fed first.,Les enfants ont été nourris en premier.
The choice is all up to you.,Le choix dépend entièrement de toi.
The choice is all up to you.,Le choix repose entièrement entre tes mains.
The choice is all up to you.,Le choix repose entièrement entre vos mains.
The city was founded in 573.,La ville a été fondée en 573.
The coat is too big for Tom.,Le manteau est trop grand pour Tom.
The complaint was dismissed.,La plainte a été rejetée.
The computer is to her left.,L'ordinateur se trouve à sa gauche.
The corporal is on furlough.,Le brigadier est en permission.
The courts will decide that.,Les tribunaux en décideront.
The courts will decide that.,Les tribunaux décideront de cela.
The crew abandoned the ship.,L'équipage a quitté le navire.
The days are getting longer.,Les jours s'allongent.
The days are growing longer.,Les jours s'allongent.
The deadline is approaching.,La date limite s'approche.
The deadlock was inevitable.,Cette impasse était une fatalité.
The deal did not go through.,L'accord n'est pas passé.
The devil is in the details.,Le diable se cache dans les détails.
The diamond appears genuine.,Le diamant semble authentique.
The dog chased the squirrel.,Le chien a poursuivi l'écureuil.
The dog didn't eat the meat.,Le chien n'a pas mangé la viande.
The dog jumped over a chair.,Le chien a sauté par-dessus une chaise.
The dog sleeps on the couch.,Le chien dort sur le canapé.
The dog sniffed her luggage.,Le chien a reniflé ses bagages.
The dog sniffed her luggage.,Le chien renifla ses bagages.
The dog was frozen to death.,Le chien est mort de froid.
The door was partially open.,La porte était entrouverte.
The enemy attacked the town.,L'ennemi s'attaqua à la ville.
The enemy attacked the town.,L'ennemi attaqua la ville.
The exam was very difficult.,L'examen était très difficile.
The exam was very difficult.,Le contrôle était très difficile.
The experiment has to begin.,L'expérience doit commencer.
The fire went out by itself.,Le feu s'est éteint naturellement.
The first stage is complete.,La première étape est achevée.
The fish tasted like salmon.,Le poisson avait goût de saumon.
The food was great in Italy.,La nourriture en Italie était bonne.
The freezer's in the garage.,Le congélateur se trouve dans le garage.
The game has been postponed.,Le match a été reporté.
The game has been postponed.,La partie a été reportée.
The gate is closed at eight.,La porte est fermée à huit heures.
The gate needs to be closed.,La porte doit être fermée.
The gate needs to be closed.,Le portail doit être fermé.
The ghost vanished suddenly.,Le fantôme disparut tout à coup.
The girl cried out for help.,La fille criait à l'aide.
The girl trembled with fear.,La fille tremblait de peur.
The goods arrived undamaged.,Les marchandises arrivèrent intactes.
The goods arrived undamaged.,Les marchandises sont arrivées intactes.
The goods arrived yesterday.,Les marchandises sont arrivées hier.
The guy with a beard is Tom.,Le gars avec une barbe est Tom.
The hail cracked the window.,La grêle a fendu la vitre.
The house has icicles on it.,Il y des glaçons sur la maison.
The house is well insulated.,La maison est bien isolée.
The house was painted white.,La maison était peinte en blanc.
The ice in the water melted.,La glace dans l'eau fondit.
The idea is very attractive.,L'idée est alléchante.
The island is warm all year.,L'île est chaude toute l'année.
The job is practically done.,Le travail est pratiquement fait.
The kids are finally asleep.,Les gosses sont enfin endormis.
The lake water is very cold.,L'eau du lac est très froide.
The lid screws onto the jar.,Le couvercle se visse sur le bocal.
The light suddenly went out.,La lumière s'est soudain éteinte.
The machine is out of order.,Cette machine est endommagée.
The machine is out of order.,La machine est hors service.
The mail can't be delivered.,Le courrier ne peut pas être distribué.
The man connected two wires.,L'homme connecta deux fils.
The man connected two wires.,L'homme a connecté deux fils.
The man was bitten by a dog.,L'homme fut mordu par un chien.
The match didn't take place.,Le match n'a pas eu lieu.
The medicine made me sleepy.,Le médicament m'a donné sommeil.
The medicine saved her life.,Le médicament sauva sa vie.
The medicine worked marvels.,Ce médicament a fait des miracles.
The meeting begins at three.,La conférence commence à trois heures.
The meeting was almost over.,La réunion touchait à sa fin.
The meeting was almost over.,La réunion prenait fin.
The meeting was almost over.,La réunion était sur le point de se terminer.
The meeting was almost over.,La réunion était pour ainsi dire close.
The movie was disappointing.,Ce film a été décevant.
The museum is worth a visit.,Le musée vaut une visite.
The negotiations have ended.,Les négociations sont terminées.
The noise doesn't bother us.,Le bruit ne nous gêne pas.
The noise gets on my nerves.,Le bruit me tape sur les nerfs.
The north wind blew all day.,Le vent du nord a soufflé toute la journée.
The orchestra began to play.,L'orchestre commença à jouer.
The orchestra began to play.,L'orchestre a commencé à jouer.
The pain started last night.,La douleur a commencé la nuit dernière.
The party ended at midnight.,La fête s'est terminée à minuit.
The picture is hung crooked.,Le tableau est de travers.
The police are following us.,La police nous suit.
The police can't arrest you.,La police ne peut pas t'arrêter.
The police can't arrest you.,La police ne peut pas vous arrêter.
The police caught him at it.,La police l'a pris en flagrant délit.
The police caught the thief.,La police a attrapé le voleur.
The poor are getting poorer.,Les pauvres s'appauvrissent.
The poor are getting poorer.,Les pauvres s'appauvrissent davantage.
The price is not reasonable.,Ce prix n'est pas raisonnable.
The prisoners were set free.,Les prisonniers furent libérés.
The prisoners were set free.,Les prisonnières furent libérées.
The prisoners were set free.,Les prisonniers ont été libérés.
The prisoners were set free.,Les prisonnières ont été libérées.
The problem resolved itself.,Le problème s'est résolu tout seul.
The problem resolved itself.,Le problème s'est résolu de lui-même.
The proof is in the pudding.,Fais-le et tu verras !
The question was rhetorical.,La question était rhétorique.
The results are significant.,Les résultats sont considérables.
The results were conclusive.,Les résultats étaient concluants.
The rich are getting richer.,Les riches s'enrichissent.
The road came to a dead end.,La route aboutissait à une impasse.
The roast lamb is very good.,L'agneau rôti est délicieux.
The roof of my house is red.,Le toit de ma maison est rouge.
The room is extremely small.,La chambre est extrêmement petite.
The room smelled of tobacco.,La pièce sentait le tabac.
The room smelled of tobacco.,La pièce avait une odeur de tabac.
The rules apply to everyone.,Les règles s'appliquent à tous.
The rumor proved to be true.,La rumeur s'est révélée être vraie.
The servant swept the floor.,Le servant nettoya le sol.
The servant swept the floor.,Le serviteur a balayé le sol.
The servant swept the floor.,Le domestique a balayé le sol.
The servant swept the floor.,La bonne a balayé le sol.
The shop stays open all day.,Le magasin reste ouvert toute la journée.
The sisters are quite alike.,Les sœurs sont assez semblables.
The sisters hate each other.,Les sœurs se détestent mutuellement.
The sisters hate each other.,Les sœurs se détestent l'une l'autre.
The sisters hate each other.,Les sœurs se détestent les unes les autres.
The sky is getting brighter.,Le ciel s'éclaircit.
The sky was completely dark.,Le ciel était très sombre.
The store is already closed.,Le magasin est déjà fermé.
The store is closed Mondays.,Le magasin est fermé le lundi.
The store is not open today.,Le magasin n'est pas ouvert aujourd'hui.
The storm stopped the train.,La tempête a fait arrêter le train.
The story doesn't end there.,L'histoire ne s'arrête pas là.
The streets become deserted.,Les rues viennent à être désertées.
The streets become deserted.,Les rues s'en viennent à être désertées.
The stripes were horizontal.,Les rayures étaient horizontales.
The student raised his hand.,L'étudiant leva la main.
The student raised his hand.,L'étudiant a levé la main.
The summer vacation is over.,Les vacances d'été sont passées.
The summer vacation is over.,Les congés d'été sont passés.
The sun is shining brightly.,Le soleil brille de façon éclatante.
The suspect is a black male.,Le suspect est un homme noir.
The talks should begin soon.,Les pourparlers devraient bientôt commencer.
The teacher let him go home.,L'instituteur le laissa rentrer chez lui.
The television doesn't work.,Le téléviseur ne marche pas.
The test came back negative.,Le test s'est avéré négatif.
The thermostat is defective.,Le thermostat est défectueux.
The threat no longer exists.,La menace est levée.
The towel was quite useless.,La serviette fut tout à fait inutile.
The train arrived in London.,Le train est arrivé à Londres.
The train is always on time.,Le train est toujours à l'heure.
The train is always on time.,Le train est toujours ponctuel.
The train made a brief stop.,Le train fit une brève halte.
The trees will soon be bare.,Les arbres seront vite dénudés.
The trees will soon be bare.,Les arbres seront bientôt dénudés.
The trip was very expensive.,Le voyage coûta fort cher.
The troops were annihilated.,Les troupes furent anéanties.
The village needs your help.,Le village a besoin de votre aide.
The village needs your help.,Le village a besoin de ton aide.
The way Tom talks annoys me.,La façon dont Tom parle me dérange.
The weather is nice tonight.,Il fait bon ce soir.
The weather is nice tonight.,"Il fait beau temps, ce soir."
"The weather's bad, isn't it?","Le temps est mauvais, non ?"
The whole house was shaking.,Toute la maison tremblait.
The whole world is watching.,Le monde entier nous regarde.
The work is almost finished.,Le travail est presque terminé.
The work was very difficult.,Le travail était très dur.
The work was very difficult.,Le travail était très difficile.
The world is full of idiots.,Le monde est plein d’idiots.
The wound is not yet healed.,La blessure n'est pas encore guérie.
Their concert was a big hit.,Leur concert fut un grand succès.
Their names have escaped me.,Leurs noms m'avaient échappé.
Their work seems good to me.,Leur travail me semble bon.
There are five pencils here.,"Ici, il y a cinq crayons."
There are holes in the roof.,Il y a des trous dans le toit.
There are too many tourists.,Il y a trop de touristes.
There is a book on the desk.,Il y a un livre sur le bureau.
There is a card on the desk.,Il y a une carte sur le bureau.
There is a hole in his sock.,Il y a un trou dans sa chaussette.
There is a lot of food left.,Il reste encore plein de nourriture.
There is a map on the table.,Il y a un plan sur la table.
There is no air on the moon.,Il n'y a pas d'air sur la Lune.
There is no hope of success.,Il n'y a aucune chance de réussite.
There is no reason to shout.,Il n'y a pas besoin de crier.
There isn't much wind today.,Il n'y a guère de vent aujourd'hui.
There seems to be a problem.,Il semble y avoir un problème.
There were boxes everywhere.,Il y avait des boites partout.
There were flies everywhere.,Il y avait des mouches partout.
There were too many of them.,Il y en avait trop.
There were too many of them.,Ils étaient trop nombreux.
There were too many of them.,Elles étaient trop nombreuses.
There's a full moon tonight.,"Ce soir, c'est la pleine lune."
There's a full moon tonight.,La lune est pleine cette nuit.
There's a hole in this sock.,Il y a un trou dans cette chaussette.
There's a lot of water left.,Il y a encore beaucoup d'eau.
There's a lot of work to do.,Il y a beaucoup de travail à faire.
There's a new boy in school.,Il y a un nouveau garçon à l'école.
There's a problem with that.,Il y a un problème avec ça.
There's a spider in the box.,Il y a une araignée dans la boîte.
There's a vase on the table.,Il y a un vase sur la table.
There's a woman in the room.,Il y a une femme dans la pièce.
There's a yellow rose there.,Il y a une rose jaune ici.
There's been a complication.,Il y a eu une complication.
There's blood on this knife.,Il y a du sang sur ce couteau.
There's no mistake about it.,Il n'y pas de problème avec ça.
There's no one in the house.,Il n'y a personne dans la maison.
There's no one sitting here.,Personne n'est assis ici.
There's no point doing that.,Cela ne sert à rien de faire cela.
There's no point doing that.,Il est inutile de faire cela.
There's no point in waiting.,Il ne sert à rien d'attendre.
There's no point in waiting.,Attendre ne sert à rien.
There's no shortage of work.,Ce n'est pas le travail qui manque.
There's no turning back now.,On ne peut plus retourner en arrière maintenant.
There's not much difference.,Il n'y a guère de différence.
There's nothing for us here.,Il n'y a rien pour nous ici.
There's nothing more to say.,Il n'y a rien de plus à dire.
There's nothing more to say.,Il n'y a rien d'autre à dire.
There's nothing more to say.,Il n'y a rien à ajouter.
There's nothing much to buy.,Il n'y a pas grand-chose à acheter.
There's nothing we can't do.,Il n'y a rien d'impossible pour nous.
There's something behind us.,Il y a quelque chose derrière nous.
These allegations are false.,Ces allégations sont fausses.
These muffins are delicious.,Ces muffins sont délicieux.
These toys are very popular.,Ces jouets sont très populaires.
These two leaves look alike.,Ces deux feuilles se ressemblent.
They addressed me as doctor.,Ils me donnèrent du « Docteur ».
They addressed me as doctor.,Ils s'adressèrent à moi par « Docteur ».
They agreed to meet me here.,Elles ont accepté de me rencontrer ici.
They agreed to meet me here.,Ils ont accepté de me rencontrer ici.
They all burst out laughing.,Ils ont tous éclaté de rire.
They all burst out laughing.,Elles ont toutes éclaté de rire.
They always make us do that.,Ils nous font toujours faire ça.
They always make us do that.,Elles nous font toujours faire ça.
They are about the same age.,Ils sont à peu près du même âge.
They are about the same age.,Elles sont à peu près du même âge.
They are both good teachers.,Ce sont tous les deux de bons professeurs.
They are reading their book.,Ils lisent leur livre.
They are reading their book.,Elles lisent leur livre.
They aren't afraid of death.,Ils n'ont pas peur de la mort.
They begged us to help them.,Ils nous ont suppliés de les aider.
They begged us to help them.,Elles nous ont suppliés de les aider.
They can't do anything else.,Ils ne peuvent rien faire d'autre.
They can't do anything else.,Elles ne peuvent rien faire d'autre.
They can't start without me.,Ils ne peuvent démarrer sans moi.
They can't start without me.,Elles ne peuvent démarrer sans moi.
They can't start without me.,Ils ne peuvent commencer sans moi.
They can't start without me.,Elles ne peuvent commencer sans moi.
They concluded he was lying.,Ils conclurent qu'il mentait.
They concluded he was lying.,Elles conclurent qu'il mentait.
They concluded he was lying.,Ils ont conclu qu'il mentait.
They could do with our help.,Ils pourraient user de notre aide.
They crushed all resistance.,Ils ont écrasé toute résistance.
They crushed all resistance.,Elles ont écrasé toute résistance.
They defended their country.,Ils ont défendu leur pays.
They died one after another.,Ils moururent l'un après l'autre.
They died one after another.,Elles moururent l'une après l'autre.
They died one after another.,Ils sont morts l'un après l'autre.
They died one after another.,Elles sont mortes l'une après l'autre.
They don't deserve my money.,Ils ne méritent pas mon argent.
They don't go well together.,Ils ne vont pas bien ensemble.
They don't have any weapons.,Ils n'ont pas d'armes.
They don't like this either.,Ils n'aiment pas ça non plus.
They don't want you to know.,Ils ne veulent pas que vous sachiez.
They don't want you to know.,Elles ne veulent pas que vous sachiez.
They drove the adults crazy.,Ils rendaient dingues les adultes.
They explored the Antarctic.,Ils explorèrent l'Antarctique.
They fight like cat and dog.,Ils se disputent comme chien et chat.
They fled in all directions.,Ils fuirent dans toutes les directions.
They fled in all directions.,Elles fuirent dans toutes les directions.
They found Tom in the crowd.,Ils ont trouvé Tom dans la foule.
"They found Tom, didn't they?","Ils ont trouvé Tom, n'est-ce pas ?"
They found the stolen money.,Ils ont trouvé l'argent volé.
They got to be good friends.,Ils devinrent bon amis.
They got to be good friends.,Elles devinrent bonnes amies.
They had lost the Civil War.,Ils avaient perdu la guerre civile.
They have a beautiful house.,Ils ont une belle maison.
They have nothing in common.,Ils n'ont rien en commun.
They have their own culture.,Ils ont leur culture.
They have to clean the room.,Ils doivent nettoyer la chambre.
They invited them to dinner.,Ils les ont invitées à dîner.
They invited them to dinner.,Elles les ont invités à dîner.
They invited them to dinner.,Elles les ont invitées à dîner.
They left before we arrived.,Ils sont partis avant qu'on arrive.
They left before we arrived.,Elles sont parties avant qu'on arrive.
They live in a rented house.,Ils habitent dans une maison louée.
They live in a rented house.,Ils vivent dans une maison de location.
They live in the same state.,Ils vivent dans le même état.
They live in the same state.,Elles vivent dans le même état.
They love each other deeply.,Ils s'aiment profondément l'un l'autre.
They love each other deeply.,Elles s'aiment profondément l'une l'autre.
They made fun of my clothes.,Elles se moquèrent de mes vêtements.
They made fun of my clothes.,Elles se moquèrent de mes habits.
They made fun of my clothes.,Ils se moquèrent de mes vêtements.
They made fun of my clothes.,Ils se moquèrent de mes habits.
They made fun of my clothes.,Ils se sont moqués de mes vêtements.
They made fun of my clothes.,Ils se sont moqués de mes habits.
They made fun of my clothes.,Elles se sont moquées de mes vêtements.
They made fun of my clothes.,Elles se sont moquées de mes habits.
They made fun of my clothes.,Ils se sont moqués de ma tenue.
They made fun of my clothes.,Elles se sont moquées de ma tenue.
They made us work all night.,Ils nous ont fait travailler toute la nuit.
They made us work all night.,Elles nous ont fait travailler toute la nuit.
They met each other halfway.,Elles se sont rencontrées à mi-chemin.
They met each other halfway.,Ils se sont rencontrés à mi-chemin.
They offered no explanation.,Ils n'ont fourni aucune explication.
They offered no explanation.,Elles n'ont fourni aucune explication.
They offered us some coffee.,Ils nous ont offert du café.
They painted their toenails.,Elles se peignirent les ongles de pieds.
They painted their toenails.,Elles se sont peint les ongles de pieds.
They really hate each other.,Ils se détestent vraiment.
They really hate each other.,Elles se détestent vraiment.
They replaced coal with oil.,Ils substituèrent du pétrole au charbon.
They replaced coal with oil.,Ils ont substitué du pétrole au charbon.
They said they were leaving.,Ils ont dit qu'ils partaient.
They said they were leaving.,Elles ont dit qu'elles partaient.
They saw him enter the room.,Ils le virent entrer dans la pièce.
They saw him enter the room.,Elles le virent entrer dans la pièce.
They saw him enter the room.,Ils l'ont vu entrer dans la pièce.
They saw him enter the room.,Elles l'ont vu entrer dans la pièce.
They settled in the country.,Ils se sont installés à la campagne.
They slept in the same room.,Ils ont dormi dans la même pièce.
They slept in the same room.,Elles ont dormi dans la même pièce.
They slept in the same room.,Ils dormirent dans la même pièce.
They slept in the same room.,Elles dormirent dans la même pièce.
They stayed awake all night.,Ils sont restés debout toute la nuit.
They stayed awake all night.,Elles sont restées éveillées toute la nuit.
They stayed where they were.,Ils sont restés où ils étaient.
They study in the afternoon.,Ils étudient l'après-midi.
They study in the afternoon.,Elles étudient l'après-midi.
They swam with the dolphins.,Ils ont nagé avec les dauphins.
They teased the new student.,Ils taquinèrent le nouvel étudiant.
They teased the new student.,Ils taquinèrent la nouvelle étudiante.
They teased the new student.,Ils ont taquiné le nouvel étudiant.
They teased the new student.,Ils ont taquiné la nouvelle étudiante.
They took food and clothing.,Ils ont pris de la nourriture et des vêtements.
They treated us like family.,Ils nous ont traités comme de la famille.
They want me to talk to you.,Ils veulent que je te parle.
They want me to talk to you.,Elles veulent que je te parle.
They want me to talk to you.,Ils veulent que je vous parle.
They want me to talk to you.,Elles veulent que je vous parle.
They went on board the ship.,Ils montèrent à bord du bateau.
They were all good swimmers.,Ils étaient tous de bons nageurs.
They were all good swimmers.,Elles étaient toutes de bonnes nageuses.
They were caught red-handed.,Elles ont été prises en flagrant délit.
They were so happy together.,Ils étaient si heureux ensemble.
They were so happy together.,Elles étaient si heureuses ensemble.
They were so happy together.,Ils étaient tellement heureux ensemble.
They were so happy together.,Elles étaient tellement heureuses ensemble.
They were talking about you.,Ils parlaient de toi.
They were talking about you.,Ils parlaient de vous.
They were talking about you.,Elles parlaient de toi.
They were talking about you.,Elles parlaient de vous.
They won't have arrived yet.,Ils ne seront pas encore arrivés.
They won't have arrived yet.,Elles ne seront pas encore arrivées.
They won't know we're there.,Ils ne sauront pas qu'on est là.
They'll all be here tonight.,Ils seront tous là ce soir.
They'll all be here tonight.,Elles seront toutes là ce soir.
They're acting on their own.,Ils agissent de leur propre chef.
They're acting on their own.,Elles agissent de leur propre chef.
They're enjoying themselves.,Ils s'amusent.
They're enjoying themselves.,Elles s'amusent.
They're going to arrest you.,Ils vont vous arrêter.
They're hiding in the woods.,Ils se cachent dans les bois.
They're hiding in the woods.,Elles se cachent dans les bois.
They're part-time employees.,Ce sont des employés à temps partiel.
They're part-time employees.,Ce sont des employées à temps partiel.
They're quicker than we are.,Ils sont plus rapides que nous.
They're quicker than we are.,Elles sont plus rapides que nous.
They're thirty dollars each.,Ils sont à trente dollars chacun.
They're thirty dollars each.,Elles sont à trente dollars chacune.
They're washing their hands.,Elles se lavent les mains.
Things are changing rapidly.,Les choses changent rapidement.
Things are not looking good.,Les choses ne se présentent pas bien.
Things didn't go as planned.,Les choses ne se sont pas déroulées comme prévu.
"Think globally, act locally.","Pensez mondialement, agissez localement !"
This apple tastes very sour.,Cette pomme est très acide.
This article is of no value.,Cet article n'a aucune valeur.
This bed is not comfortable.,Ce lit n'est pas confortable.
This bed is too soft for me.,Ce lit est trop mou pour moi.
This blue backpack is heavy.,Ce sac à dos bleu est lourd.
This book has many pictures.,Ce livre contient de nombreuses images.
This book is full of errors.,Cet ouvrage est truffé d'erreurs.
This book is full of errors.,Cet livre est truffé d'erreurs.
This building belongs to us.,Ce bâtiment nous appartient.
This cake is very delicious.,Ce gâteau est vraiment délicieux.
This cake is very delicious.,Ce gâteau est un vrai délice.
This can't be what you want.,Ça ne peut pas être ce que tu veux.
This car needs to be washed.,Cette voiture a besoin d'être lavée.
This child has been adopted.,Cet enfant a été adopté.
This coffee is quite strong.,Ce café est bien fort.
This doesn't prove anything.,Ça ne prouve pas quoi que ce soit.
This dog can jump very high.,Ce chien peut sauter très haut.
This fish is not fit to eat.,Ce poisson n'est pas comestible.
This has all been a mistake.,Tout ça était une erreur.
This hat is too big for you.,Ce chapeau est trop grand pour toi.
This hat is too big for you.,Ce chapeau est trop grand pour vous.
This house has eleven rooms.,Cette maison compte onze pièces.
This house is far too small.,Cette maison est bien trop petite.
This house is uninhabitable.,Cette maison est inhabitable.
This house will rent easily.,Cette maison se louera facilement.
This is a comfortable chair.,C'est une chaise confortable.
This is a dangerous mission.,C'est une mission dangereuse.
This is a difficult mission.,C'est une mission difficile.
This is a difficult problem.,C'est un problème difficile.
This is a frightening place.,C'est un endroit effrayant.
This is a life-sized statue.,C'est une statue à taille réelle.
This is a new kind of melon.,C'est une nouvelle espèce de melon.
This is a picture of my car.,Ceci est une photo de ma voiture.
This is a real popular item.,C'est un article fort populaire.
This is a real popular item.,C'est un article très populaire.
This is a really nice watch.,C'est une très belle montre.
This is a story about a cat.,C'est l'histoire d'un chat.
This is a story about a cat.,C'est une histoire à propos d'un chat.
This is a time of rejoicing.,C'est le moment de la réjouissance.
This is a very scary moment.,C'est un moment terrifiant.
This is all very disturbing.,Tout ceci est très perturbant.
This is an exceptional case.,C'est un cas exceptionnel.
This is an exceptional case.,C'est une affaire exceptionnelle.
This is an important letter.,C'est une lettre importante.
This is an optical illusion.,C'est une illusion d'optique.
This is by far the best way.,C'est de loin la meilleure manière.
This is completely my fault.,C'est complètement de ma faute.
This is dangerous territory.,C'est un territoire dangereux.
This is exactly what I want.,C'est bien ça que je veux.
This is extremely important.,C'est extrêmement important.
This is for your own safety.,C'est pour ta propre sécurité.
This is for your own safety.,C'est pour votre propre sécurité.
This is for your protection.,C'est pour ta protection.
This is for your protection.,C'est pour votre protection.
This is getting complicated.,Cela se complique.
This is getting out of hand.,C'est en train de devenir incontrôlable.
This is going to be awesome.,Ça va être génial.
This is how you get results.,C'est ainsi qu'on arrive à des résultats.
This is kind of interesting.,C'est plutôt intéressant.
This is my business address.,C'est mon adresse professionnelle.
This is my favorite project.,C'est mon projet préféré.
This is my favorite subject.,C'est ma matière préférée.
This is no time for modesty.,L'heure n'est pas à la modestie.
This is no time to be funny.,L'heure n'est pas à l'amusement.
This is not a small problem.,Ce n'est pas un mince problème.
This is probably a bad idea.,C'est probablement une mauvaise idée.
This is really embarrassing.,C'est très embarrassant.
This is risky and dangerous.,C'est risqué et dangereux.
This is strictly between us.,Ceci est strictement entre nous.
This is taking way too long.,Ça prend bien trop longtemps.
This is the end of my story.,C'est la fin de mon histoire.
This is the only one I have.,C'est le seul que j'ai.
This is the only one I have.,C'est la seule que j'ai.
This is the only tie I have.,C'est la seule cravate que j'ai.
This is the only tie I have.,C'est la seule cravate que je possède.
This is very difficult work.,C'est un travail très difficile.
This is way too hard for me.,C'est bien trop difficile pour moi.
This is your pilot speaking.,C'est votre pilote qui s'adresse à vous.
This isn't a place for kids.,Ce n'est pas un endroit pour les enfants.
This isn't the way to do it.,Ce n'est pas une façon de faire.
This isn't what I asked for.,Ce n'est pas ce que j'ai demandé.
This knife doesn't cut well.,Ce couteau ne coupe pas bien.
This last week's been crazy.,Cette dernière semaine a été folle.
This medicine tastes bitter.,Ce médicament a un goût amer.
This movie is a masterpiece.,Ce film est un chef-d'œuvre.
This paint comes off easily.,Cette peinture part facilement.
This pen doesn't write well.,Ce stylo n'écrit pas bien.
This photo was taken by Tom.,Cette photo a été prise par Tom.
This pond has a lot of carp.,L'étang regorge de carpes.
This problem affects us all.,Ce problème nous affecte tous.
This problem is very simple.,Le problème est très simple.
This purse is made of paper.,Ce porte-monnaie est en papier.
This report is well written.,Ce rapport est bien écrit.
This ring is very expensive.,Cet anneau est très cher.
This road is closed to cars.,Cette route est fermée aux voitures.
This room has three windows.,Il y a trois fenêtres dans cette pièce.
This room has three windows.,Cette pièce a trois fenêtres.
This room is not very large.,Cette pièce n'est pas très grande.
This rope isn't long enough.,Cette corde n'est pas assez longue.
This rose is very beautiful.,Cette rose est très belle.
This rule has no exceptions.,Cette règle ne connaît aucune exception.
This sentence is not French.,Cette phrase n'est pas française.
This should surprise no one.,Ceci ne devrait surprendre personne.
This shouldn't be happening.,Cela ne devrait pas se produire.
This song is familiar to us.,Cette chanson nous est familière.
This stone weighs five tons.,Cette pierre pèse cinq tonnes.
This store sells vegetables.,Ce magasin vend des légumes.
This story is worth reading.,Cette histoire vaut la peine d'être lue.
This story isn't believable.,Cette histoire n'est pas croyable.
This table is missing a leg.,Il manque un pied à cette table.
This telephone doesn't work.,Ce téléphone ne fonctionne pas.
This territory is uncharted.,Ce territoire est inexploré.
This time will be different.,Cette fois sera différente.
This watch is made in Japan.,Cette montre est fabriquée au Japon.
This water is safe to drink.,On peut boire cette eau sans aucun risque.
This website is very useful.,Ce site internet est très utile.
This will be a game changer.,Ce truc va changer les règles du jeu.
This will be a game changer.,C'est un changement de paradigme.
This will make you stronger.,Cela te rendra plus fort.
This will not cost too much.,Ça ne va pas coûter grand-chose.
This will protect your skin.,Ça protégera ta peau.
This will protect your skin.,Ça protégera votre peau.
This wine is very expensive.,Ce vin coûte très cher.
This won't be the last time.,Ce ne sera pas la dernière fois.
This would embarrass anyone.,Cela embarrasserait n'importe qui.
Those chairs are in the way.,Ces chaises sont sur le chemin.
Those children are cheerful.,Ces enfants sont joyeux.
Those clothes suit you well.,Ces vêtements vous vont bien.
Those clothes suit you well.,Ces vêtements te vont bien.
Those flowers are beautiful.,Ces fleurs sont belles.
Those houses are my uncle's.,Ces maisons sont celles de mon oncle.
Those standing were all men.,Ceux qui se tenaient debout étaient tous des hommes.
Those two are exactly alike.,Ces deux-là sont exactement pareils.
Those two are exactly alike.,Ces deux-là sont exactement pareilles.
Those were his actual words.,Ce furent ses paroles exactes.
Those who know him like him.,Ceux qui le connaissent l'apprécient.
Tickets are already on sale.,Les tickets sont déjà en vente.
To know oneself is not easy.,Se connaître soi-même n'est pas simple.
"To the Hilton Hotel, please.",À l'hôtel Hilton s'il vous plait.
Today I turn four years old.,J'ai quatre ans aujourd'hui.
Today I'm inspired to write.,"Aujourd'hui, je suis inspiré pour écrire."
Today I'm working from home.,"Aujourd'hui, je travaille chez moi."
Today I'm working from home.,Aujourd'hui je travaille depuis chez moi.
Today is a national holiday.,Aujourd'hui est un jour férié.
Today is a very special day.,Aujourd'hui est un jour très particulier.
Today is not your lucky day.,Aujourd'hui n'est pas ton jour de chance.
Tom accepted our invitation.,Tom a accepté notre invitation.
Tom acted like he was drunk.,Tom se comportait comme s'il avait bu.
Tom admitted he killed Mary.,Tom admit qu'il avait tué Mary.
Tom almost never eats fruit.,Tom ne mange presque jamais de fruits.
Tom already has our respect.,Tom a déjà notre respect.
Tom already knows the truth.,Tom sait déjà la vérité.
Tom always does that for me.,Tom fait toujours ça pour moi.
Tom always speaks in French.,Tom parle toujours français.
Tom always talks about Mary.,Tom parle toujours de Mary.
Tom and I both speak French.,Tom et moi parlons tous deux français.
Tom and Mary became lawyers.,Tom et Mary sont devenus avocats.
Tom and Mary flew to Boston.,Tom et Mary ont pris l'avion pour Boston.
Tom and Mary have broken up.,Tom et Marie ont rompu.
Tom and Mary know John lied.,Tom et Mary savent que John a menti.
Tom and Mary know the truth.,Tom et Mary connaissent la vérité.
Tom and Mary leave tomorrow.,Tom et Mary partent demain.
Tom and Mary look surprised.,Tom et Mary ont l'air surpris.
Tom and Mary voted for John.,Tom et Mary ont voté pour John.
Tom and Mary were very busy.,Tom et Mary étaient très occupés.
Tom and Mary were very busy.,Tom et Mary furent très occupés.
Tom asked if you'd be there.,Tom a demandé si tu serais là.
Tom asked if you'd be there.,Tom a demandé si vous y seriez.
Tom asked me to go with him.,Tom m'a demandé d'aller avec lui.
Tom asked me why I was late.,Tom m'a demandé pourquoi j'étais en retard.
Tom attended Mary's funeral.,Tom était présent à l'enterrement de Mary.
Tom attended Mary's funeral.,Tom a assisté à l'enterrement de Mary.
Tom bought a camera on eBay.,Tom a acheté un appareil photo sur eBay.
Tom bought a scarf for Mary.,Tom a acheté une écharpe pour Marie.
Tom called customer service.,Tom appela le service client.
Tom came back an hour later.,Tom est revenu une heure après.
Tom can barely speak French.,Tom sait à peine parler français.
Tom can play the piano well.,Tom peut bien jouer du piano.
Tom can run faster than you.,Tom peut courir plus vite que toi.
Tom can stay if he wants to.,Tom peut rester s'il le souhaite.
Tom can't buy himself a car.,Tom ne peut pas s'acheter une voiture.
Tom can't control his anger.,Tom ne peut pas contrôler sa colère.
Tom can't find his umbrella.,Tom ne trouve pas son parapluie.
Tom can't speak French well.,Tom ne peux pas bien parler français.
Tom can't talk with you now.,Tom ne peut pas te parler maintenant.
Tom can't tie his own shoes.,Tom ne peut pas lacer ses propres chaussures.
Tom can't work this evening.,Tom ne peut pas travailler ce soir.
Tom certainly fooled us all.,Tom nous a certainement tous trompés.
Tom climbed down the ladder.,Tom est descendu de l'échelle.
Tom comes from a small town.,Tom vient d'une bourgade.
Tom comes here once a month.,Tom vient ici une fois par mois.
Tom could do with some help.,Un peu d'aide arrangerait bien Tom.
Tom could do with some help.,Tom accepterait bien un peu d'aide.
Tom could've protected Mary.,Tom aurait pu protéger Mary.
Tom couldn't bear the truth.,Tom ne supportait pas la vérité.
Tom couldn't find his shoes.,Tom n'a pas pu trouver ses chaussures.
Tom couldn't have said that.,Tom n'aurait pas pu dire cela.
Tom declined the invitation.,Tom a décliné l'invitation.
Tom deserves another chance.,Tom mérite une autre chance.
Tom despises people who lie.,Tom méprise les menteurs.
Tom did a very stupid thing.,Thomas a fait une grosse bêtise.
Tom didn't answer his phone.,Tom n'a pas répondu à son téléphone.
Tom didn't answer the phone.,Tom n'a pas répondu au téléphone.
Tom didn't come to get Mary.,Tom n'est pas venu chercher Marie.
Tom didn't do anything else.,Tom n'a rien fait d'autre.
Tom didn't do anything else.,Tom ne fit rien d'autre.
Tom didn't even want to eat.,Tom n'a même pas voulu manger.
Tom didn't even want to eat.,Tom ne voulait même pas manger.
Tom didn't have to thank me.,Tom n'avait pas besoin de remercier.
Tom didn't know their names.,Tom ne connaissait pas leurs noms.
Tom didn't let Mary do that.,Tom n'a pas laissé Mary faire ça.
Tom didn't mean to hurt you.,Tom n'avait pas l'intention de te blesser.
Tom didn't say a word to me.,Tom ne m'a pas dit un mot.
Tom didn't take off his hat.,Tom ne retira pas son chapeau.
Tom didn't take off his hat.,Tom n'enleva pas son chapeau.
Tom didn't tell me her name.,Tom ne m'a pas dit son nom.
Tom didn't work last Monday.,Tom n'a pas travaillé lundi dernier.
Tom died a few months later.,Tom est mort quelques mois plus tard.
Tom doesn't have a daughter.,Tom n'a pas de sœur.
Tom doesn't know everything.,Tom ne sait pas tout.
Tom doesn't know how to ski.,Tom ne sait pas skier.
Tom doesn't know who to ask.,Tom ne sait pas à qui demander.
Tom doesn't like basketball.,Tom n'aime pas le basket.
Tom doesn't like my friends.,Tom n'aime pas mes amis.
Tom doesn't like my friends.,Tom n'aime pas mes amies.
Tom doesn't look rich to me.,Tom n'a pas l'air riche pour moi.
Tom doesn't love me anymore.,Tom ne m'aime plus.
Tom doesn't owe us anything.,Tom ne nous doit rien.
Tom doesn't seem to like me.,Tom n'a pas l'air de m'aimer.
Tom doesn't understand this.,Tom ne comprends pas ça.
Tom doesn't want any coffee.,Tom ne veut pas de café.
Tom doesn't want to be late.,Tom ne veut pas être en retard.
Tom doesn't want to go home.,Tom ne veut pas aller à la maison.
Tom doesn't want to see you.,Tom ne veut pas vous voir.
Tom doesn't want to see you.,Tom ne veut pas te voir.
Tom drew a picture of a dog.,Tom a dessiné un chien.
Tom drinks coffee every day.,Tom boit du café tous les jours.
Tom drove his car to Boston.,Tom a conduit sa voiture jusqu'à Boston.
Tom eats a plant-based diet.,Tom fait un régime à base de plantes.
Tom eats too much junk food.,Tom mange trop de cochonneries.
Tom enjoyed talking to Mary.,Tom a apprécié de parler à Mary.
Tom felt a little nauseated.,Tom s'est senti un peu nauséeux.
Tom finished his meal first.,Tom a terminé son repas le premier.
Tom finished his meal first.,Tom termina son repas le premier.
Tom followed the guidelines.,Tom a suivi les instructions.
Tom followed the guidelines.,Tom a suivi les directives.
Tom forced himself to speak.,Tom se força à parler.
Tom gets a very good salary.,Tom touche un très bon salaire.
Tom goes swimming every day.,Tom nage chaque jour.
Tom goes to work by bicycle.,Tom va au travail en vélo.
Tom got the ticket for free.,Tom a obtenu le ticket gratuitement.
Tom got the ticket for free.,Tom a eu le ticket gratuitement.
Tom had a knife in his hand.,Tom avait un couteau dans la main.
Tom had a nervous breakdown.,Tom a fait une crise de nerfs.
Tom had a smile on his face.,Tom avait le sourire aux lèvres.
Tom had always wanted a son.,Tom avait toujours voulu un fils.
Tom had long hair last year.,Tom avait les cheveux longs l'an dernier.
Tom had never hit me before.,Tom ne m'avait jamais frappé avant.
Tom had reasons to be angry.,Tom avait des raisons d'être énervé.
Tom had reasons to be angry.,Tom avait des raisons d'être en colère.
Tom had to wait three hours.,Tom a dû attendre trois heures.
Tom hardly ever wears a tie.,Tom ne porte pratiquement jamais de cravate.
Tom hardly ever wears a tie.,Tom ne porte quasiment jamais de cravate.
Tom has a house with a pool.,Tom a une maison avec piscine.
Tom has a migraine headache.,Tom a une migraine.
Tom has a problem with Mary.,Tom a un problème avec Mary.
Tom has a scar on his cheek.,Tom a une cicatrice sur la joue.
Tom has a sister named Mary.,Tom a une sœur qui s'appelle Marie.
Tom has a ten-speed bicycle.,Tom a un vélo à dix vitesses.
Tom has already gone to bed.,Tom est déjà allé au lit.
Tom has already headed home.,Tom se dirigea déjà vers son domicile.
Tom has asked me for advice.,Tom m'a demandé conseil.
Tom has asked us to do that.,Tom nous a demandé de le faire.
Tom has beautiful blue eyes.,Tom a de magnifiques yeux bleus.
Tom has been behaving oddly.,Tom se comporte bizarrement.
Tom has been friendly to me.,Tom a été très gentil avec moi.
Tom has braces on his teeth.,Tom a un appareil dentaire.
Tom has braces on his teeth.,Tom a des bagues sur les dents.
Tom has changed very little.,Tom a très peu changé.
Tom has done that only once.,Tom ne l'a fait qu'une fois.
Tom has dyed his hair black.,Tom s'est teint les cheveux en noir.
Tom has finally forgiven me.,Tom m'a finalement pardonné.
Tom has never been to a zoo.,Tom n'a jamais été au zoo.
Tom has postponed his party.,Tom a reporté sa fête.
Tom has quit using Facebook.,Tom a cessé d'utiliser Facebook.
Tom has solved that problem.,Tom a résolu ce problème.
Tom has some homework to do.,Tom a des devoirs à faire.
Tom has some nosy neighbors.,Tom a quelques voisins curieux.
Tom has some nosy neighbors.,Tom a quelques voisins indiscrets.
Tom has some very good news.,Tom a quelques très bonnes nouvelles.
Tom has tattoos on his arms.,Tom a des tatouages sur les bras.
Tom has three mobile phones.,Tom a trois téléphones portables.
Tom has to follow our rules.,Tom doit suivre nos règles.
Tom has written three books.,Tom a écrit trois livres.
Tom hasn't broken any rules.,Tom n'a enfreint aucune règle.
Tom hasn't forgiven anybody.,Tom n'a pardonné à personne.
Tom hasn't had an easy life.,Tom n'a pas eu une vie facile.
Tom hasn't told me anything.,Tom ne m'a rien dit.
Tom hasn't won anything yet.,Tom n'a encore rien gagné.
Tom helped me with the move.,Tom m'a aidé à déménager.
Tom hoped to find the truth.,Tom espérait trouver la vérité.
Tom insisted on going alone.,Tom a insisté pour y aller seul.
Tom insisted on going alone.,Tom insista pour y aller seul.
Tom is John's older brother.,Tom est le grand frère de John.
Tom is Mary's third husband.,Tom est le troisième mari de Mary.
Tom is a compulsive hoarder.,Tom est un amasseur compulsif.
Tom is a decent sort of guy.,Tom est un garçon honnête.
Tom is a decent sort of guy.,Tom est un genre de type convenable.
Tom is a good administrator.,Tom est un bon administrateur.
Tom is a really good friend.,Tom est vraiment un bon ami.
Tom is a really good person.,Tom est vraiment quelqu'un de bien.
Tom is a shrewd businessman.,Tom est habile en affaires.
Tom is a very dangerous man.,Tom est un homme très dangereux.
Tom is a very gentle person.,Tom est un garçon très doux.
Tom is a very good gardener.,Tom est un très bon jardinier.
Tom is a very good salesman.,Tom est un très bon vendeur.
Tom is a very good sculptor.,Tom est un très bon sculpteur.
Tom is about to fall asleep.,Tom est sur le point de s'endormir.
Tom is alone in his bedroom.,Tom est seul dans sa chambre.
Tom is already on the plane.,Tom est déjà dans l'avion.
Tom is also studying French.,Tom étudie également le français.
Tom is always eavesdropping.,Tom écoute toujours clandestinement.
Tom is always very friendly.,Tom est toujours très amical.
Tom is as old as Methuselah.,Tom est aussi vieux que Mathusalem.
Tom is at his uncle's place.,Tom est chez son oncle.
Tom is concerned about that.,Tom est concerné par cela.
Tom is deaf in his left ear.,Tom est sourd de l'oreille gauche.
Tom is depressed and lonely.,Tom est déprimé et seul.
Tom is depressed and lonely.,Tom est déprimé et solitaire.
"Tom is determined, isn't he?","Tom est déterminé, n'est-ce pas ?"
Tom is down in the basement.,Tom est au sous-sol.
Tom is drinking apple juice.,Tom boit du jus de pomme.
Tom is enjoying his freedom.,Tom apprécie d'être libre.
Tom is extremely aggressive.,Tom est très agressif.
Tom is friendly to everyone.,Tom est amical avec tout le monde.
Tom is going to handle this.,Tom va s'en débrouiller.
Tom is going to investigate.,Tom va enquêter.
Tom is good at playing golf.,Tom joue bien au golf.
Tom is here for the weekend.,Tom est là pour le week-end.
Tom is hiding in the garage.,Tom se cache dans le garage.
Tom is hoping we'll do that.,Tom espère que nous le ferons.
Tom is in a good mood today.,Tom est de bonne humeur aujourd'hui.
Tom is in his freshman year.,Tom est dans sa première année universitaire.
Tom is just an ordinary man.,Tom est juste un homme ordinaire.
Tom is knocking on the door.,Tom frappe à la porte.
"Tom is lazy, but Mary isn't.","Tom est fainéant, mais pas Mary."
Tom is learning programming.,Tom apprend la programmation.
Tom is lying on his stomach.,Tom est couché sur le ventre.
Tom is mentally handicapped.,Tom est handicapé mental.
Tom is no longer doing that.,Tom ne fait plus ça.
Tom is not as young as I am.,Tom n'est pas aussi jeune que moi.
Tom is not yet able to swim.,Tom ne sait pas encore nager.
Tom is now three months old.,Tom vient d'avoir trois mois.
Tom is obviously very angry.,Tom est véritablement très en colère.
Tom is obviously very brave.,Tom est évidemment courageux.
Tom is obviously very upset.,Tom est évidemment très inquiet.
Tom is on the bus with Mary.,Tom est dans le bus avec Mary.
Tom is only three weeks old.,Tom n'a que trois semaines.
"Tom is out, walking his dog.",Tom est dehors et il promène son chien.
"Tom is persistent, isn't he?","Tom est persistant, n'est-ce pas ?"
Tom is persuaded he's right.,Tom est sûr d'avoir raison.
"Tom is photogenic, isn't he?","Tom est photogénique, n'est-ce pas?"
Tom is playing with his son.,Tom est en train de jouer avec son fils.
"Tom is poor, but he's happy.",Tom est pauvre mais il est heureux.
"Tom is pretty deaf, I think.",Je pense que Tom est assez sourd.
Tom is pretty good at chess.,Tom est plutôt doué pour jouer aux échecs.
Tom is probably at home now.,Tom est probablement à la maison maintenant.
Tom is probably just scared.,Tom a probablement juste peur.
Tom is really proud of Mary.,Tom est vraiment fier de Mary.
"Tom is really shy, isn't he?","Tom est vraiment timide, n'est-ce pas ?"
Tom is responsible for this.,Tom est responsable de cela.
Tom is sitting on the grass.,Tom est assis sur l'herbe.
Tom is sleeping like a baby.,Tom est en train de dormir comme un bébé.
Tom is sleeping like a baby.,Tom dort comme un bébé.
Tom is still in his uniform.,Tom est encore en uniforme.
Tom is swimming in the pool.,Tom nage dans la piscine.
Tom is teaching me to paint.,Tom m'apprend à peindre.
Tom is the boy on the right.,Tom est le garçon sur la droite.
Tom is the man of my dreams.,Tom est l'homme de mes rêves.
Tom is the richest one here.,Tom est le plus riche ici.
Tom is the star of the show.,Tom est la vedette de l'émission.
Tom is the star of the show.,Tom est la vedette du spéctacle.
Tom is the star of the show.,Tom est la star de l'émission.
Tom is the star of the show.,Tom est la star du spéctacle.
Tom is traveling by himself.,Tom voyage tout seul.
Tom is trying to provoke me.,Tom essaye de me provoquer.
Tom is used to working hard.,Tom a l'habitude de travailler dur.
Tom is very hard on himself.,Tom est très dur envers lui-même.
Tom is very straightforward.,Tom est très direct.
"Tom is very young, isn't he?","Tom est très jeune, n'est-ce pas ?"
Tom is watering the flowers.,Tom est en train d'arroser les fleurs.
Tom is wearing John's shoes.,Tom porte les chaussures de John.
Tom isn't a good bricklayer.,Tom n'est pas un bon maçon.
Tom isn't a good songwriter.,Tom n'est pas un très bon compositeur.
Tom isn't a very good skier.,Tom n'est pas un très bon skieur.
Tom isn't bothering anybody.,Tom ne dérange personne.
Tom isn't easy to say no to.,Il n'est pas facile de dire non à Tom.
Tom isn't going to watch TV.,Tom ne va pas regarder la télé.
"Tom isn't rude, but Mary is.",Tom n'est pas dur mais Mary l'est.
Tom isn't used to city life.,Tom n'est pas habitué à la vie en ville.
Tom isn't very good at math.,Tom n'est pas très bon en maths.
Tom isn't very nice to Mary.,Tom n'est pas très aimable envers Mary.
Tom isn't wearing a new hat.,Tom ne porte pas de nouveau chapeau.
Tom isn't wearing a red tie.,Tom ne porte pas de cravate rouge.
Tom keeps changing his mind.,Tom change d'avis sans cesse.
Tom kissed Mary on the neck.,Tom a embrassé Marie dans le cou.
Tom knew nothing about Mary.,Tom ne savait rien à propos de Mary.
Tom knew that Mary was busy.,Tom savait Mary occupée.
Tom knew that Mary was busy.,Tom savait que Mary était occupée.
Tom knew that Mary was dead.,Tom savait que Mary était morte.
Tom knew that Mary was rich.,Tom savait Mary riche.
Tom knew that Mary was rich.,Tom savait que Mary était riche.
Tom knew what Mary had done.,Tom savait ce que Marie avait fait.
Tom knows Mary's dog's name.,Tom connaît le nom du chien de Marie.
Tom knows Mary's weaknesses.,Tom connait les faiblesses de Mary.
Tom knows a bunch of things.,Tom sait des tas de choses.
Tom knows a girl named Mary.,Tom connait une fille prénommée Mary.
Tom knows a girl named Mary.,Tom connait une fille nommée Mary.
Tom knows a girl named Mary.,Tom connait une fille s'appelant Mary.
Tom knows a lot of proverbs.,Tom connaît de nombreux proverbes.
Tom knows that I'm Canadian.,Tom sait que je suis canadien.
Tom knows that I'm Canadian.,Tom sait que je suis canadienne.
Tom knows this is the truth.,Tom sait que c'est la vérité.
Tom knows this is the truth.,Tom sait que ceci est la vérité.
Tom left early this morning.,Tom est parti tôt ce matin.
Tom left five minutes early.,Tom est parti cinq minutes en avance.
Tom left thirty minutes ago.,Tom est parti il y a trente minutes.
Tom likes to play billiards.,Tom aime jouer au billard.
Tom lived next to his uncle.,Tom vivait à côté de son oncle.
Tom lived on the west coast.,Tom a vécu sur la côte ouest.
Tom looks lost and confused.,Tom a l'air perdu et confus.
"Tom looks young, doesn't he?","Tom a l'air jeune, n'est-ce pas ?"
Tom looks younger than Mary.,Tom a l'air plus jeune que Mary.
Tom lost control of his car.,Tom a perdu le contrôle de sa voiture.
Tom lost control of the car.,Tom a perdu le contrôle de sa voiture.
Tom lost control of the car.,Tom perdit le contrôle de sa voiture.
Tom lost his arm in the war.,Tom a perdu un bras à la guerre.
Tom loves playing the piano.,Tom adore jouer du piano.
Tom made a video about that.,Tom a fait une vidéo à propos de ça.
Tom made breakfast for Mary.,Tom a fait le petit-déjeuner pour Mary.
Tom makes a lot of mistakes.,Tom fait beaucoup d'erreurs.
Tom makes delicious cookies.,Tom fait des biscuits délicieux.
Tom married a Canadian girl.,Tom a épousé une Canadienne.
Tom may have missed the bus.,Tom peut avoir raté le bus.
Tom may have told the truth.,Tom pourrait avoir dit la vérité.
Tom may not be able to come.,Tom peut ne pas être capable de venir.
Tom may not wait any longer.,Tom ne peut plus attendre.
Tom may not want to do that.,Tom peut ne pas vouloir faire ça.
Tom moved in just last week.,Tom vient d'emménager la semaine dernière.
Tom moved to Boston in 2013.,Tom a déménagé à Boston en deux mille treize.
Tom named his daughter Mary.,Tom a appelé sa fille Mary.
Tom needed to go home early.,Tom a eu besoin de rentrer tôt à la maison.
Tom needs a male role model.,Tom a besoin d'un modèle masculin.
Tom needs money for college.,Tom a besoin d'argent pour l'université.
Tom needs to know the truth.,Tom a besoin de connaître la vérité.
Tom never makes his own bed.,Tom ne fait jamais son lit.
Tom never reached Australia.,Tom n'a jamais atteint l'Australie.
Tom never said a word to me.,Tom ne m'a jamais rien dit.
Tom never said a word to me.,Tom ne m'a jamais dit un mot.
Tom no longer trusts anyone.,Tom ne croit plus personne.
Tom often speaks in riddles.,Tom parle souvent par charades.
Tom often speaks in riddles.,Tom parle souvent par devinettes.
Tom only thinks about money.,Tom ne pense qu'au fric.
Tom opened a bottle of beer.,Tom ouvrit une bouteille de bière.
Tom ordered a glass of wine.,Tom a commandé un verre de vin.
Tom persuaded Mary to do it.,Tom a convaincu Mary de le faire.
Tom pressed a hidden button.,Tom appuya sur un bouton caché.
Tom pressed a hidden button.,Tom a appuyé sur un bouton caché.
Tom probably went to Boston.,Tom a probablement été à Boston.
Tom promised us his support.,Tom nous a promis son soutien.
Tom quickly closed his book.,Tom ferma prestement son livre.
Tom quickly closed the book.,Tom ferma prestement le livre.
Tom read the story out loud.,Tom a lu l'histoire à haute voix.
Tom refused to keep working.,Tom refusa de continuer à travailler.
Tom rents rooms to students.,Tom loue des chambres à des étudiants.
Tom rides a horse to school.,Tom va à cheval à l'école.
Tom robbed a bank in Boston.,Tom cambriola une banque à Boston.
Tom rode the roller coaster.,Tom est monté sur les montagnes russes.
Tom said Mary isn't jealous.,Tom a dit que Marie n'est pas jalouse.
Tom said Mary told him that.,Tom a dit que Mary lui avait dit cela.
Tom said he agreed with you.,Tom a dit qu'il était d'accord avec toi.
Tom said he didn't know you.,Tom a dit qu'il ne te connaissait pas.
Tom said he didn't know you.,Tom a dit qu'il ne vous connaissait pas.
Tom said he needed our help.,Tom a dit qu'il avait besoin de notre aide.
Tom said it was on his desk.,Tom a dit que c'était sur son bureau.
Tom said we'd find you here.,Tom a dit qu'on te trouverait ici.
Tom said we'd find you here.,Tom a dit que nous vous trouverions ici.
Tom said we'd find you here.,Tom a dit que nous te trouverions ici.
Tom said we'd find you here.,Tom a dit qu'on vous trouverait ici.
Tom said you were in Boston.,Tom a dit que tu étais à boston.
Tom said you were in Boston.,Tom a dit que vous étiez à Boston.
Tom saw something red there.,Tom y a vu quelque chose de rouge.
Tom says he's in good shape.,Tom dit qu'il est en forme.
Tom seemed a little jealous.,Tom semblait un peu jaloux.
Tom seemed to know everyone.,Tom semblait connaître tout le monde.
"Tom seemed to think so, too.",Tom semblait le penser aussi.
Tom seems slightly confused.,Tom semble légèrement confus.
Tom seems to always be busy.,Tom semble toujours occupé.
Tom seems to be intimidated.,Tom semblait être intimidé.
Tom seems to be sympathetic.,Tom semble être sympathique.
Tom seems unable to do that.,Tom semble incapable de faire cela.
Tom shaved off his mustache.,Tom a rasé sa moustache.
Tom shaved off his mustache.,Tom s'est rasé la moustache.
Tom should pay what he owes.,Tom devrait payer ce qu'il doit.
Tom should stay where he is.,Tom devrait rester où il est.
Tom should've been an actor.,Tom aurait dû être acteur.
Tom should've waited longer.,Tom aurait dû attendre plus longtemps.
Tom should've worked harder.,Tom aurait dû travailler davantage.
Tom shouldn't spend so much.,Tom ne devrait pas dépenser autant.
Tom showed me what he meant.,Tom m'a montré ce qu'il voulait dire.
Tom sings in a church choir.,Tom chante dans un chœur d'église.
Tom skips classes too often.,Tom sèche les cours trop souvent.
Tom slept on the park bench.,Tom a dormi sur un banc du parc.
Tom slipped and nearly fell.,Tom a glissé et est presque tombé.
Tom slipped and nearly fell.,Tom glissa et faillit tomber.
Tom sometimes walks to work.,Tom va au travail à pied quelquefois.
Tom speaks French perfectly.,Tom parle parfaitement français.
Tom speaks French very well.,Tom parle très bien français.
Tom spoke louder than usual.,Tom parlait plus fort que d'habitude.
Tom spoke louder than usual.,Tom parla plus fort que d'habitude.
Tom started loading the gun.,Tom commença à charger le pistolet.
Tom started loading the gun.,Tom a commencé à charger le pistolet.
Tom started washing his car.,Tom a commencé de nettoyer sa voiture.
Tom still uses a typewriter.,Tom utilise encore une machine à écrire.
Tom stood there for a while.,Tom resta là un moment.
Tom teaches at a university.,Tom enseigne à l'université.
Tom thinks the answer is no.,Tom pense que la réponse est non.
Tom told me a lot about you.,Tom m'a dit beaucoup de choses à ton sujet.
Tom told me he was a doctor.,Tom m'a dit qu'il était médecin.
Tom told me he was innocent.,Tom m'a dit qu'il était innocent.
Tom told me to stay at home.,Tom m'a dit de rester à la maison.
Tom told me you were afraid.,Tom m'a dit que tu avais eu peur.
Tom told me you were afraid.,Tom m'a dit que vous aviez eu peur.
Tom took a bite of my apple.,Tom a pris une bouchée de ma pomme.
Tom took a walk in the park.,Tom s'est promené dans le parc.
Tom took credit for my idea.,Tom s'est attribué le mérite de mon idée.
Tom took the curve too fast.,Tom pris le virage trop rapidement.
Tom took three deep breaths.,Tom a pris trois grandes respirations.
Tom tossed the ball to Mary.,Tom lança la balle vers Marie.
Tom treats me like an adult.,Tom me traite comme un adulte.
Tom tried to touch his toes.,Tom essaya de toucher ses orteils.
Tom turned off his computer.,Tom a éteint son ordinateur.
Tom turned on the car radio.,Tom alluma l'autoradio.
Tom understands French well.,Tom comprend bien le français.
Tom used to bake us cookies.,Tom nous faisait des biscuits.
Tom used to be a journalist.,Tom était journaliste.
Tom used to be my boyfriend.,Tom était mon petit-ami.
"Tom waited, but nobody came.","Tom a attendu, mais personne n'est venu."
Tom wanted to eat spaghetti.,Tom voulait manger des spaghettis.
Tom wanted to go home early.,Tom voulait rentrer chez lui tôt.
Tom wanted to learn to swim.,Tom voulait apprendre à nager.
Tom wanted to make a change.,Tom voulait changer les choses.
Tom wants me to go with him.,Tom veut que j'aille avec lui.
Tom wants to be a celebrity.,Tom veut devenir célèbre.
Tom wants to be your friend.,Tom veut être ton ami.
Tom wants to buy some books.,Tom veut acheter des livres.
Tom wants to move to Boston.,Tom veut partir pour Boston.
Tom wants to work with Mary.,Tom veut travailler avec Mary.
Tom was accepted to Harvard.,Tom était accepté à Harvard.
Tom was accused of stealing.,Tom était accusé de vol.
Tom was accused of stealing.,Tom fut accusé de vol.
Tom was always there for me.,Tom a toujours été là pour moi.
Tom was elected three times.,Tom a été élu trois fois.
Tom was folding his laundry.,Tom pliait son linge.
Tom was in Boston that year.,Tom était à Boston cette année-là.
Tom was in jail at the time.,Tom était à l’époque en prison.
Tom was knocked unconscious.,Tom a été assommé.
Tom was like a father to me.,Tom était comme un père pour moi.
Tom was murdered last night.,Tom a été assassiné la nuit dernière.
Tom was obviously disgusted.,Tom était assurément dégoûté.
Tom was obviously horrified.,Tom était visiblement horrifié.
Tom was sent back to Boston.,Tom était renvoyé à Boston.
Tom was silent for a moment.,Tom resta silencieux pendant un moment.
Tom was sitting at his desk.,Tom était assis à son bureau.
Tom was surprised to see me.,Tom était surpris de me voir.
Tom was surprised to see me.,Tom fut surpris de me voir.
Tom was that kind of person.,Tom était ce genre de personne.
Tom was that kind of person.,Tom était comme ça.
Tom was the love of my life.,Tom était l'amour de ma vie.
Tom was too busy to help us.,Tom était trop occupé pour nous aider.
Tom was trying not to smile.,Tom essayait de ne pas sourire.
Tom wasn't a bright student.,Tom n'était pas un élève brillant.
Tom wasn't afraid of anyone.,Tom n'avait peur de personne.
Tom wasn't allowed to drive.,Tom n’avait pas le droit de conduire.
Tom wasn't allowed to leave.,Tom n'était pas autorisé à partir.
Tom wasn't as fast as I was.,Tom n'était pas aussi rapide que moi.
Tom wasn't at all surprised.,Tom était loin d'être surpris.
Tom wasn't at all surprised.,Tom n'était pas du tout surpris.
Tom wasn't wearing a helmet.,Tom ne portait pas de casque.
Tom watches TV all the time.,Tom regarde tout le temps la télévision.
Tom watches TV all the time.,Tom regarde la télévision en permanence.
Tom went there to meet Mary.,Tom est allé là-bas pour rencontrer Marie.
Tom went to business school.,Tom a fait une école de commerce.
Tom will be here by evening.,Tom sera présent ce soir.
Tom will be in this evening.,Tom rentrera ce soir.
Tom will need a lot of help.,Tom aura besoin de beaucoup d'aide.
Tom will need to go further.,Tom aura besoin d'aller plus loin.
Tom will probably never win.,Tom ne gagnera probablement jamais.
Tom won the costume contest.,Tom gagnait le concours de déguisements.
Tom won't be able to say no.,Tom ne sera pas capable de refuser.
Tom won't do that this week.,Tom ne le fera pas cette semaine.
Tom won't let you win again.,Tom ne va pas te laisser gagner de nouveau.
Tom won't let you win again.,Tom ne va pas vous laisser gagner de nouveau.
Tom won't play tennis today.,Tom ne jouera pas au tennis aujourd'hui.
Tom won't tell you anything.,Thomas ne vous dira rien.
Tom wondered if it was true.,Tom s'est demandé si c'était vrai.
Tom wore protective goggles.,Tom portait des lunettes de protection.
Tom would like to leave now.,Tom voudrait prendre congé maintenant.
Tom wouldn't have done that.,Tom n'aurait pas fait cela.
Tom wouldn't have done that.,Tom n'aurait pas fait ça.
Tom writes better than I do.,Tom écrit mieux que moi.
Tom's answer was surprising.,La réponse de Tom était surprenante.
Tom's arm must be amputated.,Le bras de Tom doit être amputé.
Tom's bag was badly damaged.,Le sac de Tom était très endommagé.
Tom's body will be cremated.,Le corps de Tom sera incinéré.
Tom's death was an accident.,La mort de Tom fut un accident.
Tom's death was preventable.,La mort de Tom était évitable.
Tom's efforts were rewarded.,Les efforts de Tom ont été récompensés.
Tom's family isn't very big.,La famille de Tom n'est pas très grande.
Tom's family was also there.,La famille de Tom était là aussi.
Tom's father is very strict.,Le père de Tom est très sévère.
Tom's father was a diplomat.,Le père de Tom était diplomate.
Tom's father's name is John.,Le nom du père de Tom est John.
Tomorrow morning will be OK.,Demain matin conviendra.
Toss the gun onto the table.,Pose le fusil sur la table.
Toss your gun on the ground.,Jette ton arme au sol.
Trade helps nations develop.,Le commerce aide les pays à se développer.
Try and do better next time.,Essaie et fais mieux la prochaine fois.
Try not to inhale the fumes.,Essaie de ne pas respirer les vapeurs.
Try not to inhale the fumes.,Essayez de ne pas inhaler les vapeurs.
Try not to splatter the ink.,Essaie de ne pas faire de taches avec l'encre !
Turn on the air conditioner.,Allume l'air conditionné !
Turn on the air conditioner.,Mets l'air conditionné en marche !
Twenty years already passed.,Vingt ans se sont déjà écoulés.
Twenty years is a long time.,"Vingt ans, c'est très long."
Two times seven is fourteen.,Deux fois sept font quatorze.
Video games are bad for you.,Les jeux-vidéos sont mauvais pour vous.
Video games are bad for you.,Les jeux-vidéos sont mauvais pour toi.
Wait here until I come back.,Attends ici jusqu'à ce que je revienne !
Wait here until I come back.,Attendez ici jusqu'à ce que je revienne !
Wait until tomorrow morning.,Attends jusqu'à demain matin.
Wait until tomorrow morning.,Attendez jusqu'à demain matin.
"Wait, it could be dangerous.","Attends, cela pourrait être dangereux."
Wake me up at seven o'clock.,Réveille-moi à sept heures.
"Warm this morning, isn't it?","Chaud, ce matin, n'est-ce pas ?"
Was Tom in Boston yesterday?,Est-ce que Tom était à Boston hier ?
Was Tom in Boston yesterday?,Tom était-il à Boston hier ?
Water is as precious as air.,L'eau est aussi précieuse que l'air.
Water power turns the wheel.,L'énergie hydraulique actionne la roue.
Water power turns the wheel.,C'est l'énergie hydraulique qui actionne la roue.
We all believe in something.,Nous croyons tous en quelque chose.
We all care for one another.,Nous prenons tous soin les uns des autres.
We all care for one another.,Nous prenons toutes soin les unes des autres.
We all have passed the test.,Nous avons tous réussi l'examen.
We all live on planet Earth.,Nous vivons tous sur la planète Terre.
"We all make mistakes, right?","Nous faisons tous deux des erreurs, n'est-ce pas ?"
"We all make mistakes, right?","On fait tous des erreurs, n'est-ce pas ?"
"We all make mistakes, right?","Nous faisons tous des erreurs, non ?"
"We all make mistakes, right?","On fait tous des erreurs, non ?"
We all want Tom to be happy.,Nous voulons tous que Tom soit heureux.
We are going to have a baby.,Nous attendons un bébé.
We are going to have a baby.,Nous allons avoir un bébé.
We arrived tired and hungry.,Nous sommes arrivés fatigués et affamés.
We arrived tired and hungry.,Nous sommes arrivées fatiguées et affamées.
We arrived tired and hungry.,Nous arrivâmes fatigués et affamés.
We arrived tired and hungry.,Nous arrivâmes fatiguées et affamées.
We asked Tom some questions.,Nous avons posé quelques questions à Tom.
We ate sandwiches for lunch.,Nous avons mangé des sandwichs au déjeuner.
We both want the same thing.,Nous voulons tous les deux la même chose.
We both want the same thing.,Nous voulons toutes les deux la même chose.
We bought some tennis balls.,Nous avons acheté quelques balles de tennis.
We bought this in Australia.,Nous avons acheté ceci en Australie.
We came by to wish you luck.,Nous sommes venus vous souhaiter bonne chance.
We came by to wish you luck.,Nous sommes venues vous souhaiter bonne chance.
We came by to wish you luck.,Nous sommes venus te souhaiter bonne chance.
We came by to wish you luck.,Nous sommes venues te souhaiter bonne chance.
We can hear the dog barking.,Nous pouvons entendre le chien aboyer.
We can talk in front of Tom.,Nous pouvons parler devant Tom.
We can talk in front of Tom.,On peut parler devant Tom.
We can't accept all of this.,Nous ne pouvons pas accepter tout ceci.
We can't afford to lose you.,Nous ne pouvons pas nous permettre de vous perdre.
We can't afford to lose you.,On ne peut pas se permettre de te perdre.
We can't compromise on this.,Nous ne pouvons rien lâcher sur ça.
We can't help you with that.,Nous ne pouvons pas t'aider avec ça.
We can't leave until Monday.,Nous ne pouvons pas partir avant lundi.
We can't lose sight of that.,Nous ne pouvons pas perdre ça de vue.
We can't sell that bracelet.,Nous ne pouvons pas vendre ce bracelet.
We could live in peace here.,"Nous pourrions vivre en paix, ici."
We did a lot of good things.,Nous avons fait beaucoup de bonnes choses.
We did that on October 20th.,Nous l'avons fait le 20 octobre.
We do not accept gratuities.,Nous n'acceptons pas les pourboires.
We don't do that very often.,Nous ne le faisons pas très souvent.
We don't do that very often.,Nous ne faisons pas ça très souvent.
We don't have a reservation.,Nous n'avons pas de réservation.
We don't have all afternoon.,Nous n'avons pas toute l'après-midi.
We don't have all afternoon.,Nous n'avons pas tout l'après-midi.
We don't have time to waste.,Nous n'avons pas de temps à perdre.
We don't have too much time.,Nous n'avons pas beaucoup de temps.
We don't know our neighbors.,Nous ne connaissons pas nos voisins.
We don't really have a plan.,Nous n'avons pas vraiment de plan.
We drink our tea with sugar.,Nous buvons notre thé avec du sucre.
We eat every evening at six.,Nous mangeons tous les soirs à six heures.
We enjoyed playing football.,On s'est bien amusé à jouer au foot.
We finally reached the lake.,Nous avons enfin atteint le lac.
We finally struck a bargain.,Nous avons finalement conclu une affaire.
We flew across the Atlantic.,Nous avons volé au-dessus de l'Atlantique.
We flew across the Atlantic.,Nous volâmes au-dessus de l'Atlantique.
We get together once a year.,On se rencontre une fois par an.
We get together once a year.,Nous nous rencontrons une fois par an.
We gladly accept your offer.,Nous acceptons ton offre avec plaisir.
We gladly accept your offer.,Nous acceptons volontiers ton offre.
We gladly accept your offer.,Nous acceptons volontiers votre offre.
We had a minor disagreement.,Nous avons eu un léger désaccord.
We had a minor disagreement.,Nous eûmes un léger désaccord.
We had so much fun together.,Nous nous sommes tellement amusés ensemble.
We had so much fun together.,On s'est tellement amusé ensemble.
We have a lot of work to do.,Nous avons beaucoup de travail à faire.
We have a lot to talk about.,Nous avons beaucoup à discuter.
We have a real problem here.,Nous avons un vrai problème là.
We have ants in the kitchen.,Nous avons des fourmis dans la cuisine.
We have business to discuss.,Nous devons discuter.
We have no choice but to go.,Nous n'avons le choix que de partir.
We have no clue where he is.,Nous n'avons aucune idée d'où il se trouve.
We have no more information.,Nous ne disposons pas davantage d'information.
We have nothing else to eat.,Nous n'avons rien d'autre à manger.
We have room for three more.,Nous avons de la place pour trois autres.
We have something in common.,Nous avons quelque chose en commun.
We have to acknowledge that.,Nous devons reconnaître cela.
We have to acknowledge that.,Nous devons l'admettre.
We have to change something.,Il nous faut changer quelque chose.
We have to do that together.,Nous devons faire ça ensemble.
We have to do this together.,Nous devons faire ceci ensemble.
We have to do without sugar.,Nous devons nous passer de sucre.
We have to expect the worst.,Il faut s'attendre au pire.
We have to find more chairs.,Nous devons trouver plus de chaises.
We have to keep this secret.,Nous devons garder ceci secret.
We have to protect our kids.,Nous devons protéger nos enfants.
We have to study the matter.,Nous devons étudier la question.
We have to take precautions.,Nous devons prendre des précautions.
We have two television sets.,Nous avons deux postes de télévision.
We have two television sets.,Nous avons deux téléviseurs.
We haven't been invited yet.,Nous n'avons pas encore été invités.
We haven't been invited yet.,Nous n'avons pas encore été invitées.
We hope to lower the tariff.,Nous espérons baisser le tarif.
We hope to return next year.,Nous espérons revenir l'an prochain.
We hurried to catch the bus.,Nous nous sommes dépêchés pour attraper le bus.
We invited him to our house.,Nous l'invitâmes chez nous.
We invited him to our house.,Nous l'avons invité chez nous.
We just want to be together.,Nous voulons juste être ensemble.
We kept together for safety.,Nous restâmes ensemble par mesure de sécurité.
We kept together for safety.,Nous sommes restés ensemble par mesure de sécurité.
We kept together for safety.,Nous sommes restées ensemble par mesure de sécurité.
We know so little about Tom.,On sait si peu de choses à propos de Tom.
We know we're going to lose.,Nous savons que nous allons perdre.
We know what the problem is.,Nous savons quel est le problème.
We leave tomorrow afternoon.,Nous partons demain après-midi.
We lost sight of each other.,Nous nous sommes perdus de vue.
We must carry out that plan.,Il faut exécuter ce plan.
We must clean our classroom.,Nous devons nettoyer notre salle de classe.
We must come up with a plan.,Il nous faut concocter un plan.
We must concentrate on that.,Nous devons nous concentrer là-dessus.
We must never do this again.,Nous ne devons jamais plus le faire.
We must not go to war again.,Nous ne devons plus partir en guerre.
We must punish him severely.,Nous devons le punir sévèrement.
We must sleep outside today.,"Nous devons dormir à l'extérieur, aujourd'hui."
We must stay perfectly calm.,Nous devons rester parfaitement calmes.
We need some help down here.,Nous avons besoin d'aide en bas.
We need three more of these.,Nous en avons besoin de trois de plus.
We need to repaint the barn.,Nous devons repeindre la grange.
We need to talk to everyone.,Nous devons parler à tout le monde.
We need to trust each other.,Nous devons nous faire confiance.
We only have one television.,Nous n'avons qu'une télévision.
We only have three bicycles.,Nous n'avons que trois vélos.
We organized a project team.,Nous avons organisé une équipe de projet.
We ran a hundred-meter dash.,Nous courûmes un cent mètres.
We ran a hundred-meter dash.,Nous avons couru un cent mètres.
We really enjoyed ourselves.,Nous nous sommes vraiment bien amusés.
We rent movies all the time.,Nous louons des films tout le temps.
We rested there for an hour.,Nous nous y sommes reposés une heure.
We saw a castle ahead of us.,"Nous vîmes, devant nous, un château."
We see each other every day.,Nous nous voyons quotidiennement.
We see each other every day.,On se voit tous les jours.
We shook nuts from the tree.,Nous secouâmes l'arbre pour en faire choir les noix.
We should all work together.,Nous devrions tous travailler ensemble.
We should all work together.,Nous devrions toutes travailler ensemble.
We should call an ambulance.,Nous devrions appeler une ambulance.
We should hang out sometime.,"Nous devrions sortir ensemble, un de ces quatre."
We should hang out sometime.,"On devrait sortir ensemble, un de ces quatre."
We should have left earlier.,Nous aurions dû partir plus tôt.
We should leave immediately.,Nous devrions partir immédiatement.
We should probably tell Tom.,Nous devrions probablement le dire à Tom.
We should stick to our plan.,Nous devrions nous en tenir à notre plan.
We should trust the experts.,Nous devrions nous fier aux experts.
We should've paid attention.,Nous aurions dû faire attention.
We shouldn't be on the list.,Nous ne devrions pas être sur la liste.
We shouldn't have done that.,Nous n'aurions pas dû faire cela.
We shouldn't have done that.,On n'aurait pas dû faire ça.
We sometimes go for a drive.,Nous allons parfois faire un tour en voiture.
We soon caught up with them.,Nous les avons vite rattrapés.
We still have a few options.,On a encore quelques options.
We still have a few options.,Nous avons encore quelques options.
We subscribe to a newspaper.,Nous souscrivons à un journal.
We take that very seriously.,Nous prenons cela très au sérieux.
We talked about many things.,Nous discutâmes de beaucoup de choses.
We talked over our problems.,Nous avons discuté de nos problèmes.
We talked to them yesterday.,Nous leur avons parlé hier.
We think we can handle that.,Nous pensons pouvoir gérer cela.
We thought it was hilarious.,Nous pensâmes que c'était hilarant.
We thought it was hilarious.,Nous avons pensé que c'était hilarant.
We took him for an American.,Nous l'avons pris pour un Américain.
We understand you perfectly.,Nous vous comprenons parfaitement.
We understand you perfectly.,Nous te comprenons parfaitement.
We used to play in the park.,"Autrefois, nous jouions dans le parc."
We want Tom to sing with us.,Nous voulons que Tom chante avec nous.
We want further information.,Nous voulons plus d'information.
We went to London last year.,Nous sommes allés à Londres l'année dernière.
We went to the park to play.,"Nous sommes allés dans le parc, pour jouer."
We were both afraid to talk.,Nous avions tous les deux peur de parler.
We were both afraid to talk.,Nous avions toutes les deux peur de parler.
We were both in the library.,Nous étions tous les deux à la bibliothèque.
We were both in the library.,Nous étions toutes les deux dans la bibliothèque.
We were extremely fortunate.,Nous avons été extrêmement chanceux.
We were extremely fortunate.,Nous avons été extrêmement chanceuses.
We were forced to work hard.,Nous étions forcés à travailler dur.
We were made for each other.,Nous étions faits l'un pour l'autre.
"We were unlucky, that's all.","Nous avons été malchanceux, c'est tout."
"We were unlucky, that's all.","Nous avons été malchanceuses, c'est tout."
We were very busy last week.,La semaine passée nous étions très occupés.
We were very busy last week.,La semaine passée nous étions très occupées.
We will be together forever.,Nous serons ensemble pour toujours.
"We will go, but without you.","Nous irons, mais sans vous."
"We will go, but without you.","On va y aller, mais sans toi."
We will soon be having snow.,Nous aurons bientôt de la neige.
We will start when he comes.,Nous commencerons quand il arrivera.
We would like to buy a sofa.,Nous voudrions acheter un canapé.
We'd better call the police.,Nous ferions mieux d'appeler la police.
We'd better get out of here.,On ferait mieux de sortir d'ici !
We'd better get out of here.,Nous ferions mieux de sortir d'ici !
We'd better leave her alone.,Nous ferions mieux de la laisser seule.
We'd like a bottle of rosé.,Nous aimerions une bouteille de rosé.
We'd like to have some wine.,Nous aimerions avoir du vin.
We'll all be there together.,Nous y serons tous ensemble.
We'll all be there together.,Nous y serons toutes ensemble.
We'll be happy to cooperate.,Nous serons heureux de coopérer.
We'll get in touch with you.,Nous vous recontacterons.
We'll get in touch with you.,On prendra contact avec toi.
We'll give you your revenge.,Nous te donnerons ta revanche.
We'll meet again in October.,Nous nous reverrons en octobre.
We'll miss living in Boston.,Vivre à Boston nous manquera.
We'll never get out of this.,On ne s'en sortira jamais.
We'll never know the reason.,Nous ne connaîtrons jamais la raison.
We'll see who answers first.,On va voir qui répond le premier.
We'll take good care of you.,Nous prendrons bien soin de vous.
We'll talk about that later.,Nous nous en entretiendrons plus tard.
We'll talk about this later.,Nous en parlerons plus tard.
We'll try it again tomorrow.,On réessayera demain.
We'll try it again tomorrow.,Nous essaierons à nouveau demain.
We'll work on this tomorrow.,Nous travaillerons sur ceci demain.
We're about the same height.,Nous sommes à peu près de la même taille.
We're all being manipulated.,Nous sommes tous en train d'être manipulés.
We're all being manipulated.,Nous sommes toutes en train d'être manipulées.
We're all to blame for that.,Nous en sommes tous responsables.
We're all to blame for that.,Nous en sommes toutes responsables.
We're all to blame for that.,"C'est de notre faute, à tous."
We're all very good players.,Nous sommes tous de très bons joueurs.
We're all very good players.,Nous sommes toutes de très bonnes joueuses.
We're both moving to Boston.,On déménage tous les deux à Boston.
We're both on the same side.,Nous sommes toutes les deux du même côté.
We're both on the same side.,Nous sommes tous les deux dans le même camp.
We're doing the right thing.,Nous faisons la bonne chose.
We're doing the wrong thing.,Nous faisons une erreur.
We're doing the wrong thing.,Nous n'agissons pas bien.
We're doing the wrong thing.,Nous faisons le mauvais choix.
We're friends from way back.,Nous sommes vieux amis.
We're going to keep smiling.,Nous allons continuer à sourire.
We're going to work tonight.,Nous allons travailler ce soir.
We're looking for engineers.,Nous cherchons des ingénieurs.
We're looking for the truth.,Nous recherchons la vérité.
We're married to each other.,Nous sommes mariés.
We're not breaking anything.,Nous n'allons pas casser quoi que ce soit.
We're not doing it that way.,Nous ne le faisons pas de cette façon.
We're not going on vacation.,Nous n'allons pas en vacances.
We're not going to hurt you.,Nous n'allons pas vous faire de mal.
We're not going to stop now.,Nous n'allons pas arrêter maintenant.
We're not in school anymore.,Nous ne sommes plus à l'école.
We're not officially dating.,On ne sort pas ensemble officiellement.
We're quite certain of that.,Nous en sommes pour ainsi dire certains.
We're quite certain of that.,Nous en sommes pour ainsi dire certaines.
We're running a little late.,Nous avons un peu de retard.
We're still shopping around.,Nous faisons encore des emplettes.
We're still shopping around.,Nous faisons encore des courses.
We're still waiting for Tom.,Nous attendons encore Tom.
We're surprised and shocked.,Nous sommes surpris et choqués.
We're surrounded by enemies.,Nous sommes entourés d'ennemis.
We're surrounded by enemies.,Nous sommes encerclées par les ennemis.
We're wasting precious time.,Nous perdons un temps précieux.
We're working at the moment.,Nous travaillons à l'instant.
We've already made an offer.,Nous avons déjà fait une offre.
We've got enough space here.,Nous avons suffisamment d'espace ici.
We've got to conserve water.,Nous devons conserver l'eau.
We've got to conserve water.,Nous devons préserver l'eau.
We've got to talk seriously.,Il nous faut parler sérieusement.
We've had lot of complaints.,Nous avons eu beaucoup de plaintes.
We've run out of ammunition.,Nous avons épuisé nos munitions.
We've run out of ammunition.,Nous sommes à court de munitions.
"Well, tell me what you know.","Eh bien, dites-moi ce que vous savez !"
"Well, tell me what you know.","Eh bien, dis-moi ce que tu sais !"
"Well, that could be helpful.","Bien, ça pourrait nous aider."
"Well, what did you find out?","Eh bien, qu'as-tu découvert ?"
"Well, what did you find out?","Eh bien, qu'avez-vous appris ?"
"Well, what did you find out?","Eh bien, qu'avez-vous découvert ?"
What Tom did was incredible.,Ce que Tom a fait était incroyable.
What Tom told you was a lie.,Ce que t'a dit Tom était un mensonge.
What Tom told you was a lie.,Ce que vous a dit Tom était un mensonge.
What a pity you can't dance!,Quel dommage que tu ne saches pas danser !
What am I going to tell Tom?,Que vais-je dire à Tom ?
What an extraordinary woman.,Quelle femme extraordinaire !
What are these people doing?,Que font ces gens ?
What are these people doing?,Que font ces gens ?
What are those people doing?,Que font ces gens ?
What are those pills called?,Comment s'appellent ces pillules ?
What are we doing for lunch?,Que faisons-nous pour déjeuner ?
What are we doing for lunch?,Que faisons-nous pour dîner ?
What are you accusing me of?,De quoi m'accusez-vous ?
What are you accusing me of?,De quoi est-ce que tu m'accuses ?
What are you all doing here?,Qu'êtes-vous tous en train de faire ici ?
What are you all doing here?,Qu'êtes-vous toutes en train de faire ici ?
What are you doing tomorrow?,Tu fais quoi demain ?
What are you grinning about?,Qu'est-ce qui te prend ?
What are you so angry about?,Qu'est-ce qui te met tant en colère ?
What are you so happy about?,Pourquoi es-tu si heureux ?
What are you supposed to do?,Qu'êtes-vous censé faire ?
What are you supposed to do?,Qu'es-tu censé faire ?
What are you supposed to do?,Qu'êtes-vous censées faire ?
What are you thinking about?,À quoi pensez-vous ?
What are you thinking about?,Tu penses à quoi ?
What are you trying to hide?,Qu'essaies-tu de cacher ?
What are you trying to hide?,Qu'essayez-vous de cacher ?
What are you two staring at?,"Qu'est-ce que vous regardez, tous les deux ?"
What are you worrying about?,Qu'est-ce qui t'inquiète ?
What are your qualification?,Quelles sont vos qualifications ?
What are your qualification?,Quelles sont tes qualifications ?
What are your strong points?,Quels sont tes points forts ?
What are your true feelings?,Quels sont vos véritables sentiments ?
What are your true feelings?,Quels sont tes véritables sentiments ?
What are your weekend plans?,Quels sont vos projets pour le weekend ?
What are your weekend plans?,Quels sont tes projets pour le week-end ?
What are your weekend plans?,Quels sont tes plans pour le week-end ?
What can I get you to drink?,Que puis-je aller vous chercher à boire ?
What can I get you to drink?,Que puis-je aller te chercher à boire ?
What crime have I committed?,Quel crime est-ce que j'ai commis ?
What crime have I committed?,Quel crime ai-je commis ?
What did you do last Sunday?,Qu'as-tu fait dimanche dernier ?
What did you do last Sunday?,Qu'avez-vous fait dimanche dernier ?
What did you do this summer?,Qu'avez-vous fait cet été ?
What did you do this summer?,Qu'as-tu fait cet été ?
What did you do to my phone?,Qu'as-tu fait à mon téléphone ?
What did you do to my phone?,Qu'avez-vous fait à mon téléphone ?
What did you do to yourself?,Qu'est-ce que tu t'es fait ?
What did you eat for dinner?,"Tu as mangé quoi, ce soir ?"
What do these markings mean?,Que signifient ces annotations ?
What do these markings mean?,Que signifient ces signes ?
What do these markings mean?,Que signifient ces marques ?
What do these markings mean?,Que signifient ces signaux ?
What do you advise me to do?,Que me conseillez-vous de faire ?
What do you do after school?,Qu'est-ce que tu fais après l'école ?
What do you do after school?,Que faites-vous après l'école ?
What do you do for a living?,Que faites-vous dans la vie ?
What do you do for a living?,Que fais-tu dans la vie ?
What do you do for a living?,Que faites-vous dans la vie ?
What do you do for a living?,Que faites-vous pour gagner votre vie ?
What do you do for a living?,Que fais-tu pour gagner ta vie ?
What do you do for a living?,Que fais-tu comme travail ?
What do you do for the team?,Que fais-tu pour l'équipe ?
What do you expect us to do?,Qu'attendez-vous de nous ?
What do you expect us to do?,Qu'attends-tu de nous ?
What do you learn at school?,Qu'est-ce que tu apprends à l'école ?
What do you learn at school?,Qu'apprends-tu à l'école ?
What do you learn at school?,Qu'apprenez-vous à l'école ?
What do you say we go there?,Que dis-tu d'y aller ?
What do you say we go there?,Que dites-vous d'y aller ?
What do you think about Tom?,Que penses-tu de Tom?
What do you think about Tom?,Que pensez-vous de Tom?
What do you think of me now?,T'as changé d'avis sur moi ?
What do you think they want?,Que croyez-vous qu'elles veulent ?
What do you want to tell us?,Qu'est-ce que tu veux nous dire ?
What do you want to tell us?,Qu'est-ce que vous voulez nous dire ?
What does Tom think of Mary?,Que pense Tom de Mary ?
What does this mean for Tom?,Qu'est-ce que cela signifie pour Tom ?
What else do we need to buy?,Que devons-nous acheter d'autre ?
What else do you plan to do?,Que comptez-vous faire d'autre ?
What else do you plan to do?,Que comptes-tu faire d'autre ?
What else do you want to do?,Que veux-tu faire d'autre ?
What else do you want to do?,Que voulez-vous faire d'autre ?
What else was in the basket?,Qu'y avait-il d'autre dans le panier ?
What fruit do you like best?,Quel fruit préférez-vous ?
What fruit do you like best?,Quel fruit est-ce que tu préfères ?
What goes up must come down.,Ce qui monte doit redescendre.
What happened to the others?,Qu'est-il arrivé aux autres ?
What happened to the others?,Qu'est-il advenu des autres ?
What happened to your voice?,Qu'est-il arrivé à ta voix ?
What has changed since then?,Qu'est-ce qui a changé depuis ?
What have you come here for?,Pourquoi es-tu venu ici ?
What have you come here for?,Qu'êtes-vous venu faire ici ?
What have you come here for?,Pourquoi es-tu venue ici ?
What have you come here for?,Qu'êtes-vous venus faire ici ?
What have you come here for?,Qu'êtes-vous venues faire ici ?
What he said is a good idea.,Ce qu'il a dit est une bonne idée.
What if I asked you to stay?,Que dirais-tu si je te demandais de rester ?
What if I asked you to stay?,Que diriez-vous si je vous demandais de rester ?
What if Tom doesn't like me?,Et si Tom ne m'aime pas ?
What insects have you eaten?,Quels insectes as-tu mangé ?
What is a life worth living?,En quoi une vie vaut-elle d'être vécue ?
What is it that bothers you?,Qu'est-ce qui vous inquiète?
"What is it with you, anyway?","Qu'est-ce qui te prend, d'ailleurs ?"
"What is it with you, anyway?","Qu'est-ce qui vous prend, d'ailleurs ?"
What is it you have in mind?,Qu'as-tu en tête ?
What is it you have in mind?,Qu'avez-vous en tête ?
What is needed is more time.,Ce dont il y a besoin c'est plus de temps.
What is the matter with you?,Que t'arrive-t-il ?
What is the matter with you?,Que vous arrive-t-il ?
What is the purpose of life?,Quel est le but de la vie ?
What is there to understand?,Qu'y a-t-il là à comprendre ?
What is wrong with that guy?,Qu'est-ce qui ne va pas avec ce type ?
What is wrong with that guy?,Qu'est-ce qui ne va pas avec ce mec ?
What is your favorite sport?,Quel sport préfères-tu ?
What kind of person are you?,Quel genre de personne es-tu ?
What kind of work do you do?,Quelle sorte de travail effectuez-vous ?
What makes this one special?,Qu'est-ce qui rend celui-ci spécial ?
What makes this one special?,Qu'est-ce qui rend celle-ci spéciale ?
What more could one ask for?,Que demander de plus ?
What options do I have left?,Quelles autres options ai-je ?
What should we do with this?,Que devrions-nous faire avec ceci ?
What sort of person are you?,Quelle genre de personne êtes-vous ?
What sort of person are you?,Quelle sorte de personne es-tu ?
What sort of work do you do?,Quel genre de travail faites-vous ?
What sport do you like best?,Quel sport préfères-tu ?
What time do you go to work?,À quelle heure allez-vous au travail ?
What time does school begin?,À quelle heure commence l'école ?
What time does school begin?,À quelle heure l'école commence-t-elle ?
What time should I check in?,À quelle heure dois-je me faire enregistrer ?
What was the weather report?,Qu'a dit le bulletin météo ?
What was the weather report?,Comment était le bulletin météo ?
What was your father's name?,Comment s'appelle ton père ?
What was your favorite part?,Quelle était ta partie préférée ?
What was your favorite part?,Quelle était votre partie préférée ?
What were the meetings like?,Comment se sont passées les réunions ?
What were we supposed to do?,Qu'étions-nous supposés faire ?
What were we supposed to do?,Qu'étions-nous censées faire ?
What were you hoping to see?,Qu'espériez-vous voir ?
What were you hoping to see?,Qu'espérais-tu voir ?
What were your parents like?,Comment étaient tes parents ?
What will the neighbors say?,Que diront les voisins ?
What would I do without you?,Que ferais-je sans vous ?
What would I do without you?,Que ferais-je sans toi ?
What you say makes no sense.,Ce que tu dis est insensé.
What's all the hubbub about?,Qu'est tout ce brouhaha ?
What's all the hubbub about?,À quel propos est ce tohu-bohu ?
What's going on around here?,Que se passe-t-il ici ?
What's it like in Australia?,"C'est comment, l'Australie ?"
What's really going on here?,Que se passe-t-il vraiment ici ?
What's the name of your dog?,Quel est le nom de ton chien ?
What's the name of your dog?,Comment s'appelle ton chien ?
What's wrong with your eyes?,Qu'est-ce qui ne va pas avec vos yeux ?
What's wrong with your eyes?,Qu'est-ce qui ne va pas avec tes yeux ?
What's your daughter's name?,Quel est le nom de ta fille ?
What's your daughter's name?,Quel est le nom de votre fille ?
What's your favorite number?,Quel est ton nombre favori ?
What's your favorite number?,Quel est ton chiffre favori ?
What's your native language?,Quelle est votre langue natale ?
What's your opinion on this?,Quelle est ton opinion là-dessus ?
What's your opinion on this?,Quelle est votre opinion à ce propos ?
When are you going to leave?,Quand vas-tu partir ?
When did the robbery happen?,Quand le vol est-il survenu ?
When did the robbery happen?,Quand le vol a-t-il eu lieu ?
When did you buy this cello?,Quand avez-vous acheté ce violoncelle ?
When did you buy this cello?,Quand as-tu acheté ce violoncelle ?
When did you first meet him?,Quand l'as-tu rencontré pour la première fois ?
When did you hear the sound?,Quand avez-vous entendu le son ?
When did you hear the sound?,Quand as-tu entendu le son ?
When do you intend to start?,Quand as-tu l'intention de commencer ?
When do you intend to start?,Quand avez-vous l'intention de commencer ?
When do you intend to start?,Quand as-tu l'intention de démarrer ?
When do you intend to start?,Quand avez-vous l'intention de démarrer ?
When is a good time for you?,Quand est-ce un bon moment pour toi ?
When is a good time for you?,Quand est-ce un bon moment pour vous ?
When was the last explosion?,À quand remonte la dernière explosion ?
When will you stop scheming?,Quand cesserez-vous vos manigances ?
When will you stop scheming?,Quand arrêteras-tu d'intriguer ?
Where are all our suitcases?,Où sont toutes nos valises ?
Where are the garden shears?,Où est le sécateur ?
Where are we eating tonight?,Où est-ce qu'on mange ce soir ?
Where are we going to lunch?,Où allons-nous déjeuner ?
Where are we going tomorrow?,Où allons-nous demain ?
Where are we going tomorrow?,On va où demain ?
Where are you going to move?,Où déménageras-tu ?
Where are your credit cards?,Où sont vos cartes de crédit ?
Where are your credit cards?,Où sont tes cartes de crédit ?
Where can I find a hospital?,Où puis-je trouver un hôpital?
Where can I find toothpaste?,Où puis-je trouver du dentifrice ?
Where can we talk privately?,Où pouvons-nous parler en privé ?
Where did he find the money?,Où a-t-il trouvé l'argent ?
Where did the bee sting you?,Où l'abeille t'a-t-elle piqué ?
Where did the bee sting you?,Où l'abeille t'a-t-elle piquée ?
Where did the bee sting you?,Où l'abeille vous a-t-elle piqué ?
Where did the bee sting you?,Où l'abeille vous a-t-elle piquée ?
Where did they get all this?,Où ont-ils déniché tout ça ?
Where did they get all this?,Où ont-elles déniché tout ça ?
Where did you buy this book?,Où as-tu acheté ce livre ?
Where did you buy this book?,Où avez-vous fait l'acquisition de ce livre ?
Where did you find the keys?,Où as-tu trouvé les clefs?
Where did you find the keys?,Où as-tu trouvé les clés ?
Where did you find the keys?,Où avez-vous trouvé les clés ?
Where did you get all these?,Où avez-vous déniché tout ça ?
Where did you get all these?,Où as-tu déniché tout ça ?
Where did you get that scar?,Où t'es-tu fait cette cicatrice ?
Where did you get that scar?,Où vous êtes-vous fait cette cicatrice ?
Where did you get the money?,Où avez-vous trouvé l'argent ?
Where did you get the money?,Où as-tu trouvé l'argent ?
Where did you get this info?,Où as-tu eu cette information ?
Where did you get this info?,Où avez-vous obtenu cette information ?
Where did you get this list?,Où as-tu trouvé cette liste ?
Where did you get this list?,Où avez-vous pêché cette liste ?
Where did you go to college?,Où avez-vous été à la fac ?
Where did you go to college?,Où as-tu été à la fac ?
Where did you go to college?,Quelle fac avez-vous fréquentée ?
Where did you go to college?,Quelle fac as-tu fréquentée ?
Where did you hide the food?,Où as-tu caché la nourriture ?
Where did you put my gloves?,Où as-tu mis mes gants ?
Where do I claim my baggage?,Où est-ce que je récupère mes bagages ?
Where do we go after we die?,Où allons-nous après notre mort ?
Where do you keep the booze?,Où planquez-vous la bibine ?
Where do you keep the booze?,Où planquez-vous les spiritueux ?
Where in Turkey do you live?,Où vis-tu en Turquie ?
Where is the bottle of wine?,Où est la bouteille de vin ?
Where is the emergency exit?,Où se trouve la sortie de secours ?
Where is the police station?,Où se trouve le poste de police ?
Where is the police station?,Où le poste de police se trouve-t-il ?
Where is the south terminal?,Où est le terminal sud ?
Where is the ticket counter?,Où est le guichet ?
Where would you like to sit?,Où désirez-vous vous asseoir ?
Where's the nearest library?,Où est la bibliothèque la plus proche ?
Where's the nearest station?,Où est la gare la plus proche ?
Where's the shopping center?,Où est le centre commercial ?
Which browser are you using?,Quel navigateur utilises-tu ?
Which browser are you using?,Quel navigateur utilisez-vous ?
Which club do you belong to?,À quel club appartiens-tu ?
Which club do you belong to?,À quel cercle appartenez-vous ?
Which drinks don't you like?,Quelles sont les boissons que tu n'aimes pas ?
Which films are showing now?,Quels sont les films à l'affiche actuellement ?
Which is your favorite team?,Quelle est votre équipe préférée ?
Which is your favorite team?,Quelle est ton équipe préférée ?
Which newspaper do you read?,Quel journal lisez-vous ?
Which one is more expensive?,Lequel est plus cher ?
Which one is more expensive?,Laquelle est plus chère ?
Which one of those is yours?,Lequel de ceux-là est le tien ?
Which one of those is yours?,Laquelle de celles-là est la tienne ?
Which one of those is yours?,Lequel de ceux-là est le vôtre ?
Which one of those is yours?,Laquelle de celles-là est la vôtre ?
Which one was your favorite?,Lequel était ton préféré ?
Which one was your favorite?,Laquelle était ta préférée ?
Which team is likely to win?,Quelle équipe est-elle susceptible de gagner ?
Who are you working for now?,Pour qui travailles-tu maintenant ?
Who are you working for now?,Pour qui travaillez-vous maintenant ?
Who can afford this anymore?,Qui peut encore se permettre ceci ?
Who could've predicted this?,Qui aurait pu prévoir ceci ?
Who did you have lunch with?,Avec qui as-tu déjeuné ?
Who did you have lunch with?,Avec qui avez-vous déjeuné ?
Who did you see in the park?,Qui avez-vous vu au parc ?
Who did you see in the park?,Qui as-tu vu au parc ?
Who do you want to speak to?,À qui souhaitez-vous parler ?
Who do you want to speak to?,À qui souhaites-tu parler ?
Who do you want to speak to?,À qui est-ce que tu veux parler ?
Who does this dog belong to?,A qui appartient ce chien ?
Who gave you all that money?,Qui t'a donné tout cet argent ?
Who gave you all that money?,Qui vous a donné tout cet argent ?
Who is going to play tennis?,Qui va jouer au tennis ?
Who is the girl in your car?,Qui est la fille dans ta voiture ?
Who is the girl in your car?,Qui est la fille dans votre voiture ?
Who is the person in charge?,Qui est le responsable ?
Who is your English teacher?,Qui est ton prof d'anglais ?
Who is your English teacher?,Qui est votre enseignant d'anglais ?
Who is your favorite author?,Quel est ton auteur préféré ?
Who is your favorite author?,Qui est votre auteur préféré ?
Who is your favorite author?,Quel est votre auteur favori ?
Who is your favorite author?,Qui est votre auteur favori ?
Who is your favorite author?,Qui est ton auteur favori ?
Who knows what could happen?,Qui sait ce qu'il adviendrait ?
Who knows what could happen?,Qui sait ce qu'il se produirait ?
Who lives in the room below?,Qui vit dans la chambre du dessous ?
Who picked you for this job?,Qui vous a choisi pour ce poste ?
Who picked you for this job?,Qui t'a choisi pour ce poste ?
Who taught you how to dance?,Qui vous a appris à danser ?
Who threw a stone at my dog?,Qui a jeté une pierre à mon chien ?
Who was the book written by?,Par qui le livre fut-il écrit ?
Who was the book written by?,Par qui le livre a-t-il été écrit ?
Who was your French teacher?,Qui était votre professeur de français?
Who were the other suspects?,Qui étaient les autres suspects ?
Who were they talking about?,De qui parlaient-ils ?
Who were they talking about?,De qui étaient-elles en train de parler ?
Who were you dreaming about?,À qui étais-tu en train de rêver ?
Who were you dreaming about?,À qui étiez-vous en train de rêver ?
Who will you be coming with?,Avec qui viendras-tu ?
Who will you be coming with?,Avec qui viendrez-vous ?
Who's eaten all the cookies?,Qui a mangé tous les cookies ?
Who's going to believe that?,Qui va croire ça ?
Who's going to eat all that?,Qui mangera tout cela ?
Who's going to pay for that?,Qui va payer pour ça ?
Who's going to pay for this?,Qui va payer pour ça ?
Who's going to pay for this?,Qui va payer pour ceci ?
Who's going to pay the bill?,Qui va payer la facture ?
Who's your favorite pianist?,Quel est ton pianiste préféré ?
Why are we moving to Boston?,Pourquoi déménageons-nous à Boston ?
Why are you acting this way?,Pourquoi vous conduisez-vous ainsi ?
Why are you acting this way?,Pourquoi te conduis-tu ainsi ?
Why are you always so happy?,Pourquoi es-tu tout le temps si heureux ?
Why are you always so happy?,Pourquoi es-tu tout le temps si heureuse ?
Why are you always so happy?,Pourquoi êtes-vous tout le temps si heureux ?
Why are you always so happy?,Pourquoi êtes-vous tout le temps si heureuse ?
Why are you always so happy?,Pourquoi êtes-vous tout le temps si heureuses ?
Why are you in such a hurry?,Pourquoi es-tu aussi pressé !
Why are you leaving so soon?,Pourquoi partez-vous si tôt ?
Why are you leaving so soon?,Pourquoi pars-tu si tôt ?
Why are you taking pictures?,Pourquoi prenez-vous des photos ?
Why are you taking pictures?,Pourquoi prends-tu des photos ?
Why are you waiting in line?,Pourquoi faites-vous la queue ?
Why aren't you all laughing?,Pourquoi ne riez-vous pas tous ?
Why aren't you all laughing?,Pourquoi ne riez-vous pas toutes ?
Why aren't you answering me?,Pourquoi ne me réponds-tu pas ?
Why aren't you taking notes?,Pourquoi n'es-tu pas en train de prendre des notes ?
Why aren't you taking notes?,Pourquoi ne prenez-vous pas de notes ?
Why can't I go to the party?,Pourquoi ne puis-je pas aller à la fête ?
Why did Tom cancel his trip?,Pourquoi Tom a-t-il annulé son voyage ?
Why did Tom need a chainsaw?,Pourquoi Tom avait-t-il besoin d'une tronçonneuse ?
Why did she come home early?,Pourquoi est-elle rentrée à la maison plus tôt ?
Why did she come home early?,Pourquoi est-elle rentrée tôt à la maison ?
Why did you buy the flowers?,Pourquoi as-tu acheté les fleurs ?
Why did you buy the flowers?,Pourquoi avez-vous acheté les fleurs ?
Why did you come here today?,Pourquoi es-tu venu ici aujourd'hui ?
Why did you come here today?,Pourquoi es-tu venue ici aujourd'hui ?
Why did you come here today?,Pourquoi êtes-vous venu ici aujourd'hui ?
Why did you come here today?,Pourquoi êtes-vous venue ici aujourd'hui ?
Why did you come here today?,Pourquoi êtes-vous venus ici aujourd'hui ?
Why did you come here today?,Pourquoi êtes-vous venues ici aujourd'hui ?
Why did you get up so early?,Pourquoi est-ce que tu t'es levé si tôt ?
Why did you help Tom escape?,Pourquoi as-tu aidé Tom à s'échapper ?
Why did you help Tom escape?,Pourquoi avez-vous aidé Tom à s'échapper ?
Why did you leave Australia?,Pourquoi as-tu quitté l'Australie ?
Why did you try to run away?,Pourquoi as-tu tenté de t'enfuir ?
Why did you try to run away?,Pourquoi avez-vous essayé de vous enfuir ?
Why did you turn off the TV?,Pourquoi as-tu éteint la télé ?
Why did you turn off the TV?,Pourquoi avez-vous éteint la télé ?
Why did your T-shirt shrink?,Pourquoi ton T-shirt a rétréci?
Why didn't somebody call me?,Pourquoi quelqu'un ne m'a-t-il pas appelé ?
Why didn't you come earlier?,Pourquoi n'es-tu pas venu plus tôt ?
Why didn't you guys tell me?,"Pourquoi ne me l'avez-vous pas dit, les mecs ?"
Why didn't you listen to me?,Pourquoi ne m'avez-vous pas écouté ?
Why didn't you listen to me?,Pourquoi ne m'avez-vous pas écoutée ?
Why didn't you listen to me?,Pourquoi ne m'as-tu pas écouté ?
Why didn't you listen to me?,Pourquoi ne m'as-tu pas écoutée ?
Why didn't you tell someone?,Pourquoi ne l'as-tu pas dit à quelqu'un ?
Why didn't you tell someone?,Pourquoi ne l'avez-vous pas dit à quelqu'un ?
Why didn't you tell us that?,Pourquoi ne nous l'as-tu pas dit ?
Why didn't you tell us that?,Pourquoi ne nous l'avez-vous pas dit ?
Why do you hate Tom so much?,Pourquoi détestes-tu autant Tom ?
Why do you like Tom so much?,Pourquoi aimes-tu autant Tom ?
Why do you put up with that?,Pourquoi endures-tu cela ?
Why do you put up with that?,Pourquoi endurez-vous cela ?
Why do you put up with that?,Pourquoi supportes-tu cela ?
Why do you put up with that?,Pourquoi supportez-vous cela ?
Why do you think he said so?,"Pourquoi, penses-tu, a-t-il dit cela ?"
Why do you think he said so?,"Pourquoi, pensez-vous, a-t-il dit cela ?"
Why do you want that anyway?,"Pourquoi le veux-tu, de toutes façons ?"
Why do you want that anyway?,"Pourquoi le voulez-vous, de toutes façons ?"
Why does everybody say that?,Pourquoi est-ce que tout le monde dit ça ?
Why don't we go for a drive?,Pourquoi n'allons-nous pas faire un tour en voiture ?
Why don't you come visit us?,Pourquoi ne viens-tu pas nous voir ?
Why don't you come visit us?,Pourquoi ne viens-tu pas nous rendre visite ?
Why don't you come visit us?,Pourquoi ne venez-vous pas nous rendre visite ?
Why don't you come visit us?,Pourquoi ne venez-vous pas nous voir ?
Why don't you get a haircut?,Pourquoi ne te fais-tu pas couper les cheveux ?
Why don't you get a haircut?,Pourquoi ne vous faites-vous pas couper les cheveux ?
Why don't you go take a nap?,Pourquoi ne vas-tu pas faire une sieste ?
Why don't you go take a nap?,Pourquoi n'allez-vous pas faire une sieste ?
Why don't you just back off?,Pourquoi ne te retires-tu simplement pas ?
Why don't you just back off?,Pourquoi ne vous retirez-vous simplement pas ?
Why don't you say something?,Pourquoi ne dis-tu pas quelque chose ?
Why don't you say something?,Pourquoi ne dites-vous pas quelque chose ?
Why don't you stay a minute?,Pourquoi ne restez-vous pas une minute ?
Why don't you stay a minute?,Pourquoi ne restes-tu pas une minute ?
Why exactly did you do that?,Pourquoi au juste as-tu fait ça ?
Why exactly did you do that?,Pourquoi au juste avez-vous fait ça ?
Why haven't you told me yet?,Pourquoi ne me l'as-tu pas encore dit ?
Why haven't you told me yet?,Pourquoi ne me l'avez-vous pas encore dit ?
Why is Tom acting like this?,Pourquoi Tom agit comme ça ?
Why is it such a big secret?,Pourquoi est-ce un si gros secret ?
Why is this happening to us?,Pourquoi est-ce que ça nous arrive ?
Why not break the door down?,Pourquoi ne pas enfoncer la porte ?
Why not have dinner with us?,Pourquoi ne pas dîner avec nous ?
Why not take a few days off?,Pourquoi ne pas prendre quelques jours de congé ?
Why not wait until tomorrow?,Pourquoi ne pas attendre jusqu'à demain ?
Why should you be surprised?,Pourquoi devrais-tu être surpris ?
Why was I not aware of this?,Pourquoi n'étais-je pas au courant de cela ?
Why would I need to do that?,Pourquoi aurais-je besoin de le faire ?
Why would I want to do that?,Pourquoi voudrais-je faire cela ?
Why would I want to sue you?,Pourquoi voudrais-je te poursuivre en justice ?
Why would I want to sue you?,Pourquoi voudrais-je vous poursuivre en justice ?
Why would I want your watch?,Pourquoi voudrais-je ta montre ?
Why would I want your watch?,Pourquoi voudrais-je votre montre ?
Why would anybody come here?,Pourquoi quiconque viendrait-il ici ?
Why would you want to leave?,Pourquoi voudrais-tu partir ?
Why would you want to leave?,Pourquoi voudriez-vous partir ?
Will Tom graduate this year?,Tom sera-t-il diplômé cette année?
Will anything really change?,Quoi que ce soit changera-t-il réellement ?
Will it rain this afternoon?,Pleuvra-t-il cet après-midi ?
Will it rain this afternoon?,Pleuvra-t-il cette après-midi ?
Will it rain this afternoon?,Va-t-il pleuvoir cet après-midi ?
Will it rain this afternoon?,Va-t-il pleuvoir cette après-midi ?
Will that make a difference?,Est-ce que cela fera une différence ?
Will there be anything else?,Y aura-t-il quoi que ce soit d'autre ?
Will you be at home tonight?,Tu seras chez toi ce soir ?
Will you come back tomorrow?,Reviens-tu demain ?
Will you come back tomorrow?,Reviendras-tu demain ?
Will you have some more tea?,Reprendrez-vous un peu de thé ?
Will you join us for a swim?,Te joindras-tu à nous pour une baignade ?
Will you lend me some money?,Veux-tu me prêter de l'argent ?
Will you lend me some money?,Me prêteras-tu de l'argent ?
Will you sell me your house?,Me vendrez-vous votre maison ?
Will you show me your album?,Me montreras-tu ton album ?
Will you show me your album?,Me montrerez-vous votre album ?
Will you try this on for me?,Veux-tu essayer celle-ci pour moi ?
Will you try this on for me?,Voulez-vous essayer celle-ci pour moi ?
Will you watch the Olympics?,Regarderas-tu les Jeux Olympiques ?
Will you watch the Olympics?,Regarderez-vous les Jeux Olympiques ?
"Wood floats, but iron sinks.","Le bois flotte, mais le fer coule au fond."
"Wood floats, but iron sinks.","Le bois flotte, mais le fer coule."
Words could not describe it.,Les mots ne pourraient le décrire.
Would that really be so bad?,Serait-ce vraiment si mauvais ?
Would you like a cup of tea?,Voudriez-vous une tasse de thé ?
Would you like another beer?,Voulez-vous une autre bière ?
Would you like some cookies?,Aimerais-tu des biscuits ?
Would you like some cookies?,Aimeriez-vous des biscuits ?
Would you like to be famous?,Aimerais-tu être célèbre ?
Would you like to be seated?,Aimeriez-vous avoir une place assise ?
Would you like to be seated?,Aimeriez-vous disposer d'une place assise ?
Would you like to be seated?,Voudriez-vous qu'on vous assoie ?
Would you like to be seated?,Voudrais-tu qu'on t'assoie ?
Would you like to be seated?,Aimerais-tu disposer d'une place assise ?
Would you like to hear more?,Aimerais-tu en entendre davantage ?
Would you like to hear more?,Aimeriez-vous en entendre davantage ?
Would you like to swap jobs?,Voudriez-vous échanger nos emplois ?
"Wow, it's pretty cold today.","Brrr, il fait plutôt froid aujourd'hui."
Write carefully and legibly.,Écris avec soin et lisiblement.
Write carefully and legibly.,Écrivez avec soin et lisiblement.
Write your name in capitals.,Écrivez votre nom en majuscules.
Yakitori is a Japanese food.,Les yakitoris sont un plat japonais.
Yesterday he came back late.,Hier il est rentré tard.
Yesterday he came back late.,Il est rentré tard hier.
"Yesterday, I lost my wallet.","Hier, j'ai perdu mon portefeuille."
You always disagree with me.,Vous êtes toujours en désaccord avec moi.
You always were a good cook.,Tu as toujours été bon cuisinier.
You always were a good cook.,Vous avez toujours été bon cuisinier.
You always were a good cook.,Tu as toujours été bonne cuisinière.
You always were a good cook.,Vous avez toujours été bonne cuisinière.
You and I don't think alike.,Vous et moi ne pensons pas pareil.
You and I don't think alike.,Toi et moi ne pensons pas de la même façon.
You are as white as a sheet.,Vous êtes blanc comme un drap.
You are as white as a sheet.,Tu es blanc comme un cachet d'aspirine.
You are cleared for takeoff.,Votre décollage est confirmé.
"You are curious, aren't you?","Tu es curieux, hein ?"
"You are curious, aren't you?","Tu es curieuse, non ?"
"You are curious, aren't you?","Vous êtes curieux, n'est-ce pas ?"
"You are curious, aren't you?","Vous êtes curieuse, n'est-ce pas ?"
"You are curious, aren't you?","Vous êtes curieuses, hein ?"
You are mistaken about that.,Tu te trompes à ce sujet.
You are mistaken about that.,Vous faites erreur à ce propos.
You are not a child anymore.,Tu n'es plus un enfant.
You are the first to arrive.,Tu es le premier à arriver.
You are wanted on the phone.,On te réclame au téléphone.
You are wanted on the phone.,Tu es demandé au téléphone.
You are wanted on the phone.,On vous demande au téléphone.
You aren't as short as I am.,Tu n'es pas aussi petit que moi.
You aren't as short as I am.,Tu n'es pas aussi petite que moi.
You aren't as short as I am.,Vous n'êtes pas aussi petit que moi.
You aren't as short as I am.,Vous n'êtes pas aussi petite que moi.
You aren't as short as I am.,Vous n'êtes pas aussi petits que moi.
You aren't as short as I am.,Vous n'êtes pas aussi petites que moi.
You can always count on Tom.,Tu pourras toujours te fier à Tom.
You can always quit the job.,Tu peux toujours quitter le boulot.
You can call us at any time.,Tu peux nous appeler à tout moment.
You can call us at any time.,Vous pouvez nous appeler à tout moment.
You can come if you want to.,"Tu peux venir, si tu veux."
You can come if you want to.,Vous pouvez venir si vous voulez.
You can do better than that.,Tu peux faire mieux que ça.
You can do better than that.,Vous pouvez faire mieux que cela.
You can go however you like.,Tu peux partir comme tu veux.
You can have it for nothing.,Tu peux l'avoir pour rien.
You can invite other people.,Vous pouvez inviter d'autres personnes.
You can invite other people.,Tu peux inviter d'autres personnes.
You can talk in front of me.,Tu peux parler devant moi.
You can talk in front of me.,Vous pouvez parler devant moi.
You can't blame me for that.,Vous ne pouvez pas me le reprocher.
You can't blame me for that.,Tu ne peux pas me le reprocher.
You can't cling to the past.,On ne peut pas s'accrocher au passé.
You can't count on his help.,On ne peut pas compter sur son aide.
You can't deny that anymore.,On ne peut plus le nier.
You can't do it by yourself.,Tu ne peux pas le faire par tes propres moyens.
You can't do it by yourself.,Vous ne pouvez pas le faire par vos propres moyens.
You can't handle this alone.,Tu ne peux pas le gérer seul.
You can't handle this alone.,Tu ne peux pas le gérer seule.
You can't handle this alone.,Tu ne peux pas gérer ça tout seul.
You can't handle this alone.,Tu ne peux pas gérer ça toute seule.
You can't handle this alone.,Vous ne pouvez pas gérer ça tout seul.
You can't handle this alone.,Vous ne pouvez pas le gérer seul.
You can't handle this alone.,Vous ne pouvez pas gérer ça toute seule.
You can't handle this alone.,Vous ne pouvez pas le gérer seule.
You can't have both of them.,Tu ne peux pas avoir les deux.
You can't have both of them.,Vous ne pouvez pas avoir les deux.
You can't have it both ways.,Vous ne pouvez pas avoir le beurre et l'argent du beurre.
You can't just walk in here.,Tu ne peux simplement pas pénétrer ici.
You can't just walk in here.,Vous ne pouvez simplement pas pénétrer ici.
You can't let it get to you.,Tu ne peux pas laisser ça t'embêter.
You can't run from the past.,On ne peut pas fuir le passé.
You can't unscramble an egg.,On ne peut pas débrouiller un œuf.
You could've said something.,Tu aurais pu dire quelque chose !
You could've said something.,Vous auriez pu dire quelque chose !
You could've told the truth.,Tu aurais pu dire la vérité.
"You didn't mean it, did you?","Ce n'était pas votre intention, si ?"
"You didn't mean it, did you?","Ce n'était pas ton intention, si ?"
You didn't miss the meeting.,Vous n'avez pas manqué la réunion.
You didn't miss the meeting.,Tu n'as pas manqué la réunion.
You didn't work hard enough.,Vous n'avez pas travaillé assez dur.
You didn't work hard enough.,Tu n'as pas travaillé assez dur.
You do nothing else but eat.,Tu ne fais rien d'autre que manger.
"You do want that, don't you?","Tu veux cela, non ?"
"You do want that, don't you?","Vous voulez cela, non ?"
"You don't fool me, you know.","Tu ne m'abuses pas, tu sais."
"You don't fool me, you know.","Vous ne m'abusez pas, vous savez."
You don't have to apologize.,Tu n'es pas forcée de présenter tes excuses.
You don't have to apologize.,Tu n'es pas forcé de présenter tes excuses.
You don't have to apologize.,Tu n'es pas forcée de présenter des excuses.
You don't have to apologize.,Tu n'es pas forcé de présenter des excuses.
You don't have to apologize.,Vous n'êtes pas forcée de présenter des excuses.
You don't have to apologize.,Vous n'êtes pas forcée de présenter vos excuses.
You don't have to apologize.,Vous n'êtes pas forcé de présenter des excuses.
You don't have to apologize.,Vous n'êtes pas forcé de présenter vos excuses.
You don't have to apologize.,Vous n'êtes pas forcés de présenter des excuses.
You don't have to apologize.,Vous n'êtes pas forcés de présenter vos excuses.
You don't have to apologize.,Vous n'êtes pas forcées de présenter des excuses.
You don't have to apologize.,Vous n'êtes pas forcées de présenter vos excuses.
You don't have to apologize.,Vous n'êtes pas obligées de présenter vos excuses.
You don't have to apologize.,Vous n'êtes pas obligées de présenter des excuses.
You don't have to apologize.,Vous n'êtes pas obligés de présenter vos excuses.
You don't have to apologize.,Vous n'êtes pas obligés de présenter des excuses.
You don't have to apologize.,Vous n'êtes pas obligé de présenter vos excuses.
You don't have to apologize.,Vous n'êtes pas obligé de présenter des excuses.
You don't have to apologize.,Vous n'êtes pas obligée de présenter vos excuses.
You don't have to apologize.,Vous n'êtes pas obligée de présenter des excuses.
You don't have to apologize.,Tu n'es pas obligé de présenter des excuses.
You don't have to apologize.,Tu n'es pas obligé de présenter tes excuses.
You don't have to apologize.,Tu n'es pas obligée de présenter des excuses.
You don't have to apologize.,Tu n'es pas obligée de présenter tes excuses.
You don't have to do it now.,Tu n'as pas besoin de le faire maintenant.
You don't have to do it now.,Vous n'avez pas besoin de le faire maintenant.
"You don't mean that, do you?","Ce n'est pas ce que tu veux dire, si ?"
You don't need to know that.,Tu n'as pas besoin de savoir ça.
You don't seem tired at all.,Vous ne semblez pas fatigué du tout.
You don't seem tired at all.,Vous ne semblez pas fatigués du tout.
You don't seem tired at all.,Vous ne semblez pas fatiguée du tout.
You don't seem tired at all.,Tu ne sembles pas fatigué du tout.
You don't seem tired at all.,Tu ne sembles pas fatiguée du tout.
You don't seem very pleased.,Vous ne semblez pas très ravi.
You don't seem very pleased.,Vous ne semblez pas très ravie.
You don't seem very pleased.,Vous ne semblez pas très ravis.
You don't seem very pleased.,Vous ne semblez pas très ravies.
You don't seem very pleased.,Tu ne sembles pas très ravi.
You don't seem very pleased.,Tu ne sembles pas très ravie.
You don't smell good at all.,Tu ne sens pas bon du tout.
"You don't want much, do you?","Tu n'en veux pas beaucoup, si ?"
"You don't want much, do you?","Vous n'en voulez pas beaucoup, si ?"
"You don't want that, do you?","Vous ne voulez pas de cela, si ?"
"You don't want that, do you?","Tu ne veux pas de cela, si ?"
"You don't want this, do you?","Tu ne veux pas de ceci, si ?"
"You don't want this, do you?","Vous ne voulez pas de ceci, si ?"
You don't want to lose that.,Tu ne veux pas perdre cela.
You don't want to lose that.,Vous ne voulez pas perdre cela.
You had no right to do that.,Vous n'aviez aucun droit de faire cela.
You had no right to do that.,Tu n'avais aucun droit de faire ça.
You have a decision to make.,Tu as une décision à prendre.
You have a decision to make.,Vous avez une décision à prendre.
You have a very nice family.,Tu as une famille très sympathique.
You have a very pretty name.,Tu as un très joli prénom.
You have a very pretty name.,Vous avez un très joli prénom.
You have got a lot of nerve.,Vous avez beaucoup de courage.
You have made many mistakes.,Tu as fait beaucoup d'erreurs.
You have no cause for anger.,Tu n'as pas de raison de t'énerver.
You have no cause for anger.,Vous n'avez pas de motif de vous mettre en colère.
You have only to ask for it.,Il te faut juste le demander.
You have only to ask for it.,Il faut juste que tu le demandes.
You have to clean your room.,Tu dois faire le ménage de ta chambre.
You have to clean your room.,Tu dois ranger ta chambre.
You have to go to the party.,Tu dois aller à la fête.
You have to go to the party.,Vous devez aller à la fête.
You have to make a decision.,Tu dois prendre une décision.
You have to make a decision.,Vous devez prendre une décision.
You have to respect the old.,Vous devez respecter les anciens.
"You haven't eaten, have you?","Tu n'as pas mangé, n'est-ce pas ?"
"You haven't eaten, have you?","Vous n'avez pas mangé, n'est-ce pas ?"
You just have to ask for it.,Il te suffit juste de demander.
You just have to ask for it.,Il te suffit juste de le demander.
You just made a big mistake.,Tu viens de faire une grosse erreur.
You just made a big mistake.,Vous venez de faire une grosse erreur.
You knew I wouldn't do that.,Tu savais que je ne ferais pas ça.
You know I couldn't do that.,Tu sais que je ne pourrais pas faire ça.
You know I couldn't do that.,Vous savez que je ne pourrais pas faire cela.
You know it as well as I do.,Vous le savez aussi bien que moi.
You know it as well as I do.,Tu le sais tout autant que moi.
You know that Tom can't win.,Je sais que Tom ne peut pas gagner.
"You like English, don't you?","Tu aimes l'anglais, n'est-ce pas ?"
You look as healthy as ever.,Vous avez l'air en aussi bonne santé que d'habitude.
You look positively ghastly.,Tu as l'air vraiment affreux.
You look positively ghastly.,Tu as l'air vraiment affreuse.
You look so beautiful today.,Tu es si belle aujourd'hui.
You look young for your age.,Tu parais jeune pour ton âge.
You made a fool of yourself.,Tu t'es ridiculisé.
You made a fool of yourself.,Tu t'es ridiculisée.
You made a fool of yourself.,Vous vous êtes ridiculisé.
You made a fool of yourself.,Vous vous êtes ridiculisée.
You made a horrible mistake.,Vous avez fait une terrible erreur.
You made a horrible mistake.,Tu as fait une terrible erreur.
You made a terrible mistake.,Vous avez fait une terrible erreur.
You made a terrible mistake.,Tu as fait une terrible erreur.
You may as well go yourself.,Tu peux aussi t'y rendre toi-même.
You may be right about that.,Tu as peut-être raison à ce sujet.
You may be right about that.,Vous avez peut-être raison à ce sujet.
You may go where you please.,Vous pouvez aller où il vous plaira.
You may kiss me if you like.,Tu peux m'embrasser si tu le souhaites.
You may leave your bag here.,Tu peux laisser ton sac ici.
You may leave your bag here.,Vous pouvez laisser votre sac ici.
You might want some of this.,Il se pourrait que tu veuilles une partie de ceci.
You might want some of this.,Il se pourrait que vous veuillez une partie de ceci.
You must ask for permission.,Tu dois demander la permission.
You must ask for permission.,Vous devez demander la permission.
You must be back before ten.,Tu dois être de retour avant dix heures.
You must be back before ten.,Tu dois être revenue avant dix heures.
You must be the new teacher.,Vous devez être le nouvel enseignant.
You must be the new teacher.,Vous devez être la nouvelle enseignante.
You must be very hungry now.,Vous devez avoir très faim maintenant.
You must be very hungry now.,Tu dois maintenant avoir très faim.
You must keep your promises.,On doit tenir ses promesses.
You must let me handle this.,Vous devez me laisser gérer ceci.
You must let me handle this.,Tu dois me laisser gérer ça.
You must not enter the room.,Vous ne devez pas pénétrer dans la pièce.
You must not enter the room.,Tu ne dois pas pénétrer dans la pièce.
You must stick to your diet.,Vous devez suivre votre régime.
You must stick to your diet.,Tu dois suivre ton régime.
You must study grammar more.,Tu dois davantage étudier la grammaire.
You must study grammar more.,Vous devez davantage étudier la grammaire.
You must study grammar more.,Vous devez étudier la grammaire davantage.
You need not have called me.,Tu n'avais pas besoin de m'appeler.
You need to be more careful.,Tu dois être plus prudent !
You need to be more careful.,Vous devez être plus prudent !
You need to be more careful.,Vous devez être plus prudente !
You need to be more careful.,Vous devez être plus prudents !
You need to be more careful.,Vous devez être plus prudentes !
You need to be more careful.,Tu dois être plus prudente !
You need to be more careful.,Vous devez faire plus attention.
You need to be more patient.,Il te faut être davantage patient.
You need to be more patient.,Il te faut être plus patient.
You need to be more patient.,Il te faut être davantage patiente.
You need to be more patient.,Il te faut être plus patiente.
You need to be more patient.,Il vous faut être davantage patient.
You need to be more patient.,Il vous faut être davantage patiente.
You need to be more patient.,Il vous faut être plus patient.
You need to be more patient.,Il vous faut être plus patiente.
You need to be more patient.,Il vous faut être davantage patients.
You need to be more patient.,Il vous faut être plus patients.
You need to be more patient.,Il vous faut être davantage patientes.
You need to be more patient.,Il vous faut être plus patientes.
You need to be more patient.,Il faut que tu sois davantage patient.
You need to be more patient.,Il faut que tu sois davantage patiente.
You need to be more patient.,Il faut que tu sois plus patient.
You need to be more patient.,Il faut que tu sois plus patiente.
You need to be more patient.,Il faut que vous soyez davantage patient.
You need to be more patient.,Il faut que vous soyez plus patient.
You need to be more patient.,Il faut que vous soyez davantage patiente.
You need to be more patient.,Il faut que vous soyez plus patiente.
You need to be more patient.,Il faut que vous soyez plus patients.
You need to be more patient.,Il faut que vous soyez davantage patients.
You need to be more patient.,Il faut que vous soyez davantage patientes.
You need to be more patient.,Il faut que vous soyez plus patientes.
You need to go to bed again.,Tu dois déjà aller au lit.
You need to help me do this.,Vous devez m'aider à faire ceci.
You need to help me do this.,Tu dois m'aider à faire ceci.
You need to wash your hands.,Tu dois te laver les mains.
You need to wash your hands.,Vous devez vous laver les mains.
You need written permission.,Il vous faut une permission écrite.
You need written permission.,Il te faut une permission écrite.
You never cease to amaze me.,Tu ne cesses de m'émerveiller.
You never cease to amaze me.,Tu ne cesses de m'épater.
You only have to ask for it.,Il vous suffit juste de demander.
You only have to ask for it.,Il te suffit juste de demander.
You only have to ask for it.,Il vous suffit juste de le demander.
You only have to ask for it.,Il te suffit juste de le demander.
You said that you hated Tom.,Tu as dit que tu détestais Tom.
You said that you hated Tom.,Vous avez dit que vous détestiez Tom.
You said that you loved Tom.,Tu a dit que tu aimais Tom.
You seem a little depressed.,Vous semblez un peu déprimé.
You seem a little depressed.,Vous semblez un peu déprimée.
You seem a little depressed.,Tu sembles un peu déprimé.
You seem a little depressed.,Tu sembles un peu déprimée.
You seem a little desperate.,Tu sembles un peu désespéré.
You seem a little desperate.,Tu as l'air un peu désespérée.
You seem a little desperate.,Vous semblez un peu désespérée.
You seem a little desperate.,Vous avez l'air un peu désespérés.
You seem to know everything.,Tu sembles tout connaître.
You seem to know everything.,Vous semblez tout savoir.
You should begin right away.,Vous devriez commencer sur-le-champ.
You should begin right away.,Tu devrais commencer sur-le-champ.
You should go see a dentist.,Tu devrais aller consulter un dentiste.
You should go see a dentist.,Vous devriez aller chez un dentiste.
You should have woken me up.,Vous auriez dû me réveiller.
You should have woken me up.,Tu aurais dû me réveiller.
You should help your father.,Tu devrais aider ton père.
You should help your father.,Vous devriez aider votre père.
You should know that by now.,"Tu devrais le savoir, à cette heure."
You should know that by now.,"Vous devriez le savoir, à cette heure."
"You should probably go, Tom.","Tu devrais probablement y aller, Tom."
"You should probably go, Tom.","Vous devriez probablement y aller, Tom."
You shouldn't be doing that.,Tu ne devrais pas faire ça.
You shouldn't be doing that.,Vous ne devriez pas faire ça.
You shouldn't be here today.,Vous ne devriez pas être là aujourd'hui.
You shouldn't be here today.,Tu ne devrais pas être ici aujourd'hui.
You shouldn't smoke so much.,Vous ne devriez pas fumer autant.
"You speak French, don't you?","Vous parlez le français, n'est-ce pas ?"
"You speak French, don't you?","Tu parles le français, n'est-ce pas ?"
You three make a great team.,Vous trois formez une bonne équipé.
You took my keys by mistake.,Tu as pris mes clés par erreur.
You understand me very well.,Tu me comprends très bien.
You understand me very well.,Vous me comprenez très bien.
"You want to talk, don't you?","Tu veux parler, non ?"
"You wanted this, didn't you?","Tu voulais cela, n'est-ce pas ?"
"You wanted this, didn't you?","Vous vouliez cela, n'est-ce pas ?"
"You were drunk, weren't you?","Vous étiez ivre, n'est-ce pas ?"
"You were drunk, weren't you?","Vous étiez saoul, n'est-ce pas ?"
"You were drunk, weren't you?","Vous étiez soûl, n'est-ce pas ?"
"You were drunk, weren't you?","Vous étiez ivres, n'est-ce pas ?"
"You were drunk, weren't you?","Vous étiez ivre, pas vrai ?"
"You were drunk, weren't you?","Vous étiez ivres, pas vrai ?"
"You were drunk, weren't you?","Vous étiez soûl, pas vrai ?"
"You were drunk, weren't you?","Vous étiez soûls, pas vrai ?"
"You were drunk, weren't you?","Vous étiez soûle, pas vrai ?"
"You were drunk, weren't you?","Vous étiez soûles, pas vrai ?"
"You were happy, weren't you?","Tu étais heureux, non ?"
"You were happy, weren't you?","Tu étais heureuse, n'est-ce pas ?"
"You were happy, weren't you?","Vous étiez heureuse, n'est-ce pas ?"
"You were happy, weren't you?","Vous étiez heureux, n'est-ce pas ?"
"You were happy, weren't you?","Vous étiez heureuses, non ?"
"You were lying, weren't you?","Tu mentais, n'est-ce pas ?"
"You were lying, weren't you?","Vous mentiez, n'est-ce pas ?"
You were never good at math.,Tu n'as jamais été bon en math.
You were never good at math.,Vous n'avez jamais été bonne en math.
"You were there, weren't you?","Vous y étiez, n'est-ce pas ?"
"You were there, weren't you?","Vous étiez là, n'est-ce pas ?"
"You were there, weren't you?","Tu y étais, n'est-ce pas ?"
"You were there, weren't you?","Tu étais là, n'est-ce pas ?"
"You weren't there, were you?","Vous n'étiez pas là, si ?"
"You weren't there, were you?","Tu n'étais pas là, si ?"
You will have a new brother.,Vous aurez un nouveau frère.
You will have a new brother.,Tu auras un nouveau frère.
"You won't be late, will you?","Tu ne seras pas en retard, n'est-ce pas ?"
You won't believe your eyes.,Tu n'en croiras pas tes yeux.
You won't believe your eyes.,Vous n'en croirez pas vos yeux.
You won't get there on time.,Tu n'y arriveras pas à temps.
You'd better check this out.,Tu ferais mieux de vérifier ça.
You'd better check this out.,Vous feriez mieux de vérifier ceci.
You'd better hand that over.,Tu ferais mieux de remettre ça.
You'd better hand that over.,Vous feriez mieux de remettre ça.
You'd better let me do that.,Tu ferais mieux de me laisser faire.
You'd better tell the truth.,Tu ferais mieux de dire la vérité.
You'd better tell the truth.,Vous feriez mieux de dire la vérité.
You'd make a good counselor.,Tu ferais un bon conseiller.
You'd make a good counselor.,Vous feriez une bonne conseillère.
You'll be the first to know.,Te seras le premier à savoir.
You'll be the first to know.,Tu seras la première à savoir.
You'll be the first to know.,Vous serez la première à savoir.
You'll be the first to know.,Vous serez le premier à savoir.
"You'll come back, won't you?","Vous reviendrez, n'est-ce pas ?"
"You'll come back, won't you?","Tu reviendras, n'est-ce pas ?"
You'll find out soon enough.,Tu vas le découvrir bien assez tôt.
You'll find out soon enough.,Vous allez le découvrir bien assez tôt.
You'll have to ask Tom that.,Tu devras demander cela à Tom.
You'll have to ask Tom that.,Vous devrez demander cela à Tom.
You'll have to come with us.,Vous allez devoir nous accompagner.
You'll have to come with us.,Tu vas devoir venir avec nous.
You'll never be young again.,Vous ne serez plus jamais jeune.
You'll never be young again.,Tu ne seras plus jamais jeune.
You'll sleep better tonight.,Tu dormiras mieux cette nuit !
You'll sleep better tonight.,Vous dormirez mieux cette nuit !
You're a mighty good feller.,T'es un super bon camarade.
You're a very gifted artist.,Vous êtes un artiste très doué.
You're a very gifted artist.,Tu es un artiste très doué.
You're a very gifted artist.,Tu es une artiste très douée.
You're a very gifted artist.,Vous êtes une artiste très doué.
You're a very sound sleeper.,Tu as vraiment le sommeil profond.
You're all very nice people.,Vous êtes tous des gens très sympathiques.
You're asking the wrong guy.,Tu demandes à la mauvaise personne.
You're asking the wrong guy.,Vous demandez à la mauvaise personne.
You're doing it wrong again.,Tu ne le fais pas de la bonne manière.
You're going to be a father.,Tu vas être père.
You're going to be a father.,Vous allez être père.
You're going to regret this.,Tu vas le regretter.
You're going to regret this.,Vous allez le regretter.
You're in a restricted area.,Vous êtes dans une zone interdite.
You're lucky you didn't die.,Vous avez de la chance de ne pas être mort.
You're lucky you didn't die.,Vous avez de la chance de ne pas être morte.
You're lucky you didn't die.,Vous avez de la chance de ne pas être morts.
You're lucky you didn't die.,Vous avez de la chance de ne pas être mortes.
You're lucky you didn't die.,Tu as de la chance de ne pas être mort.
You're lucky you didn't die.,Tu as de la chance de ne pas être morte.
You're making a big mistake.,Tu commets une grosse erreur.
You're making a big mistake.,Vous commettez une grosse erreur.
"You're new here, aren't you?","Vous êtes nouveau ici, n'est-ce pas ?"
"You're new here, aren't you?","Tu es nouveau ici, n'est-ce pas ?"
"You're new here, aren't you?","Vous êtes nouveaux ici, n'est-ce pas ?"
"You're new here, aren't you?","Vous êtes nouvelle ici, n'est-ce pas ?"
"You're new here, aren't you?","Vous êtes nouvelles ici, n'est-ce pas ?"
"You're new here, aren't you?","Tu es nouvelle ici, n'est-ce pas ?"
You're not a very good liar.,Tu n'es pas un très bon menteur.
You're not a very good liar.,Tu n'es pas une très bonne menteuse.
You're not a very good liar.,Vous n'êtes pas un très bon menteur.
You're not a very good liar.,Vous n'êtes pas une très bonne menteuse.
You're not allowed in there.,Vous n'y êtes pas autorisé.
You're not allowed in there.,Tu n'y es pas autorisée.
You're not allowed in there.,Tu n'y es pas autorisé.
You're not allowed in there.,Vous n'y êtes pas autorisés.
You're not allowed in there.,Vous n'y êtes pas autorisée.
You're not allowed in there.,Vous n'y êtes pas autorisées.
You're not making this easy.,Tu ne rends pas ça facile.
You're not making this easy.,Vous ne rendez pas ça facile.
"You're not married, are you?","Vous n'êtes pas marié, si ?"
"You're not married, are you?","Vous n'êtes pas mariée, si ?"
"You're not married, are you?","Tu n'es pas marié, si ?"
"You're not married, are you?","Tu n'es pas mariée, si ?"
"You're not married, are you?","Vous n'êtes pas mariées, si ?"
"You're not married, are you?","Vous n'êtes pas mariés, si ?"
You're not paying attention.,Tu ne fais pas attention !
You're not that interesting.,Tu n'es pas si intéressant.
You're not that interesting.,Tu n'es pas si intéressante.
You're not that interesting.,Vous n'êtes pas si intéressant.
You're not that interesting.,Vous n'êtes pas si intéressants.
You're not that interesting.,Vous n'êtes pas si intéressante.
You're not that interesting.,Vous n'êtes pas si intéressantes.
You're not thinking clearly.,Tu ne penses pas clairement.
You're not thinking clearly.,Vous ne pensez pas clairement.
You're not your normal self.,Tu n'es pas dans ton état normal.
You're nothing but a coward.,Tu n'es rien qu'un lâche.
You're nothing but a coward.,Vous n'êtes qu'un lâche.
You're one savvy negotiator.,Vous êtes un négociateur avisé.
You're part of the gang now.,Tu fais désormais partie de la bande.
You're playing a great game.,Tu joues à un super jeu.
You're probably right again.,Tu as probablement encore raison.
You're really a good driver.,Tu es un très bon conducteur.
You're really a hard worker.,Tu es vraiment dur au travail.
You're really a hard worker.,Vous êtes vraiment âpre au travail.
You're really absent-minded.,Tu es vraiment tête-en-l'air.
You're really absent-minded.,Vous êtes vraiment tête-en-l'air.
You're right about that one.,"Sur ce point, tu as raison."
"You're sleepy, so go to bed.","Tu as sommeil, donc va te coucher."
"You're sleepy, so go to bed.","Vous avez sommeil, donc allez vous coucher."
You're so impatient with me.,Tu es tellement impatient avec moi.
You're starting to annoy me.,Tu commences à m'ennuyer.
You're starting to annoy me.,Vous commencez à m'ennuyer.
You're starting to scare me.,Tu commences à me faire peur.
You're starting to scare me.,Vous commencez à me faire peur.
You're still taller than me.,Encore es-tu plus grand que moi.
You're the only one I trust.,Tu es la seule en qui j'ai confiance.
You're the only one I trust.,Tu es le seul en qui j'ai confiance.
You're the only one I trust.,Vous êtes la seule en qui j'ai confiance.
You're the only one I trust.,Vous êtes le seul en qui j'ai confiance.
You're too hard on yourself.,Tu es trop dur avec toi.
You're too hard on yourself.,Tu es trop dure avec toi.
You're too hard on yourself.,Vous êtes trop dur avec vous.
You're too hard on yourself.,Vous êtes trop dure avec vous.
You're wanted by the police.,Tu es recherché par la police.
You're wanted by the police.,Tu es recherchée par la police.
You've always been that way.,Vous avez toujours été ainsi.
You've always been that way.,Tu as toujours été ainsi.
You've been a good audience.,Vous avez été un bon public.
You've been very kind to me.,Tu as été très gentil avec moi.
You've been very kind to me.,Tu as été très gentille avec moi.
You've been very kind to me.,Vous avez été très gentil avec moi.
You've been very kind to me.,Vous avez été très gentils avec moi.
You've been very kind to me.,Vous avez été très gentille avec moi.
You've been very kind to me.,Vous avez été très gentilles avec moi.
You've given me good advice.,Tu m'as fourni de bons conseils.
You've given me good advice.,Vous m'avez été de bon conseil.
You've got a one-track mind.,Tu as un esprit limité.
You've got the wrong number.,Vous vous êtes trompé de numéro.
You've got the wrong person.,Vous avez la mauvaise personne.
You've got the wrong person.,Vous avez serré la mauvaise personne.
You've got the wrong person.,Tu as la mauvaise personne.
You've got the wrong person.,Tu as serré la mauvaise personne.
You've got the wrong person.,Tu as serré le mauvais client.
You've got the wrong person.,Vous avez serré le mauvais client.
You've got to be kidding me!,Tu dois plaisanter !
You've got to be kidding me!,Vous devez plaisanter !
You've got to be kidding me!,Tu dois me faire marcher.
You've got to be kidding me!,Vous devez me faire marcher.
You've got to keep fighting.,Tu dois continuer à te battre.
You've got to keep fighting.,Vous devez continuer à vous battre.
You've got to pay attention.,Tu dois être attentif.
You've got to stop this now.,Tu dois arrêter ça maintenant.
You've got to work together.,Vous devez travailler ensemble.
You've probably heard of me.,Tu as peut-être entendu parler de moi.
You've probably heard of us.,Vous avez probablement entendu parler de nous.
You've probably heard of us.,Tu as probablement entendu parler de nous.
You've told me that already.,Tu m'as déjà dit ça.
You've told me that already.,Vous m'avez déjà dit cela.
Young people love adventure.,Les jeunes aiment l'aventure.
Your T-shirt's on backwards.,Ton T-shirt est à l'envers.
Your T-shirt's on backwards.,Votre T-shirt est à l'envers.
Your answer is to the point.,Votre réponse est au point.
Your cake is very delicious.,Ton gâteau est délicieux.
Your coat is very beautiful.,Votre manteau est très beau.
Your dinner is getting cold.,Ton déjeuner refroidit.
Your dinner is getting cold.,Votre déjeuner refroidit.
Your dinner is getting cold.,Ton dîner refroidit.
Your dinner is getting cold.,Votre dîner refroidit.
Your dog always barks at me.,Ton chien m'aboie toujours dessus.
Your face is familiar to me.,Tu me dis quelque-chose.
Your father got a promotion.,Ton père a été gratifié d'une promotion.
Your father got a promotion.,Ton père a reçu une promotion.
Your father got a promotion.,Votre père a été gratifié d'une promotion.
Your father seems very nice.,Ton père semble très sympa.
Your father seems very nice.,Votre père semble très gentil.
Your friends are downstairs.,Tes amis sont en bas.
Your friends are downstairs.,Vos amis sont en bas.
Your fries are getting cold.,Tes frites refroidissent.
Your fries are getting cold.,Vos frites sont en train de refroidir.
Your hand is as cold as ice.,Ta main est froide comme de la glace.
Your marriage is in trouble.,Votre mariage est à mal.
Your name is familiar to me.,Votre nom m'est familier.
Your opinion doesn't matter.,Ton opinion est sans importance.
Your opinion doesn't matter.,Votre opinion est sans importance.
Your phone is ringing again.,Ton téléphone sonne à nouveau.
Your phone is ringing again.,Votre téléphone sonne à nouveau.
Your phone is ringing again.,Ton téléphone est à nouveau en train de sonner.
Your phone is ringing again.,Votre téléphone est à nouveau en train de sonner.
Your prophecy has come true.,Ta prophétie s'est réalisée.
Your prophecy has come true.,Ta prophétie est devenue réalité.
Your question has no answer.,Ta question n'a pas de réponse.
Your question has no answer.,Votre question n'a pas de réponse.
Your question has no answer.,Votre question n'a point de réponse.
Your secret is safe with me.,Ton secret est en sécurité avec moi.
Your shelf is full of books.,Ton étagère est pleine de livres.
Your soul needs to be saved.,Ton âme a besoin d'être sauvée.
"She likes music. ""So do I.""",« Elle aime la musique. » « Moi aussi. »
"Will it rain? ""I hope not.""",«Il va pleuvoir ?» «J'espère que non.»
"You talk too much, he said.","Tu parles trop, dit-il."
"A beautiful sunset, isn't it?","Joli coucher de soleil, n'est-ce pas ?"
A bee flew out of the window.,Une abeille vola par la fenêtre.
A big typhoon is approaching.,Un gros typhon approche.
A black and white dog bit me.,Un chien noir et blanc m'a mordu.
A black and white dog bit me.,Un chien blanc et noir m'a mordu.
A boy came running toward me.,Un garçon vint en courant vers moi.
A bright idea occurred to me.,Une idée brillante me vint à l'esprit.
A car has one steering wheel.,Une voiture a un volant.
A car has one steering wheel.,Une bagnole a un volant.
A cat is meowing on the roof.,Un chat miaule sur le toit.
A dog is a man's best friend.,Le chien est le meilleur ami de l'homme.
A dog will bark at strangers.,Un chien aboiera sur les étrangers.
A frog came out of the water.,Une grenouille sortit de l'eau.
A hungry man is an angry man.,"Vilain affamé, moitié enragé."
A light lunch will be served.,Un déjeuner léger sera servi.
A little work won't kill you.,Un peu de travail ne te tuera pas.
A little work won't kill you.,Un peu de travail ne vous tuera pas.
A lot has changed since then.,Beaucoup de choses ont changé depuis.
A lot of people aren't happy.,De nombreuses personnes ne sont pas heureuses.
A lot of people aren't happy.,Beaucoup de gens ne sont pas heureux.
A lot of trees were cut down.,Beaucoup d'arbres ont été abattus.
A man with a big dog came in.,Un homme avec un grand chien est entré.
A prolonged silence followed.,Un silence prolongé s'ensuivit.
A rash broke out on her neck.,Une éruption cutanée se développa sur son cou.
A small gear is missing here.,Un petit engrenage fait défaut ici.
A swallow flies very swiftly.,Une hirondelle vole très vite.
A tree is known by its fruit.,On connaît un arbre par ses fruits.
A tree is known by its fruit.,On reconnaît un arbre à son fruit.
A true love story never ends.,Une vraie histoire d'amour n'a pas de fin.
"Actually, I'm not quite sure.","En vérité, je n'en suis pas tout à fait sûr."
"Actually, I'm not quite sure.","En vérité, je n'en suis pas tout à fait sûre."
Add a little sugar and cream.,Ajoutez un peu de sucre et de la crème.
Admission is free on Sundays.,L'entrée est gratuite le dimanche.
After a storm comes the calm.,Après une tempête vient le calme.
"After the storm, it was calm.","Après la tempête, ce fut calme."
"After the storm, it was calm.","Après la tempête, c'était calme."
All I want is some breakfast.,"Tout ce que je veux, c'est un petit-déjeuner."
All beginnings are difficult.,Tous les commencements sont difficiles.
All my friends have bicycles.,Tous mes amis ont des vélos.
All my friends have bicycles.,Tous mes amis sont dotés de vélos.
All of her songs became hits.,Toutes ses chansons devinrent des tubes.
All of them will get a prize.,Tous obtiendront une récompense.
All of them will get a prize.,Toutes obtiendront une récompense.
All of us like you very much.,Nous t'aimons tous très fort.
All the audience was excited.,Toute l'assistance était excitée.
All the children went to bed.,Tous les enfants sont allés au lit.
All the members were present.,Tous les membres étaient présents.
All the students are present.,Tous les élèves sont présents.
All the students are present.,Tous les étudiants sont présents.
All the tickets are sold out.,Tous les tickets sont vendus.
All the tickets are sold out.,Tous les billets sont vendus.
All they had was one another.,Tout ce qu'ils avaient était l'un l'autre.
All three of us are students.,Nous sommes tous les trois étudiants.
All three of us are students.,Nous sommes tous trois étudiants.
All who knew him admired him.,"Tous ceux qui le connaissaient, l'admiraient."
Allow me to introduce myself.,Permettez-moi de me présenter.
Allow me to introduce myself.,Permets-moi de me présenter.
Almost everybody was invited.,Presque tout le monde a été invité.
Almost everyone participated.,Presque tout le monde a participé.
Almost everyone participated.,Quasiment tout le monde a participé.
Am I being accused of murder?,Suis-je accusé de meurtre ?
Am I being accused of murder?,Suis-je accusée de meurtre ?
Am I still on the right road?,Suis-je toujours sur la bonne route ?
Am I under investigation now?,"Suis-je mis en examen, maintenant ?"
Ambition drove him to murder.,Son ambition l'a conduit jusqu'au meurtre.
An investigation is going on.,Une enquête est en cours.
An uncle of mine is a doctor.,Un oncle à moi est médecin.
And what do I have to do now?,Et que dois-je faire maintenant ?
And what happened after that?,Qu'est-il arrivé après ça ?
Answer my question carefully.,Réponds à ma question avec soin.
Answer my question carefully.,Répondez à ma question avec soin.
Anyone can do it if they try.,N'importe qui peut le faire s'il essaie.
Apples are sold by the dozen.,Les pommes sont vendues à la douzaine.
Are all of them your friends?,Sont-ils tous vos amis ?
Are all of them your friends?,Sont-ils tous tes amis ?
Are all of them your friends?,Sont-elles toutes vos amies ?
Are all of them your friends?,Sont-elles toutes tes amies ?
Are both of you still single?,Êtes-vous tous les deux célibataires ?
Are both of you still single?,Êtes-vous toutes les deux célibataires ?
Are there any better options?,Y a-t-il de meilleures options ?
Are there any express trains?,Y a-t-il des trains express ?
Are there any letters for me?,Y a-t-il du courrier pour moi ?
Are they Japanese or Chinese?,Sont-ils japonais ou chinois ?
Are they Japanese or Chinese?,Sont-ils japonais ou bien chinois ?
Are they Japanese or Chinese?,Sont-elles japonaises ou chinoises ?
Are they coming back tonight?,Est-ce qu'ils rentrent ce soir ?
Are they going to arrest Tom?,Vont-ils arrêter Tom ?
Are they going to arrest Tom?,Vont-elles arrêter Tom ?
Are they selling their house?,Ils vendent leur maison ?
Are we alone in the universe?,Sommes-nous seuls dans l'univers ?
Are we alone in the universe?,Sommes-nous seules dans l'univers ?
Are you afraid of the future?,As-tu peur de l'avenir ?
Are you all completely crazy?,Êtes-vous tous complètement fous ?
Are you all completely crazy?,Êtes-vous toutes complètement folles ?
Are you bringing your camera?,Est-ce que tu prendras ton appareil photo ?
Are you close to your family?,Êtes-vous proche de votre famille ?
Are you close to your family?,Êtes-vous proches de votre famille ?
Are you close to your family?,Es-tu proche de ta famille ?
Are you going to Tom's party?,Vas-tu à la fête de Tom?
Are you going to buy the car?,Vas-tu acheter la voiture ?
Are you going to sit with me?,Vas-tu t'asseoir avec moi ?
Are you involved in politics?,Êtes-vous impliqué dans la politique ?
Are you involved in politics?,Es-tu impliqué dans la politique ?
Are you looking for somebody?,Vous cherchez quelqu'un ?
Are you looking for somebody?,Tu cherches quelqu'un ?
Are you looking for somebody?,Cherches-tu quelqu'un ?
Are you looking for somebody?,Cherchez-vous quelqu'un ?
Are you meeting someone here?,T'as un rencard ici avec quelqu'un ?
Are you meeting someone here?,Rencontrez-vous quelqu'un ici ?
Are you playing with my feet?,Tu joues avec mes pieds ?
Are you proud of your father?,Êtes-vous fier de votre père ?
Are you real sure about that?,En es-tu vraiment sûr ?
Are you real sure about that?,En es-tu vraiment sûre ?
Are you real sure about that?,En êtes-vous vraiment sûr ?
Are you real sure about that?,En êtes-vous vraiment sûre ?
Are you real sure about that?,En êtes-vous vraiment sûrs ?
Are you real sure about that?,En êtes-vous vraiment sûres ?
Are you really that ignorant?,Es-tu vraiment aussi inculte ?
Are you responsible for this?,Es-tu responsable de ceci ?
Are you responsible for this?,Êtes-vous responsable de ceci ?
Are you responsible for this?,Êtes-vous responsables de ça ?
Are you sure everything's OK?,Êtes-vous sûr que tout va bien ?
Are you sure everything's OK?,Tu es sûr que tout va bien ?
Are you sure everything's OK?,Vous êtes sûre que tout va bien ?
Are you sure everything's OK?,Es-tu sûre que tout va bien ?
Are you sure it's impossible?,Êtes-vous sûr que c'est impossible ?
Are you sure it's impossible?,Êtes-vous sure que c'est impossible ?
Are you sure it's impossible?,Êtes-vous sûrs que c'est impossible ?
Are you sure it's impossible?,Êtes-vous sûres que c'est impossible ?
Are you sure it's impossible?,Est-ce que tu es sûr que c'est impossible ?
Are you sure it's impossible?,Est-ce que tu es sure que c'est impossible ?
Are you sure that it was Tom?,Êtes-vous sûre que c'était Tom ?
Are you sure that it was Tom?,Êtes-vous sûres que c'était Tom ?
Are you sure that it was Tom?,Êtes-vous sûr que c'était Tom ?
Are you sure that it was Tom?,Êtes-vous sûrs que c'était Tom ?
Are you sure that it was Tom?,Es-tu sûre que c'était Tom ?
Are you sure that it was Tom?,Es-tu sûr que c'était Tom ?
Are you sure you aren't cold?,Es-tu sûr que tu n'as pas froid?
Are you sure you can do this?,Êtes-vous sûre de pouvoir faire ça ?
Are you sure you can do this?,Êtes-vous sûr de pouvoir faire ça ?
Are you sure you can do this?,Êtes-vous sûrs de pouvoir faire ça ?
Are you sure you can do this?,Êtes-vous sûres de pouvoir faire ça ?
Are you sure you can do this?,Es-tu sûre de pouvoir faire ça ?
Are you sure you can do this?,Es-tu sûr de pouvoir faire ça ?
Are you telling me the truth?,Est-ce que tu me dis la vérité ?
Are you telling me the truth?,Me dis-tu la vérité ?
Are you telling me the truth?,Me dites-vous la vérité ?
Are you telling us the truth?,Est-ce que tu nous dis la vérité ?
Are you telling us the truth?,Nous dites-vous la vérité ?
Are you the one who saved me?,Êtes-vous celui qui m'a sauvé ?
Are you the one who saved me?,Êtes-vous celui qui m'a sauvée ?
Are you the one who saved me?,Êtes-vous celle qui m'a sauvé ?
Are you the one who saved me?,Êtes-vous celle qui m'a sauvée ?
Are you trying to impress me?,Essayez-vous de m'impressionner ?
Are you volunteering to help?,Vous portez-vous volontaire pour aider ?
Are you volunteering to help?,Te portes-tu volontaire pour aider ?
Are you watching your weight?,Surveilles-tu ton poids ?
Are you watching your weight?,Surveillez-vous votre poids ?
"As you sow, so will you reap.",On récolte ce que l'on sème.
Ask me again some other time.,Demandez-moi à nouveau une autre fois.
Ask me again some other time.,Demande-moi encore une autre fois.
At last he attained his goal.,Il atteignit enfin son but.
At last he attained his goal.,Il atteignit enfin son objectif.
"At last, I completed my work.","Enfin, j'ai terminé mon travail."
"At last, they ceased working.",Ils cessèrent enfin de travailler.
At least they listened to me.,"Au moins, ils m'ont écouté."
At least they listened to me.,"Au moins, ils m'ont écoutée."
At least they listened to me.,"Au moins, elles m'ont écouté."
At least they listened to me.,"Au moins, elles m'ont écoutée."
At least try to come on time.,Essaie au moins de venir à l'heure !
At least try to come on time.,Essayez au moins de venir à l'heure !
Autumn is my favorite season.,L'automne est ma saison favorite.
Be careful what you wish for.,Fais attention à ce que tu souhaites.
Be careful what you wish for.,Faites attention à ce que vous souhaitez.
Be kind to everyone you meet.,Sois aimable avec tous les gens que tu rencontres.
Be quiet while I am speaking.,Reste tranquille pendant que je parle.
Be quiet while I am speaking.,Restez tranquille pendant que je parle.
Be quiet while I am speaking.,Restez tranquilles pendant que je parle.
Better a little than nothing.,Il vaut mieux un peu que rien du tout.
Birds evolved from dinosaurs.,Les oiseaux ont évolué à partir des dinosaures.
Blue isn't my favorite color.,Le bleu n'est pas ma couleur préférée.
Both Tom and Mary have a car.,Tom et Mary ont chacun une voiture.
Both Tom and Mary have a dog.,Tom et Mary ont chacun un chien.
Both Tom and Mary were fired.,Tom et Mary ont tous deux été licenciés.
Both my sisters are teachers.,Mes deux sœurs sont enseignantes.
Both of his parents are well.,Ses deux parents se portent bien.
Both of them are in the room.,Ils sont tous deux dans la pièce.
Both of them seem suspicious.,Ils semblent tous deux suspects.
Both of them seem suspicious.,Ils semblent tous deux suspicieux.
Both of them seem suspicious.,Ils semblent tous deux méfiants.
Both of them seem suspicious.,Elles semblent toutes deux suspectes.
Both of them seem suspicious.,Elles semblent toutes deux suspicieuses.
Both of them seem suspicious.,Elles semblent toutes deux méfiantes.
Boys think about girls a lot.,Les garçons pensent beaucoup aux filles.
Bring your children with you.,Amenez vos enfants avec vous.
Brush your teeth after meals.,Brossez vos dents après les repas.
Call me if something happens.,Appelez-moi si quelque chose survient !
Can I have a moment with you?,Puis-je avoir un moment avec vous ?
Can I have a moment with you?,Puis-je avoir un moment avec toi ?
Can I have another drink now?,Puis-je avoir un autre verre maintenant ?
"Can I have the sugar, please?","Puis-je avoir le sucre, s'il vous plaît?"
Can I have your phone number?,Est-ce que je peux avoir ton numéro de téléphone ?
Can I have your phone number?,Puis-je avoir ton numéro de téléphone ?
Can I have your phone number?,Puis-je avoir votre numéro de téléphone ?
Can I have your phone number?,Est-ce que je peux prendre ton numéro de téléphone ?
Can I say this one last time?,Puis-je le dire une dernière fois ?
Can I take a selfie with you?,Puis-je prendre un selfie avec vous ?
Can I take a selfie with you?,Est-ce que je peux prendre un selfie avec toi ?
Can I talk to you in private?,Puis-je vous parler en privé ?
Can I talk to you in private?,Est-ce que je peux te parler en privé ?
Can anyone here speak French?,Quelqu'un ici sait-il parler français ?
Can anyone here speak French?,Est-ce que quelqu'un ici parle français ?
Can the dentist see me today?,Le dentiste pourra-t-il me recevoir aujourd'hui?
Can we cut to the chase here?,"Pouvons-nous en venir au fait, à ce point ?"
Can we go somewhere and talk?,Pouvons-nous aller quelque part et discuter ?
Can we talk about this later?,Pouvons-nous en parler plus tard ?
Can we trust a man like that?,Pouvons-nous faire confiance à un homme comme ça ?
Can you answer this question?,Peux-tu répondre à cette question ?
Can you believe what he said?,Est-ce que tu crois ce qu'il a dit ?
Can you believe what he said?,Pouvez-vous croire à ce qu'il a dit ?
Can you believe what he said?,Peux-tu croire à ce qu'il a dit ?
Can you empty the dishwasher?,Tu peux vider le lave-vaisselle ?
Can you get by on your wages?,Peux-tu t'en sortir avec ta rémunération ?
Can you get the door to shut?,Peux-tu faire en sorte de fermer la porte ?
Can you get the door to shut?,Pouvez-vous faire en sorte de fermer la porte ?
Can you give me a cup of tea?,Tu peux me donner une tasse de thé ?
Can you help me with my work?,Peux-tu m'aider dans mon travail ?
Can you hold on for a second?,Pouvez-vous patienter une seconde ?
Can you hold on for a second?,Peux-tu attendre une seconde ?
Can you lend me your bicycle?,Peux-tu me prêter ton vélo ?
Can you pass me the potatoes?,Peux-tu me passer les patates ?
Can you pass me the potatoes?,Pouvez-vous me passer les patates ?
Can you read this manuscript?,Peux-tu lire ce manuscrit ?
Can you repeat what you said?,Pouvez-vous répéter ce que vous avez dit?
Can you see that small house?,Arrives-tu à voir cette petite maison ?
Can you see that small house?,Parviens-tu à voir cette petite maison ?
Can you see that small house?,Arrivez-vous à voir cette petite maison ?
Can you see that small house?,Parvenez-vous à voir cette petite maison ?
Can you see that small house?,Parviens-tu à distinguer cette petite maison ?
Can you teach me how to swim?,Peux-tu m'enseigner comment nager ?
Can you tell me what Tom did?,Peux-tu me dire ce que Tom a fait ?
Can you tell me what Tom did?,Pouvez-vous me dire ce que Tom a fait ?
Can you tell me what this is?,Peux-tu me dire ce que c'est ?
Can you tell me what this is?,Peux-tu me dire de quoi il retourne ?
Can you tell me what this is?,Peux-tu me dire de quoi il s'agit ?
Can you tell me what this is?,Pouvez-vous me dire ce que c'est ?
Can you tell me what this is?,Pouvez-vous me dire de quoi il retourne ?
Can you tell me what this is?,Pouvez-vous me dire de quoi il s'agit ?
Can you tell me who they are?,Peux-tu me dire qui ils sont ?
Can you tell me who they are?,Pouvez-vous me dire qui ils sont ?
Can you tell me who they are?,Peux-tu me dire qui elles sont ?
Can you tell me who they are?,Pouvez-vous me dire qui elles sont ?
Can you tell me your address?,Peux-tu me dire ton adresse ?
Can you tell the twins apart?,Arrives-tu à distinguer les jumelles ?
Can you tell the twins apart?,Pouvez-vous distinguer les jumeaux ?
Can you tell the twins apart?,Parviens-tu à distinguer les jumeaux ?
Can you tell us what Tom did?,Peux-tu nous dire ce que Tom a fait ?
Can you tell us what Tom did?,Pouvez-vous nous dire ce que Tom a fait ?
Can you tell us what you did?,Pouvez-vous nous dire ce que vous avez fait ?
Can your brother drive a car?,Est-ce que ton frère sait conduire ?
Can your brother drive a car?,Ton frère sait-il conduire une voiture ?
Cats like playing in the sun.,Les chats aiment jouer au soleil.
Cheese doesn't digest easily.,Le fromage ne se digère pas facilement.
Children like climbing trees.,Les enfants aiment grimper aux arbres.
Children need a lot of sleep.,Les enfants ont besoin de beaucoup de sommeil.
Children need a lot of sleep.,Les enfants requièrent beaucoup de sommeil.
Children should play outside.,Les enfants devraient jouer à l'extérieur.
Children threw stones at him.,Des enfants lui jetèrent des pierres.
Choose the one you like best.,Choisis celui que tu préfères.
Choose the one you like best.,Choisis celle que tu préfères.
Choose the one you like best.,Choisissez celui que vous préférez.
Choose the one you like best.,Choisissez celle que vous préférez.
City life suits me very well.,La vie urbaine me convient très bien.
City life suits me very well.,La vie urbaine me convient fort bien.
Clean the dust off the shelf.,Essuie la poussière de l'étagère.
Come home as soon as you can.,Viens à la maison dès que tu peux !
Come home as soon as you can.,Venez à la maison dès que vous pouvez !
"Come on, let's get breakfast.","Viens, allons prendre le petit déjeuner."
Come on. You're not that old.,Mais non ! Tu n'es pas si vieille que ça !
Coming back was a bad choice.,Revenir était une erreur.
Commit these words to memory.,Imprimez ces mots dans votre mémoire !
Commit these words to memory.,Imprimez ces paroles dans votre mémoire !
Commit these words to memory.,Imprime ces mots dans ta mémoire !
Commit these words to memory.,Imprime ces paroles dans ta mémoire !
Correct the underlined words.,Corrigez les mots soulignés.
Correct the underlined words.,Corrige les mots soulignés.
Could I borrow your eyeliner?,Puis-je emprunter ton kohl ?
Could I borrow your eyeliner?,Puis-je emprunter ton crayon ?
Could I borrow your eyeliner?,Puis-je emprunter votre crayon ?
Could I have a glass of milk?,Pourrais-je avoir un verre de lait ?
Could someone give us a hand?,Est-ce que quelqu'un pourrait nous donner un coup de main ?
Could someone give us a hand?,Est-ce que quelqu'un pourrait nous filer un coup de main ?
Could we go faster? I'm late.,Est-ce qu'on peut aller plus vite ? Je suis en retard.
Could we not talk about this?,Pourrions-nous ne pas parler de ceci ?
Could you bring me a blanket?,Tu peux m'apporter une couverture?
Could you call me back later?,Pourriez-vous me rappeler plus tard ?
Could you call me back later?,Tu pourrais me rappeler plus tard ?
Could you call me back later?,Pourrais-tu me rappeler plus tard ?
Could you give me a discount?,Pourriez-vous me faire une remise ?
Could you give me a discount?,Pourrais-tu me faire une remise ?
Could you give me a discount?,Pourriez-vous me faire un rabais ?
Could you give me a discount?,Pourrais-tu me faire un rabais ?
Could you hand me the remote?,Pourrais-tu me passer la télécommande ?
Could you hand me the remote?,Pourriez-vous me passer la télécommande ?
Could you hand me the remote?,Pourrais-tu me passer la zapette ?
Could you lean forward a bit?,Pourriez-vous vous pencher légèrement en avant ?
Could you lean forward a bit?,Pourrais-tu un peu te pencher en avant ?
Could you lend me some money?,Pourrais-tu me prêter de l'argent ?
Could you please repeat that?,Pourriez-vous répéter ça s’il vous plaît ?
Could you put these in a box?,Pourriez-vous mettre celles-ci dans une boîte ?
Could you put these in a box?,Pourrais-tu mettre ceux-ci dans une boîte ?
Criminals should be punished.,Les criminels devraient être punis.
Criminals should be punished.,Ce sont les criminels qui devraient être punis.
Cut the cake with that knife.,Coupez le gâteau avec ce couteau.
Dad's always encouraging him.,Papa l'encourage toujours.
December has thirty-one days.,Décembre a 31 jours.
Democracy encourages freedom.,La démocratie encourage la liberté.
Did I forget to mention that?,Ai-je oublié de mentionner cela ?
Did I leave my umbrella here?,Ai-je laissé ici mon parapluie ?
Did Tom call while I was out?,Tom a-t-il appelé pendant que j'étais sorti ?
Did Tom really win a lottery?,Tom a-t-il réellement gagné une loterie?
Did Tom say why he was fired?,Tom a-t-il dit pourquoi il a été renvoyé ?
Did Tom say why he was fired?,Tom a-t-il dit pourquoi il a été viré ?
Did anybody else notice this?,Est-ce que quelqu'un d'autre a remarqué ceci ?
Did anyone hear the gun shot?,Quiconque a-t-il entendu la détonation ?
Did she show you the picture?,T'a-t-elle montré la photo ?
Did she show you the picture?,T'a-t-elle montré le tableau ?
Did she show you the picture?,Vous a-t-elle montré la photo ?
Did somebody call the police?,Quelqu'un a-t-il appelé la police ?
Did somebody mention my name?,Quelqu'un a-t-il mentionné mon nom ?
Did something happen at home?,Est-ce que quelque chose est arrivé à la maison ?
Did they go to the mountains?,Est-ce qu'ils sont partis à la montagne ?
Did you do this all yourself?,As-tu fait ceci entièrement par toi-même ?
Did you do this all yourself?,Avez-vous fait ceci entièrement par vous-même ?
Did you empty the dishwasher?,Est-ce que tu as vidé le lave-vaisselle ?
Did you empty the dishwasher?,As-tu vidé le lave-vaisselle ?
Did you find what you wanted?,As-tu trouvé ce que tu voulais?
Did you finish your homework?,As-tu terminé tes devoirs ?
Did you go to the last class?,As-tu assisté au dernier cours ?
Did you have a pleasant trip?,As-tu passé un agréable voyage ?
Did you have a pleasant trip?,Avez-vous passé un agréable voyage ?
Did you make any new friends?,T'es-tu fait de quelconques nouveaux amis ?
Did you make any new friends?,Vous êtes-vous fait de quelconques nouveaux amis ?
Did you notice her new dress?,Avez-vous remarqué sa nouvelle robe ?
Did you start the dishwasher?,Est-ce que tu as lancé le lave-vaisselle ?
Did you think I was Canadian?,Pensais-tu que j'étais Canadien ?
Did you think I was Canadian?,Pensiez-vous que j'étais Canadien ?
Did you think I was Canadian?,Pensiez-vous que j'étais Canadienne ?
Did you think I was Canadian?,Pensais-tu que j'étais Canadienne ?
Did you think you were right?,Pensais-tu que tu avais raison ?
Did you think you were right?,Pensiez-vous avoir raison ?
Did you try to listen to her?,As-tu essayé de l'écouter ?
Did you try to listen to her?,Avez-vous essayé de l'écouter ?
Did you vote for Tom or Mary?,Avez-vous voté pour Tom ou pour Marie?
Didn't Tom tell you anything?,Tom ne t'a rien dit?
Disneyland was built in 1955.,Disneyland a été construit en 1955.
Distilled water has no taste.,L'eau distillée n'a pas de goût.
Divide this among yourselves.,Divisez ceci entre vous.
Do I have to be hospitalized?,Suis-je obligé d'être hospitalisé ?
Do I have to go to the party?,Dois-je me rendre à la fête ?
Do I have to leave a deposit?,Dois-je laisser une garantie ?
Do I have to open everything?,Dois-je tout ouvrir ?
Do I know you from somewhere?,Est-ce que je vous ai déjà vu quelque part ?
Do I need to get the manager?,Me faut-il quérir le directeur ?
Do they have their suitcases?,Est-ce qu'ils ont leurs valises ?
Do they take care of the dog?,Prennent-ils soin du chien ?
Do they take care of the dog?,Prennent-elles soin du chien ?
Do you actually believe this?,Est-ce que tu crois vraiment à ceci ?
Do you actually believe this?,Crois-tu vraiment ça ?
Do you agree to our proposal?,Acceptez-vous notre proposition ?
Do you eat breakfast at home?,Petit-déjeunes-tu à la maison ?
Do you eat breakfast at home?,Est-ce que vous prenez le petit-déjeuner chez vous ?
Do you feel any better today?,Te sens-tu mieux aujourd'hui ?
Do you feel at home anywhere?,Vous sentez-vous à l'aise partout ?
Do you have a gift shop here?,Avez-vous une boutique de cadeaux ici ?
Do you have a message for me?,Est-ce que vous avez un message pour moi ?
Do you have a minute to talk?,As-tu une minute pour discuter ?
Do you have a minute to talk?,Avez-vous une minute pour parler ?
Do you have a minute to talk?,Avez-vous une minute pour discuter ?
Do you have a school uniform?,Avez-vous un uniforme scolaire ?
Do you have a search warrant?,Disposez-vous d'un mandat de perquisition ?
Do you have a valid passport?,As-tu un passeport valide ?
Do you have a valid passport?,Avez-vous un passeport valide ?
Do you have a younger sister?,As-tu une plus jeune sœur ?
Do you have an older brother?,Avez-vous un frère ainé ?
Do you have an older brother?,Est-ce que tu as un grand frère ?
Do you have any money on you?,Avez-vous de l'argent sur vous ?
Do you have any small change?,Avez-vous de la petite monnaie ?
Do you have any small change?,Avez-vous de la menue monnaie ?
Do you have any small change?,Disposez-vous de menue monnaie ?
Do you have any small change?,Disposez-vous de petite monnaie ?
Do you have any tickets left?,Il vous reste des tickets ?
Do you have anything cheaper?,Avez-vous quelque chose de moins cher ?
Do you have anything cheaper?,As-tu quelque chose de moins cher ?
Do you have anything in mind?,As-tu quelque chose à l'esprit ?
Do you have anything in mind?,Penses-tu à quelque chose de particulier ?
Do you have anything to read?,As-tu quelque chose à lire ?
Do you have health insurance?,As-tu une assurance médicale ?
Do you have health insurance?,Avez-vous une assurance médicale ?
Do you have health insurance?,Êtes-vous couvert par une assurance médicale ?
Do you have health insurance?,Êtes-vous couverte par une assurance médicale ?
Do you have health insurance?,Êtes-vous couverts par une assurance médicale ?
Do you have health insurance?,Êtes-vous couvertes par une assurance médicale ?
Do you have health insurance?,Es-tu couvert par une assurance médicale ?
Do you have health insurance?,Es-tu couverte par une assurance médicale ?
Do you have jeans in my size?,Avez-vous des jeans de ma taille ?
Do you have plans for dinner?,As-tu des projets pour le déjeuner ?
Do you have plans for dinner?,As-tu des projets pour le souper ?
Do you have plans for dinner?,Avez-vous des projets pour le déjeuner ?
Do you have plans for dinner?,Avez-vous des projets pour le souper ?
Do you have something for me?,Avez-vous quelque chose pour moi ?
Do you have something for me?,As-tu quelque chose pour moi ?
Do you have something to add?,Avez-vous quelque chose à ajouter?
Do you have something to say?,Avez-vous quelque chose à dire ?
Do you have something to say?,As-tu quelque chose à dire ?
Do you have to make a speech?,Est-ce que tu as à faire un discours ?
Do you have what I asked for?,Avez-vous ce que j'ai demandé ?
Do you have what I asked for?,As-tu ce que j'ai demandé ?
Do you honestly believe that?,Le croyez-vous honnêtement ?
Do you honestly believe that?,Le crois-tu honnêtement ?
Do you know all these people?,Connais-tu tous ces gens ?
Do you know all these people?,Connaissez-vous tous ces gens ?
Do you know how to cook fish?,Savez-vous cuisiner le poisson ?
Do you know how to cook meat?,Sais-tu comment cuire de la viande ?
Do you know that girl's name?,Est-ce que tu connais le nom de cette fille ?
Do you know that girl's name?,Savez-vous comment s'appelle cette fille ?
Do you know what causes that?,Savez-vous ce qui cause cela ?
Do you know what causes that?,Est-ce que tu sais ce qui cause ça ?
Do you know what he has done?,Savez-vous ce qu'il a fait ?
Do you know what it's called?,Sais-tu comment ça s'appelle ?
Do you know what it's called?,Savez-vous comment ça s'appelle ?
Do you know what the time is?,Sais-tu quelle heure il est ?
Do you know when Mozart died?,Sais-tu quand est mort Mozart ?
Do you know when Mozart died?,Savez-vous quand est mort Mozart ?
Do you know who painted this?,Savez-vous qui a peint ceci ?
Do you know who painted this?,Est-ce que tu sais qui a peint ça ?
Do you like the way you look?,Aimes-tu ton apparence ?
Do you like the way you look?,Aimez-vous votre apparence ?
Do you like the way you look?,Votre apparence vous sied-elle ?
Do you like the way you look?,Ton apparence te sied-elle ?
Do you live in this building?,Est-ce que tu vis dans ce bâtiment ?
Do you mean you're giving up?,Veux-tu dire que tu abandonnes ?
Do you mean you're giving up?,Veux-tu dire que tu laisses tomber ?
Do you mean you're giving up?,Voulez-vous dire que vous abandonnez ?
Do you mean you're giving up?,Voulez-vous dire que vous laissez tomber ?
Do you mind if I get started?,Est-ce que ça ne te dérange pas si je m'y mets ?
Do you mind if I get started?,Est-ce que ça ne vous dérange pas si je m'y mets ?
Do you mind if I help myself?,Vois-tu un inconvénient à ce que je me serve ?
Do you mind if I help myself?,Voyez-vous un inconvénient à ce que je me serve ?
Do you mind if I try this on?,Vois-tu un inconvénient à ce que j'essaie ceci ?
Do you mind if I try this on?,Voyez-vous un inconvénient à ce que j'essaie ceci ?
Do you mind opening the door?,Tu peux ouvrir la porte ?
Do you often go to see plays?,Allez-vous souvent voir des pièces de théâtre ?
Do you play soccer every day?,Joues-tu au foot tous les jours ?
Do you really think it's bad?,Penses-tu vraiment que cela soit mauvais ?
Do you really think it's bad?,Pensez-vous vraiment que cela soit mauvais ?
Do you remember the question?,Est-ce que tu te rappelles de la question ?
Do you speak French fluently?,Parlez-vous français couramment ?
Do you speak French fluently?,Parles-tu français couramment ?
Do you still have a headache?,T’as toujours la migraine ?
Do you still have a headache?,T’as toujours mal à la tête ?
Do you take American Express?,Prenez-vous la carte American Express ?
Do you take American Express?,Acceptez-vous la carte American Express ?
Do you think I could do that?,Penses-tu que je pourrais faire ça ?
Do you think I could do that?,Pensez-vous que je pourrais faire cela ?
Do you think I'm that stupid?,Est-ce que tu penses que je suis stupide ?
Do you think I'm that stupid?,Pensez-vous que je sois stupide ?
Do you think I'm that stupid?,Est-ce que vous pensez que je suis stupide ?
Do you think Tom can find it?,Est-ce que tu penses que Tom peut le trouver ?
Do you think Tom can find it?,Est-ce que vous pensez que Tom peut le trouver ?
Do you think Tom is still up?,Penses-tu que Tom est toujours debout ?
Do you think about Tom a lot?,Penses-tu beaucoup à Tom ?
Do you think about Tom a lot?,Pensez-vous beaucoup à Tom ?
Do you think yours is better?,Tu crois que le tien est préférable ?
Do you understand everything?,Est-ce que tu comprends tout ?
Do you understand everything?,Est-ce que vous comprenez tout ?
Do you want something to eat?,Veux-tu manger quelque chose ?
Do you want something to eat?,Voulez-vous manger quelque chose ?
Do you want something to eat?,Voulez-vous quelque chose à manger ?
Do you want something to eat?,Veux-tu quelque chose à manger ?
Do you want to dance with me?,Veux-tu danser avec moi ?
Do you want to do it with me?,Voulez-vous le faire avec moi ?
Do you want to do it with me?,Est-ce que tu veux le faire avec moi ?
Do you want to do this later?,Veux-tu faire ça plus tard ?
Do you want to do this later?,Souhaitez-vous faire cela plus tard ?
Do you want to eat something?,Veux-tu manger quelque chose ?
Do you want to eat something?,Voulez-vous manger quelque chose ?
Do you want to go for a swim?,Voulez-vous aller nager ?
Do you want to go for a swim?,Tu veux aller nager ?
Do you want to go to a party?,Tu veux aller à une soirée ?
Do you want to go to the zoo?,Est-ce que tu veux aller au zoo ?
Do you want to go to the zoo?,Souhaitez-vous aller au zoo ?
Do you want to have children?,Voulez-vous avoir des enfants ?
Do you want to have some tea?,Voulez-vous du thé ?
Do you want to have some tea?,Est-ce que tu veux du thé ?
Do you want to make me happy?,Voulez-vous me faire plaisir ?
Do you want to play with Tom?,Veux-tu jouer avec Tom ?
Do you want to play with Tom?,Voulez-vous jouer avec Tom ?
Do you want to watch a movie?,Veux-tu regarder un film ?
Do you want to watch a movie?,Voulez-vous regarder un film ?
Do your best and don't worry.,Fais de ton mieux et ne t'en fais pas.
Do your best and don't worry.,Faites de votre mieux et ne vous en faites pas.
Do your homework by yourself.,Fais tes devoirs toi-même.
Do your homework by yourself.,Effectuez vos devoirs par vous-même.
Do your homework by yourself.,Effectue tes devoirs par toi-même.
Do your parents speak French?,Vos parents parlent-ils le français ?
Do your parents speak French?,Tes parents parlent-ils français ?
Does anybody know about this?,Quiconque en a-t-il connaissance ?
Does anyone have an antidote?,Quelqu'un a-t-il un antidote ?
Does anyone know you're here?,Quiconque sait-il que vous êtes ici ?
Does anyone know you're here?,Quiconque sait-il que vous êtes là ?
Does anyone know you're here?,Quiconque sait-il que tu es ici ?
Does anyone know you're here?,Quiconque sait-il que tu es là ?
Does anyone need a lift home?,Quiconque a-t-il besoin d'être reconduit chez lui ?
Does anyone see a difference?,Quelqu'un voit-il une différence ?
Does that mean you bought it?,Cela signifie-t-il que tu l'as acheté ?
Does that mean you bought it?,Cela signifie-t-il que vous l'avez acheté ?
Does that mean you bought it?,Cela signifie-t-il que tu l'as achetée ?
Does that mean you bought it?,Cela signifie-t-il que vous l'avez achetée ?
Does this book belong to you?,Est-ce que ce livre vous appartient ?
Does this book belong to you?,Ce livre vous appartient-il ?
Doing that is very important.,Faire cela est très important.
Doing that isn't a good idea.,Ce n'est pas une bonne idée de faire ça.
Doing that will be difficult.,Faire cela sera difficile.
Doing that's not a good idea.,Ce n'est pas une bonne idée de faire ça.
Dolphins are playful animals.,Les dauphins sont des animaux joueurs.
Don't act like a know-it-all.,N'agis pas en Monsieur Je-sais-tout !
Don't act like a know-it-all.,N'agissez pas en Monsieur Je-sais-tout !
Don't act like a know-it-all.,N'agis pas en Madame Je-sais-tout !
Don't act like a know-it-all.,N'agissez pas en Madame Je-sais-tout !
Don't ask too many questions.,Ne pose pas trop de questions.
Don't ask too many questions.,Ne posez pas trop de questions.
Don't be ashamed of yourself.,N'aie pas honte de toi !
Don't be ashamed of yourself.,N'ayez pas honte de vous !
Don't be so hard on yourself.,Ne sois pas si dur avec toi-même.
Don't be so hard on yourself.,Ne soyez pas si dur avec vous-même.
Don't be so hard on yourself.,Ne soyez pas si durs avec vous-mêmes.
Don't be so hard on yourself.,Ne soyez pas si dure avec vous-même.
Don't be so hard on yourself.,Ne soyez pas si dures avec vous-mêmes.
Don't be so hard on yourself.,Ne sois pas si dure avec toi-même.
Don't bite on the right side.,Ne mord pas sur le côté droit.
"Don't do anything stupid, OK?","Ne fais rien de stupide, d'accord ?"
"Don't do anything stupid, OK?","Ne faites rien de stupide, d'accord ?"
Don't ever underestimate Tom.,Ne jamais sous-estimer Tom.
Don't exceed the speed limit.,Ne dépasse pas la limite de vitesse.
Don't expect too much of him.,N'attendez pas trop de lui.
Don't expect too much of him.,N’en attends pas trop de lui.
Don't forget your ice skates.,N'oublie pas tes patins à glace.
Don't forget your toothbrush.,N'oublie pas ta brosse à dents !
Don't forget your toothbrush.,N'oubliez pas votre brosse à dents !
Don't give up on your dreams.,Ne renoncez pas à vos rêves !
Don't give up on your dreams.,Ne renonce pas à tes rêves !
Don't insult my intelligence.,N'insulte pas mon intelligence.
Don't insult my intelligence.,N'insultez pas mon intelligence.
Don't intrude on her privacy.,N'empiète pas sur sa vie privée.
Don't lean against this wall.,Ne t'adosse pas à ce mur.
"Don't leave me alone, please.",S'il te plaît ne me laisse pas toute seule.
Don't let Tom close the door.,Ne laisse pas Tom fermer la porte.
Don't let him know the truth.,Ne le laisse pas connaître la vérité.
Don't let him know the truth.,Ne le laissez pas connaître la vérité.
Don't let the children fight.,Ne laisse pas les enfants se battre.
Don't let your feelings show.,Ne montre pas tes émotions.
Don't let your feelings show.,Ne laisse pas transparaître tes émotions.
Don't let your feelings show.,Ne laissez pas transparaître vos émotions.
Don't let your feelings show.,Ne montrez pas vos émotions.
Don't make a scene in public.,Ne fais pas de scène en public.
Don't make fun of old people.,Ne riez pas des vieux.
Don't make me come after you.,Ne me force pas à aller te chercher !
Don't make me come after you.,Ne me forcez pas à aller vous chercher !
Don't make me come back here.,Ne me faites pas revenir ici !
Don't make me come back here.,Ne me fais pas revenir ici !
Don't make me hurt you again.,Ne me force pas à te faire à nouveau mal !
Don't make me hurt you again.,Ne me forcez pas à vous faire à nouveau mal !
Don't mention this to anyone.,Ne le mentionnez à personne !
Don't mention this to anyone.,Ne le mentionne à personne !
Don't misunderstand my words.,Ne comprenez pas mes paroles de travers !
Don't misunderstand my words.,Ne comprends pas mes paroles de travers !
Don't move unless I tell you.,Ne bougez pas à moins que je ne vous le dise !
Don't move unless I tell you.,Ne bouge pas à moins que je ne te le dise !
Don't press the wrong button.,N'appuie pas sur le mauvais bouton.
Don't put books on the table.,Ne pose pas de livres sur la table.
Don't put sugar in my coffee.,Ne mets pas de sucre dans mon café.
Don't raise your voice at me.,N'élève pas la voix sur moi.
Don't read that kind of book.,Ne lis pas ce genre de livre.
Don't read that kind of book.,Ne lisez pas ce genre de livre.
"Don't scare me like that, OK?",Ne me fais pas peur comme ça ! D'accord ?
"Don't scare me like that, OK?",Ne me faites pas peur comme ça ! D'accord ?
"Don't scare me like that, OK?",Ne m'effraie pas comme ça ! D'accord ?
Don't share this with anyone.,Ne partage ceci avec personne.
Don't share this with anyone.,N'en fais part à personne.
Don't share this with anyone.,N'en faites part à personne.
Don't speak to him like that.,Ne lui parle pas comme ça.
Don't take your eyes off Tom.,Ne quitte pas Tom des yeux.
Don't tell anyone I was here.,Ne dites à personne que j'étais ici.
Don't tell anyone about this.,Ne raconte ceci à personne.
Don't tell me you can't read.,Ne me dites pas que vous ne savez pas lire !
Don't tell me you can't read.,Ne me dis pas que tu ne sais pas lire !
Don't tell me you can't swim.,Ne me dites pas que vous ne savez pas nager !
Don't tell me you can't swim.,Ne me dis pas que tu ne sais pas nager !
Don't throw away your chance.,Ne rejette pas ta chance.
Don't turn off your computer.,N'éteignez pas votre ordinateur.
Don't turn off your computer.,N'éteins pas ton ordinateur.
Don't underestimate my power.,Ne sous-estime pas ma puissance.
Don't underestimate my power.,Ne sous-estimez pas ma force.
Don't underestimate yourself.,Ne te sous-estime pas.
Don't wait for me for dinner.,Ne m'attendez pas pour déjeuner !
Don't wait for me for dinner.,Ne m'attendez pas pour dîner !
Don't work yourself to death.,Ne vous tuez pas à la tâche.
Don't work yourself to death.,Ne te tue pas à la tâche.
Don't worry about me so much.,Ne te fais pas tant de souci pour moi !
Don't worry about me so much.,Ne vous faites pas tant de souci pour moi !
Don't worry about me so much.,Ne vous souciez pas tant de moi !
Don't worry about me so much.,Ne te soucie pas tant de moi !
Don't worry about what I did.,Ne vous faites pas de souci au sujet de ce que j'ai fait !
Don't worry about what I did.,Ne vous faites pas de souci à propos de ce que j'ai fait !
Don't worry about what I did.,Ne te fais pas de souci au sujet de ce que j'ai fait !
Don't worry about what I did.,Ne te fais pas de souci à propos de ce que j'ai fait !
Don't worry. Everything's OK.,Ne vous en faites pas ! Tout est au poil.
Don't worry. Everything's OK.,Ne t'en fais pas ! Tout est au poil.
Don't worry. We're safe here.,"Ne vous en faites pas ! Nous sommes en sécurité, ici."
Don't worry. We're safe here.,"Ne t'en fais pas ! Nous sommes en sécurité, ici."
Don't write in library books.,N'écrivez pas dans les livres de la bibliothèque.
Don't you have any good news?,N'as-tu pas la moindre bonne nouvelle ?
Don't you have any good news?,N'avez-vous pas la moindre bonne nouvelle ?
Don't you have anything else?,N'avez vous rien d'autre ?
Don't you have classes today?,"N'avez-vous pas cours, aujourd'hui ?"
Don't you have classes today?,"N'as-tu pas cours, aujourd'hui ?"
Don't you move or I'll shoot.,Ne bougez pas ou je tire !
Don't you move or I'll shoot.,Ne bouge pas ou je tire !
Don't you recognize that guy?,Ne reconnaissez-vous pas ce type ?
Don't you recognize that guy?,Ne reconnais-tu pas ce type ?
Don't you recognize that man?,Ne reconnais-tu pas cet homme ?
Don't you recognize that man?,Ne reconnaissez-vous pas cet homme ?
Don't you want to come along?,Ne veux-tu pas venir avec moi ?
Don't you want to go with us?,Veux-tu venir avec nous ?
Draw me a seven-pointed star.,Dessine-moi une étoile à sept branches !
Draw me a seven-pointed star.,Dessinez-moi une étoile à sept branches !
Draw me a seven-pointed star.,Trace-moi une étoile à sept branches !
Draw me a seven-pointed star.,Tracez-moi une étoile à sept branches !
Dust got into one of my eyes.,J'ai une poussière dans l'œil.
Each one does what he wishes.,Chacun fait ce qu'il veut.
Each state had just one vote.,Chaque État ne disposait que d'une voix.
Eight divided by two is four.,Huit divisés par deux font quatre.
English is a global language.,L'anglais est un langage mondial.
English is spoken in America.,L'anglais est parlé en Amérique.
Europeans like to drink wine.,Les Européens aiment boire du vin.
Even Tom was speaking French.,Même Tom parlait français.
Even monkeys fall from trees.,Même les singes tombent des arbres.
Every crime must be punished.,Tout crime doit être puni.
Every crime must be punished.,Chaque crime doit être puni.
Every girl knows that singer.,Toutes les filles connaissent ce chanteur.
Everybody at school hates me.,"Tout le monde me déteste, à l'école."
Everybody is waiting for you.,Tout le monde t'attend.
Everybody likes french fries.,Tout le monde aime les frites.
Everybody made contributions.,Tout le monde a contribué.
Everybody needs to calm down.,Il faut que tout le monde se calme.
Everybody needs to know this.,Tout le monde doit savoir ça.
Everybody speaks well of her.,Tout le monde dit du bien d'elle.
Everybody speaks well of him.,Tout le monde parle de lui en bien.
Everybody wanted me to do it.,Tout le monde voulait que je le fasse.
Everyone admired his courage.,Tout le monde admirait son courage.
Everyone always asks me that.,Tout le monde me demande toujours ça.
Everyone has a right to live.,Tout le monde a le droit de vivre.
Everyone has stopped working.,Tout le monde a cessé de travailler.
Everyone has their own style.,Chacun a son propre style.
Everyone looks uncomfortable.,Tout le monde a l'air mal à l'aise.
Everyone posed for a picture.,Tout le monde a posé pour une photo.
Everyone says the same thing.,Tout le monde dit la même chose.
Everyone seems to be nervous.,Tout le monde semble nerveux.
Everyone should have a hobby.,Tout le monde devrait avoir un passe-temps.
Everyone's going to be tired.,Tout le monde va être fatigué.
Everything has been arranged.,Tout a été arrangé.
Everything has been arranged.,Tout a été prévu.
Everything has to be perfect.,Tout doit être parfait.
Everything he says upsets me.,Tout ce qu'il dit me déçoit.
Everything is back to normal.,Tout est de retour à la normale.
Everything is expensive here.,Tout coûte cher ici.
Everything remains as it was.,Tout demeure comme c'était.
"Excuse me, have you seen Tom?","Excusez-moi, avez-vous vu Tom ?"
"Excuse me, is this seat free?","Excusez-moi, est-ce que cette place est libre ?"
Facebook is blocked in China.,Facebook est bloqué en Chine.
Fallen rocks blocked the way.,Des éboulements de roches bloquaient le passage.
Fate taught me a hard lesson.,Le sort me réserva une solide leçon.
Fertilizers help plants grow.,Les engrais aident les plantes à pousser.
Few people know how to do it.,Peu de gens savent comment on fait.
"Fill it with regular, please.",Veuillez faire le plein d'ordinaire.
"Fill it with regular, please.",Veuillez faire le plein avec de l'ordinaire.
"Finally, he reached his goal.",Il a finalement atteint son objectif.
Find out what the problem is.,Trouvez où est le problème.
Find out what the problem is.,Trouve quel est le problème.
Fish can't live out of water.,Les poissons ne peuvent vivre hors de l'eau.
Fold the paper in the middle.,Pliez la feuille par le milieu.
Football is my favorite game.,Le football est mon sport préféré.
"Fortunately, no one was hurt.","Heureusement, personne ne fut blessé."
"Frankly speaking, I hate him.","Pour le dire franchement, je le déteste."
"Frankly speaking, he's wrong.","Pour parler franchement, il a tort."
French is difficult to learn.,Le français est difficile à apprendre.
"Funny, I don't remember that.","C'est marrant, je ne me le rappelle pas."
"Funny, I don't remember that.","C'est marrant, je ne me souviens pas de cela."
Get these people out of here.,Dégagez ces gens !
Get these people out of here.,Dégage ces gens !
Girls think about boys a lot.,Les filles pensent beaucoup aux garçons.
Give Tom everything you have.,Donne à Tom tout ce que tu as.
Give Tom everything you have.,Donnez à Tom tout ce que vous avez.
Give Tom one chance at least.,Donnez au moins une chance à Tom.
Give me the keys to your car.,Donne-moi tes clés de voiture !
Give me the keys to your car.,Donnez-moi vos clés de voiture !
Give me the keys. I'll drive.,Donne-moi les clés. Je conduirai.
Give me the keys. I'll drive.,Donnez-moi les clés. Je vais conduire.
"Give that back to me, please.","Rends-moi ça, s'il te plaît."
"Give that back to me, please.","Rendez-moi cela, s'il vous plaît."
Go put some clean clothes on.,Va enfiler des vêtements propres !
Go put some clean clothes on.,Allez enfiler des vêtements propres !
Gold will not buy everything.,L'or n'achète pas tout.
Grandmother looked very well.,Grand-mère avait l'air fort bien.
Great progress has been made.,De grands progrès ont été réalisés.
Guide dogs help blind people.,Les chiens guides aident les aveugles.
"Hand me the hammer, will you?","Passe-moi le marteau, tu veux ?"
"Hand me the hammer, will you?","Donnez-moi le marteau, voulez-vous ?"
Harvard is a good university.,Harvard est une bonne université.
Has Tom cleaned the room yet?,Tom a-t-il déjà nettoyé la pièce ?
Has anybody seen my beer mug?,Quelqu'un a-t-il vu ma chope à bière ?
Has the mailman already come?,Le facteur est-il déjà passé ?
Has your dog ever bitten you?,Ton chien t'a-t-il déjà mordu ?
Has your dog ever bitten you?,Ton chien t'a-t-il jamais mordue ?
Has your dog ever bitten you?,Votre chien vous a-t-il jamais mordus ?
Has your dog ever bitten you?,Votre chien vous a-t-il jamais mordues ?
Has your dog ever bitten you?,Votre chien vous a-t-il jamais mordu ?
Has your dog ever bitten you?,Votre chien vous a-t-il jamais mordue ?
Have I already told you this?,Vous ai-je déjà dit ceci ?
Have I already told you this?,T'ai-je déjà dit ça ?
"Have I broken a law, officer?","Ai-je enfreint une loi, monsieur l'agent ?"
Have I kept you waiting long?,Vous ai-je fait attendre longtemps ?
"Have a cup of tea, won't you?",Vous prendrez bien une tasse de thé ?
Have a look at the world map.,Regardez la carte du monde.
Have you bought a watermelon?,As-tu acheté une pastèque ?
Have you eaten breakfast yet?,Avez-vous déjà petit-déjeuné ?
Have you ever been a soldier?,Avez-vous déjà été soldat?
Have you ever been a teacher?,Avez-vous déjà été professeur?
Have you ever been in prison?,As-tu déjà été en prison ?
Have you ever been in prison?,Avez-vous déjà été en prison ?
Have you ever been to Africa?,Êtes-vous déjà allé en Afrique ?
Have you ever been to Africa?,As-tu jamais été en Afrique ?
Have you ever been to Africa?,Avez-vous jamais été en Afrique ?
Have you ever been to Boston?,Avez-vous jamais été à Boston ?
Have you ever been to Europe?,Avez-vous déjà été en Europe ?
Have you ever been to Europe?,Est-ce que tu as déjà été en Europe ?
Have you ever been to Mexico?,Es-tu déjà allé au Mexique ?
Have you ever dyed your hair?,T'es-tu jamais teint les cheveux ?
Have you ever dyed your hair?,Vous êtes-vous jamais teint les cheveux ?
Have you ever dyed your hair?,Ne vous êtes-vous jamais teint les cheveux ?
Have you ever dyed your hair?,Ne t'es-tu jamais teint les cheveux ?
Have you ever eaten raw fish?,Avez-vous déjà mangé du poisson cru ?
Have you ever failed a class?,As-tu jamais échoué dans une matière ?
Have you ever missed a plane?,Avez-vous déjà raté un avion ?
Have you ever missed a plane?,Est-ce que tu as déjà raté un avion ?
Have you ever ridden a horse?,Es-tu déjà monté sur un cheval ?
Have you ever ridden a horse?,Es-tu jamais monté à cheval ?
Have you ever ridden a horse?,Es-tu jamais montée à cheval ?
Have you ever ridden a horse?,Êtes-vous jamais monté à cheval ?
Have you ever ridden a horse?,Êtes-vous jamais montée à cheval ?
Have you ever ridden a horse?,Êtes-vous jamais montés à cheval ?
Have you ever ridden a horse?,Êtes-vous jamais montées à cheval ?
Have you ever sung in public?,As-tu jamais chanté en public ?
Have you ever sung in public?,Avez-vous jamais chanté en public ?
Have you ever written a book?,Avez-vous déjà écrit un livre ?
Have you heard the good news?,As-tu entendu la bonne nouvelle ?
Have you heard the good news?,Avez-vous entendu la bonne nouvelle ?
Have you received the letter?,Avez-vous reçu la lettre ?
Have you tried Japanese beer?,As-tu goûté la bière japonaise ?
Have you tried Japanese beer?,Avez-vous goûté la bière japonaise ?
Have you tried online dating?,Avez-vous essayé les rencontres en ligne ?
Have you tried online dating?,As-tu essayé les rencontres en ligne ?
Have you written your report?,As-tu rédigé ton rapport ?
Have you written your report?,Avez-vous rédigé votre rapport ?
He acted in his own interest.,Il agit pour son propre intérêt.
He acted in his own interest.,Il agit dans son intérêt propre.
He acts as if he were a king.,Il agit comme s'il était un roi.
He adhered to his own theory.,Il fut d'une résistance persistante.
He admired his friend's work.,Il admira le travail de son ami.
He admired his friend's work.,Il admira le travail de son amie.
He admitted that it was true.,Il admit que c'était vrai.
He admitted that it was true.,Il a admis que c'était vrai.
He always does as he pleases.,Il agit toujours à sa guise.
He always hums while working.,Il fredonne toujours en travaillant.
He always keeps appointments.,Il est toujours à ses rendez-vous.
He always keeps his promises.,Il tient toujours parole.
He always keeps his promises.,Il tient toujours ses promesses.
He always puts himself first.,Il se place toujours en premier.
He always speaks well of her.,Il parle toujours d'elle en bien.
He always walks with a rifle.,Il marche toujours en possédant une arme.
He always wears a blue shirt.,Il porte toujours une chemise bleue.
He always wears dark clothes.,Il porte toujours des vêtements sombres.
He always wears dark glasses.,Il porte toujours des lunettes noires.
He and I are kindred spirits.,Lui et moi sommes des âmes sœurs.
He announced the next singer.,Il annonça le chanteur suivant.
He appeared on TV last night.,Il est passé à la télévision la nuit dernière.
He asked a question about it.,Il a posé une question à ce sujet.
He asked an awkward question.,Il posa une question embarrassante.
He asked an awkward question.,Il a posé une question embarrassante.
He asked her if she knew him.,Il lui a demandé si elle le connaissait.
He asked her if she knew him.,Il lui demanda si elle le connaissait.
He asked her where she lived.,Il lui a demandé où elle vivait.
He asked me to open the door.,Il me demanda d'ouvrir la porte.
He asked me what my name was.,Il m'a demandé mon nom.
He asked me who that man was.,Il m'a demandé qui est cet homme.
He asked the man to help him.,Il a demandé à l'homme de l'aider.
He balanced himself on a log.,Il s'est balancé sur un rondin.
He beat the dog with a stick.,Il frappa le chien avec un bâton.
He beckoned me to follow him.,Il me fit signe de le suivre.
He began skinning the animal.,Il commença à dépecer l'animal.
He began to play an old song.,Il commença à jouer une vieille chanson.
He begged her to forgive him.,Il la supplia de lui pardonner.
He believes every word I say.,Il croit chaque mot que je dis.
He belongs to the brass band.,Il fait partie d'une fanfare.
He brought his dog to school.,Il a emmené son chien à l'école.
He came back at nine o'clock.,Il rentra à neuf heures.
He came back at nine o'clock.,Il est rentré à neuf heures.
He came early in the morning.,Il est venu tôt le matin.
He came from another country.,Il venait d'un autre pays.
He came from another country.,Il vint d'un autre pays.
He came from another country.,Il est venu d'un autre pays.
He came here ten minutes ago.,Il est venu ici il y a dix minutes.
He came home late last night.,Il est rentré tard hier soir.
He came to see you yesterday.,Il est venu te voir hier.
He can explain the situation.,Il peut expliquer la situation.
He can play tennis very well.,Il sait très bien jouer au tennis.
He can run faster than I can.,Il peut courir plus vite que moi.
He can run faster than I can.,Il sait courir plus vite que moi.
He can speak Russian as well.,Il sait aussi parler russe.
He can speak eight languages.,Il peut parler huit langues.
He can't control his desires.,Il ne parvient pas à contrôler ses désirs.
He cannot write his own name.,Il ne sait pas écrire son propre nom.
He carries a bag on his back.,Il porte un sac sur le dos.
He catches colds very easily.,Il s'enrhume facilement.
He changed schools last year.,Il a changé d'école l'année dernière.
He chose his words carefully.,Il a soigneusement choisi ses mots.
He chose his words carefully.,Il choisit soigneusement ses mots.
He clearly stated that point.,Il a été explicite sur ce point.
He clearly stated that point.,Il a clairement énoncé ce point.
He collected a lot of stamps.,Il a collectionné de nombreux timbres.
He collected a lot of stamps.,Il a collecté de nombreux timbres.
He continued working all day.,Il a continué à travailler toute la journée.
He cut down that cherry tree.,Il a coupé ce cerisier.
He cut the meat with a knife.,Il coupa la viande avec un couteau.
He decided to become a pilot.,Il a décidé de devenir pilote.
He declined their invitation.,Il a décliné leur invitation.
He demands immediate payment.,Il exige le paiement immédiat.
He did better than last time.,Il a fait mieux que la dernière fois.
He did both at the same time.,Il fit les deux en même temps.
He did both at the same time.,Il a fait les deux en même temps.
He did it without me knowing.,Il l'a fait sans que je le sache.
He did not enjoy his lessons.,Il n'appréciait pas ses leçons.
He did not have enough money.,Il n'avait pas assez d'argent.
He did not turn up after all.,Finalement il n'est pas venu.
He did not want her to leave.,Il ne voulait pas qu'elle parte.
He did what I told him to do.,Il fit ce que je lui dis de faire.
He did what he had been told.,Il a fait ce qu'on lui avait dit.
He didn't acknowledge defeat.,Il n’a pas admis la défaite.
He didn't answer my question.,Il n'a pas répondu à ma question.
He didn't attend the meeting.,Il ne prit pas part à la rencontre.
He didn't attend the meeting.,Il n'a pas pris part à la réunion.
He didn't reply to my letter.,Il n'a pas répondu à ma lettre.
He didn't reply to my letter.,Il ne répondit pas à ma lettre.
He didn't tell me everything.,Il ne me conta pas tout.
He didn't tell me everything.,Il ne me dit pas tout.
He didn't tell me everything.,Il ne m'a pas tout dit.
He didn't tell me everything.,Il ne m'a pas tout conté.
He didn't think it was funny.,Il ne pensa pas que ce fut drôle.
He didn't think it was funny.,Il n'a pas pensé que c'était drôle.
He does not have any friends.,Il n'a aucun ami.
He doesn't believe me at all.,Il ne me croit pas du tout.
"He doesn't eat this, does he?","Il ne mange pas ça, si ?"
He doesn't have any children.,Il n'a pas d'enfants.
He doesn't remember anything.,Il ne se rappelle de rien.
He doesn't remember anything.,Il ne se souvient de rien.
He doesn't speak my language.,Il ne parle pas ma langue.
He doesn't work here anymore.,Il ne travaille plus ici.
He drove the truck to Dallas.,Il a roulé avec le camion jusqu'à Dallas.
He drove the truck to Dallas.,Il a conduit le camion jusqu'à Dallas.
He drove the truck to Dallas.,Il conduisit le pick-up jusqu'à Dallas.
"He earns 300,000 yen a month.",Il gagne 300.000 yens par mois.
He exchanged yen for dollars.,Il changea des yens en dollars.
He exposed himself to danger.,Il s'est exposé au danger.
He finally bent to my wishes.,Il s'est finalement plié à mes désirs.
He finished reading the book.,Il a fini de lire le livre.
He found a good place for me.,Il m'a trouvé un bon endroit.
He gave a nice present to me.,Il m'a offert un beau cadeau.
He gave her a piece of paper.,Il lui a donné une feuille de papier.
He gave her a piece of paper.,Il lui donna une feuille de papier.
He gave in to the temptation.,Il a cédé à la tentation.
He gave in to the temptation.,Il céda à la tentation.
He gave it to me for nothing.,Il me l'a donné pour rien.
He gave me a piece of advice.,Il me donna un conseil.
He gave me a piece of advice.,Il m'a donné un conseil.
He gave me what money he had.,Il me donna l'argent qu'il avait.
He gave some milk to the cat.,Il donna du lait au chat.
He gave some milk to the cat.,Il a donné du lait au chat.
He gladly accepted our offer.,Il a volontiers accepté notre proposition.
He goes to school by bicycle.,Il se rend à l'école en vélo.
He goes to the office by car.,Il se rend au bureau en voiture.
He got through with his work.,Il a fini son travail.
He got up earlier than usual.,Il s'est levé plus tôt qu'à l'habitude.
He got up earlier than usual.,Il s'est levé plus tôt que d'habitude.
He grew up to be an engineer.,Il est né pour devenir ingénieur.
He had a lot of things to do.,Il avait beaucoup de choses à faire.
He had a talent for painting.,Il était doté d'un talent pour la peinture.
He had a terrible experience.,Il a traversé une terrible épreuve.
He had his son die last year.,Son fils est mort l'année dernière.
He had no friend to help him.,Il n'avait pas d'ami pour l'aider.
He had no qualms in doing so.,Il n'eût aucun scrupule à faire comme cela.
He had taken care of himself.,Il avait pris soin de lui-même.
He had the nerve to say that.,Il a eu le culot de dire ça.
He had the old machine fixed.,Il a fait réparer la vieille machine.
He has a car that I gave him.,Il a une voiture que je lui ai donnée.
He has a fertile imagination.,Il a une imagination fertile.
He has a good firm handshake.,Il a une poignée de main ferme.
He has a good sense of humor.,Il a un bon sens de l'humour.
He has a lot of things to do.,Il a de nombreuses choses à faire.
He has a photographic memory.,Il a une mémoire photographique.
He has a superiority complex.,Il a un complexe de supériorité.
He has been to England twice.,Il est allé deux fois en Angleterre.
He has come out of his shell.,Il est sorti de sa coquille.
He has earned a lot of money.,Il a gagné beaucoup d'argent.
He has learned to be patient.,Il a appris à être patient.
He has little money with him.,Il a peu d'argent sur lui.
He has no friends besides me.,Il n'a pas d'amis à part moi.
He has no political ambition.,Il est dépourvu d'ambition politique.
He has no sense of direction.,Il n'a aucun sens de l'orientation.
He has nothing to do with it.,Il n'a rien à voir avec ça.
He has one foot in the grave.,Il a un pied dans la tombe.
He has red hair and freckles.,Il a les cheveux roux et des taches de rousseur.
He has set up a new business.,Il a démarré un nouveau business.
He hasn't talked to me since.,Il ne m'a pas parlé depuis.
He helped me carry the chair.,Il m'a aidé à porter la chaise.
He hit his head on the shelf.,Il s'est cogné la tête contre l'étagère.
He holds the rank of colonel.,Il tient le rang de colonel.
He hung his jacket on a hook.,Il suspendit sa veste à une patère.
He hurt himself when he fell.,Il se blessa lorsqu'il tomba.
He hurt himself when he fell.,Il s'est fait mal quand il est tombé.
He is a doctor by profession.,Son métier est médecin.
He is a lawyer by profession.,Il fait profession d'avocat.
He is a man of great ability.,C'est un homme de grand talent.
He is a teacher and novelist.,Il est professeur et romancier.
He is able to speak Japanese.,Il peut parler japonais.
He is able to swim very fast.,Il est capable de nager très vite.
He is accustomed to the work.,Il est habitué au travail.
He is always kind to animals.,Il est toujours gentil envers les animaux.
He is always late for school.,Il est toujours en retard à l'école.
He is an experienced teacher.,C'est un enseignant expérimenté.
He is an expert in astronomy.,C'est un expert en astronomie.
He is an expert in astronomy.,C’est un expert en astronomie.
He is ashamed of his failure.,Il a honte de son échec.
He is better than me at math.,Il est meilleur que moi en maths.
He is close to the president.,Il est proche du président.
He is constantly complaining.,Il est toujours en train de se plaindre.
He is constantly complaining.,Il ne fait que se plaindre.
He is deeply attached to her.,Il lui est très attaché.
He is eager to become famous.,Il est avide de gloire.
He is every inch a gentleman.,C'est un parfait gentleman.
He is every inch a gentleman.,Il a tout d'un monsieur.
He is going to run for mayor.,Il va se présenter aux élections municipales.
He is good at playing tennis.,Il joue bien au tennis.
He is just right for the job.,Il est parfait pour le poste.
He is known as a rock singer.,Il est connu en tant que chanteur de rock.
He is likely to win the game.,Il est probable qu'il gagne la partie.
He is likely to win the game.,Il a des chances de gagner la partie.
He is likely to win the game.,Il a des chances de gagner le jeu.
He is likely to win the game.,Il est probable qu'il gagne le jeu.
He is likely to win the game.,Il a des chances de remporter la partie.
He is likely to win the game.,Il a des chances de remporter le jeu.
He is likely to win the game.,Il est probable qu'il remporte le jeu.
He is likely to win the game.,Il est probable qu'il remporte la partie.
He is more lucky than clever.,Il est plus chanceux qu'intelligent.
He is most likely to succeed.,Il est celui qui a le plus de chances de réussir.
He is much smarter than I am.,Il est bien plus intelligent que je ne le suis.
"He is my brother, not father.","C'est mon frère, pas mon père."
He is no longer welcome here.,Il n'est plus le bienvenu ici.
He is not at all a gentleman.,Ce n'est pas du tout un gentleman.
He is not at all a gentleman.,Il n'est pas du tout un gentleman.
He is not going to get ahead.,Il ne va pas progresser.
He is not old enough to vote.,Il n'est pas assez âgé pour voter.
He is not what he used to be.,Il n'est plus celui qu'il était.
He is not what he used to be.,Il n'est plus comme il l'était.
He is not what he used to be.,Il n'est plus ce qu'il était avant.
He is not what he used to be.,Il n'est plus ce qu'il était.
He is one of my best friends.,C'est un de mes meilleurs amis.
He is our teacher of English.,Il est notre professeur d'anglais.
He is popular with everybody.,Il est populaire auprès de tout le monde.
He is preparing for the test.,Il se prépare pour le test.
He is present at the meeting.,Il est présent à la réunion.
He is respected by everybody.,Il est respecté de tout le monde.
He is running short of funds.,Il est à court de fonds.
He is said to have died here.,On dit qu'il est mort ici.
He is seeking a new position.,Il cherche actuellement un nouveau poste.
He is sensitive to criticism.,Il est sensible à la critique.
He is something of a scholar.,Il a quelque chose d'un érudit.
He is something of an artist.,"C'est un artiste, en quelque sorte."
He is taller than his father.,Il est plus grand que son père.
He is the baby of the family.,Il est le bébé de la famille.
He is the oldest of them all.,C'est le plus vieux d'entre eux.
He is trusted by his parents.,Ses parents lui font confiance.
He is twice as old as she is.,Il est deux fois plus vieux qu'elle.
He is very eager to go there.,Il est très impatient d'y aller.
He is very eager to go there.,Il est très impatient de s'y rendre.
He is very sensitive to cold.,Il est très sensible au froid.
He is very sensitive to cold.,C'est un frileux.
He is watching my every move.,Il observe mon moindre mouvement.
He is what we call a pioneer.,Il est ce qu'on appelle un pionnier.
He is what we call a pioneer.,C'est ce que nous appelons un pionnier.
He is what we call a scholar.,Il est ce qu'on appelle un lettré.
He is working on a new novel.,Il travaille sur un nouveau roman.
He isn't able to drive a car.,Il est incapable de conduire une voiture.
He just returned from abroad.,Il vient de rentrer de l'étranger.
He kept all the windows open.,Il a laissé toutes les fenêtres ouvertes.
He kindly answered questions.,Il a gentiment répondu aux questions.
He kissed me on the forehead.,Il m'a embrassé sur le front.
He knows a lot about animals.,Il en sait beaucoup sur les animaux.
He knows a lot about flowers.,Il connaît beaucoup de choses sur les fleurs.
He knows a lot about flowers.,Il s'y connaît bien en fleurs.
He knows how to cheat people.,Il sait comment tromper les gens.
He knows how to make a radio.,Il sait comment faire une radio.
He knows how to play trumpet.,Il sait jouer de la trompette.
He learned the poem by heart.,Il a appris le poème par cœur.
He leaves for China tomorrow.,Il part pour la Chine demain.
He leaves for Tokyo tomorrow.,Il part pour Tokyo demain.
He left everything to chance.,Il laissait tout au hasard.
He left for London yesterday.,Il est parti hier pour Londres.
He left school two weeks ago.,Il a obtenu son diplôme de fin d'année il y a 2 semaines.
He let me use his typewriter.,Il me laissa utiliser sa machine à écrire.
He let me work in his office.,Il m'a laissé travailler dans son bureau.
He likes all kinds of sports.,Il aime tous les sports.
He likes singing and dancing.,Il aime chanter et danser.
He likes walking in the park.,Il aime marcher dans le parc.
He lived alone in the forest.,Il a vécu seul dans la forêt.
He looked through a magazine.,Il parcourut un magazine.
He lost his way in the woods.,Il a perdu son chemin dans les bois.
He lost his way in the woods.,Il a perdu son chemin dans la forêt.
He lost his way in the woods.,Il s'est perdu dans les bois.
He loves you as much as I do.,Il t'aime autant que moi.
He made a mistake on purpose.,Il a fait exprès de se tromper.
He made a mistake on purpose.,Il a commis une faute exprès.
He made fun of our ignorance.,Il se moqua de notre ignorance.
He made me carry his baggage.,Il m'a fait porter ses bagages.
He made me sing on the stage.,Il m'a fait chanter sur la scène.
He made reference to my book.,Il a fait référence à mon livre.
He may change his mind later.,Il changera peut-être d'avis plus tard.
He may have already departed.,Il est peut-être déjà parti.
He may have missed the plane.,Il a peut-être raté l'avion.
He may have missed the train.,Il se peut qu'il ait raté le train.
He may have missed the train.,Il a peut-être manqué son train.
He may have missed the train.,Peut-être a-t-il manqué le train.
He moved from place to place.,Il déménageait d'un endroit à l'autre.
He must be severely punished.,Il doit être sévèrement puni.
He needn't have come himself.,Il n'avait pas besoin de venir lui-même.
He needs to follow my advice.,Il doit suivre mes conseils.
He neither smokes nor drinks.,"Il n'a jamais fumé, ni bu."
He neither smokes nor drinks.,Il ne fume pas et ne boit pas non plus.
He never breaks his promises.,Il ne rompt jamais ses promesses.
He never did his work anyhow.,Il n'a jamais fait son travail de toute façon.
He never goes out after dark.,Il ne sort jamais la nuit tombée.
He never seems to grow older.,Il n'a jamais l'air de vieillir.
He never seems to grow older.,Il ne semble jamais vieillir.
He nodded to me as he passed.,Il me fit un signe de la tête en passant.
He nodded to me as he passed.,Il me fit signe de la tête en passant.
He noticed her embarrassment.,Il remarqua son embarras.
He only thinks about himself.,Il ne pense qu'à lui.
He patted me on the shoulder.,Il me tapota l'épaule.
He played the part of Hamlet.,Il jouait Hamlet.
He plays the piano very well.,Il joue très bien du piano.
He plays the piano very well.,Il joue extrêmement bien du piano.
He prefers poetry to fiction.,Il préfère la poésie à la fiction.
He presented her with a doll.,Il lui a offert une poupée.
He presented her with a doll.,Il lui offrit une poupée.
He pretended to be my friend.,Il prétendit être mon ami.
He pretended to be my friend.,Il a prétendu être mon ami.
He promised he would help us.,Il a promis qu'il nous aiderait.
He promised me to come early.,Il m'a promis qu'il viendrait tôt.
He put a stamp on the letter.,Il a mis un timbre sur la lettre.
He put the book on the shelf.,Il mit le livre sur l'étagère.
He put the book on the shelf.,Il plaça le livre sur l'étagère.
He put the book on the table.,Il posa le livre sur la table.
He ran away with the diamond.,Il s'enfuit avec le diamant.
He rarely goes to the movies.,Il se rend rarement au cinéma.
He reached Kyoto on Saturday.,Il est arrivé samedi à Kyoto.
He refused my friend request.,Il a refusé ma demande pour devenir amis.
He refused to take the bribe.,Il s'est refusé à prendre le pot-de-vin.
He refused to take the bribe.,Il a refusé de prendre le bakchich.
He repeated the same mistake.,Il a refait la même erreur.
He resembles his grandfather.,Il ressemble à son grand-père.
He rubbed his hands together.,Il se frotta les mains.
He said he knows this secret.,Il dit connaître ce secret.
He said that I must go there.,Il dit que je devrais aller là.
"He said, ""It's nine o'clock.""","« Il est 9h », dit-il."
He sat beside her on her bed.,"Il s'assit à son côté, sur son lit."
He sat with his legs crossed.,Il était assis les jambes croisées.
He seated himself beside her.,Il s'assit à côté d'elle.
He seems to be a kind person.,Il semble être quelqu'un de gentil.
He seems to be a nice fellow.,Il a l'air d'être un type bien.
He set fire to his own house.,Il mit le feu à sa propre maison.
He set fire to his own house.,Il a mis le feu à sa maison.
He should atone for his sins.,Il devrait expier ses péchés.
He should have been an actor.,Il aurait dû être acteur.
He should have worked harder.,Il aurait dû travailler plus.
He should have worked harder.,Il aurait dû travailler davantage.
He showed us a beautiful hat.,Il nous montra un beau chapeau.
He slipped out the back door.,Il est sorti par la porte de derrière.
He sometimes comes to see me.,Il me rend parfois visite.
He speaks English and French.,Il parle anglais et français.
He spent the evening reading.,Il passa la soirée à lire.
He stared at the steep slope.,Il fixa la pente raide.
He stayed out of public life.,Il se tint à l'écart de la vie publique.
He stayed out of public life.,Il s'est tenu à l'écart de la vie publique.
He stood with his feet apart.,Il était debout avec les jambes écartées.
He stopped smoking last year.,Il a arrêté de fumer l'année passée.
He stuck the book in his bag.,Il fourra le livre dans son sac.
He stuck with his own theory.,Il s'en tenait à sa propre théorie.
He studied the way birds fly.,Il étudiait le vol des oiseaux.
He studied the way birds fly.,Il étudiait la manière dont les oiseaux volent.
He studied the way birds fly.,Il a étudié la manière dont les oiseaux volent.
He studies biology very hard.,Il étudie la biologie avec ardeur.
He told me just the opposite!,Il m'a dit précisément le contraire !
He told me that she was sick.,Il m'a dit qu'elle était malade.
He told me to meet him there.,Il me dit de l'y rencontrer.
He told me to meet him there.,Il m'a dit de l'y rencontrer.
He told us to depart at once.,Il nous a dit de partir immédiatement.
He took out his handkerchief.,Il sortit son mouchoir.
He took out his handkerchief.,Il a sorti son mouchoir.
He treats his employees well.,Il traite bien ses employés.
He tried solving the problem.,Il tenta de résoudre le problème.
He tried to commit a suicide.,Il a fait une tentative de suicide.
He turned out to be innocent.,Il s'est avéré qu'il était innocent.
He turned up 30 minutes late.,Il arriva avec 30 minutes de retard.
He walked through the forest.,Il a coupé à travers bois.
He walked through the forest.,Il traversa la forêt en marchant.
He wanted to become a farmer.,Il voulait devenir agriculteur.
He wanted to test his limits.,Il voulait tester ses limites.
He wants these shirts washed.,Il veut que ces chemises soient lavées.
He was able to pass the exam.,Il a pu réussir l'examen.
He was able to read the book.,Il a pu lire ce livre.
He was already regretting it.,Il le regrettait déjà.
He was burning up with fever.,Il avait une grosse fièvre.
He was drafted into the army.,Il a été enrôlé dans l'armée.
He was in critical condition.,Il était dans un état critique.
He was innocent of the crime.,Il était innocent de ce crime.
He was jealous of my success.,Il était envieux de mon succès.
He was killed by a land mine.,Il a été tué par une mine.
He was late for the 7:30 bus.,Il a raté le bus de 7 heures 30.
He was not a good politician.,Il n'était pas un bon homme politique.
He was not able to marry her.,Il fut dans l'incapacité de l'épouser.
He was opposed to monopolies.,Il était opposé aux monopoles.
He was paralyzed with terror.,Il était paralysé par la terreur.
He was proud of his daughter.,Il était fier de sa fille.
He was so kind as to help us.,Il était tellement aimable de nous aider.
He was stunned by her beauty.,Il fut sidéré par sa beauté.
He was stunned by her beauty.,Il a été sidéré par sa beauté.
He was surprised at the news.,Il fut surpris par la nouvelle.
He was surprised by the news.,Il fut surpris par la nouvelle.
He was the first to help her.,Il fut le premier à l'aider.
He was the first to help him.,Il fut le premier à l'aider.
He was the man of her dreams.,Il était l'homme de ses rêves.
He was too busy to notice it.,Il était trop occupé pour le remarquer.
He was tricked into doing it.,Il a été persuadé de le faire par la ruse.
He was unaware of the danger.,Il n'était pas conscient du danger.
He was unaware of the danger.,Il était inconscient du danger.
He was wounded in a burglary.,Il a été blessé dans un cambriolage.
He was wounded in the battle.,Il a été blessé pendant la bataille.
He was wounded in the battle.,Il a été blessé dans la bataille.
He washes the car every week.,Il lave la voiture chaque semaine.
He wasn't exactly a stranger.,Il n'était pas exactement un étranger.
He watched the boys swimming.,Il regarda les garçons nager.
He wears a bow tie every day.,Il porte un nœud papillon au quotidien.
He went fishing in the river.,Il alla pêcher dans la rivière.
He went fishing in the river.,Il est allé pêcher à la rivière.
He went hunting in the woods.,Il est allé chasser dans les bois.
He went to America last week.,Il est parti en Amérique la semaine dernière.
He went to Tokyo on business.,Il est allé a Tokyo pour affaires.
He went upstairs to her room.,Il monta dans sa chambre.
He went upstairs to her room.,Il grimpa dans sa chambre.
He whispered something to me.,Il me chuchota quelque chose.
He whispered something to me.,Il m'a chuchoté quelque chose.
He will become a good doctor.,Il deviendra un bon médecin.
He will come if you call him.,Il viendra si tu l'appelles.
He will leave Japan in April.,Il quittera le Japon en avril.
He will not be back tomorrow.,Il ne reviendra pas demain.
He will play soccer tomorrow.,"Demain, il jouera au football."
He will play tennis tomorrow.,Il jouera au tennis demain.
He will regret his own words.,Il va regretter ses propres mots.
He will succeed without fail.,Il réussira sans coup férir.
He wishes to become a doctor.,Il voudrait devenir médecin.
He wondered why she did that.,Il se demanda pourquoi elle avait fait cela.
He wondered why she did that.,Il s'est demandé pourquoi elle avait fait cela.
He worked far into the night.,Il travailla tard dans la nuit.
He works in the car industry.,Il travaille dans l'industrie automobile.
He would not raise my salary.,Il n'augmenterait pas mon salaire.
He wouldn't even speak to me.,Il refusait même de me parler.
He wouldn't even speak to me.,Il ne voulait pas même me parler.
He wrote a book on porcelain.,Il a écrit un livre sur la porcelaine.
He's a Republican fundraiser.,C'est un collecteur de fonds pour le parti Républicain.
He's a very important person.,C'est une personne très importante.
He's a world-class scientist.,C'est un scientifique de niveau international.
He's accustomed to traveling.,Il est habitué à voyager.
He's aware of his own faults.,Il est conscient de ses défauts.
He's cleaning out his closet.,Il nettoie son placard.
He's fed up with socializing.,Il en a assez des mondanités.
He's head over heels in love.,Il est fou amoureux.
He's not supposed to be here.,Il n'est pas supposé se trouver là.
He's out of town on business.,Il est affairé en dehors de la ville.
He's started writing a novel.,Il a commencé à écrire un roman.
He's the perfect man for you.,C'est l'homme parfait pour toi.
He's two years older than me.,Il est plus vieux que moi de deux ans.
He's waiting at the bus stop.,Il attend à l'arrêt de bus.
He's waiting for you at home.,Il t'attend chez lui.
He's waiting for you at home.,Il t'attend chez nous.
He's waiting for you at home.,Il t'attend chez moi.
He's waiting for you at home.,Il t'attend à la maison.
He's waiting for you at home.,Il vous attend à la maison.
He's waiting for you at home.,Il vous attend chez lui.
He's waiting for you at home.,Il vous attend chez nous.
He's waiting for you at home.,Il vous attend chez moi.
He's your typical workaholic.,"Il est l'archétype du bourreau de travail, tel que tu te l'imagines."
He's your typical workaholic.,"Il est l'archétype du bourreau de travail, tel que vous vous l'imaginez."
Health is better than wealth.,La santé est plus importante que la richesse.
Her beauty will fade in time.,Sa beauté se flétrira avec le temps.
Her book is very interesting.,Son livre est très intéressant.
Her face suddenly turned red.,Son visage vira soudain au rouge.
Her father works at the bank.,Son père travaille à la banque.
Her feelings are easily hurt.,Il est facile de blesser ses sentiments.
Her husband is usually drunk.,Son mari est généralement ivre.
Her mother has gone shopping.,Sa mère est partie faire des courses.
Her mother is a good pianist.,Sa mère est une bonne pianiste.
Her mother started screaming.,Sa mère s'est mise à crier.
Her skin is as white as snow.,Sa peau est aussi blanche que la neige.
Her skin is perfectly smooth.,Sa peau est parfaitement lisse.
Her theory is based on facts.,Sa théorie se base sur les faits.
Her uncle is a famous doctor.,Son oncle est un célèbre médecin.
Her voice trembled with rage.,Sa voix tremblait de colère.
Here is where it all happens.,C'est ici que tout s'est produit.
Here is where it all happens.,C'est ici que tout est arrivé.
Here is where it all happens.,C'est ici que tout s'est passé.
"Hey, what are you doing here?",Hé ! que faites-vous ici ?
"Hey, what are you doing here?","Eh, qu'est-ce que tu fais ici ?"
"Hey, what are you doing here?",Hé ! Que fais-tu ici ?
"Hey, what was that all about?","Eh, de quoi s'agissait-il ?"
"Hey, you! What are you doing?","Hé, vous ! Qu'est-ce que vous faites ?"
High tide is at 3 p.m. today.,La marée haute est à 3 heures cet après-midi.
His ambition knows no bounds.,Son ambition ne connaît pas de limites.
His attempt ended in failure.,Sa tentative se solda par un échec.
His bag was stolen yesterday.,Son sac a été volé hier.
His birthday falls on Sunday.,Son anniversaire tombe dimanche.
His book is very interesting.,Son livre est très intéressant.
His clothes always smell bad.,Ses habits sentent toujours mauvais.
His curiosity knew no bounds.,Sa curiosité n'avait pas de limites.
His curiosity knew no bounds.,Sa curiosité ne connaissait pas de limites.
His data is often inaccurate.,Ses données sont souvent inexactes.
His debt came to 100 dollars.,Sa dette a atteint 100 dollars.
His explanation is not clear.,Son explication n'est pas claire.
His father doesn't play golf.,Son père ne joue pas au golf.
His health ebbed slowly away.,Sa santé a décliné lentement.
His heart was beating wildly.,Son cœur battait frénétiquement.
His ideas conflict with mine.,Ses idées rentrent en conflit avec les miennes.
His jokes had us in stitches.,Ses blagues nous faisaient nous plier en deux.
His long speech bored us all.,Son discours interminable nous a tous ennuyés.
His new film is worth seeing.,Son nouveau film vaut la peine d'être vu.
His new wife is about my age.,Sa nouvelle épouse est à peu près de mon âge.
His nose is his best feature.,Son nez est son meilleur trait.
His opinion was not accepted.,Son avis n'a pas été accepté.
His pictures are very famous.,Ses photos sont très célèbres.
His prediction has come true.,Sa prédiction s'est réalisée.
His project ended in failure.,Son projet s'est terminé en un échec.
His story moved her to tears.,Son histoire l'a émue aux larmes.
His success went to his head.,Le succès lui monta à la tête.
His weight strained the rope.,La corde se tendit sous son poids.
His wish is to go to America.,Son désir est d'aller en Amérique.
Hitler assumed power in 1933.,Hitler a pris le pouvoir en 1933.
Hold the box with both hands.,Tiens la boîte des deux mains.
Hold the box with both hands.,Tiens la caisse des deux mains.
Hold the box with both hands.,Tiens la caisse avec les deux mains.
Honesty pays in the long run.,L'honnêteté paye à long terme.
Honesty pays in the long run.,L'honnêteté paie à long terme.
Hope you had a good birthday.,J'espère que t'as eu un bon anniversaire.
"Hopefully, that can continue.",Espérons que cela puisse continuer.
"Hopefully, that won't happen.",Espérons que cela n'arrive pas.
How about dining out tonight?,Si nous mangions dehors ce soir ?
How about dining out tonight?,"Que dis-tu de dîner dehors, ce soir ?"
How about eating out with me?,Que dis-tu d'aller au resto avec moi ?
How are we going to find Tom?,Comment allons-nous trouver Tom ?
How are we going to fix this?,Comment allons-nous réparer ceci ?
How are you doing these days?,Comment vas-tu ces temps-ci ?
How are you doing these days?,Comment allez-vous ces temps-ci ?
How are you going to do that?,Comment allez-vous faire ça ?
How are you going to do that?,Comment allez-vous effectuer ça ?
How are you going to do that?,Comment vas-tu faire ça ?
How are you going to do that?,Comment vas-tu effectuer ça ?
How beautiful this flower is!,Comme cette fleur est belle !
How can I get to the stadium?,Comment puis-je me rendre au stade ?
How can I get to the station?,Comment puis-je me rendre à la gare ?
How can I solve this problem?,Comment puis-je résoudre ce problème ?
How can we buy British goods?,Comment pouvons-nous acheter des marchandises britanniques ?
How can you be so optimistic?,Comment pouvez-vous être si optimiste ?
How can you be so optimistic?,Comment peux-tu être si optimiste ?
How come you don't know this?,Comment se fait-il que tu ne le saches pas ?
How come you know it so well?,Comment se fait-il que tu le connaisses si bien ?
How come you know it so well?,Comment se fait-il que vous le connaissiez si bien ?
How come you're not the boss?,Comment se fait-il que vous ne soyez pas le patron ?
How come you're not the boss?,Comment se fait-il que vous ne soyez pas la patronne ?
How come you're not the boss?,Comment se fait-il que tu ne sois pas le patron ?
How come you're not the boss?,Comment se fait-il que tu ne sois pas la patronne ?
How could Tom have done that?,Comment Tom a-t-il pu faire ça ?
How could Tom have done that?,Comment Tom a-t-il pu faire cela ?
How could you be so careless?,Comment as-tu pu être aussi négligent ?
How dare you make fun of Tom!,Comment oses-tu te moquer de Tom !
How dare you speak like that?,Comment osez-vous ainsi parler ?
How dare you speak like that?,Comment oses-tu ainsi parler ?
How did he ever get so lucky?,Comment se fait-il qu'il ait eu tant de chance ?
How did we get to this point?,Comment en sommes-nous arrivés là?
How did you come to know her?,Comment avez-vous fait sa connaissance ?
How did you get here so fast?,Comment êtes-vous arrivé ici si rapidement ?
How did you get here so fast?,Comment êtes-vous arrivée ici si rapidement ?
How did you get here so fast?,Comment êtes-vous arrivés ici si rapidement ?
How did you get here so fast?,Comment êtes-vous arrivées ici si rapidement ?
How did you get here so fast?,Comment es-tu arrivé ici si rapidement ?
How did you get here so fast?,Comment es-tu arrivée ici si rapidement ?
How did you get in the house?,Comment êtes-vous entré dans la maison ?
How did you get into Harvard?,Comment êtes-vous entré à Harvard ?
How did you get into Harvard?,Comment êtes-vous entrée à Harvard ?
How did you get into Harvard?,Comment êtes-vous entrés à Harvard ?
How did you get into Harvard?,Comment êtes-vous entrées à Harvard ?
How did you get into Harvard?,Comment es-tu entré à Harvard ?
How did you get into Harvard?,Comment es-tu entrée à Harvard ?
How did you get to know Mary?,Comment as-tu rencontré Mary ?
How did you learn to do that?,Comment as-tu appris à faire ça ?
How did you learn to do that?,Comment avez-vous appris à faire cela ?
How did you manage to escape?,Comment êtes-vous parvenu à vous échapper ?
How did you manage to escape?,Comment as-tu réussi à t'échapper ?
How did your dog get in here?,Comment ton chien a-t-il pénétré ici ?
How did your dog get in here?,Comment votre chien a-t-il pénétré ici ?
How do I eat without a spoon?,"Comment est-ce que je mange, sans cuiller ?"
How do you intend to do that?,Comment avez-vous l'intention de le faire ?
How do you intend to do that?,Comment as-tu l'intention de le faire ?
How do you know I don't know?,Comment savez-vous que je l'ignore ?
How do you know I don't know?,Comment sais-tu que je l'ignore ?
How do you know what I heard?,Comment sais-tu ce que j'ai entendu ?
How do you know what I heard?,Comment savez-vous ce que j'ai entendu ?
How do you know where I live?,Comment savez-vous où je vis ?
How do you know where I live?,Comment sais-tu où je vis ?
How do you like your new car?,Comment trouves-tu ta nouvelle voiture ?
How do you like your new job?,Comment est ce nouveau travail ?
How do you want to handle it?,Comment voulez-vous vous y prendre ?
How do you want to handle it?,Comment veux-tu t'y prendre ?
How does this disease spread?,Comment se répand la maladie ?
How does this disease spread?,Comment la maladie se diffuse-t-elle ?
How does this disease spread?,Comment la maladie se répand-elle ?
How is your job search going?,Comment se passe ta recherche d'emploi ?
How long did you stay abroad?,Combien de temps êtes-vous resté à l'étranger ?
How long do you plan to stay?,Combien de temps comptes-tu rester ?
How long does it take by bus?,Combien de temps cela prend-il en bus ?
How long does it take by car?,Combien cela prend-il de temps en voiture ?
How long does it take by car?,Combien ça prend de temps en voiture ?
How long will I have to wait?,Combien de temps vais-je devoir attendre ?
How long will the storm last?,Combien de temps la tempête va-t-elle durer ?
How long will the storm last?,Combien de temps va durer la tempête ?
How long will you be staying?,Combien de temps vas-tu rester ?
How many beers did you drink?,Combien de bières as-tu bues ?
How many beers did you drink?,Combien de bières avez-vous bues ?
How many books have you read?,Combien de livres avez-vous lus ?
How many flowers did you buy?,Combien de fleurs as-tu achetées ?
How many friends do you have?,Combien as-tu d'amis ?
How many hours is the flight?,Combien d'heures dure le vol?
How many men have you killed?,Combien d'hommes avez-vous tués ?
How many pencils do you have?,Combien de crayons avez-vous ?
How many pencils do you have?,Combien as-tu de crayons ?
How many people did you kill?,Combien de personnes avez-vous tuées ?
How many people did you kill?,Combien de personnes as-tu tuées ?
How many pounds do you weigh?,Combien de livres pesez-vous ?
How many sisters do you have?,Tu as combien de sœurs ?
How many sisters do you have?,Combien as-tu de sœurs ?
How many sisters do you have?,Combien avez-vous de sœurs ?
How much do the carrots cost?,Combien coûtent les carottes ?
How much do these pants cost?,Combien coûte ce pantalon ?
How much do you want be paid?,Combien voulez-vous être payé ?
How much does the shirt cost?,Combien coûte la chemise ?
How much does the shirt cost?,Combien la chemise coûte-t-elle ?
How much does this book cost?,Combien coûte ce livre ?
How much is it going to cost?,Combien ça va coûter ?
How much is it going to cost?,Combien cela va-t-il coûter ?
How much is the entrance fee?,Combien coûte l'entrée ?
How much is the monthly rate?,À combien s'élève le tarif mensuel ?
How much longer will it take?,Combien de temps cela va-t-il encore prendre ?
How much money do we owe you?,Combien d'argent nous devons-vous ?
How much money do we owe you?,Combien d'argent est-ce qu'on te doit ?
How much should you exercise?,Combien de fois devriez-vous exercer ?
How often do you go shopping?,Combien de fois vas-tu faire les courses?
How often do you play hockey?,À quelle fréquence joues-tu au hockey ?
How often do you play hockey?,À quelle fréquence jouez-vous au hockey ?
How often do you play sports?,À quelle fréquence fais-tu du sport ?
How often do you play sports?,À quelle fréquence faites-vous du sport ?
How tall is the Eiffel Tower?,Combien la tour Eiffel mesure-t-elle ?
How was the universe created?,Comment l'univers a-t-il été créé ?
How was your summer vacation?,Comment se sont passées tes vacances d'été ?
How will I know if I'm wrong?,Comment savoir si je me trompe ?
How would you like your eggs?,Comment voulez-vous vos œufs ?
How would you like your eggs?,Comment veux-tu tes œufs ?
How's Tom going to find Mary?,Comment Tom va-t-il trouver Mary ?
"However, I could be mistaken.","Cependant, je pourrais me tromper."
Hummers are big gas guzzlers.,Les « Hummers » sont des gouffres à carburant.
I added his name to the list.,J'ajoutai son nom à la liste.
I admire him for his courage.,Je l'admire pour son courage.
I advise you to stop smoking.,Je te conseille d'arrêter de fumer.
I advised Tom not to do that.,J'ai conseillé à Tom de ne pas faire cela.
I agree with you to a degree.,"Je suis d'accord avec vous, jusqu'à un certain point."
I aimed my gun at the target.,Je dirigeais mon revolver vers la cible.
I almost got a perfect score.,J'ai presque obtenu un score parfait.
I almost never do that alone.,Je ne fais presque jamais ça tout seul.
I almost never do that alone.,Je ne fais presque jamais ça toute seule.
I almost never eat breakfast.,Je ne prends presque jamais de petit-déjeuner.
I almost never make mistakes.,Je ne fais presque jamais d'erreurs.
I also heard a similar story.,J'ai également entendu une histoire similaire.
I always wanted a tree house.,J'ai toujours voulu une maison dans les arbres.
"I am a student, but he isn't.","Je suis étudiant, mais lui, non."
I am afraid I can't help you.,J'ai bien peur de ne pas pouvoir t'aider.
I am amazed at your audacity.,Je suis étonné par ton audace.
I am ashamed of your conduct.,J'ai honte de ta conduite.
I am ashamed of your conduct.,J'ai honte de votre conduite.
I am beginning to understand.,Je commence à comprendre.
I am doubtful of his success.,Je suis sceptique sur son succès.
I am familiar with his music.,Je suis familier de sa musique.
I am familiar with your name.,Votre nom m'est familier.
I am familiar with your name.,Ton nom m'est familier.
I am fond of Australian food.,J'aime la cuisine australienne.
I am going to be an engineer.,Je compte devenir ingénieur.
I am going to write a letter.,Je vais écrire une lettre.
I am not acquainted with him.,Je ne lui suis pas lié.
I am not concerned with this.,Ceci m'indiffère.
I am not concerned with this.,Ceci m'est indiffèrent.
I am not concerned with this.,Je ne suis pas concerné par ceci.
I am not good at mathematics.,Je ne suis pas bon en mathématiques.
I am proud of being a doctor.,Je suis fier d'être docteur.
I am surprised to learn this.,Je suis surpris de l'apprendre.
I am surprised to learn this.,Je suis surpris d'apprendre ça.
I am taking French next year.,Je prends Français l'année prochaine.
I am thinking of my vacation.,Je pense à mes vacances.
I am trying to learn English.,J'essaye d'apprendre l'anglais.
I appreciate all you've done.,Je suis reconnaissant pour tout ce que vous avez fait.
I appreciate all you've done.,Je suis reconnaissante pour tout ce que vous avez fait.
I appreciate all you've done.,Je suis reconnaissant pour tout ce que tu as fait.
I appreciate all you've done.,Je suis reconnaissante pour tout ce que tu as fait.
I appreciate all your advice.,J'apprécie tous tes conseils.
I appreciate all your advice.,J'apprécie tous vos conseils.
I appreciate the hospitality.,Merci de votre hospitalité.
I appreciate the hospitality.,J'apprécie l'hospitalité.
I appreciate you coming here.,Je vous sais gré de venir ici.
I appreciate you coming here.,Je vous suis reconnaissant de venir ici.
I appreciate you coming here.,Je te suis reconnaissant de venir ici.
I appreciate you stopping by.,Je vous suis reconnaissant de vous arrêter.
I appreciate you stopping by.,Je te suis reconnaissant de t'arrêter.
I appreciate your confidence.,Je me rends compte de votre confiance.
I appreciate your conviction.,Je mesure la valeur de votre conviction.
I appreciate your directness.,J'apprécie votre franchise.
I appreciate your enthusiasm.,J'apprécie votre enthousiasme.
I appreciate your enthusiasm.,J'apprécie ton enthousiasme.
I appreciate your suggestion.,Je vous suis reconnaissant pour votre suggestion.
I appreciate your suggestion.,Je te suis reconnaissant pour ta suggestion.
I appreciate your telling me.,Je vous suis reconnaissant de me le dire.
I appreciate your telling me.,J'apprécie que vous me le disiez.
I appreciate your telling me.,Je te suis reconnaissant de me le dire.
I appreciate your telling me.,J'apprécie que tu me le dises.
I asked Tom not to bother us.,J'ai demandé à Tom de ne pas nous déranger.
I asked Tom to drive me home.,J'ai demandé à Tom de me conduire à la maison.
I asked Tom to wait a minute.,J'ai demandé à Tom d'attendre une minute.
I asked Tom to wait a moment.,J'ai demandé à Tom d'attendre un moment.
I asked Tom what he'd advise.,J'ai demandé à Tom ce qu'il conseillerait.
I asked for my father's help.,J'ai demandé de l'aide à mon père.
I asked her to wait a minute.,Je lui ai demandé d'attendre une minute.
I asked him not to bother me.,Je lui ai demandé de ne pas m'embêter.
I asked him not to bother me.,Je lui ai demandé de ne pas me déranger.
I asked him to drive me home.,Je lui ai demandé de me ramener chez moi.
I asked him to drive me home.,Je lui ai demandé de me ramener chez moi en voiture.
I asked him to drive me home.,Je lui ai demandé de me reconduire chez moi.
I asked him to leave at once.,Je lui ai demandé de partir immédiatement.
I asked him to leave at once.,Je lui demandai de partir immédiatement.
I asked what Tom was reading.,J'ai demandé ce que Tom lisait.
I assume that was Tom's idea.,Je suppose que c'était l'idée à Tom.
I assume you don't want this.,Je suppose que tu ne veux pas ça.
I assumed that she was there.,J'ai supposé qu'elle était là.
I ate a nutritious breakfast.,J'ai mangé un petit déjeuner nourrissant.
I ate lunch in the cafeteria.,J'ai déjeuné à la cafétéria.
I bear no grudge against you.,Je n'ai pas de rancune contre toi.
I bear no grudge against you.,Je ne vous garde pas rancune.
I believe that he comes here.,Je crois qu'il vient ici.
I believe this is inaccurate.,Je crois que ceci est inexact.
I belong to the sailing club.,Je suis membre du club de voile.
I belong to the sailing club.,J'appartiens au cercle nautique.
I bet you're a great teacher.,Je parie que vous êtes un excellent professeur.
I bet you're a great teacher.,Je parie que tu es un super prof.
I bet you're a great teacher.,Je parie que tu es un enseignant super.
I bought a book of folktales.,Je fis l'acquisition d'un livre de contes populaires.
I bought a new jigsaw puzzle.,J'ai acheté un nouveau puzzle.
I bought them each a present.,Je leur ai acheté un cadeau à chacun.
I bought this for my brother.,J'ai acheté ça pour mon frère.
I bought two bags of popcorn.,J'ai acheté deux sacs de pop-corn.
I bought two loaves of bread.,J'ai acheté deux miches de pain.
I brush my teeth twice a day.,Je me brosse les dents deux fois par jour.
I burned myself on the stove.,Je me suis brûlé sur le poêle.
I came in through the window.,Je suis entré par la fenêtre.
I came to see if you were OK.,Je suis venu voir si vous alliez bien.
I came to see if you were OK.,Je suis venue voir si tu allais bien.
I came to wish you good luck.,Je suis venu pour vous souhaiter bonne chance.
I came to wish you good luck.,Je suis venu pour te souhaiter bonne chance.
I came to wish you good luck.,Je suis venue pour vous souhaiter bonne chance.
I came to wish you good luck.,Je suis venue pour te souhaiter bonne chance.
I can come back another time.,Je peux revenir une autre fois.
I can do it faster on my own.,Je peux le faire plus rapidement tout seul.
I can do it in half the time.,Je peux le faire en la moitié du temps.
I can do it in half the time.,Je peux le faire en deux fois moins de temps.
I can do it without her help.,Je peux le faire sans son aide.
I can do more than just cook.,Je sais faire davantage que simplement cuisiner.
I can eat whenever I want to.,Je peux manger quand je veux.
I can look into this for you.,Je peux y regarder pour toi.
I can never thank you enough.,Je ne pourrai jamais assez te remercier.
I can pay this bill tomorrow.,Je peux payer cette facture demain.
I can recommend it to anyone.,Je peux le recommander à n'importe qui.
I can show you a better time.,Je sais mieux vous divertir.
I can show you a better time.,Je sais mieux vous distraire.
I can show you a better time.,Je sais mieux te divertir.
I can speak English a little.,Je parle un peu anglais.
I can speak a little English.,Je parle un peu anglais.
I can teach you how to drive.,Je peux t'apprendre à conduire.
I can teach you how to fight.,Je peux t'enseigner à te battre.
I can tell you're a nice guy.,Je peux dire que vous êtes un chic type.
I can tell you're a nice guy.,Je sais que vous êtes un chic type.
I can type 50 words a minute.,Je peux taper 50 mots par minute.
I can't afford to buy a pony.,Je n'ai pas les moyens d'acheter un poney.
I can't allow you to do that.,Je ne peux pas vous permettre de faire ça.
I can't allow you to do that.,Je ne peux pas vous permettre de faire cela.
I can't answer that question.,Je ne peux pas répondre à cette question.
I can't answer this question.,Je ne peux pas répondre à cette question.
I can't answer your question.,Je ne peux pas répondre à ta question.
I can't be something I'm not.,Je ne peux être quelque chose que je ne suis pas.
I can't be something I'm not.,Je ne peux pas être quelque chose que je ne suis pas.
I can't bear this any longer.,Je ne peux le supporter plus longtemps.
I can't bear this any longer.,Je ne peux plus le supporter.
I can't believe I kissed you.,Je n'arrive pas à croire que je t'aie embrassé.
I can't believe I kissed you.,Je n'arrive pas à croire que je t'aie embrassée.
I can't believe Tom did that.,Je ne peux pas croire que Tom ait fait cela.
I can't change how tall I am.,Je ne peux pas changer ma taille.
I can't condone what you did.,Je ne peux pas excuser ce que vous avez fait.
I can't condone what you did.,Je ne peux pas excuser ce que tu as fait.
I can't control what happens.,Je ne peux pas contrôler ce qui se passe.
I can't control what happens.,Je ne parviens pas à contrôler ce qui se passe.
I can't deal with this place.,Je ne supporte pas cet endroit.
I can't decide what to order.,Je n'arrive pas à me décider quoi commander.
I can't decide what to order.,Je ne parviens pas à décider quoi commander.
I can't explain it right now.,Je ne peux l'expliquer à l'instant.
I can't find the right words.,Je ne trouve pas les mots justes.
I can't find the right words.,Je ne peux pas trouver les mots justes.
I can't find the salt shaker.,Je ne trouve pas la salière.
I can't function without you.,Je n'arrive pas à fonctionner sans toi.
I can't function without you.,Je n'arrive pas à fonctionner sans vous.
I can't get involved in this.,Je ne peux pas me mêler de ça.
I can't get rid of this cold.,Je ne peux me débarrasser de ce rhume.
I can't get the car to start.,Je n'arrive pas à faire démarrer la voiture.
I can't get this door locked.,Je n'arrive pas à fermer cette porte.
I can't give up on my dreams.,Je ne peux pas renoncer à mes rêves.
I can't go with you tomorrow.,Je ne peux pas aller avec toi demain.
I can't go with you tomorrow.,Je ne peux pas aller avec vous demain.
"I can't go, nor do I want to.","Je ne peux pas y aller, ni ne le veux."
"I can't go, nor do I want to.",Je ne peux ni ne veux m'en aller.
I can't hear anything at all.,Je n'arrive pas à entendre quoi que ce soit.
I can't help laughing at her.,Je ne peux pas m'empêcher de rire d'elle.
I can't help laughing at him.,Je ne peux m'empêcher de rire de lui.
I can't just let Tom kill me.,Je ne peux tout simplement pas laisser Tom me tuer.
I can't just not do anything.,Je ne peux pas me contenter de ne rien faire.
I can't lift the sack either.,Je ne peux pas soulever le sac non plus.
I can't log in to my account.,Je ne peux pas me connecter à mon compte.
I can't pinpoint the problem.,Je n'arrive pas à mettre le doigt sur le problème.
I can't pinpoint the problem.,Je n'arrive pas à déterminer le problème.
I can't promise you anything.,Je ne peux rien vous promettre.
I can't promise you anything.,Je ne peux rien te promettre.
I can't really talk about it.,Je ne peux pas vraiment en discuter.
I can't recall who said that.,Je ne me rappelle pas qui a dit ça.
I can't remember her address.,Je n'arrive pas à me souvenir de son adresse.
I can't remember my password.,Je n'arrive pas à me rappeler de mon mot de passe.
I can't say that didn't hurt.,Je ne peux pas dire que ça n'a pas fait mal.
I can't speak English at all.,Je ne sais pas du tout parler anglais.
I can't stand all this noise.,Je ne peux pas supporter tout ce bruit.
I can't stand getting beaten.,Je ne supporte pas qu'on me frappe.
I can't stand getting beaten.,Je ne supporte pas de perdre.
I can't stay here any longer.,Je ne peux pas rester ici plus longtemps.
I can't stop procrastinating.,Je n'arrive pas à arrêter de procrastiner.
I can't take my eyes off her.,Je ne peux cesser de la regarder.
I can't take this any longer.,Je n'en peux plus.
I can't tell you their names.,Je ne peux pas te dire leurs noms.
I can't think about this now.,Je ne peux pas réfléchir à ceci maintenant.
I can't understand this poem.,Je n'arrive pas à comprendre ce poème.
I can't understand this word.,Je ne comprends pas ce mot.
I can't understand this word.,Je n'arrive pas à comprendre ce mot.
I can't wait to eat the cake.,Je suis impatient de manger le gâteau.
I can't wait to eat the cake.,Je suis impatiente de manger le gâteau.
I cannot accept your present.,Je ne puis accepter ton cadeau.
I cannot afford to buy a car.,Je n'ai pas les moyens d'acheter une voiture.
I cannot afford to buy a car.,Je ne peux pas me permettre d'acheter une voiture.
I cannot find fault with him.,Je n'arrive pas à le prendre en défaut.
I cannot get rid of my cough.,Je n'arrive pas à me débarrasser de ma toux.
I cannot quite understand it.,Je n'arrive pas à le comprendre complètement.
I caught a cold two days ago.,J'ai attrapé un rhume il y a deux jours.
I caught a cold two days ago.,J'ai contracté un rhume il y a deux jours.
I caught five fish yesterday.,J'ai attrapé cinq poissons hier.
I completely approve of this.,Je l'approuve complètement.
I consider the matter closed.,Je considère que l'affaire est close.
I considered changing my job.,J'ai envisagé de changer d'emploi.
I continued reading the book.,Je poursuivis la lecture du livre.
I continued reading the book.,J'ai poursuivi la lecture de l'ouvrage.
I couldn't afford to do that.,Je ne pouvais pas me permettre de faire ça.
I couldn't remember his name.,Je ne pouvais me souvenir de son nom.
I cut a branch from the tree.,J'ai scié une branche de l'arbre.
I dare you to prove me wrong.,Je te défie de me donner tort.
I dated Mary for three years.,Je suis sorti avec Mary pendant trois ans.
I definitely don't regret it.,Je ne le regrette absolument pas.
I demand that he be punished.,J'exige qu'il soit puni.
I demand that he be punished.,J'exige qu'on le punisse.
I destroyed all the evidence.,J'ai détruit toutes les preuves.
I did better than I expected.,J'ai fait mieux que je n'espérais.
I did it in a couple of days.,Je l'ai accompli en quelques jours.
I did my best to protect Tom.,J'ai fait de mon mieux pour protéger Tom.
I did smoke when I was young.,Je fumais quand j'étais jeune.
I did what Tom told me to do.,J'ai fait ce que Tom m'a dit.
I didn't ask for your advice.,Je n'ai pas demandé tes conseils.
I didn't catch what you said.,Je n'ai pas saisi ce que vous avez dit.
I didn't catch what you said.,Je n'ai pas saisi ce que tu as dit.
I didn't cause the explosion.,Je n'ai pas causé l'explosion.
I didn't do anything all day.,Je n'ai rien fait de toute la journée.
I didn't do anything all day.,Je n'ai rien fait de la journée.
I didn't do anything illegal.,Je n'ai rien fait d'illégal.
I didn't do anything special.,Je n'ai rien fait de spécial.
I didn't even bring a jacket.,Je n'ai même pas apporté de veste.
I didn't even get a postcard.,Je n'ai même pas eu de carte postale.
I didn't even try to respond.,Je n'ai même pas essayé de répliquer.
I didn't go to Tom's funeral.,Je ne suis pas allé aux funérailles de Tom.
I didn't know I should drive.,J'ignorais que je devais conduire.
I didn't know about his plan.,Je ne connaissais pas son plan.
I didn't know it was snowing.,J'ignorais qu'il neigeait.
I didn't know that you cared.,Je ne savais pas que ça t'intéressait.
I didn't know that you cared.,J'ignorais que vous vous en souciez.
I didn't know that you cared.,Je ne savais pas que tu t'en souciais.
I didn't know we had company.,J'ignorais que nous avions de la compagnie.
I didn't know what to expect.,Je ne savais pas à quoi m'attendre.
I didn't know you could cook.,Je ne savais pas que tu savais cuisiner.
I didn't know you were awake.,J'ignorais que tu étais éveillé.
I didn't know you were awake.,J'ignorais que tu étais éveillée.
I didn't know you were awake.,J'ignorais que vous étiez éveillé.
I didn't know you were awake.,J'ignorais que vous étiez éveillée.
I didn't know you were awake.,J'ignorais que vous étiez éveillés.
I didn't know you were awake.,J'ignorais que vous étiez éveillées.
I didn't leave the door open.,Je n'ai pas laissé la porte ouverte.
I didn't mean that literally.,Je ne voulais pas littéralement dire ça.
I didn't mean to confuse him.,Je ne voulais pas l'embrouiller.
I didn't mean to disturb you.,Je n'avais pas l'intention de vous déranger.
I didn't mean to disturb you.,Je n'avais pas l'intention de te déranger.
I didn't mean to hurt anyone.,Je n'avais pas l'intention de blesser qui que ce fut.
I didn't notice Tom had gone.,Je n'ai pas remarqué que Tom était parti.
I didn't really want to help.,Je n'avais pas vraiment envie d'aider.
I didn't recognize it at all.,Je ne l'ai pas du tout reconnu.
I didn't say I was giving up.,Je n'ai pas dit que j'abandonnais.
I didn't see anyone using it.,Je n'ai vu personne l'employer.
I didn't see who was driving.,Je n'ai pas vu qui conduisait.
I didn't tell him everything.,Je ne lui dis pas tout.
I didn't tell him everything.,Je ne lui ai pas tout dit.
I didn't tell you everything.,Je ne t'ai pas tout conté.
I didn't tell you everything.,Je ne vous ai pas tout conté.
I didn't tell you everything.,Je ne t'ai pas tout dit.
I didn't tell you everything.,Je ne vous ai pas tout dit.
I didn't tell you to do that.,Je ne t'ai pas dit de faire ça.
I didn't tell you to do that.,Je ne vous ai pas dit de faire cela.
I didn't think you were home.,Je n'ai pas pensé que vous étiez chez vous.
I didn't think you were home.,Je n'ai pas pensé que tu étais chez toi.
I didn't think you were home.,Je ne pensais pas que vous étiez chez vous.
I didn't think you were home.,Je ne pensais pas que tu étais chez toi.
I didn't think you'd show up.,Je ne pensais pas que vous vous montreriez.
I didn't think you'd show up.,Je ne pensais pas que tu te montrerais.
I didn't think you'd tell me.,Je ne pensais pas que tu me l'aurais dit.
I didn't think you'd tell me.,Je ne pensais pas que tu me le dirais.
I didn't think you'd tell me.,Je ne pensais pas que vous me l'auriez dit.
I didn't think you'd tell me.,Je ne pensais pas que vous me le diriez.
I didn't try to kill anybody.,Je n'ai pas tenté de tuer qui que ce soit.
I didn't try to kill anybody.,Je n'ai pas tenté de tuer qui que ce fut.
I didn't understand the joke.,Je n'ai pas compris la blague.
I didn't want Tom to help me.,Je ne voulais pas que Tom me vienne en aide.
I didn't want my mom to know.,Je ne voulais pas que ma maman le sache.
I didn't want that to happen.,Je ne voulais pas que cela se produise.
I didn't want this to happen.,Je ne voulais pas que ça arrive.
I didn't want to disturb Tom.,Je ne voulais pas déranger Tom.
I didn't want to involve you.,Je n'ai pas voulu vous impliquer.
I didn't want to involve you.,Je n'ai pas voulu t'impliquer.
I didn't want to look stupid.,Je n'ai pas voulu avoir l'air stupide.
I didn't watch TV last night.,Je n'ai pas regardé la télé hier soir.
I disapprove of what you say.,Je réprouve ce que tu dis.
I dislike speaking in public.,Je n'aime pas parler en public.
I do not love him any longer.,Je ne l'aime plus.
I don't anticipate a problem.,Je n'envisage pas de problème.
I don't believe in astrology.,Je ne crois pas à l'astrologie.
I don't believe that anymore.,Je n'y crois plus.
I don't believe that anymore.,Je n’y crois plus.
I don't believe this is true.,Je ne crois pas que ceci soit vrai.
I don't believe we need that.,Je ne crois pas que nous ayons besoin de ça.
I don't believe you're right.,Je ne pense pas que tu aies raison.
I don't care about the money.,Je me fiche de l'argent.
I don't care about your past.,Votre passé m'indiffère.
I don't care about your past.,Ton passé m'indiffère.
I don't care about your past.,Je me fiche de ton passé.
I don't care about your past.,Je n'ai que faire de ton passé.
I don't care about your past.,Je n'ai que faire de votre passé.
I don't care how old you are.,Je me fiche de l'âge que tu as.
I don't care how old you are.,Je me fiche de l'âge que vous avez.
I don't care much for coffee.,Je n'aime pas trop le café.
I don't care much for coffee.,Je n'aime pas le café plus que ça.
I don't care much for coffee.,Je n'aime pas plus que ça le café.
I don't care what people say.,Je ne me soucie pas de ce que les gens disent.
I don't care what's happened.,Je me fiche de ce qui est arrivé.
I don't care why you're late.,Je me fiche de savoir pourquoi vous êtes en retard.
I don't care why you're late.,Je me fiche de savoir pourquoi tu es en retard.
I don't drink that much beer.,Je ne bois pas tant de bière que ça.
I don't drink that much beer.,Je ne bois pas autant de bière.
I don't even know what to do.,Je ne sais même pas quoi faire.
I don't even understand that.,Je ne comprends pas même ça.
I don't even want to be here.,Je ne veux pas même être ici.
I don't feel like eating now.,Je n'ai pas envie de manger maintenant.
I don't feel like exercising.,Je n'ai pas envie de faire de l'exercice.
I don't feel like getting up.,Je n'ai pas envie de me lever.
I don't find it intimidating.,Je ne trouve pas ça intimidant.
I don't find that comforting.,Je ne trouve pas ça réconfortant.
I don't go out on weeknights.,Je ne sors pas les soirs de semaine.
I don't go to school anymore.,Je ne vais plus à l'école.
I don't have a favorite song.,Je n'ai pas de chanson préférée.
I don't have all the details.,Je ne dispose pas de tous les détails.
I don't have any money on me.,Je n'ai pas la moindre monnaie sur moi.
I don't have anything to say.,Je n'ai rien à dire.
I don't have the address now.,"Je n'ai pas l'adresse, là."
I don't have time for a walk.,Je ne dispose pas du temps pour une promenade.
I don't have time for a walk.,Je n'ai pas le temps pour une promenade.
I don't have time to be sick.,Je n'ai pas le temps d'être malade.
I don't have time to do that.,Je n'ai pas le temps de faire ça.
I don't have time to explain.,Je n'ai pas le temps d'expliquer.
I don't know his whereabouts.,J'ignore où il se trouve.
I don't know how they did it.,J'ignore comment elles l'ont fait.
I don't know how they did it.,J'ignore comment ils l'ont fait.
I don't know how to fix this.,Je ne sais pas comment réparer ceci.
I don't know how to help Tom.,Je ne sais pas comment aider Tom.
I don't know how you do that.,Je ne sais pas comment tu fais ça.
I don't know how you do that.,Je ne sais pas comment vous faites cela.
I don't know if this is true.,Je ne sais pas si c'est vrai.
I don't know if this is true.,Je ne sais pas si ceci est vrai.
I don't know if this is true.,J'ignore si c'est vrai.
I don't know if this is true.,J'ignore si ceci est vrai.
I don't know much about that.,Je n'en sais pas grand-chose.
I don't know what that means.,J'ignore ce que cela signifie.
I don't know what that meant.,Je ne sais pas ce que ça voulait dire.
I don't know what that meant.,Je ne sais pas ce que cela signifiait.
I don't know what this means.,J'ignore ce que ça signifie.
I don't know what to believe.,Je ne sais que croire.
I don't know what to do here.,Je ne sais que faire ici.
I don't know what to do next.,Je ne sais pas quoi faire ensuite.
I don't know what's happened.,Je ne sais pas ce qui s'est passé.
I don't know what's happened.,J'ignore ce qui est arrivé.
I don't know what's happened.,J'ignore ce qui s'est produit.
I don't know what's happened.,J'ignore ce qui s'est passé.
I don't know what's happened.,Je ne sais pas ce qui s'est produit.
I don't know what's happened.,Je ne sais pas ce qui est arrivé.
I don't know when he'll come.,J'ignore quand il viendra.
I don't know where I'd begin.,Je ne sais pas où je commencerais.
I don't know where I'd begin.,Je ne sais pas par où je commencerais.
I don't know where I'm going.,J'ignore où je vais.
I don't know where I'm going.,J'ignore où je me rends.
I don't know where she lives.,J'ignore où elle vit.
I don't know where she lives.,Je ne sais pas où elle vit.
I don't know which to choose.,Je ne sais pas lequel choisir.
I don't know which to choose.,Je ne sais pas laquelle choisir.
I don't know which way to go.,J'ignore quelle route prendre.
I don't know which way to go.,Je ne sais pas quel chemin prendre.
I don't know who I can trust.,Je ne sais pas à qui je peux faire confiance.
I don't know who that man is.,Je ne sais pas qui est cet homme.
I don't know why I hesitated.,Je ne sais pas pourquoi j'ai hésité.
I don't know why I said that.,J'ignore pourquoi j'ai dit ça.
I don't know why he was late.,Je ne sais pas pourquoi il était en retard.
I don't know why he's crying.,J'ignore pourquoi il pleure.
I don't know why he's so mad.,J'ignore pourquoi il est tant en colère.
I don't know why it happened.,J'ignore pourquoi c'est arrivé.
I don't know why it happened.,Je ne sais pas pourquoi c'est arrivé.
I don't know why you need it.,J'ignore pourquoi vous en avez besoin.
I don't know why you need it.,J'ignore pourquoi tu en as besoin.
I don't like being on my own.,Je n'apprécie pas de me trouver seule.
I don't like being on my own.,Je n'apprécie pas de me trouver seul.
I don't like being on my own.,Je n'aime pas me trouver seule.
I don't like being on my own.,Je n'aime pas me trouver seul.
I don't like being surprised.,Je n'aime pas que l'on me surprenne.
I don't like being surprised.,Je n'apprécie pas d'être surprise.
I don't like being surprised.,Je n'apprécie pas d'être surpris.
I don't like classical music.,Je n'aime pas la musique classique.
I don't like his rude manner.,Je n'aime pas sa façon grossière.
I don't like it when you cry.,Je n'aime pas quand tu pleures.
I don't like it when you cry.,Je n'aime pas quand vous pleurez.
I don't like looking foolish.,Je n'aime pas avoir l'air d'une idiote.
I don't like looking foolish.,Je n'aime pas avoir l'air d'un idiot.
I don't like oatmeal cookies.,Je n'aime pas les biscuits d'avoine.
I don't like oatmeal cookies.,Je n'aime pas les biscuits de flocons d'avoine.
I don't like office politics.,Je n'aime pas les intrigues de bureau.
I don't like opera very much.,Je n'aime pas beaucoup l'opéra.
I don't like people like Tom.,Je n'aime pas les gens comme Tom.
I don't like stubborn people.,Je n'aime pas les gens têtus.
I don't like to be disturbed.,Je n'aime pas être dérangé.
I don't like to be spoken to.,Je n'aime pas qu'on me parle.
I don't like traveling alone.,Je n'aime pas voyager seul.
I don't like traveling alone.,Je n'aime pas voyager seule.
I don't like waiting for you.,Je n'aime pas t'attendre.
I don't like waiting for you.,Je n'aime pas vous attendre.
I don't like waiting in line.,Je n'aime pas faire la queue.
I don't like your girlfriend.,Je n'aime pas ta copine.
I don't like your suggestion.,Je n'aime pas votre suggestion.
I don't like your suggestion.,Je n'aime pas ta suggestion.
I don't like your suggestion.,Je n'apprécie pas votre suggestion.
I don't like your suggestion.,Je n'apprécie pas ta suggestion.
I don't need your permission.,Je n'ai besoin de ta permission.
I don't need your protection.,Je n'ai pas besoin de votre protection.