English words/sentences,French words/sentences
"It's been almost ten years, but you're as beautiful as ever.","Cela fait presque déjà dix ans, mais tu es toujours aussi beau."
It's better to be approximately right than completely wrong.,Il est préférable d'avoir approximativement raison que complètement tort.
It's hard to predict what the weather will be like tomorrow.,C'est dur de dire comment sera le temps demain.
It's not hard to stand out when you're surrounded by idiots.,Il n'est guère difficile de briller quand on est entouré d'idiots.
It's not hard to stand out when you're surrounded by idiots.,Ce n'est pas difficile de se distinguer lorsqu'on est entouré d'idiots.
"It's not how much you know, but what you can do that counts.",Ce qui compte n'est pas ce que tu sais mais ce que tu peux faire.
"It's not how much you know, but what you can do that counts.","Ce n'est pas combien tu sais de choses, qui compte, mais ce que tu sais faire."
It's obvious that he's not used to living on a tight budget.,Il est évident qu'il n'est pas habitué à vivre d'un budget serré.
It's so hot that you could cook an egg on the hood of a car.,Il fait tellement chaud qu'on pourrait faire cuire des œufs sur le capot des voitures.
"It's wrong to deceive people, but worse to deceive yourself.","C'est mal de tromper les gens, mais c'est pire de se tromper soi-même."
Just because he likes painting doesn't mean he's good at it.,Ce n'est pas parce qu'il aime la peinture qu'il peint bien.
Last night my daughter didn't come home until half past one.,"La nuit dernière, ma fille n'est pas rentrée à la maison avant une heure et demie."
"Last night there was a fire near here, and I couldn't sleep.","La nuit dernière, il y a eu un incendie et je n'ai pas pu dormir."
Lawyers and auto mechanics are the people I trust the least.,Les avocats et les mécaniciens auto sont les gens en qui j'ai le moins confiance.
"Let's have one more drink, and then I'll take you back home.","Reprenons un verre, et puis je vous ramènerai chez vous."
"Let's have one more drink, and then I'll take you back home.","Buvons encore un verre, et puis je te ramènerai à la maison."
"Look, I've had a long day and I want to go to bed right now.","Écoute, j'ai eu une longue journée et je veux aller me coucher maintenant."
Looking at your Facebook friends' photos is a waste of time.,Regarder les photos de tes amis Face-de-bouc est une perte de temps.
Looking at your Facebook friends' photos is a waste of time.,Regarder les photos de tes amis Fesse-bouc est une perte de temps.
Looking at your Facebook friends' photos is a waste of time.,Regarder les photos de vos amis de Facebook est une perte de temps.
Los Angeles is the second largest city in the United States.,Los Angeles est la deuxième plus grande ville des États-Unis.
Many people in my grandfather's generation grew up on farms.,Beaucoup de personnes de la génération de mon grand-père ont grandi dans des fermes.
Mary promised her mother that she would help her more often.,Marie a promis à sa mère qu'elle l'aiderait plus souvent.
Mary's closets are full of clothes she hasn't worn in years.,Les armoires de Marie sont pleines de vêtements qu'elle n'a pas porté depuis des années.
My sister can't start the day without reading her horoscope.,Ma sœur ne peut entamer la journée sans lire son horoscope.
My three-year-old daughter asked me to take her to the park.,Ma fille de trois ans m'a demandé de l'emmener au parc.
"No matter how hard you may try, you won't succeed so easily.","Tu auras beau essayer, tu ne réussiras pas aussi facilement."
"No matter how hard you may try, you won't succeed so easily.","Vous aurez beau essayer, vous ne réussirez pas aussi facilement."
Nobody knows what it is that has been bothering him so much.,Personne ne sait ce qui le tracasse tant.
Nothing is more pleasant than taking a rest after hard work.,Rien n'est plus agréable que de prendre du repos après un dur labeur.
"Now that Tom is unemployed, he has quite a bit of free time.","Maintenant que Tom est sans emploi, il a pas mal de temps libre."
"Now that you are grown up, you must not behave like a child.","Maintenant que tu es grand, tu ne dois pas te comporter comme un enfant."
"On weekends, I take my dogs out for a long walk in the park.","Le week-end, j'emmène mes chiens dehors pour une longue promenade dans le parc."
"One of the children is studying, but the others are playing.","Un des enfants étudie, mais les autres jouent."
"People can choose to start loving, but can't choose to stop.",Les gens peuvent choisir de se mettre à aimer mais ne peuvent choisir d'arrêter.
Pizza is the kind of food that fits into today's life style.,La pizza est le genre d'alimentation qui convient au style de vie d'aujourd'hui.
Pizza is the kind of food that fits into today's life style.,Une pizza c'est le type de nourriture adapté au mode de vie contemporain.
Please remain seated until the aircraft arrives at the gate.,Veuillez rester assis jusqu'à ce que l'appareil atteigne la porte.
Please remain seated until the bus comes to a complete stop.,Veuillez rester assis jusqu'à l'arrêt complet du bus.
"Please write down your name, address, and phone number here.","Veuillez inscrire ici vos nom, adresse, et numéro de téléphone."
Population growth has given rise to serious social problems.,L'accroissement de la population a donné lieu à de graves problèmes sociaux.
Private detectives were hired to look into the strange case.,Des détectives privés ont été embauchés pour examiner l'étrange affaire.
Promise me that you won't sell your guitar to anyone but me.,Promets-moi que tu ne vendras ta guitare à personne d'autre que moi.
Promise me that you won't sell your guitar to anyone but me.,Promettez-moi que vous ne vendrez votre guitare à personne d'autre que moi.
Seeing the woman with the yellow hat reminded me of a story.,Voir la femme au chapeau jaune m'a remémoré une histoire.
"Seen from a distance, the big rock looks like an old castle.",Vu de loin ce grand rocher ressemble à un vieux château.
Several students in the back of the classroom were sleeping.,"Plusieurs étudiants, à l'arrière de la classe, dormaient."
She advised him to talk about his life in the United States.,Elle lui conseilla de parler de sa vie aux États-Unis d'Amérique.
She advised him to talk about his life in the United States.,Elle lui a conseillé de parler de sa vie aux États-Unis d'Amérique.
She can tell the most outrageous lie without batting an eye.,Elle peut dire le mensonge le plus éhonté sans ciller.
She couldn't fall asleep because she was thinking about him.,Elle ne put s'endormir car elle pensait à lui.
She couldn't fall asleep because she was thinking about him.,Elle n'a pas pu s'endormir car elle pensait à lui.
"She doesn't have a babysitter, so she can't go to the party.","Elle n'a pas de nounou, c'est pourquoi elle ne peut pas se rendre à la fête."
She first came into contact with Japanese culture last year.,Elle est entrée en contact avec la culture japonaise l'an dernier pour la première fois.
"She looked after her sister, who was in bed with a bad cold.","Elle s'est occupée de sa sœur, qui était alitée en proie à un mauvais rhume."
She made me so angry on the telephone that I hung up on her.,Elle m'a mise tellement en colère au téléphone que je lui ai raccroché au nez.
She made me so angry on the telephone that I hung up on her.,"Elle m'a tellement énervé au téléphone, que je lui ai raccroché au nez."
She pooh-poohed the idea with a disdainful wave of her hand.,Elle rejeta l'idée d'un mouvement de main dédaigneux.
She still loves him even though he doesn't love her anymore.,"Elle l'aime toujours, même s'il ne l'aime plus."
She was advised by him not to borrow money from his friends.,Il lui recommanda de ne pas emprunter de l'argent à ses amis.
She was advised by him not to borrow money from his friends.,Il lui a recommandé de ne pas emprunter de l'argent à ses amis.
She was livid when she found out all the lies he'd told her.,Elle était furibonde lorsqu'elle a découvert tous les mensonges qu'il lui avait racontés.
She was livid when she found out all the lies he'd told her.,Elle était livide lorsqu'elle découvrit tous les mensonges qu'il lui avait racontés.
Some babies learn to swim even before they are one year old.,Certains bébés apprennent à nager avant même d'avoir un an.
Some countries in Europe are not part of the European Union.,Certains pays en Europe ne font pas partie de l'Union Européenne.
Someone is standing behind the bushes taking pictures of us.,Quelqu'un se tient derrière les buissons et prend des photos de nous.
Someone is standing behind the bushes taking pictures of us.,Quelqu'un se tient derrière les fourrés et prend des photos de nous.
Sometimes I wonder whether or not I made the right decision.,"Parfois, je me demande si j'ai pris ou pas la bonne décision."
Sometimes I wonder whether or not I made the right decision.,"Parfois, je me demande si j'ai pris la bonne décision ou pas."
Sometimes I wonder whether or not I made the right decision.,"Parfois, je me demande si j'ai pris la bonne décision ou non."
Sometimes I wonder whether or not I made the right decision.,"Parfois, je me demande si j'ai pris, oui ou non, la bonne décision."
Stop making a fool of yourself. Everyone is laughing at you.,Arrête de te donner en spectacle. Tout le monde rit de toi.
"Strictly speaking, Chinese consists of hundreds of dialects.","À strictement parler, le chinois est composé de centaines de dialectes."
Take this folding umbrella with you. It might come in handy.,Prends ce parapluie pliable avec toi. Cela pourrait être utile.
"Taking advantage of the holidays, I returned home to Nagoya.","Profitant des vacances, je suis retournée chez moi à Nagoya."
"That job wasn't very interesting. However, the pay was good.","Ce boulot n'était pas très intéressant. Toutefois, la paie était bonne."
That's a good story. The only problem is that it's not true.,C'est une bonne histoire. Le seul problème est qu'elle n'est pas vraie.
That's something we should probably take care of right away.,C'est quelque chose dont nous devrions probablement nous occuper tout de suite.
The Titanic sank on her maiden voyage. She was a large ship.,Le Titanic coula lors de son voyage inaugural. C'était un gros navire.
The United Nations sent troops to intervene in the conflict.,Les Nations Unies dépêchèrent des troupes afin d'intervenir dans le conflit.
The best way to predict the future is to create it yourself.,La meilleure manière de prédire l'avenir est de le créer soi-même.
The car was carrying four people when the accident occurred.,La voiture transportait quatre personnes au moment de l'accident.
The cat burglar must have entered the mansion from the roof.,Le monte-en-l'air a dû s'introduire dans la demeure par le toit.
The child sat on his mother's lap and listened to the story.,L'enfant s'assit sur les genoux de sa mère et écouta l'histoire.
The crown prince is the one who is to succeed to the throne.,Le Dauphin est celui qui succède au trône.
The delay forced us to stay overnight in an expensive hotel.,Le retard nous a forcé à passer la nuit dans un hôtel cher.
The expedition has postponed its departure to the Antarctic.,L'expédition a repoussé son départ pour l'Antarctique.
The first thing you have to take into consideration is time.,La première chose que tu dois prendre en considération est le temps.
The first word of an English sentence should be capitalized.,Le premier mot d'une phrase anglaise devrait être en majuscule.
The local newspaper is endorsing the conservative candidate.,Le journal local appuie le candidat conservateur.
The most important thing to do now is for us to remain calm.,La chose la plus importante à faire pour nous est de rester calmes.
The news of her sudden death came like a bolt from the blue.,La nouvelle de sa mort soudaine arriva comme un éclair dans un ciel bleu.
The origin of the universe will probably never be explained.,L'origine de l'univers ne sera probablement jamais expliquée.
The pain she suffered while being tortured was unimaginable.,La douleur qu'elle endura en étant torturée fut inimaginable.
The pain she suffered while being tortured was unimaginable.,La douleur qu'elle a endurée en étant torturée a été inimaginable.
The people he is living with in London are coming to see me.,Les personnes avec lesquelles il vit à Londres vont venir me voir.
The police fished a dead body out of the river this morning.,"Ce matin, la police a repêché un cadavre dans le fleuve."
The power of his physique is evident to all who look at him.,La puissance de son physique saute aux yeux de tous ceux qui le regardent.
The prevention of forest fires is everyone's responsibility.,La prévention des feux de forêt est l'affaire de tous.
The prevention of forest fires is everyone's responsibility.,La prévention des feux de forêt relève de la responsabilité de chacun.
The rich are getting richer and the poor are getting poorer.,Les riches s'enrichissent et les pauvres s'appauvrissent.
The schedule dictates that this work be done by the weekend.,Le programme commande que ce travail soit terminé pour le week-end.
The store was so crowded that they lost sight of each other.,Le magasin était si bondé qu'ils se sont perdus de vue.
The suspect was hiding out in the mountains for three weeks.,Le suspect s'était caché dans les montagnes pendant trois semaines.
The tunnel caved in because of the earthquake the other day.,Le tunnel s'est effondré à cause du tremblement de terre de l'autre jour.
The two countries will negotiate a settlement to the crisis.,Les deux pays vont négocier un règlement à la crise.
The war between France and England lasted one hundred years.,La guerre entre la France et l'Angleterre a duré cent ans.
The water stopped running because the hose has a kink in it.,L'eau s'est arrêtée de couler car le tuyau s'est entortillé.
The wedding ceremony will be held regardless of the weather.,La cérémonie de mariage se tiendra quel que soit le temps.
There is no doubt in my mind that Tom will win the election.,Il n'y aucun doute dans mon esprit que Tom gagnera l'élection.
There were 215 votes for the motion and 15 votes against it.,Il y eut deux-cent-quinze voix en faveur de la motion et quinze contre.
There were 215 votes for the motion and 15 votes against it.,Il y eut deux-cent-quinze suffrages en faveur de la motion et quinze contre.
There were 215 votes for the motion and 15 votes against it.,Il y a eu deux-cent-quinze voix en faveur de la motion et quinze contre.
There were 215 votes for the motion and 15 votes against it.,Il y a eu deux-cent-quinze suffrages en faveur de la motion et quinze contre.
There's no danger of this lamp setting fire to the curtains.,Il n'y a pas de danger que cette lampe mette le feu aux rideaux.
There's nothing more fun for me to do than to talk with him.,Il n'y a rien de plus amusant à faire pour moi que de m'entretenir avec lui.
They asked his older brother to help them do their homework.,Ils demandèrent à son grand frère de les aider à faire leurs devoirs.
They established a Japanese language class for the refugees.,Ils créèrent une classe de langue japonaise pour les réfugiés.
They sleep in separate bedrooms even though they're married.,"Ils dorment dans des chambres séparées, bien que mariés."
This is the first time I've ever written a letter in French.,C'est la première fois de ma vie que j'écris une lettre en français.
This is the first time that I've cut my finger with a knife.,C'est la première fois que je me coupe le doigt avec un couteau.
This is the hottest summer that we have had in thirty years.,C'est l'été le plus chaud que nous ayons eu en trente ans.
This is the house where that poet lived when he was a child.,C'est la maison dans laquelle ce poète a vécu lorsqu'il était enfant.
This message turned out to be a little hard for me to write.,Ce message s'est avéré être un peu difficile à écrire pour moi.
This summer resort is no longer as popular as it used to be.,Cette station balnéaire n'est plus aussi populaire qu'autrefois.
Three of the men involved in the accident were hospitalized.,Trois des hommes impliqués dans l'accident ont été hospitalisés.
Three years ago something like this never would've happened.,"Il y a trois ans, quelque chose comme ça ne serait jamais arrivé."
"To determine its origin, we must go back to the middle ages.","Pour déterminer son origine, nous devons remonter au Moyen-Âge."
Tom always asks for permission before he borrows my bicycle.,Tom demande toujours la permission avant d'emprunter mon vélo.
Tom asked Mary if she would be willing to donate some money.,Tom demanda à Mary si elle était d'accord pour donner de l'argent.
Tom asked Mary when the last time she had bought a book was.,Tom a demandé à Mary quand était la dernière fois qu'elle avait acheté un livre.
Tom can't be over thirty. He looks like he's about eighteen.,Tom ne peut pas avoir plus de trente ans. Il a l'air d'en avoir dix-huit.
Tom decided that it wasn't necessary to pay that bill today.,Tom a décidé qu'il n'était pas nécessaire de payer cette facture aujourd'hui.
Tom didn't get paid as much as they told him they'd pay him.,Tom n'a pas été payé autant qu'ils lui avaient promis.
Tom didn't seem to be aware that he was supposed to do that.,Tom ne semblait pas au courant qu'il était censé faire cela.
Tom didn't seem to be aware that he was supposed to do that.,Tom ne semblait pas au courant qu'il était censé faire ça.
Tom didn't seem to be aware that he was supposed to do that.,Tom ne semblait pas au courant qu'il était censé le faire.
Tom doesn't know the difference between a mule and a donkey.,Tom ne sait pas la différence entre une mule et un âne.
"Tom eats pizza with a fork, but Mary eats it with her hands.","Tom mange la pizza avec une fourchette, mais Mary la mange avec ses mains."
Tom fell asleep while he was driving and caused an accident.,Tom s'est endormi alors qu'il conduisait et a causé un accident.
Tom isn't the one who told me that I didn't need to do that.,Tom n'est pas celui qui m'a dit que je n'avais pas besoin de faire cela.
Tom kept talking and didn't let Mary get a word in edgewise.,Tom n'a pas arrêté de parler sans laisser Mary toucher un seul mot.
Tom played the piano for three hours without taking a break.,Tom a joué du piano pendant trois heures sans prendre de pause.
"Tom pushed me into the pool, so I got out and pushed him in.","Tom m'a poussé dans la piscine, alors j'en suis sorti et je l'y ai poussé."
"Tom pushed me into the pool, so I got out and pushed him in.","Tom m'a poussée dans la piscine, alors j'en suis sortie et je l'y ai poussé."
Tom said he felt rested and was ready to start hiking again.,Tom se disait reposé et qu'il se sentait prêt à reprendre la randonnée.
Tom says he can make a decent living as a sidewalk musician.,Tom dit qu'il peut vivre décemment en étant musicien de rue.
Tom told Mary that she was the fattest woman he'd ever seen.,Tom a dit à Mary qu'elle était la femme la plus grosse qu'il n'avait jamais vu.
Tom translated a letter from French to English for his boss.,Tom a traduit une lettre du français à l'anglais pour son patron.
Tom was looking for place to eat that had reasonable prices.,Tom cherchait un endroit avec des prix raisonnables pour manger.
Tom's French pronunciation isn't as good as he thinks it is.,La prononciation du français de Tom n'est pas aussi bonne qu'il ne le pense.
"Tom's lost a lot of blood, but he hasn't lost consciousness.",Tom a perdu beaucoup de sang mais il ne s'est pas évanouit.
We are going to make up for lost time by taking a short cut.,On va essayer de rattraper le retard en prenant un raccourci.
We did not expect him to finish the task in so short a time.,Nous ne nous attendions pas à ce qu'il termine le travail en si peu de temps.
"We don't like our neighbors, and they don't like us, either.",Nous n'aimons pas nos voisins et ils ne nous aiment pas non plus.
We need to get this truck unloaded before it starts raining.,Nous devons décharger ce camion avant qu'il commence à pleuvoir.
We take it for granted that he will succeed in his business.,Nous considérons comme un fait accompli qu'il rencontrera le succès dans ses affaires.
"We'll go to Hong Kong first, and then we'll go to Singapore.","Nous irons d'abord à Hong Kong, et ensuite à Singapour."
We're looking for some computer-savvy people to work for us.,Nous recherchons des gens férus d'ordinateurs pour travailler pour nous.
We're looking for some computer-savvy people to work for us.,Nous recherchons des gens qui s'y connaissent en ordinateurs pour travailler pour nous.
Were you really able to get Tom to do your homework for you?,Étais-tu vraiment capable de laisser faire tes devoirs par Tom?
What does it cost to build a new house in this neighborhood?,Que coûte la construction d'une maison dans ce coin ?
What makes you think that Tom prefers living in the country?,Qu'est-ce qui te fait penser que Tom préfère vivre à la campagne ?
What would you attempt to do if you knew you could not fail?,Que tenteriez-vous si vous saviez que vous ne pouviez pas échouer ?
What would you attempt to do if you knew you could not fail?,Que tenterais-tu si tu savais que tu ne pouvais pas échouer ?
"When the weather was nice, Tom always left his windows open.","Lorsqu'il faisait beau, Tom laissait toujours sa fenêtre ouverte."
"When you make the bed, don't forget to fluff up the pillows.","Lorsque tu fais le lit, n'oublie pas de regonfler les oreillers."
"When you make the bed, don't forget to fluff up the pillows.","Lorsque vous faites le lit, n'oubliez pas de regonfler les oreillers."
"When you've finished reading that book, I'd like to read it.","Lorsque vous aurez fini de lire ce livre, j'aimerais le lire."
"When you've finished reading that book, I'd like to read it.","Lorsque vous aurez terminé de lire ce livre, j'aimerais le lire."
"When you've finished reading that book, I'd like to read it.","Lorsque tu auras fini de lire ce livre, j'aimerais le lire."
"When you've finished reading that book, I'd like to read it.","Lorsque tu auras terminé de lire ce livre, j'aimerais le lire."
Why would she go out of her way to help a deadbeat like you?,Pourquoi s'embêterait-elle à aider un bon à rien comme toi ?
Why would she go out of her way to help a deadbeat like you?,Pourquoi s'embêterait-elle à aider un naze comme toi ?
"With the bridge destroyed, there was nothing to do but swim.","Le pont détruit, il n'y avait rien d'autre à faire que de nager."
"With your experience, any company would hire you right away.","Avec ton expérience, n'importe quelle entreprise voudrait t'employer sur-le-champ."
"Without your encouragement, I would have given up this plan.","Sans tes encouragements, j'aurais laissé tomber ce projet."
"Without your encouragement, I would have given up this plan.","Sans vos encouragements, j'aurais laissé tomber ce projet."
Would you consider taking care of my children next Saturday?,Pourrais-tu réfléchir à t'occuper de mes enfants samedi prochain ?
Would you consider taking care of my children next Saturday?,Pourriez-vous réfléchir à vous occuper de mes enfants samedi prochain ?
Would you like to come over for dinner after work on Monday?,Souhaiteriez-vous venir dîner après le travail lundi ?
Would you like to come over for dinner after work on Monday?,Voudrais-tu venir dîner après le travail lundi ?
Would you mind telling me what you're doing in my apartment?,Tu pourrais me dire ce que tu fais dans mon appartement ?
Years of running in marathons have taken a toll on my knees.,Des années à courir les marathons ont eu des effets négatifs sur mes genoux.
"You can lie to everyone else, but you can't lie to yourself.","Tu peux mentir à tous les autres, mais tu ne peux pas te mentir à toi-même."
"You can take a horse to water, but you can't make him drink.","Tu auras beau amener le cheval à la rivière, mais tu ne le feras pas boire pour autant."
You can't fight a good fight with such a defeatist attitude.,Tu ne peux pas livrer une bonne bataille avec une attitude aussi défaitiste.
You forgot to lock your office door yesterday when you left.,"Tu as oublié, hier, de verrouiller la porte de ton bureau, lorsque tu es parti."
You forgot to lock your office door yesterday when you left.,"Vous avez oublié, hier, de fermer la porte de votre bureau, lorsque vous êtes parti."
You forgot to lock your office door yesterday when you left.,"Vous avez oublié, hier, de fermer la porte de votre bureau, lorsque vous êtes partie."
You forgot to lock your office door yesterday when you left.,"Vous avez oublié, hier, de fermer la porte de votre bureau, lorsque vous êtes partis."
You forgot to lock your office door yesterday when you left.,"Vous avez oublié, hier, de fermer la porte de votre bureau, lorsque vous êtes parties."
You get paid in proportion to the amount of the work you do.,Vous êtes payé proportionnellement à la quantité de travail fourni.
You must have women throwing themselves at you all the time.,Vous devez avoir des femmes qui se pendent à votre cou tout le temps.
You must have women throwing themselves at you all the time.,Tu dois avoir des femmes qui se pendent à ton cou tout le temps.
You must have women throwing themselves at you all the time.,Tu dois tout le temps avoir des femmes qui se pendent à ton cou.
You must turn in your old license in order to get a new one.,Il faut rendre sa vieille licence pour en avoir une nouvelle.
You must turn in your old license in order to get a new one.,Il faut rendre sa vieille licence pour en obtenir une nouvelle.
You promised me that you would make something for us to eat.,Tu m'as promis que tu nous ferais quelque chose à manger.
You should concentrate on one thing and learn to do it well.,Tu devrais te concentrer sur une chose et apprendre à bien la faire.
You should go to the dentist and have that tooth pulled out.,Tu devrais aller chez le dentiste te faire extraire cette dent.
You should go to the dentist and have that tooth pulled out.,Vous devriez aller chez le dentiste pour vous faire extraire cette dent.
You should not despise a man just because he is poorly paid.,On ne devrait pas mépriser un homme juste parce qu'il est mal payé.
You should try to form the habit of using your dictionaries.,Vous devriez prendre l'habitude d'utiliser votre dictionnaire.
You'd be amazed how many times I've told Tom not to do that.,Tu serais impressionné du nombre de fois où j'ai dit à Tom de ne pas faire cela.
You'll make the same mistake if things continue in this way.,Tu commettras la même erreur si les choses se poursuivent ainsi.
You'll make the same mistake if things continue in this way.,Vous commettrez la même erreur si les choses se poursuivent de cette manière.
You're the only person I know who is qualified for this job.,Vous êtes la seule personne que je connaisse qui soit qualifiée pour ce poste.
You're the only person I know who is qualified for this job.,Vous êtes la seule personne que je connaisse qui soit qualifiée pour cette mission.
Your eccentricities can make you either charming or tedious.,Tes excentricités peuvent te rendre tantôt charmant ou ennuyeux.
"How did you get in here? ""I climbed in through the window.""",« Comment es-tu entré ici ? » « Par la fenêtre. »
"Shall I have him call you when he gets back? ""Yes, please.""","« Devrai-je le prier de vous appeler lorsqu'il revient ? » « Oui, s'il vous plaît. »"
"What's going on in the cave? I'm curious. ""I have no idea.""",« Qu'est-ce qu'il se passe dans la grotte ? Je suis curieux. » « Je n'en ai aucune idée. »
"What's going on in the cave? I'm curious. ""I have no idea.""",« Qu'est-ce qu'il se passe dans la grotte ? Je me demande vraiment. » « Je n'en ai pas la moindre idée. »
A fat man seldom dislikes anybody very hard or for very long.,Un gros homme n'a jamais une très forte ou très longue aversion envers qui que ce soit.
A fire broke out last night and three houses were burnt down.,Un incendie s'est déclaré hier soir et 3 maisons ont entièrement brûlé.
A new team was formed in order to take part in the boat race.,Une nouvelle équipe fut formée afin de prendre part à la course de bateaux.
A person with common sense would never do this kind of thing.,Une personne de bon sens ne ferait jamais une telle chose.
A young man asked us if he could succeed as a public speaker.,Un jeune homme nous demanda s'il pouvait réussir comme orateur.
"According to the weather forecast, it will clear up tomorrow.","Selon les prévisions météorologiques, cela s'éclaircira demain."
"According to what they say, that boy is very good at singing.","D'après eux, ce garçon chante très bien."
"After eight months, he eventually started dating girls again.",Il a finalement recommencé à sortir avec des filles après huit mois.
"After much debate, we decided to spend our holidays in Spain.","Après pas mal de discussions, nous décidâmes de passer les vacances en Espagne."
"After the Christmas party was over, we all went out caroling.","Après la fête de Noël, nous sommes tous allés chanter."
An electric guitar doesn't sound the same as an acoustic one.,Une guitare électrique sonne différemment d'une acoustique.
"Apart from a few spelling mistakes, it is a good composition.","Malgré quelques fautes d'orthographe, c'est une bonne copie."
Apparently my bare feet bothered him more than anything else.,Le fait que je sois nu-pieds le dérangeait apparemment plus que toute autre chose.
Are you aware that Okinawa is closer to China than to Honshu?,Sais-tu qu'Okinawa est plus près de la Chine que de Honshu ?
"As I got the train this morning, I met an old friend of mine.","En prenant le train ce matin, j'ai rencontré un vieil ami."
"As had been expected, the weather turned out to be very fine.","Comme nous l'espérions, le temps a changé pour devenir beau."
"As the train pulled out, they waved goodbye to their parents.","Comme le train partait, ils firent au revoir à leurs parents."
"Before going to study in Paris, I must brush up on my French.","Avant de me rendre à Paris pour travailler, je dois rafraîchir mon français."
"Before we say goodbye, there's something I'd like to ask you.","Avant que nous nous disions au revoir, il y a quelque chose que j'aimerais vous demander."
Can you please tell me where the nearest public telephone is?,Pouvez-vous me dire où se trouve la cabine téléphonique la plus proche ?
Cancer can be cured easily if it is found in its first phase.,Le cancer peut être facilement guéri s'il est détecté dans sa phase initiale.
"Cherry blossoms last only for a few days, a week at the most.","La floraison des cerisiers ne dure que quelques jours, une semaine tout au plus."
Children whose parents are rich do not know how to use money.,Les enfants dont les parents sont riches ne savent pas gérer leur argent.
Company regulations mandate that workers wear safety glasses.,Les règles de l'entreprise exigent que les employés portent des lunettes de sécurité.
Delegates from many countries participated in the conference.,Des représentants de nombreux pays ont participé à la conférence.
Did it ever occur to you that I might be busy this afternoon?,"T'est-il jamais venu à l'esprit que je pourrais être occupé, cet après-midi ?"
Did it ever occur to you that I might be busy this afternoon?,"Vous est-il jamais venu à l'esprit que je pourrais être occupée, cette après-midi ?"
Didn't you tell me yesterday that you wouldn't be late today?,Ne m'as-tu pas dit hier que tu ne serais pas en retard aujourd'hui ?
Didn't you tell me yesterday that you wouldn't be late today?,Ne m'avez-vous pas dit hier que vous ne seriez pas en retard aujourd'hui ?
Do you believe global warming is the result of human actions?,Croyez-vous que le réchauffement climatique est le résultat d'actions humaines ?
Do you spend more time with your friends or with your family?,Passes-tu davantage de temps avec tes amis ou avec ta famille ?
Do you spend more time with your friends or with your family?,Passez-vous davantage de temps avec vos amis ou avec votre famille ?
Do you spend more time with your friends or with your family?,Passes-tu davantage de temps avec tes amies ou avec ta famille ?
Do you spend more time with your friends or with your family?,Passez-vous davantage de temps avec vos amies ou avec votre famille ?
Do you think it's dangerous to eat genetically modified food?,Pensez-vous qu'il soit dangereux de consommer de la nourriture génétiquement modifiée ?
Do you want this done quickly or do you want this done right?,Voulez-vous que ceci soit fait rapidement ou voulez-vous que ceci soit correctement ?
Do you want this done quickly or do you want this done right?,Veux-tu que ce soit fait rapidement ou correctement ?
Don't ask me for forgiveness. What's been done has been done.,Ne me demande pas de pardon. Ce qui a été fait a été fait.
Don't ask me for forgiveness. What's been done has been done.,Ne me demandez pas de pardon. Ce qui a été fait a été fait.
Don't go near the bulldog. You wouldn't want him to bite you.,Ne t'approche pas du bulldog. Tu ne voudrais pas qu'il te morde.
Don't listen to Tom. He doesn't know what he's talking about.,N'écoute pas Tom. Il ne sait pas de quoi il parle.
"During droughts, farmers are barely able to eke out a living.","Lors des sécheresses, les fermiers sont à peine en mesure de survivre."
Education does not consist simply in learning a lot of facts.,L'éducation ne consiste pas seulement dans l'apprentissage pur et dur.
"Everyone looks the same, except the one standing on his head.","Ils se ressemblent tous, à l'exception de celui qu'il a sur la tête."
"Everyone looks the same, except the one standing on his head.","Elles se ressemblent toutes, à l'exception de celle qu'il a sur la tête."
"For your own safety, never ride in a car with a drunk driver.","Pour ta propre sécurité, ne monte jamais à bord d'une voiture avec un conducteur en état d'ébriété."
"For your own safety, never ride in a car with a drunk driver.","Pour votre propre sécurité, ne montez jamais à bord d'une voiture avec un conducteur en état d'ébriété."
Hailing a cab in Manhattan at 5:00 p.m. is nearly impossible.,Héler un taxi à Manhattan à cinq heures de l'après-midi est presque impossible.
Have you had a thorough medical checkup within the last year?,Avez-vous subi un contrôle médical exhaustif lors de l'année écoulée ?
Have you heard that a burglar broke into my neighbor's house?,As-tu entendu dire qu'un cambrioleur a forcé la maison de mon voisin ?
Have you heard that a burglar broke into my neighbor's house?,Avez-vous appris qu'un cambrioleur a forcé la maison de mon voisin ?
He anonymously donated a large sum of money to the Red Cross.,Il a anonymement donné une grosse somme d'argent à la Croix-Rouge.
He anonymously donated a large sum of money to the Red Cross.,Il a anonymement fait don d'une importante somme d'argent à la Croix-Rouge.
He bought the land for the purpose of building a house on it.,Il a acheté le terrain dans le but de s'y construire une maison.
He does not like to wait until the last moment to do a thing.,Il n'aime pas attendre jusqu'au dernier moment pour faire quelque chose.
He introduced the problem of education into the conversation.,Il a introduit le problème de l'éducation dans la conversation.
He is working hard in order to pass the entrance examination.,Il travaille dur afin de réussir l'examen d'entrée.
He is working hard in order to pass the entrance examination.,Il travaille dur pour réussir l'examen d'entrée.
He must be a good walker to have walked such a long distance.,Il doit être bon marcheur pour avoir parcouru une si grande distance.
He never opens his mouth without complaining about something.,"Dès qu'il ouvre la bouche, c'est pour se plaindre."
He says what he thinks regardless of other people's feelings.,Il dit ce qu'il pense sans se soucier de ce que les autres pensent.
He was so busy that he sent his son instead of going himself.,Il était tellement occupé qu'il envoya son fils à sa place.
He's an accredited representative of the Canadian government.,Il est représentant accrédité du gouvernement canadien.
He's an accredited representative of the Canadian government.,C'est un représentant accrédité du gouvernement canadien.
His lack of technical knowledge kept him from being promoted.,Son manque de connaissances techniques l'empêcha d'être promu.
His story was so funny that everyone could not help laughing.,Son histoire était si drôle que personne ne pouvait s'empêcher de rire.
How many days will it take if I send this as registered mail?,Combien de jours seront-ils nécessaires si j'envoie ceci comme courrier recommandé ?
How many students have been admitted to the school this year?,Combien d'étudiants ont été admis à l'école cette année ?
How many suicides do you think there are every year in Japan?,Combien de suicides pensez-vous qu'il y ait chaque année au Japon ?
How many suicides do you think there are every year in Japan?,Combien de suicides penses-tu qu'il y ait chaque année au Japon ?
I am sorry that I haven't written to you in such a long time.,Je suis désolé de ne pas t'avoir écrit pendant aussi longtemps.
I am sorry that I haven't written to you in such a long time.,Je suis désolé de ne pas vous avoir écrit pendant aussi longtemps.
I am sorry that I haven't written to you in such a long time.,Je suis désolée de ne pas t'avoir écrit pendant aussi longtemps.
I am sorry that I haven't written to you in such a long time.,Je suis désolée de ne pas vous avoir écrit pendant aussi longtemps.
I assure you that an error like this will never happen again.,Je vous assure qu'une telle erreur ne se reproduira plus.
I ate half the apple before I noticed there was a worm in it.,J'ai mangé la moitié de la pomme avant de m'apercevoir qu'elle contenait un ver.
I can walk from my house to the station in only five minutes.,Je peux me rendre à pied de ma maison à la gare en seulement cinq minutes.
I can't believe that you were the smartest kid in your class.,Je n'arrive pas à croire que tu étais l'enfant le plus intelligent de ta classe.
I can't believe that you were the smartest kid in your class.,Je n'arrive pas à croire que tu étais le gamin le plus intelligent de ta classe.
I can't stand it here any longer. I need a change of scenery.,Je ne peux plus supporter d'être ici. J'ai besoin de changer de décor.
"I can't tell you his name, but I can tell you where he lives.","Je ne peux pas vous dire son nom, mais je peux vous dire où il vit."
"I can't tell you his name, but I can tell you where he lives.","Je ne peux pas te dire son nom, mais je peux te dire où il habite."
I can't tell you how happy I am that you've come to visit us.,Je ne peux pas te dire combien je suis heureux que tu sois venu nous rendre visite.
I can't tell you how happy I am that you've come to visit us.,Je ne peux pas te dire combien je suis heureuse que tu sois venu nous rendre visite.
I can't tell you how happy I am that you've come to visit us.,Je ne peux pas te dire combien je suis heureux que tu sois venue nous rendre visite.
I can't tell you how happy I am that you've come to visit us.,Je ne peux pas te dire combien je suis heureuse que tu sois venue nous rendre visite.
I can't tell you how happy I am that you've come to visit us.,Je ne peux pas vous dire combien je suis heureux que vous soyez venu nous rendre visite.
I can't tell you how happy I am that you've come to visit us.,Je ne peux pas vous dire combien je suis heureux que vous soyez venue nous rendre visite.
I can't tell you how happy I am that you've come to visit us.,Je ne peux pas vous dire combien je suis heureux que vous soyez venues nous rendre visite.
I can't tell you how happy I am that you've come to visit us.,Je ne peux pas vous dire combien je suis heureux que vous soyez venus nous rendre visite.
I can't tell you how happy I am that you've come to visit us.,Je ne peux pas vous dire combien je suis heureuse que vous soyez venu nous rendre visite.
I can't tell you how happy I am that you've come to visit us.,Je ne peux pas vous dire combien je suis heureuse que vous soyez venue nous rendre visite.
I can't tell you how happy I am that you've come to visit us.,Je ne peux pas vous dire combien je suis heureuse que vous soyez venues nous rendre visite.
I can't tell you how happy I am that you've come to visit us.,Je ne peux pas vous dire combien je suis heureuse que vous soyez venus nous rendre visite.
I can't tell you how happy I am that you've come to visit us.,Je ne peux pas vous dire à quel point je suis heureuse que vous soyez venue nous rendre visite.
I can't tell you how happy I am that you've come to visit us.,Je ne peux pas vous dire à quel point je suis heureuse que vous soyez venu nous rendre visite.
I can't tell you how happy I am that you've come to visit us.,Je ne peux pas vous dire à quel point je suis heureuse que vous soyez venus nous rendre visite.
I can't tell you how happy I am that you've come to visit us.,Je ne peux pas vous dire à quel point je suis heureuse que vous soyez venues nous rendre visite.
I can't tell you how happy I am that you've come to visit us.,Je ne peux pas vous dire à quel point je suis heureux que vous soyez venue nous rendre visite.
I can't tell you how happy I am that you've come to visit us.,Je ne peux pas vous dire à quel point je suis heureux que vous soyez venu nous rendre visite.
I can't tell you how happy I am that you've come to visit us.,Je ne peux pas vous dire à quel point je suis heureux que vous soyez venus nous rendre visite.
I can't tell you how happy I am that you've come to visit us.,Je ne peux pas vous dire à quel point je suis heureux que vous soyez venues nous rendre visite.
I can't tell you how happy I am that you've come to visit us.,Je ne peux pas te dire à quel point je suis heureuse que vous soyez venue nous rendre visite.
I can't tell you how happy I am that you've come to visit us.,Je ne peux pas te dire à quel point je suis heureux que vous soyez venue nous rendre visite.
I can't tell you how happy I am that you've come to visit us.,Je ne peux pas te dire à quel point je suis heureuse que vous soyez venu nous rendre visite.
I can't tell you how happy I am that you've come to visit us.,Je ne peux pas te dire à quel point je suis heureuse que vous soyez venues nous rendre visite.
I can't tell you how happy I am that you've come to visit us.,Je ne peux pas te dire à quel point je suis heureuse que vous soyez venus nous rendre visite.
I can't tell you how happy I am that you've come to visit us.,Je ne peux pas te dire à quel point je suis heureux que vous soyez venu nous rendre visite.
I can't tell you how happy I am that you've come to visit us.,Je ne peux pas te dire à quel point je suis heureux que vous soyez venues nous rendre visite.
I can't tell you how happy I am that you've come to visit us.,Je ne peux pas te dire à quel point je suis heureux que vous soyez venus nous rendre visite.
I can't tell you how happy I am that you've come to visit us.,Je ne peux pas te dire combien je suis heureux que vous soyez venus nous rendre visite.
I can't tell you how happy I am that you've come to visit us.,Je ne peux pas te dire combien je suis heureuse que vous soyez venus nous rendre visite.
I can't tell you how happy I am that you've come to visit us.,Je ne peux pas te dire combien je suis heureux que vous soyez venues nous rendre visite.
I can't tell you how happy I am that you've come to visit us.,Je ne peux pas te dire combien je suis heureuse que vous soyez venues nous rendre visite.
I can't tell you how much I've looked forward to this moment.,Si vous saviez à quel point j'ai attendu ce moment!
I could hear the sound of children playing outside my window.,J'entendais le bruit d'enfants qui jouaient sous ma fenêtre.
I could hear the sound of children playing outside my window.,J'entendais le bruit d'enfants jouant devant ma fenêtre.
I didn't know that this was the first time you kissed a girl.,Je ne savais pas que c'était la première fois que tu embrassais une fille.
I didn't want to spend any more time working on that project.,Je ne voulais pas passer davantage de temps à travailler à ce projet.
I didn't want to spend any more time working on that project.,Je ne voulais pas passer davantage de temps à travailler sur ce projet.
"I do not like tea, so I generally drink coffee for breakfast.","Je n'aime pas le thé, aussi en général c'est du café que je bois au petit déjeuner."
"I do not like tea, so I generally drink coffee for breakfast.","Je n'aime pas le thé, donc je bois généralement du café au petit-déjeuner."
I don't know how I did it. What's important is that I did it.,J'ignore comment je l'ai fait. Ce qui importe est que je l'ai fait.
I don't think that we should be talking about this right now.,Je ne pense pas que nous devrions en parler maintenant.
I doubt that our new boss will be any worse than the old one.,Je doute que notre nouveau patron soit pire que l'ancien.
I doubt that our new boss will be any worse than the old one.,Je doute que notre nouvelle patronne soit pire que l'ancienne.
"I enjoy cooking, but I don't like the cleaning up afterwards.","J'aime cuisiner, mais je n'aime pas tout nettoyer après."
I feel sad when I think about all the people who die in wars.,Je suis triste quand je pense à toutes les personnes qui meurent au cours des guerres.
I finally found out what had been causing the pain in my leg.,J'ai enfin trouvé ce qui causait la douleur dans ma jambe.
I gave you an extra hour and you still didn't finish the job.,Je vous ai accordé une heure de plus et vous n'avez toujours pas fini le boulot.
I gave you an extra hour and you still didn't finish the job.,Je t'ai accordé une heure de plus et tu n'as toujours pas fini le boulot.
I guess it's impossible for me to learn how to play the oboe.,Je suppose qu'il m'est impossible d'apprendre à jouer du hautbois.
I had a nagging sensation that I'd seen him somewhere before.,J'avais la sensation persistante de l'avoir vu quelque part auparavant.
I hate it when I have to sit between two fat guys on a plane.,Je déteste ça quand je dois m'asseoir entre deux grosses personnes dans un avion.
"I have no time for that, and besides, I don't have any money.","Je n'ai pas le temps pour cela, et en plus, je n'ai pas d'argent."
I have the feeling there's something you haven't told me yet.,J'ai le sentiment qu'il y a quelque chose que tu ne m'as pas encore dit.
I have the feeling there's something you haven't told me yet.,J'ai le sentiment qu'il y a quelque chose que vous ne m'avez pas encore dit.
I have to go to the store to buy some shampoo and toothpaste.,Je dois aller au magasin acheter du shampooing et du dentifrice.
"I heard a cotton candy shop has just opened. Let's go, dudes.","J'ai entendu dire qu'un magasin de barbe à papa vient juste d'ouvrir. Allons-y, les mecs."
I hope you know that the last thing I want to do is hurt you.,J'espère que tu sais que la dernière chose que je veuille faire est de te blesser.
I hope you know that the last thing I want to do is hurt you.,J'espère que vous savez que la dernière chose que je veuille faire est de vous blesser.
I just got a letter from someone that I knew a long time ago.,Je viens de recevoir une lettre de quelqu'un que j'ai connu il y a longtemps.
I love how you think of other people's needs before your own.,J'aime ta manière de penser aux besoins des autres avant les tiens.
"I might have to come home late. In that case, I'll phone you.","Il se pourrait que je rentre tard chez moi. Dans ce cas, je te téléphonerai."
"I might have to come home late. In that case, I'll phone you.","Il se pourrait que je rentre tard chez moi. Dans ce cas, je vous téléphonerai."
"I might have to come home late. In that case, I'll phone you.","Il se pourrait que je rentre tard à la maison. Dans ce cas, je te téléphonerai."
"I might have to come home late. In that case, I'll phone you.","Il se pourrait que je rentre tard à la maison. Dans ce cas, je vous téléphonerai."
I must apologize for not having written for such a long time.,Je dois présenter mes excuses pour ne pas avoir écrit pendant si longtemps.
I only had a piece of toast and a cup of coffee this morning.,J'ai seulement mangé une tartine et bu un café ce matin.
I planted various fruit trees on my property three years ago.,J'ai planté divers arbres fruitiers dans ma propriété il y a trois ans.
I put my fingers in my ears to block out the terrible sounds.,Je mis mes doigts dans mes oreilles pour éviter ces bruits terribles.
I really do want to devote some more time to studying French.,Je veux vraiment consacrer davantage de temps à l'apprentissage du français.
I remember the event as vividly as if it were just yesterday.,Je me rappelle l'événement de manière aussi saisissante que si c'était hier.
I think it's time for me to show you how to do that properly.,Je pense qu'il est temps que je vous montre comment faire cela correctement.
I think it's time for me to show you how to do that properly.,Je pense qu'il est temps que je te montre comment faire cela correctement.
I think that you are making the biggest mistake of your life.,Je pense que tu commets la plus grosse erreur de ta vie.
"I tried to open the door, but I couldn't since it was locked.",J'ai tenté d'ouvrir la porte mais je n'ai pas pu puisqu'elle était verrouillée.
"I tried to open the door, but I couldn't since it was locked.","J'ai tenté d'ouvrir la porte mais je n'ai pas pu, comme elle était verrouillée."
I walk across that bridge every morning on the way to school.,Je traverse ce pont tous les matins en allant à l'école.
I want this work completed by two o'clock tomorrow afternoon.,Je veux que ce travail soit fini demain à 14 heures.
"I want to get into shape, so I've been working out every day.",Je veux me mettre en forme alors je m'entraîne tous les jours.
I want to try my best for as long as I am physically able to.,Je veux faire de mon mieux aussi longtemps que j'en suis physiquement capable.
"I was able to find the street, but I couldn't find her house.","J'ai pu trouver sa rue, mais pas sa maison."
I was trying to say something when you so rudely interrupted.,J'essayais de dire quelque chose quand tu m'as si grossièrement interrompu.
I was wondering if you would like to go to the dance with me.,Je me demandais si vous aimeriez aller au bal avec moi.
I was wondering if you would like to go to the dance with me.,Je me demandais si tu aimerais aller au bal avec moi.
I wish I hadn't tried driving home after I had drunk so much.,Je n'aurais pas dû essayer de rentrer chez moi en voiture après avoir autant bu.
I won't be pressured into doing something I don't want to do.,Pas question d'être poussé à faire quelque chose que je ne veux pas faire.
"I'll lend you the money, but mind you, this is the last time.","Je te prêterai l'argent, mais je te préviens, c'est la dernière fois."
I'm extremely embarrassed that it has taken so long to reply.,Je suis extrêmement embarrassé que ça ait pris autant de temps pour répondre.
I'm extremely embarrassed that it has taken so long to reply.,Je suis extrêmement embarrassée que ça ait pris autant de temps pour répondre.
I'm glad to see that you're studying harder than you used to.,Je me réjouis de voir que tu étudies avec davantage d'application que tu ne le faisais.
I'm glad to see that you're studying harder than you used to.,Je me réjouis de voir que vous étudiez avec davantage d'application que vous ne le faisiez.
I'm sleepy because I stayed up all night studying for a test.,J'ai sommeil car j'ai veillé toute la nuit pour réviser un contrôle.
"I'm sorry, but I really don't have time to do that right now.","Je suis désolé, mais je n'ai vraiment pas le temps de faire ça maintenant."
"I'm willing to take care of your children, if you want me to.","Je suis prêt à m'occuper de tes enfants, si tu veux que je le fasse."
"I'm willing to take care of your children, if you want me to.","Je suis disposé à m'occuper de vos enfants, si vous voulez que je le fasse."
I've been keeping a diary in French for the last three years.,Je tiens un journal en français depuis ces trois dernières années.
I've been riding so long I'm starting to smell like my horse.,Je monte depuis tellement de temps que je commence à sentir comme mon cheval.
I've been trying to get a hold of you for the past two hours.,Ça fait deux heures que j'essaie de mettre la main sur toi.
I've been trying to get a hold of you for the past two hours.,Ça fait deux heures que j'essaie de mettre la main sur vous.
I've made an appointment to see the doctor on Monday at 2:30.,J'ai pris rendez-vous chez le docteur lundi à 14 h 30.
"If I had 25% more income, I'd be more satisfied with my life.","Si j'avais 25% de plus de revenu, je serais plus satisfait de ma vie."
"If I had had enough money, I would have bought that computer.","Si j'avais eu assez d'argent, j'aurais acheté cet ordinateur."
"If I had known that you were here, I would have come at once.",Si j'avais su que tu étais là je serais venu tout de suite.
"If I had not overslept, I would have been in time for school.","Si je n'avais pas fait la grasse matinée, j'aurais été à l'heure pour l'école."
"If I'm not mistaken, I think we took a wrong turn back there.","Si je ne m'abuse, je pense que nous avons pris une mauvaise route là-bas."
"If something sounds too good to be true, then it probably is.","Lorsque quelque chose semble trop beau pour être vrai, alors c'est probablement le cas."
"If that is true, then he is not responsible for the accident.","Si cela est vrai, il n'a pas causé l'accident."
"If the medicine isn't working, maybe we should up the dosage.","Si le médicament ne marche pas, peut-être devrions-nous augmenter la dose."
"If the medicine isn't working, maybe we should up the dosage.","Si le médicament ne fait pas effet, peut-être devrions-nous augmenter la dose."
"If we leave now, we could be back in Tucson before nightfall.","Si nous partons maintenant, nous pourrions être de retour à Tucson avant la tombée de la nuit."
"If you allow me to speak, I'll be able to explain everything.","Si vous m'autorisez à parler, je peux tout expliquer."
"If you behave like a lackey, you'll be treated like a lackey.","Si tu agis comme un serviteur, tu seras aussi traité comme un serviteur."
"If you behave like a lackey, you'll be treated like a lackey.","Si tu agis comme un serviteur, on te traitera aussi comme un serviteur."
"If you could manage to go camping with us, we'd be delighted.","Si vous faisiez en sorte de venir camper avec nous, nous serions ravis."
"If you could manage to go camping with us, we'd be delighted.","Si tu faisais en sorte de venir camper avec nous, nous serions ravis."
"If you could manage to go camping with us, we'd be delighted.","Si vous faisiez en sorte de venir camper avec nous, nous serions ravies."
"If you could manage to go camping with us, we'd be delighted.","Si tu faisais en sorte de venir camper avec nous, nous serions ravies."
"If you do this, you will regret it for the rest of your life.","Si tu fais ça, tu le regretteras pour le restant de tes jours."
"If you do this, you will regret it for the rest of your life.","Si vous faites ça, vous le regretterez pour le restant de vos jours."
"If you feed your dog properly, you can increase his lifespan.","Si on nourrit son chien correctement, on peut accroître sa durée de vie."
"If you feed your dog properly, you can increase his lifespan.","Si tu nourris ton chien correctement, tu peux accroître sa durée de vie."
"If you feed your dog properly, you can increase his lifespan.","Si vous nourrissez votre chien correctement, vous pouvez accroître sa durée de vie."
"If you had not eaten so much, you would not be so sleepy now.","Si tu n'avais pas tant mangé, tu ne serais pas maintenant si endormi."
"If you had not eaten so much, you would not be so sleepy now.","Si tu n'avais pas tant mangé, tu ne serais pas maintenant si endormie."
"If you keep on drinking like that, you'll be drunk very soon.","Si tu continues à boire comme cela, tu seras bientôt saoul."
"If you leave now, I'm sure you'll be caught in a traffic jam.","Si tu pars maintenant, tu vas certainement te retrouver dans les embouteillages."
"If you need a change of pace, why don't you come for a visit?","Si tu as besoin de changer de rythme, pourquoi ne viens-tu pas pour une visite ?"
"If you want something done right, you have to do it yourself.","Si vous voulez que quelque chose soit fait correctement, vous devez le faire vous-même."
"If you want to do good work, you should use the proper tools.",Si on veut faire du bon travail on devrait employer les outils adéquats.
"If you want to do good work, you should use the proper tools.",Si vous voulez faire du bon travail vous devriez employer les outils adéquats.
In 1978 a peace treaty was concluded between Japan and China.,En 1978 un traité de paix fut signé entre le Japon et la Chine.
"In November, olives are harvested from the trees to make oil.","En novembre, on récolte les olives sur les arbres pour produire de l'huile."
"In retrospect, I probably shouldn't have gone there with her.","En y repensant, je n'aurais probablement pas dû aller là avec elle."
"In the USA, opioids cause more deaths than traffic accidents.","Les opiacés font, aux USA, plus de victimes que les accidents de voiture."
Is it true that Boston is a popular destination for tourists?,Est-ce vrai que Boston est une destination touristique populaire ?
Is there any way you can un-shrink a T-shirt that has shrunk?,"Existe-t-il un moyen de ""dé-rétrécir"" un T-shirt qui a rétréci ?"
It costs more to mint a penny than the penny itself is worth.,Ça coûte plus cher de frapper un penny que ce que vaut un penny lui-même.
It doesn't matter to us if you take a photo from the outside.,"Ça nous est égal, si vous prenez une photo depuis l'extérieur."
It doesn't matter to us if you take a photo from the outside.,"Ça nous est égal, si tu prends une photo depuis l'extérieur."
It doesn't matter to us if you take a photo from the outside.,Ça nous est égal que vous preniez une photo depuis l'extérieur.
It doesn't matter to us if you take a photo from the outside.,Ça nous est égal que tu prennes une photo depuis l'extérieur.
It is generally hard to adapt to living in a foreign culture.,Il est d'ordinaire difficile de s'adapter à la vie dans une culture étrangère.
It never occurred to me that he might be an escaped prisoner.,Il ne m'est jamais venu à l'esprit qu'il pourrait être un prisonnier évadé.
It never occurred to me that the whole thing might be a scam.,Il ne m'est jamais venu à l'esprit que toute l'affaire pouvait être une escroquerie.
It sounds to me as if he has something to do with the matter.,Ça me parait comme s'il a quelque chose à voir avec l'affaire.
It took a long time to bring him around to our point of view.,Il a fallu beaucoup de temps pour le rallier à notre point de vue.
"It was a pleasant day, but there were few people in the park.","C'était une journée agréable, mais il y avait peu de monde dans le parc."
It was a very slow train. It stopped at every little station.,C'était un train fort lent. Il s'est arrêté dans chaque petite gare.
It was entirely by chance that I found out what he was doing.,Ce fut tout à fait par hasard que j'ai su ce qu'il faisait.
"It was hard for me to sell my guitar, but I needed the money.","C'était dur pour moi de vendre ma guitare, mais j'avais besoin de l'argent."
It was in 1912 that the Titanic sank during her first voyage.,C'est en 1912 que le Titanic a coulé lors de son premier voyage.
It would never have occurred to me to say anything like that.,Il ne me serait jamais venu à l'esprit de dire quelque chose de la sorte.
It'll be a long time before she gets over her father's death.,Il faudra du temps avant qu'elle ne surmonte la mort de son père.
It'll take me at least three hours to do my homework tonight.,Cela me prendra au moins trois heures pour faire mes devoirs ce soir.
It's about time the government did something about pollution.,Il est temps que le gouvernement fasse quelque chose à propos de la pollution.
It's difficult to help people who can't admit they need help.,C'est difficile d'aider des gens qui ne peuvent pas admettre qu'ils ont besoin d'aide.
It's important for us to think about the future of the world.,Il est important pour nous de penser à l'avenir du monde.
It's not a secret that Tom's opinion is different than yours.,Ce n'est pas un secret que l'opinion de Tom est différente de la tienne.
It's only a fifteen minute bus ride from here to the airport.,Cela ne prend que quinze minutes en bus d'ici à l'aéroport.
Japanese houses are built of wood and they catch fire easily.,Les maisons japonaises sont faites en bois et prennent feu rapidement.
"Judging from the look of the sky, it may rain this afternoon.","À en juger par le ciel, il est possible qu'il pleuve cet après-midi."
"Just by looking at your face, I know that you have good news.",Il me suffit de regarder ton visage pour savoir que tu apportes de bonnes nouvelles.
"Just by looking at your face, I know that you have good news.","En regardant simplement ton visage, je sais que tu apportes de bonnes nouvelles."
"Just by looking at your face, I know that you have good news.","Rien qu'en regardant ton visage, je sais que tu as de bonnes nouvelles."
"Just by looking at your face, I know that you have good news.","Rien qu'en regardant votre visage, je sais que vous avez de bonnes nouvelles."
"Lake Titicaca, the biggest lake in South America, is in Peru.","Le lac Titicaca, plus grand lac d'Amérique du sud, se trouve au Pérou."
"Last night was very hot and muggy, so I didn't sleep so well.","La nuit dernière était très chaude et humide, je n'ai donc pas si bien dormi."
"Last night, I was so tired that I fell asleep with the TV on.","La nuit dernière, j'étais tellement fatigué que je me suis endormi avec la télé allumée."
"Last summer, I had a chance to go to Boston, but I didn't go.","Au denier été, j'avais une chance d'aller à Boston, mais je n'y suis pas allé."
Lincoln's biography is read by children all around the world.,La biographie de Lincoln est lue par des enfants du monde entier.
Many Americans still had money they had saved during the war.,De nombreux Étatsuniens disposaient toujours d'argent qu'ils avaient épargné durant la guerre.
Many cancer patients lose their hair because of chemotherapy.,De nombreux patients atteints du cancer perdent leurs cheveux à cause de la chimiothérapie.
Many students go to Europe for the purpose of studying music.,Beaucoup d'étudiants vont en Europe pour étudier la musique.
Mary felt happy when she learned the results of the election.,Maria fut enchantée quand elle sut les résultats des élections.
"Mary looks like her mother, but her personality is different.",Marie ressemble à sa mère mais elle a une personnalité différente.
Maybe it would be better not to talk too much about the past.,Peut-être valait-il mieux ne pas trop remuer le passé.
Mental exercise is particularly important for young children.,L'exercice mental est particulièrement important pour les jeunes enfants.
Microsoft has a completely new operating system in the works.,Microsoft a un tout nouveau système d'exploitation dans ses cartons.
Microsoft has a completely new operating system in the works.,Microsoft a un tout nouveau système d'exploitation en préparation.
More than a third of the world population lives near a coast.,Plus du tiers de la population mondiale vit près d'une côte.
Most of us are much more interesting than the world suspects.,La plupart d'entre nous sommes plus intéressants que le monde ne le suspecte.
Most of us are much more interesting than the world suspects.,La plupart d'entre nous sommes plus intéressantes que le monde ne le suspecte.
My children had eaten all the cookies by the time I got home.,Mes enfants avaient mangé tous les biscuits à l'heure où je suis rentré chez moi.
My fingers are so numb with cold that I can't play the piano.,Mes doigts sont tellement engourdis par le froid que je n'arrive pas à jouer du piano.
My grandfather on my mother's side passed away ten years ago.,Mon grand-père maternel est décédé il y a 10 ans.
"No matter how fast you may walk, you can't catch up with him.","Qu'importe à quelle vitesse tu marches, tu ne peux pas le rattraper."
No sooner had I hung up than the phone started ringing again.,À peine avais-je raccroché le téléphone qu'il re-sonna.
Nobody is going to tell Tom and Mary that they can't do that.,Personne ne va dire à Tom et à Mary qu'ils ne peuvent pas faire ça.
"None of us want to go, but either you or your wife has to go.","Personne d'entre nous ne voudrait partir, mais soit vous, soit votre femme doit partir."
Not a day seems to pass without newspapers reporting the war.,Pas un jour ne semble passer sans que les journaux ne rapportent la guerre.
"Now that you have finished your job, you are free to go home.","Maintenant que vous avez fini votre travail, vous êtes libre de repartir chez vous."
"Of all the films I rented, this is the only one worth seeing.","De tous les films que j'ai loués, c'est le seul qui vaille la peine d'être vu."
"Of all the films I rented, this is the only one worth seeing.","De tous les films que j'ai loués, c'est le seul qui vaille la peine d'être visualisé."
"Of all the possible reasons, he chose the least expected one.","De toutes les raisons possibles, il choisit la moins probable."
"On a first date, it's best to steer clear of touchy subjects.","Lors d'un premier rendez-vous, il est préférable de ne pas aborder des sujets délicats."
"One moment, they were arguing and the next they were kissing.","À un moment, ils étaient en train de se disputer, et au moment suivant, ils étaient en train de s'embrasser."
Our mountains aren't really very high. Yours are much bigger.,Nos montagnes ne sont pas vraiment très hautes. Les vôtres sont beaucoup plus grandes.
Parents must look after the well-being of the their children.,Les parents doivent veiller au bien-être de leurs enfants.
People who go to bed early and get up early live a long time.,Les gens qui vont tôt au lit et se lèvent tôt vivent longtemps.
Plastics have taken the place of many conventional materials.,Les plastiques ont pris la place de nombreux matériaux conventionnels.
Please call me as soon as possible when you arrive in London.,"S'il te plaît, appelle-moi le plus tôt possible quand tu arrives à Londres."
Please mail this letter on your next trip to the post office.,Veuille poster cette lettre lors de ton prochain passage au bureau de poste.
Please mail this letter on your next trip to the post office.,Veuillez poster cette lettre lors de votre prochain passage au bureau de poste.
Please mail this letter on your next trip to the post office.,"Poste cette lettre lors de ton prochain passage au bureau de poste, s'il te plait."
Portugal has decriminalized the personal possession of drugs.,Le Portugal a dépénalisé la possession de drogues à usage personnel.
Protesters were picketing outside the company's headquarters.,Les protestataires faisaient le piquet à l'extérieur du siège de la société.
"Recently, they have not been giving her her paycheck on time.","Dernièrement, ils ne lui donnent pas sa paie à temps."
Rosa Parks refused to give up her seat for a white passenger.,Rosa Parks refusa de laisser son siège à un passager blanc.
Scientists are fighting to stem the spread of the AIDS virus.,Les scientifiques se démènent pour arrêter la propagation du virus du sida.
Several dozen young people participated in the demonstration.,Plusieurs dizaines de jeunes gens participèrent à la manifestation.
Several politicians exerted strong pressure on the committee.,Plusieurs politiciens exercèrent une forte pression sur le comité.
She advised him not to spend all his money on his girlfriend.,Elle lui recommanda de ne pas dépenser tout son argent pour sa petite amie.
She advised him not to spend all his money on his girlfriend.,Elle lui a recommandé de ne pas claquer tout son argent pour sa petite copine.
She exuded nothing but confidence going into the final round.,Rien n'émanait d'elle autre que la confiance en allant en phase finale.
She got into hot water when her boyfriend called her at work.,Elle a eu des ennuis quand son petit-ami l'a appelée au travail.
She had a real talent for smoothing over troubled situations.,Elle avait un vrai talent pour aplanir les situations à problèmes.
She has a real knack for getting people to do what she wants.,Elle a un vrai talent pour faire faire aux gens ce qu'elle veut.
"She looked for her children, but couldn't find them anywhere.",Elle chercha ses enfants mais ne put les trouver nulle part.
She perused a magazine while waiting for her date to show up.,Elle consulta un magazine en attendant que son rendez-vous se montre.
"She promised to meet him last night, but she never showed up.","Elle avait promis de le rencontrer la nuit dernière, mais elle ne s'est jamais pointée."
She speaks Hebrew with her mother and Polish with her father.,Elle parle hébreu avec sa mère et polonais avec son père.
She tossed me grapes and I tried to catch them with my mouth.,Elle me lançait les raisins et j'essayais de les attraper avec la bouche.
She visited the old man in the hospital every day but Sunday.,Elle rendait visite au vieil homme à l’hôpital tous les jours sauf le dimanche.
"Since I had met him once before, I recognized him right away.","Vu que je l'avais déjà rencontré, je l'ai reconnu directement."
"Since it was raining, we had to eat our picnic lunch indoors.","Comme il pleuvait, nous dûmes manger notre pique-nique à l'intérieur."
"Since it was raining, we had to eat our picnic lunch indoors.","Comme il pleuvait, nous avons dû manger notre pique-nique à l'intérieur."
Small businesses will have to tighten their belts to survive.,Les petites entreprises devront se serrer la ceinture pour survivre.
Some people look down on others because they have less money.,Certaines personnes regardent de haut les autres pour la simple raison qu'elles n'ont pas autant d'argent qu'eux.
Some people think that advertising is a form of brainwashing.,Certains pensent que la pub est une forme de lavage de cerveaux.
Something must be done immediately to deal with this problem.,Il faut faire quelque chose immédiatement pour régler ce problème.
Steel production will increase 2% this month from last month.,La production d'acier augmentera de 2% ce mois-ci comparé au précédent.
Teachers should never make fun of students who make mistakes.,Les enseignants ne devraient jamais se moquer des élèves qui commettent des fautes.
That's strange. I could have sworn that I'd locked this door.,C'est étrange. J'aurais pu jurer que j'avais verrouillé cette porte.
The African elephant has bigger ears than the Asian elephant.,L'éléphant d'Afrique est doté d'oreilles plus grandes que l'éléphant d'Asie.
The British had military bases along New York's Hudson River.,Les Britanniques disposaient de bases militaires le long de la rivière Hudson à New-York.
"The British people turned to a new leader, Winston Churchill.",Le peuple britannique se tourna vers un nouveau leader : Winston Churchill.
The angry mob overturned cars and smashed storefront windows.,La foule en colère retourna des voitures et brisa des vitrines.
The boy was absent from school yesterday because he was sick.,"Le garçon était absent de l'école, hier, parce qu'il était malade."
The child was told to apologize for being rude to the guests.,L'enfant fut prié de présenter ses excuses pour avoir été grossier envers les invités.
The class was too big so we split up into two smaller groups.,La classe était trop grande alors nous nous sommes séparés en deux groupes plus petits.
The conference is to be held in Tokyo the day after tomorrow.,La conférence aura lieu à Tokyo après-demain.
The crocodile trapped the gnu as it tried to cross the river.,Le crocodile captura le gnou alors qu'il tentait de traverser la rivière.
The development of the computer industry has been very rapid.,Le développement de l'industrie informatique a été très rapide.
The doctor advised me to take up some sport to stay in shape.,Le médecin m'a recommandé de me mettre à faire un peu de sport pour rester en forme.
The dog bared its fangs and growled as I approached the gate.,Le chien montra les crocs et grogna tandis que j'approchai du portail.
The farmer caught the boy stealing the apples in his orchard.,Le fermier a surpris le garçon en train de voler les pommes dans son verger.
The flimsy stalls in this restroom offer very little privacy.,Les minces parois de ces pissotières offrent une intimité très limitée.
The foreman docked me an hour's pay for getting to work late.,Le contremaître m'a retenu une heure de salaire pour être arrivé en retard au travail.
The foreman docked me an hour's pay for getting to work late.,Le contremaître m'a retenu une heure de salaire pour être arrivée en retard au travail.
The gardener planted a rose tree in the middle of the garden.,Le jardinier planta un rosier au milieu du jardin.
"The higher he rose in social rank, the more modest he became.",Il est devenu de plus en plus humble alors qu'il montait l'échelle sociale.
"The higher he rose in social rank, the more modest he became.","Plus il gravissait l'échelle sociale, plus modeste il devenait."
The lovers fell into each other's arms every chance they got.,Les amoureux tombaient dans les bras l'un de l'autre à chaque occasion qui leur était donnée.
The man did not so much as apologize for stepping on my foot.,Cet homme n'a même pas pris la peine de s'excuser de m'avoir marché sur le pied.
The most incredible thing about miracles is that they happen.,"La chose la plus incroyable avec les miracles, c'est qu'ils se produisent."
The mystery surrounding his death was played up by the media.,Le mystère entourant sa mort fut exagéré par les médias.
"The next day, at suppertime, I was introduced to her husband.","Le jour suivant, à l'heure du souper, je fus présenté à son époux."
The old church on the hill dates back to the twelfth century.,La vieille église sur la colline date du douzième siècle.
The old houses were torn down to make room for a supermarket.,Les vieilles maisons furent détruites pour faire place à un supermarché.
The old man spent most of his time looking back on his youth.,Le vieil homme passait la plupart de son temps à se remémorer sa jeunesse.
The only one who enjoys a crowded subway car is a pickpocket.,"Le seul qui aime les rames de métro bondées, c'est le pickpocket."
The only time my son talks to me is when he needs some money.,Les seules fois où mon fils me parle sont quand il a besoin d'argent.
The person reading a book on the bench under the tree is Tom.,La personne en train de lire un livre sur le banc sous l'arbre est Tom.
The person who donated this money wishes to remain anonymous.,La personne qui a fait don de cet argent souhaite rester anonyme.
The police dog found trace amounts of cocaine in his luggage.,Le chien policier trouva des traces de cocaïne dans ses bagages.
The president is expected to put forward a new energy policy.,On s'attend à ce que le président propose une nouvelle politique énergétique.
The privacy rules we used to follow just don't apply anymore.,Les soins qu'on portait envers votre intimité ont disparu.
The readers cannot ascertain whether the news is true or not.,Les lecteurs ne peuvent pas êtres sûrs que les nouvelles soient vraies ou non.
The results of a lie detector test are inadmissible in court.,Les résultats d'un détecteur de mensonges ne sont pas admis au tribunal.
The rights of the individual are important in a free society.,Les droits des individus sont importants dans une société libre.
The room was so dark that we had to feel our way to the door.,La pièce était si sombre que nous dûmes chercher la porte à tâtons.
The scarecrow in the backyard fell over during the hurricane.,L'épouvantail dans la cour est tombé durant l'ouragan.
The severely injured man was dead on arrival at the hospital.,L'homme grièvement blessé était mort à son arrivée à l'hôpital.
"The sooner we get there, the more likely are we to get seats.","Plus tôt nous arriverons, plus nous aurons de chances d'avoir des places assises."
The story of a great flood is very common in world mythology.,L'histoire d'une grande inondation est très répandue dans la mythologie mondiale.
The tall guy smoking a cigar over there is a famous director.,Le grand mec en train de fumer un cigare là-bas est un réalisateur célèbre.
The teacher has given Tom permission to do whatever he wants.,Le professeur a donné à Tom la permission de faire tout ce qu'il désire.
The war has taken a terrible toll on the civilian population.,La population civile a versé un lourd tribut à la guerre.
Their communication may be much more complex than we thought.,Il se peut que leur communication soit beaucoup plus complexe que nous le pensions.
There is considerable optimism that the economy will improve.,Il y a un optimisme considérable quant à l'amélioration de l'économie.
There is no sense in your worrying about your health so much.,Autant te préoccuper de ta santé n'a pas de sens.
There is no sense in your worrying about your health so much.,Autant vous préoccuper de votre santé n'a pas de sens.
There was a traffic accident in front of the house yesterday.,Il y a eu hier un accident devant la maison.
There were many things that we simply didn't have time to do.,Il y avait de nombreuses choses que nous n'avions simplement pas le temps de faire.
These scissors are suitable for left and right-handed people.,Ces ciseaux conviennent aux gauchers et aux droitiers.
They built their empire in Peru about five hundred years ago.,Ils ont bâti leur empire au Pérou il y a environ cinq cents ans.
They said there was not enough time for a full investigation.,Ils dirent qu'il n'y avait pas assez de temps pour une enquête approfondie.
They said there was not enough time for a full investigation.,Elles déclarèrent qu'il n'y avait pas assez de temps pour une enquête approfondie.
They wanted to oust the communist government of Fidel Castro.,Ils voulaient évincer le gouvernement communiste de Fidel Castro.
They wanted to win the war quickly and return to normal life.,Ils voulaient rapidement gagner la guerre et retourner à une vie normale.
They worked each day from the time the sun rose until it set.,Ils travaillaient tous les jours à partir du moment où le soleil se levait jusqu'à ce qu'il se couche.
They worked each day from the time the sun rose until it set.,Elles travaillèrent tous les jours à partir du moment où le soleil se levait jusqu'à ce qu'il se couche.
This airplane is capable of carrying 40 passengers at a time.,Cet avion est capable de transporter 40 personnes à la fois.
This child solved the complicated mathematics problem easily.,Cet enfant a résolu facilement ce problème mathématique compliqué.
This company uses cheap labor to increase its profit margins.,Cette entreprise emploie de la main d'œuvre à bas coût afin d'accroître ses marges bénéficiaires.
This ring is a magic item that gives great power to its user.,Cet anneau est un objet magique qui donne un grand pouvoir à celui qui l'utilise.
Those who work hard find unexpected opportunities to succeed.,Ceux qui travaillent dur découvrent des occasions inattendues de réussir.
"Tom can't play a high G on his trumpet, but he can play an F.","Tom ne sait pas jouer un sol aigu à la trompette, mais il peut faire un fa."
Tom didn't really feel like going out drinking with the guys.,Tom n'avait pas franchement envie de sortir boire un verre avec les autres.
Tom doesn't know whether Mary will come by car or by bicycle.,Tom ne sait pas si Marie va venir en voiture ou en vélo.
Tom doesn't think he'll be able to finish the job by himself.,Tom ne pense pas qu'il sera capable de finir le travail tout seul.
"Tom expected to leave early in the morning, but he overslept.","Tom pensait partir de bonne heure le matin, mais il a trop dormi."
Tom had to push his bicycle today because it had a flat tire.,"Tom a dû pousser son vélo aujourd'hui, car il avait un pneu crevé."
Tom had to push his bicycle today because it had a flat tire.,Tom a dû pousser sa bicyclette aujourd'hui car il avait un pneu dégonflé.
Tom is utterly obsessed with food. No wonder Mary dumped him!,Tom est complètement obsédé par la bouffe. Pas étonnant que Mary l'ait largué !
Tom lived in his car for a while after he broke up with Mary.,Tom a vécu dans sa voiture un moment après avoir rompu avec Mary.
Tom says he might dye his goatee red and green for Christmas.,Tom dit qu'il pourrait teindre son bouc en rouge et vert pour Noël.
Tom speaks to his father in French and his mother in English.,Tom parle français avec son père et anglais avec sa mère.
Tom threw away all the old newspapers that were in the attic.,Tom a jeté tous les vieux journaux qui se trouvaient au grenier.
Tom threw away all the old newspapers that were in the attic.,Tom jeta tous les vieux journaux qui se trouvaient au grenier.
Tom wants desperately to believe that what Mary said is true.,Tom veut désespérément croire que ce qu'a dit Mary est vrai.
Tom wants to know which of the books is the most interesting.,Tom veut savoir lequel des livres est le plus intéressant.
Tom was angry with Mary because she was in his parking space.,"Tom était furieux contre Marie, parce qu'elle occupait sa place de parking."
Tom was highly educated and spoke several languages fluently.,Tom était très instruit et parlait plusieurs langues couramment.
Tom wasn't stupid enough to tell Mary what he really thought.,Tom n'était pas assez stupide pour dire à Mary ce qu'il pensait vraiment.
Tom's wife doesn't like it when he smokes in the living room.,La femme de Tom n'aime pas quand il fume dans le salon.
Two people riding on a bicycle at the same time is dangerous.,C'est dangereux d'être à deux sur un vélo.
"Unless it's something fairly impressive, I won't remember it.","À moins que ce soit quelque chose d'assez impressionnant, je ne m'en souviendrai pas."
Unusually warm weather caused problems for the apple harvest.,Le temps anormalement chaud engendre des problèmes pour la récolte de pommes.
We associate the name of Darwin with the theory of evolution.,Nous associons le nom de Darwin à la théorie de l'évolution.
"We could have our tea in the garden, were it a little warmer.","S’il avait fait un peu plus chaud, nous aurions pu prendre un thé au jardin."
We danced to the music for hours until we were all exhausted.,Nous avons dansé au son de la musique pendant des heures jusqu'à ce que nous soyons tous épuisés.
We have ants in the kitchen. We need to call an exterminator.,On a des fourmis dans la cuisine. Il faut qu'on appelle un exterminateur.
We hired a company to get rid of the insects under our house.,Nous avons eu recours à une entreprise pour nous débarrasser des insectes sous notre maison.
We miss you and are really looking forward to you being here.,Tu nous manques et nous avons hâte que tu sois ici.
We must try to preserve the remains of ancient civilizations.,Nous devons essayer de préserver les vestiges des anciennes civilisations.
We need someone to keep an eye on our baby while we are away.,Nous avons besoin de quelqu'un pour surveiller notre bébé pendant que nous sommes absents.
We think the reason for his success was because of hard work.,Nous pensons que c'est grâce à son travail acharné qu'il a réussi.
We took action immediately so that things wouldn't get worse.,Nous avons agi immédiatement afin que les choses n'empirent pas.
We'd like to give this to you as a token of our appreciation.,Nous aimerions vous remettre ceci en témoignage de notre reconnaissance.
We'll always have to be careful not to let this happen again.,Il nous faudra toujours être attentifs à ne pas laisser ceci se reproduire.
We'll need to amend the contract so that we can pay you more.,Nous devrons réviser le contrat de manière à pouvoir vous payer davantage.
We've been talking about this for hours. Can we just drop it?,Ça fait des heures que nous discutons de ça. Pouvons-nous simplement laisser tomber ?
What's a beautiful woman like you doing in a place like this?,Qu'est-ce qu'une belle femme comme vous fait dans un endroit pareil ?
"When we arrived at the stadium, the game had already started.","Lorsque nous arrivâmes au stade, la partie avait déjà commencé."
"Whenever I lie down on my bed and read a book, I fall asleep.","Chaque fois que je me couche sur mon lit et lis un livre, je m'endors."
"With the T.V. on, how can you keep your mind on your studies?",Comment veux-tu te concentrer sur tes devoirs avec la télé allumée ?
"Without a passport, leaving a country is out of the question.","Sans passeport, il est hors de question de quitter le pays."
"Without your help, we wouldn't be able to carry out our plan.","Sans votre aide, nous ne serions pas en mesure de mener à bien notre plan."
"Without your help, we wouldn't be able to carry out our plan.","Sans ton aide, nous ne serions pas en mesure de dérouler notre plan."
"Would I only work on weekends if I could? Of course, I would.","Est-ce que je ne travaillerais que les week-ends si je pouvais ? Bien sûr, que je le ferais."
Would you look after my children while I am away on vacation?,Pourriez-vous vous occuper de mes enfants quand je serai parti en vacances ?
"Written in easy English, this book is suitable for beginners.","Écrit dans un anglais facile, ce livre est convenable aux débutants."
You can tell what a person is like by looking at his friends.,Tu peux dire comment est une personne en regardant ses amis.
You can't imagine what my life's been like since you've left.,Tu ne peux pas imaginer ce que ma vie a été depuis que tu es parti.
You can't imagine what my life's been like since you've left.,Tu ne peux pas imaginer ce que ma vie a été depuis que tu es partie.
You can't imagine what my life's been like since you've left.,Vous ne pouvez pas imaginer ce que ma vie a été depuis que vous êtes parti.
You can't imagine what my life's been like since you've left.,Vous ne pouvez pas imaginer ce que ma vie a été depuis que vous êtes partie.
You can't imagine what my life's been like since you've left.,Vous ne pouvez pas imaginer ce que ma vie a été depuis que vous êtes partis.
You can't imagine what my life's been like since you've left.,Vous ne pouvez pas imaginer ce que ma vie a été depuis que vous êtes parties.
You can't just come in here and start ordering people around.,Vous ne pouvez pas juste venir ici et commencer à donner des ordres aux gens à la ronde.
You can't just come in here and start ordering people around.,Tu ne peux pas juste venir ici et commencer à donner des ordres aux gens alentour.
You can't just not pay someone for work you hired them to do.,Vous ne pouvez tout simplement pas ne pas payer quelqu'un pour le travail pour lequel vous l'avez engagé.
You can't just not pay someone for work you hired them to do.,Tu ne peux tout simplement pas ne pas payer quelqu'un pour le travail pour lequel tu l'as engagé.
You can't learn a foreign language in just a couple of weeks.,Tu ne peux pas apprendre une langue étrangère en deux semaines seulement.
You don't have to read the whole thing from beginning to end.,Il ne te faut pas lire tout le truc du début à la fin.
You don't have to read the whole thing from beginning to end.,Il ne vous faut pas lire tout le truc du début à la fin.
You should make sure of the facts before you write something.,Tu devrais t'assurer des faits avant d'écrire quelque chose.
You should spend a little time each day reviewing vocabulary.,Vous devriez passer un peu de temps chaque jour à revoir du vocabulaire.
You should spend a little time each day reviewing vocabulary.,Tu devrais passer un peu de temps chaque jour à revoir du vocabulaire.
You should spend a little time each day reviewing vocabulary.,On devrait passer un peu de temps chaque jour à revoir du vocabulaire.
You shouldn't always do what everyone else seems to be doing.,On ne doit pas toujours faire ce que tous les autres semblent être en train de faire.
You're supposed to help your friends when they're in trouble.,On est supposé aider ses amis lorsqu'ils ont des ennuis.
You're supposed to help your friends when they're in trouble.,Tu es supposé aider tes amis lorsqu'ils ont des ennuis.
You're supposed to help your friends when they're in trouble.,Tu es supposée aider tes amis lorsqu'ils ont des ennuis.
You're supposed to help your friends when they're in trouble.,Tu es supposé aider tes amis lorsqu'ils sont dans le pétrin.
You're supposed to help your friends when they're in trouble.,Vous êtes supposés aider vos amis lorsqu'ils ont des ennuis.
You're supposed to help your friends when they're in trouble.,Vous êtes supposés aider vos amies lorsqu'elles ont des ennuis.
You're supposed to help your friends when they're in trouble.,Vous êtes supposées aider vos amies lorsqu'elles ont des ennuis.
You're supposed to help your friends when they're in trouble.,Tu es supposée aider tes amies lorsqu'elles ont des ennuis.
You're supposed to help your friends when they're in trouble.,Tu es supposé aider tes amies lorsqu'elles ont des ennuis.
You're supposed to help your friends when they're in trouble.,On est supposé aider ses amis lorsqu'ils sont dans le pétrin.
You're supposed to help your friends when they're in trouble.,On est supposé aider ses amis lorsqu'ils sont dans la mouise.
Your computer will restart several times during installation.,Votre ordinateur va redémarrer plusieurs fois au cours de l'installation.
Your mother will repeat it to you as many times as necessary.,Ta mère te le répétera autant de fois que nécessaire.
"Any good news in today's paper? ""No, nothing in particular.""","« Pas de bonnes nouvelles dans le journal d'aujourd'hui ? » « Non, rien de particulier. »"
"Did you find any dirt on him? ""No, he's clean as a whistle.""","«Avez-vous trouvé un quelconque ragot à son propos ?» «Non, il est clair comme l'eau pure.»"
How long does it take to get to Vienna on foot? he inquired.,"« Combien de temps cela prend-il pour se rendre à Vienne à pied ? », s'enquit-il."
I can't bear to be doing nothing! you often hear people say.,« Je ne supporte pas de ne rien faire ! » entend-on souvent les gens dire.
"What do you think of the election for mayor? ""I don't know.""",« Que penses-tu des élections municipales ? » « Je ne sais pas. »
"What's happening in the cave? I'm curious. ""I have no idea.""",« Qu'est-ce qu'il se passe dans la grotte ? Je suis curieux. » « Je n'en ai aucune idée. »
"What's happening in the cave? I'm curious. ""I have no idea.""",« Qu'est-ce qu'il se passe dans la grotte ? Je me demande vraiment. » « Je n'en ai pas la moindre idée. »
A GPS device can pinpoint your location anywhere in the world.,Un appareil de géo-localisation peut déterminer votre position n'importe où dans le monde.
A GPS device can pinpoint your location anywhere in the world.,Un appareil de positionnement par satellite peut déterminer votre position n'importe où dans le monde.
"A bat hunts food and eats at night, but sleeps during the day.","Une chauve-souris chasse et mange la nuit, mais dort la journée."
A doctor tried to remove the bullet from the president's head.,Un médecin tenta de retirer la balle de la tête du président.
A mere glance is not enough for us to tell one from the other.,On n'arrive pas à les dissocier au premier coup d'œil.
A trip to America was equivalent to a two-year salary for her.,Un voyage en Amérique était l'équivalent d'un salaire de deux ans pour elle.
"After a little time off, I plan to go on another concert tour.","Après un peu de congés, je prévois de partir pour une nouvelle tournée de concerts."
"After the fire, the smell of smoke in the air lasted for days.","Après l'incendie, l'odeur de fumée dans l'air persista pendant des jours."
"After the fire, the smell of smoke in the air lasted for days.","Après l'incendie, l'odeur de fumée dans l'air persista des jours durant."
"After they argued, they didn't speak to each other for a week.","Après leur dispute, ils ne se parlèrent plus pendant une semaine."
All his hopes evaporated when he lost his only son in the war.,Tous ses espoirs sont partis en fumée quand il a perdu son fils pendant la guerre.
All you have to do is take advantage of this rare opportunity.,"Tout ce que vous devez faire, c'est tirer profit de cette occasion rare."
"Although he thought he was helping us, he was only in the way.","Bien qu'il pensât nous aider, il ne faisait qu'être dans nos pattes."
Among the guests invited to the party were two foreign ladies.,"Parmi les invités à la fête, il y avait deux étrangères."
Are you absolutely sure you want to sell your father's guitar?,Es-tu absolument sûr de vouloir vendre la guitare de ton père ?
Are you absolutely sure you want to sell your father's guitar?,Es-tu absolument certaine de vouloir vendre la guitare de ton père ?
Are you going to buy that dress you were looking at yesterday?,Vas-tu acheter cette robe que tu regardais hier ?
Are you sure you don't want to live at home with your parents?,Êtes-vous sûr que vous ne voulez pas vivre à la maison avec vos parents ?
"As soon as I can afford it, I plan to travel around the world.","Dès que j'en ai les moyens, je prévois de voyager autour du monde."
"As soon as I can afford it, I plan to travel around the world.","Dès que je peux me le permettre, je prévois de voyager autour du monde."
"As soon as she got on the train, it pulled out of the station.",À peine était-elle montée dedans que le train quitta la gare.
"As we ate our meal, we talked about what we had done that day.","En mangeant notre repas, nous parlâmes de ce que nous avions fait ce jour-là."
"As we ate our meal, we talked about what we had done that day.","En mangeant notre repas, nous discutâmes de ce que nous avions fait ce jour-là."
"As we ate our meal, we talked about what we had done that day.","En mangeant notre repas, nous avons parlé de ce que nous avions fait ce jour-là."
"As we ate our meal, we talked about what we had done that day.","En mangeant notre repas, nous avons discuté de ce que nous avions fait ce jour-là."
Baseball is said to have been invented in Cooperstown in 1839.,On dit que le base-ball a été inventé en 1839 à Cooperstown.
"Before we begin, a number of preliminary remarks are in order.","Avant que nous commencions, un certain nombre de remarques préliminaires sont nécessaires."
"Before you go to visit him, you should make sure he's at home.","Avant d'aller lui rendre visite, vous devriez vous assurer qu'il se trouve à son domicile."
"Before you go to visit him, you should make sure he's at home.","Avant d'aller lui rendre visite, tu devrais t'assurer qu'il est chez lui."
"Besides lending books, libraries offer various other services.","En plus de prêter des livres, les bibliothèques offrent divers services."
"Between you and me, Tom's idea doesn't appeal to me very much.","Entre toi et moi, l'idée de Tom ne m'attire pas beaucoup."
Burj Khalifa is currently the tallest skyscraper in the world.,Le Burj Khalifa est actuellement le plus grand gratte-ciel du monde.
Can we really learn to speak a foreign language like a native?,Peut-on vraiment apprendre à parler une langue comme un locuteur natif ?
Could you please tell me again what school you graduated from?,Pourriez-vous me répéter de quelle école vous êtes diplômé ?
Could you please tell me again what school you graduated from?,Pourriez-vous me répéter de quelle école vous êtes diplômée ?
Could you please tell me again what school you graduated from?,Pourrais-tu me répéter de quelle école tu es diplômé ?
Could you please tell me again what school you graduated from?,Pourrais-tu me répéter de quelle école tu es diplômée ?
Could you please tell me again what school you graduated from?,Pourriez-vous me répéter de quelle école vous êtes diplômées ?
Could you please tell me again what school you graduated from?,Pourriez-vous me répéter de quelle école vous êtes diplômés ?
Did she ever confide in you about the problems she was having?,S'est-elle jamais confiée à vous au sujet des problèmes qu'elle endurait ?
Did you notice that Tom wasn't wearing his wedding ring today?,As-tu remarqué que Tom ne portait pas son alliance aujourd'hui ?
Did you notice that Tom wasn't wearing his wedding ring today?,Avez-vous remarqué que Tom ne portait pas son alliance aujourd'hui ?
Doctors have made great strides in their fight against cancer.,Les médecins ont fait de grandes avancées dans leur lutte contre le cancer.
Don't ask questions that you don't want to know the answer to.,Ne posez pas de questions dont vous ne voulez pas connaître la réponse.
Don't ask questions that you don't want to know the answer to.,Ne pose pas de questions dont tu ne veux pas connaître la réponse.
Don't you know how dangerous it is to go swimming by yourself?,Ne sais-tu pas combien il est dangereux d'aller nager seul ?
Don't you know how dangerous it is to go swimming by yourself?,Ne sais-tu pas combien il est dangereux d'aller nager seule ?
Don't you know how dangerous it is to go swimming by yourself?,Ne savez-vous pas combien il est dangereux d'aller nager seul ?
Don't you think it might be a bit too expensive for us to buy?,Ne pensez-vous pas que ça pourrait être un peu trop cher pour que nous l'achetions ?
Don't you think it might be a bit too expensive for us to buy?,Ne penses-tu pas que ça pourrait être un peu trop cher pour que nous l'achetions ?
Elephants in Thailand are as common as kangaroos in Australia.,Les éléphants en Thaïlande sont aussi courants que les kangourous en Australie.
Even Tom wouldn't be stupid enough to say something like that.,Même Tom ne serait pas assez stupide pour dire une chose pareille.
Even Tom wouldn't be stupid enough to say something like that.,Même Tom ne serait pas assez bête pour dire quelque chose comme ça.
"Ever since she fell in the kitchen, she hasn't been all there.","Depuis sa chute dans la cuisine, elle n'a plus toute sa tête."
"For Christmas, I crocheted slippers for my family and friends.","Pour Noël, j’ai crocheté des pantoufles pour ma famille et mes amis."
Get off at the next stop and take a bus headed to the airport.,Descends au prochain arrêt et prends un bus à destination de l'aéroport.
Get off at the next stop and take a bus headed to the airport.,Descendez au prochain arrêt et prenez un bus à destination de l'aéroport.
"Good afternoon. You are our new neighbor, if I'm not mistaken?","Bonjour. Vous êtes notre nouveau voisin, si je ne me trompe ?"
He always talks as though he were addressing a public meeting.,Il parle toujours comme s'il était dans une réunion publique.
"He did it, and what was more surprising, he did it by himself.","Il l'a fait, et, ce qui est plus surprenant, il l'a fait seul."
He does not seem to be able to catch on to what she is saying.,Il ne semble pas capable de saisir ce qu'elle dit.
He doesn't like to wait until the last moment to do something.,Il n'aime pas attendre jusqu'au dernier moment pour faire quelque chose.
He entered the university after failing the examination twice.,Il entra à l'université après avoir échoué deux fois à l'examen.
"He fainted with hunger and fatigue, but came to after a while.","Il s'évanouit de faim et de fatigue, mais revint à lui peu après."
He has a reputation for taking a long time to make a decision.,Il a la réputation de prendre son temps pour prendre une décision.
He is in danger of losing his position unless he works harder.,"S'il ne travaille pas plus assidûment, il y a possibilité qu'il perde sa place."
"He is not much better, and there is a little hope of recovery.",Il ne va pas mieux et il y a peu de chance de guérison.
He is the greatest scientist that the world has ever produced.,Il est le plus grand scientifique que la Terre ait porté.
"He promised to help me, but at the last minute he let me down.","Il promit de m'aider, mais à la dernière minute me laissa tomber."
He stubbed out his cigar in the ashtray and stood up to leave.,Il écrabouilla son cigare dans le cendrier et se leva pour partir.
"He told me that whatever might happen, he was prepared for it.","Il m'a dit que, quoi qu'il puisse arriver, il y était préparé."
"He told me that whatever might happen, he was prepared for it.","Il me dit que, quoi qu'il arrive, il était prêt."
He wanted to see his boss in Tokyo before leaving for America.,Il voulait voir son chef à Tokyo avant de partir pour l'Amérique.
He whittled the stick to a sharp point with his hunting knife.,"Il tailla le bâton en une pointe acérée, à l'aide de son couteau de chasse."
He will leave for the station an hour before the train leaves.,Il partira pour la gare une heure avant que le train ne parte.
His autobiography was released today and was sold out by noon.,Son autobiographie est sortie aujourd'hui et était en rupture de stock dans la matinée.
How did you know that Tom's passport was in the bottom drawer?,Comment savais-tu que le passeport de Tom était dans le tiroir du bas ?
How did you know that Tom's passport was in the bottom drawer?,Comment saviez-vous que le passeport de Tom était dans le tiroir du bas ?
How long are you going to be seeing that loser of a boyfriend?,Tu vas continuer à voir ton idiot de petit ami encore combien de temps ?
How long are you going to keep giving me the silent treatment?,Durant combien de temps vas-tu garder le silence à mon égard ?
How long are you going to keep giving me the silent treatment?,Durant combien de temps allez-vous garder le silence à mon égard ?
How many women have you talked to since you got out of prison?,À combien de femmes as-tu parlé depuis que tu es sorti de prison ?
How many women have you talked to since you got out of prison?,À combien de femmes as-tu parlé depuis que tu es sortie de prison ?
How much longer do you think it'll be until it starts raining?,Combien de temps pensez-vous qu'il y ait jusqu'à ce qu'il se mette à pleuvoir ?
How much time do you actually spend thinking about the future?,Combien de temps passez-vous réellement à réfléchir à l'avenir ?
How much time do you actually spend thinking about the future?,Combien de temps passes-tu réellement à réfléchir à l'avenir ?
"I bought an English book, but the book was hard to understand.","J'ai acheté un livre en anglais, mais il est dur à comprendre."
"I considered changing my job, but in the end I decided not to.","J'ai envisagé de changer de travail, mais au final j'ai décidé de ne pas le faire."
I could feel nothing but the knife as it plunged into my back.,"Je ne pouvais rien sentir d'autre que le couteau, tandis qu'il s'enfonçait dans mon dos."
I didn't have much time so I just skimmed through the article.,"Je n'avais pas beaucoup de temps, j'ai donc juste parcouru l'article."
I didn't have to open the letter. I knew exactly what it said.,Je n'eus pas besoin d'ouvrir la lettre. Je savais exactement ce qu'elle disait.
I didn't know that Tom hadn't done what he was supposed to do.,Je ne savais pas que Tom n'avait pas fait ce qu'il était censé faire.
"I don't care if the early bird gets the worm, I want to sleep.","Je me fiche que l'avenir appartienne à ceux qui se lèvent, je veux dormir."
I don't feel like working. How about going to a movie instead?,Je n'ai pas envie de travailler. Et si on allait au cinéma plutôt ?
I don't suppose you ever really get over the death of a child.,Je ne pense pas qu'on puisse jamais surmonter la mort d'un enfant.
I don't understand why I need to go to your house at midnight.,Je ne comprends pas pourquoi il faut que j'aille chez toi à minuit.
I don't understand why you don't want to go to Boston with us.,Je ne comprends pas pourquoi tu ne veux pas venir à Boston avec nous.
I don't understand why you don't want to go to Boston with us.,Je ne comprends pas pourquoi vous ne voulez pas venir à Boston avec nous.
"I don't want to rush you, but let's try to catch the next bus.","Je ne voudrais pas te presser, mais essayons de prendre le prochain bus."
I got up earlier than usual in order to catch the first train.,Je me suis levé plus tôt que d'habitude afin d'attraper le premier train.
I got up earlier than usual in order to catch the first train.,Je me suis levée plus tôt que d'habitude afin d'attraper le premier train.
"I had a few hours free, so I sat under a tree and read a book.","Je disposai de quelques heures de libres, aussi je m'assis sous un arbre et lus un livre."
I had hardly gotten into bed when the telephone began to ring.,Je venais de me mettre au lit quand le téléphone commença à sonner.
I have not yet collected sufficient materials to write a book.,Je n'ai pas encore réuni suffisamment de contenu pour écrire un livre.
I haven't decided yet whether I'll go to college or get a job.,Je n'ai pas encore décidé si j'irai à l'université ou si je prendrai un emploi.
I heard that a South American camper was eaten by an anaconda.,J'ai entendu dire qu'un campeur sud-américain a été mangé par un anaconda.
I hope that Japan will abide by Article 9 of her Constitution.,J'espère que le Japon se conformera à l'article 9 de sa Constitution.
I know it's going to be unpleasant to talk about the accident.,Je sais que ça va être désagréable de parler de l'accident.
"I know this isn't what you really wanted, but it's all I have.","Je sais que ce n'est pas vraiment ce que tu voulais, mais c'est tout ce que j'ai."
"I loved my ex-wife, but I just couldn't live with her anymore.","J'aimais mon ex-femme, mais je ne pouvais simplement plus vivre avec elle."
I never leave on vacation without first cleaning my apartment.,Je ne pars jamais en vacances sans nettoyer mon appartement.
I really appreciate your offer to help me clean out my garage.,Je vous suis vraiment reconnaissant pour votre proposition de m'aider à nettoyer mon garage.
I really appreciate your offer to help me clean out my garage.,Je vous suis vraiment reconnaissante pour votre proposition de m'aider à nettoyer mon garage.
I really appreciate your offer to help me clean out my garage.,Je te suis vraiment reconnaissant pour ta proposition de m'aider à nettoyer mon garage.
I really appreciate your offer to help me clean out my garage.,Je te suis vraiment reconnaissante pour ta proposition de m'aider à nettoyer mon garage.
I regret to inform you that your application has been refused.,J'ai le regret de vous informer que votre candidature a été rejetée.
I remember playing the original Pac-Man game when I was a kid.,"Je me rappelle en train de jouer au jeu Pac-Man d'origine, quand j'étais enfant."
I should have tried out this electric shaver before buying it.,J'aurais dû essayer ce rasoir électrique avant de l'acheter.
I sincerely hope that you will soon recover from your illness.,J'espère sincèrement que tu te remettras bientôt de ta maladie.
I sincerely hope that you will soon recover from your illness.,J'espère sincèrement que vous vous remettrez bientôt de votre maladie.
I think it's time for me to buy my daughter a decent computer.,Je pense qu'il est temps que je fasse l'acquisition d'un ordinateur digne de ce nom pour ma fille.
I think we need to be very careful not to hurt Tom's feelings.,Je pense que nous devons faire très attention à ne pas heurter la sensibilité de Thomas.
I think you need to spend a little more time on your homework.,Je pense que vous avez besoin de passer un peu plus de temps à vos devoirs.
I think you need to spend a little more time on your homework.,Je pense que tu as besoin de passer un peu plus de temps à tes devoirs.
I thought it might be better to tell you now instead of later.,J'ai pensé qu'il pourrait être préférable de vous le dire maintenant au lieu de plus tard.
I thought it might be better to tell you now instead of later.,J'ai pensé qu'il pourrait être préférable de te le dire maintenant au lieu de plus tard.
I thought it might be nice for us to spend some time together.,J'ai pensé que ça serait chouette que nous passions un peu de temps ensemble.
I thought you might like to know who's coming over for dinner.,Je pensais que vous pourriez apprécier de savoir qui vient dîner.
I thought you might like to know who's coming over for dinner.,Je pensais que vous pourriez apprécier de savoir qui vient souper.
I thought you might like to know who's coming over for dinner.,Je pensais que vous pourriez apprécier de savoir qui vient déjeuner.
I thought you might like to know who's coming over for dinner.,Je pensais que tu apprécierais peut-être de savoir qui vient dîner.
I thought you might like to know who's coming over for dinner.,Je pensais que tu apprécierais peut-être de savoir qui vient souper.
I thought you might like to know who's coming over for dinner.,Je pensais que tu apprécierais peut-être de savoir qui vient déjeuner.
I told Tom that I wasn't interested in going fishing with him.,J'ai dit à Tom que je ne souhaitais pas aller pêcher avec lui.
"I understand what you're asking me to do, but I can't do that.","Je comprends ce que vous me demandez de faire, mais je ne peux pas faire ça."
"I understand what you're asking me to do, but I won't do that.","Je comprends ce que tu me demandes de faire, mais je ne ferai pas ça."
I was sitting next to a man who clearly had a lot on his mind.,J'étais assis à côté d'un homme qui avait à l'évidence de nombreuses choses en tête.
I was sitting next to a man who clearly had a lot on his mind.,J'étais assise à côté d'un homme qui avait à l'évidence de nombreuses choses en tête.
I will make up for the lost time by studying as hard as I can.,Je rattraperai le temps perdu en étudiant aussi fort que je peux.
I wonder whether Tom will go to Boston or Chicago next summer.,Je me demande si Tom ira à Boston ou à Chicago l'été prochain.
"I would love to come with you all, but I don't have any money.",J'aimerais beaucoup venir avec vous mais je n'ai pas d'argent.
I'd been on my own all week and was starving for conversation.,J'avais été seul toute la semaine et je languissais d'une conversation.
I'd been on my own all week and was starving for conversation.,J'avais été seule toute la semaine et je languissais d'une conversation.
"I'd like to help, but I've got an important meeting to attend.",J'aimerais donner un coup de main mais je dois assister à une réunion importante.
I'd like to study in China to improve the level of my Chinese.,Je souhaite aller étudier en Chine afin d'améliorer mon niveau de chinois.
I'd like to treat you to lunch to thank you for all your help.,J'aimerais vous offrir le déjeuner pour vous remercier de toute votre aide.
I'd love to be able to spend less time doing household chores.,J'adorerais être capable de passer moins de temps à faire des tâches ménagères.
I'd love to be able to spend less time doing household chores.,J'adorerais être capable de consacrer moins de temps à exécuter des tâches ménagères.
I'm accustomed to sleeping in a room without air conditioning.,Je suis habitué à dormir dans une pièce sans climatisation.
I'm looking forward to meeting you all after such a long time.,J’ai hâte de vous revoir tous après tout ce temps.
I'm sorry. I didn't hear you. I was focused on something else.,Désolé. Je ne t'ai pas entendu. J'étais concentré sur autre chose.
I'm still waiting for Tom to pay me back the money I lent him.,J'attends toujours que Tom me rembourse l'argent que je lui ai prêté.
I've done the best I could to help you. The rest is up to you.,J'ai fait de mon mieux pour t'aider. Le reste dépend de toi.
I've got a lot of friends at the Department of Motor Vehicles.,J'ai de nombreux amis à la Préfecture.
"If I knew how to use a computer, maybe they would pay me more.","Si je savais me servir d'un ordinateur, peut-être me paieraient-ils davantage."
"If I knew how to use a computer, maybe they would pay me more.","Si je savais me servir d'un ordinateur, peut-être me paieraient-elles davantage."
"If I should be late getting home, please don't wait up for me.","Si je devais rentrer à la maison tard, ne m'attends pas s'il te plait."
"If anyone were to talk to me like that, I would call a police.","Si quelqu'un me parlait de la sorte, j’appellerais la police."
"If by some chance it rains, the garden party won't take place.","Si jamais il pleut, la fête champêtre n'aura pas lieu."
"If he keeps threatening you, then you should go to the police.","S'il continue à vous menacer, vous devriez aller à la police."
"If he keeps threatening you, then you should go to the police.","S'il continue à vous menacer, portez plainte."
"If it hadn't been for the seatbelt, I wouldn't be alive today.","Sans la ceinture de sécurité, je ne serais pas vivant aujourd'hui."
"If it were not for water, there would be no life on the earth.","Si ce n'est grâce à l'eau, il n'y aurait pas de vie sur Terre."
"If two people have the same opinion, one of them is redundant.","Si deux personnes ont la même opinion, l'une d'elles est inutile."
"If you do this for me, I'll never ask you to do anything else.","Si tu fais ça pour moi, je ne te redemanderai jamais de faire quoi que ce soit."
"If you don't get a move on, you'll end up missing your flight.","Si tu ne te bouges pas, tu vas finir par louper ton vol."
"If you have a fever, you should go to the hospital right away.","Si tu as de la fièvre, il vaut mieux aller à l'hôpital tout de suite."
"If you hit a patch of fog, slow down and put your blinkers on.","Si tu te retrouves dans le brouillard, ralentis et allume tes clignotants."
"If you teach me how to dance, I will show you my hidden scars.","Si tu m’apprends à danser, je te montrerai mes cicatrices cachées."
"In a democracy, it is important that the press be independent.","En démocratie, il est important que la presse soit indépendante."
"In our society, there are both honorable people and swindlers.",Notre société se compose de gens honorables et d'escrocs.
"In the digital age, handwriting is slowly becoming a lost art.","À l'ère numérique, l'écriture manuelle est lentement en train de devenir un art disparu."
Is it the right place to sign up for foreign language courses?,C'est bien ici qu'il faut s'inscrire pour les cours de langues étrangères ?
Is the Loch Ness monster real or is it just an elaborate hoax?,Le monstre du Loch Ness est-il réel ou est-ce juste un canular élaboré ?
Islam first reached China about the middle of the 7th century.,L'islam est parvenu en Chine vers le milieu du septième siècle.
It has been raining on and off since the day before yesterday.,Il a plu par intermittences depuis avant-hier.
It is becoming important for us to know how to use a computer.,Ça devient important pour nous de savoir utiliser un ordinateur.
It is up to you to see to it that such a thing doesn't happen.,Il vous appartient de faire en sorte qu'une telle chose n'arrive pas.
It looks like we're going to have a white Christmas this year.,On dirait que nous allons avoir un Noël blanc cette année.
"It might sound crazy, but I think I'm still in love with Mary.","Ça peut sembler fou, mais je crois que je suis encore amoureux de Marie."
"It took more than a month to get over my cold, but I'm OK now.","Cela m'a pris plus d'un mois pour me débarrasser de mon rhume, mais je vais bien maintenant."
It used to be that a girl could only marry if she had a dowry.,Il était d'usage qu'une fille ne pouvait se marier que si elle disposait d'une dote.
It was a real challenge for us to go down the cliff on a rope.,C'était pour nous toute une aventure de descendre la falaise en rappel.
It was not until yesterday that we noticed the animal missing.,Ce n'est qu'hier que nous avons constaté que l'animal avait disparu.
It was only when I met him that I realized his true intention.,Ce fut seulement quand je le rencontrai que je réalisai ses véritables intentions.
It was rather difficult for me to make out what he was saying.,Il m'était plutôt difficile de distinguer ce qu'il disait.
It was the court's finding that the witness committed perjury.,La cour mit en évidence que le témoin avait commis un parjure.
It's about time somebody did something about this broken door.,Il est temps que quelqu'un fasse quelque chose à propos de cette porte cassée.
It's better to take your time than to hurry and make mistakes.,Il est préférable de prendre ton temps que de te précipiter et commettre des erreurs.
Japan is now very different from what it was twenty years ago.,Le Japon est actuellement très différent de ce qu'il était il y a vingt ans.
"Just as the Americans like baseball, the British like cricket.","De même que les Étasuniens aiment le base-ball, les Britanniques apprécient le cricket."
"Just when I was about to phone her, a letter arrived from her.","Juste tandis que j'étais sur le point de lui téléphoner, une lettre d'elle est arrivée."
Language is the means by which people communicate with others.,Le langage est l'outil par lequel les gens communiquent avec les autres.
Language is the means by which people communicate with others.,Le langage est le moyen par lequel les gens communiquent entre eux.
Language is the means by which people communicate with others.,Le langage est le moyen par lequel les gens communiquent avec les autres.
Let me stop you right there. We don't want to hear about that.,Permets-moi de t'arrêter à ce point. Nous ne voulons pas en entendre parler.
Let me stop you right there. We don't want to hear about that.,Permettez-moi de vous arrêter à ce point. Nous ne voulons pas en entendre parler.
Many ethnic groups traditionally give money as a wedding gift.,Beaucoup de groupes ethniques donnent de l'argent comme cadeau de mariage.
Many ethnic groups traditionally give money as a wedding gift.,"Au sein de nombreux groupes ethniques, on offre traditionnellement de l'argent en guise de cadeau de mariage."
Many foreign customs were introduced into Japan after the war.,Beaucoup de coutumes étrangères furent introduites au Japon après la guerre.
Many people put too much personal information on social media.,Beaucoup de gens mettent trop d'informations personnelles sur les réseaux sociaux.
Mary is still as beautiful as she was when she was a teenager.,Mary est toujours aussi belle que quand elle était adolescente.
Moses came down from the mountain bearing divine commandments.,Moïse descendit de la montagne en portant les commandements divins.
Most car accidents occur due to the inattention of the driver.,La plupart des accidents de voiture sont dus à l'inattention du conducteur.
Music and art can greatly contribute to the enjoyment of life.,La musique et l'art peuvent grandement contribuer au plaisir de vivre.
Music and art can greatly contribute to the enjoyment of life.,La musique et l'art peuvent grandement contribuer à la joie de vivre.
My back hurts from sitting for hours in front of the computer.,J'ai mal au dos du fait que je sois assis de longues heures devant l'ordinateur.
"My car, which broke down yesterday, has not been repaired yet.","Ma voiture, qui est en panne depuis hier, n'a pas encore été réparée."
My cousin isn't the kind of person who'd ever break a promise.,Mon cousin n'est pas le genre de personne qui romprait jamais une promesse.
My cousin isn't the kind of person who'd ever break a promise.,Ma cousine n'est pas le genre de personne qui romprait jamais une promesse.
My favorite subjects in high school were geometry and history.,"Mes matières préférées, au Lycée, étaient la géométrie et l'histoire."
My heart skipped a beat when my wife told me she was pregnant.,Mon cœur a sursauté lorsque ma femme m'a dit qu'elle était enceinte.
My husband is an expert when it comes to cooking Chinese food.,Mon mari est un expert dès qu'il s'agit de cuisiner chinois.
"My mother has a driver's license, but she doesn't drive a car.","Ma mère a son permis de conduire, mais elle ne conduit pas."
My sister has traced our family tree back to the 16th century.,Ma sœur fait remonter notre arbre généalogique jusqu'au seizième siècle.
Nara is an old city worth visiting at least once in your life.,Nara est une vieille ville qui mérite d'être visitée au moins une fois dans sa vie.
News of her death caused great concern throughout the country.,La nouvelle de sa mort a déclenché une profonde consternation dans tout le pays.
"No matter how hard he tried, he could not get out of the maze.","Il eut beau essayer, il ne put pas s'extirper du labyrinthe."
"No matter how sneaky you are, you can never surprise yourself.","Tout sournois que vous soyez, vous ne pouvez jamais vous surprendre vous-mêmes."
"No matter how sneaky you are, you can never surprise yourself.","Tout sournois que tu sois, tu ne peux jamais te surprendre toi-même."
"No matter how sneaky you are, you can never surprise yourself.","Toute sournoise que tu sois, tu ne peux jamais te surprendre toi-même."
"No matter how you look at it, the odds are stacked against us.","Qu'importe la manière dont vous considérez la chose, les probabilités s'accumulent contre nous."
"No matter how you look at it, the odds are stacked against us.","Qu'importe la manière dont tu considères la chose, les probabilités s'accumulent contre nous."
No one in their right mind would walk in those woods at night.,Personne de sensé ne marcherait dans ces bois la nuit venue.
Nobody is allowed to leave the classroom until the bell rings.,Personne n'est autorisé à quitter la salle de classe avant que la cloche sonne.
"Now that you have finished your work, you are free to go home.","Comme tu as fini ton travail, tu es libre de rentrer chez toi."
"On a good day, you can see the coast of Estonia from Helsinki.","Par beau temps, on peut voir la côte estonienne depuis Helsinki."
"Once upon a time, there lived a stingy old man in the village.",Il était une fois un vieil homme avare qui vivait au village.
One thing I've always wanted to do is write a children's book.,Une chose que j'ai toujours voulue faire est d'écrire un livre pour enfants.
Our city police have a new campaign targeting drunken driving.,Notre police municipale conduit une nouvelle campagne ciblant la conduite en état d'ivresse.
Power tends to corrupt and absolute power corrupts absolutely.,Le pouvoir tend à corrompre et le pouvoir absolu corrompt absolument.
Relationships built on money will end when the money runs out.,Les relations bâties sur de l'argent finiront lorsque s'épuisera l'argent.
Remote forest clearings turn out to be great places for raves.,Les clairières éloignées se révèlent être des endroits idéaux pour des raves.
Scientists are slowly piecing together the mechanism of aging.,Les scientifiques commencent lentement à assembler les mécanismes de la vieillesse.
"She did not succeed, but after all that was her first attempt.","Elle n'a pas réussi, mais c'était sa première tentative après tout."
She doesn't have any friends or relatives to take care of her.,Elle n'a aucun ami ou parent pour prendre soin d'elle.
She finally mustered up the courage to ask him for more money.,Elle rassembla finalement le courage pour lui demander davantage d'argent.
She greets him every morning as he enters the school building.,Elle le salue tous les matins lorsqu'il pénètre dans le bâtiment de l'école.
She looked at a few dresses and picked the most expensive one.,Elle regarda quelques robes et choisit la plus chère.
She looked at a few dresses and picked the most expensive one.,Elle regarda quelques robes et choisit la plus onéreuse.
She looked puzzled at the abrupt question posed by a reporter.,Elle sembla perplexe face à la question abrupte posée par le journaliste.
She repeated over and over that she was innocent of the crime.,Elle répétait encore et encore qu'elle était innocente du crime.
"She says she's not dating anyone now, but I don't believe her.","Elle dit qu'elle ne sort avec personne à l'heure actuelle, mais je ne la crois pas."
"She says she's not dating anyone now, but I don't believe her.","Elle dit ne sortir avec personne à l'heure actuelle, mais je ne la crois pas."
"She says she's not dating anyone now, but I don't believe her.","Elle dit ne pas sortir avec quiconque à l'heure actuelle, mais je ne la crois pas."
"She seems reserved, but she's actually a strong-willed person.",Elle semble réservée mais elle a en vérité une forte volonté.
She skimmed through the register to see if her name was in it.,Elle feuilleta le registre pour voir si son nom s'y trouvait.
She spends a majority of her time taking care of her children.,Elle consacre l'essentiel de son temps à s'occuper de ses enfants.
She took me under her wing and taught me everything she knows.,Elle me prit sous son aile et m'enseigna tout ce qu'elle savait.
She was advised by him to go abroad while she was still young.,Il lui conseilla de se rendre à l'étranger tant qu'elle était encore jeune.
She was advised by him to go abroad while she was still young.,Il lui a conseillé de se rendre à l'étranger tant qu'elle était encore jeune.
She's only going to tell you what she thinks you want to hear.,Elle ne te dira que ce qu'elle pense que tu veux entendre.
"Since he doesn't feel well today, he can't come to the office.","Comme il ne sent pas bien aujourd'hui, il ne peut pas venir au bureau."
"Since he doesn't feel well today, he can't come to the office.","Comme il ne se sent pas bien aujourd'hui, il ne peut pas venir au bureau."
Since we insulated the house we've saved a lot on heating oil.,"Depuis que nous avons isolé la maison, nous avons beaucoup économisé sur le mazout."
Six of us are going on an excursion to the beach this weekend.,Six d'entre nous vont à une excursion à la plage ce weekend.
"So far as this matter is concerned, I am completely satisfied.","En ce qui concerne cette affaire, je suis très satisfait."
Some people don't go to a doctor because they can't afford to.,Certaines personnes ne vont pas chez le médecin car ils ne peuvent pas se le permettre.
Someone broke into my house and ran away with all of my money.,Quelqu'un a cambriolé ma maison et s'est enfui avec tout mon argent.
Sometimes it's hard to be tactful and honest at the same time.,Il est parfois difficile d'être à la fois délicat et franc.
Sometimes we lie to keep from hurting someone else's feelings.,On ment parfois pour ne pas blesser l'autre.
"Thanks to my mother's help, I was able to buy a mountain bike.",Grâce à l'aide de ma mère j'ai pu m'acheter un VTT.
That dog tries to eat just about anything he lays his eyes on.,Ce chien essaie de manger à peu près tout ce sur quoi il pose les yeux.
The Beatles set the world on fire with their incredible music.,Les Beatles ont mis le feu au monde avec leur incroyable musique.
The CIA runs a thorough background check on all new employees.,La CIA procède à une analyse détaillée des antécédents de tous les nouveaux employés.
The baby sleeping in the baby carriage is as cute as an angel.,Le bébé qui dort dans la poussette est mignon comme un ange.
"The bigger a city grows, the dirtier the air and water become.","Plus une ville est grande, plus sale deviennent son air et son eau."
"The bigger a city grows, the dirtier the air and water become.","Plus une ville grandit, plus son air et son eau deviennent sales."
The city is gaining popularity as a major tourist destination.,La ville gagne en popularité en tant que destination touristique majeure.
The cows were moving very slowly through the long green grass.,Les vaches se mouvaient très lentement à travers les grandes herbes vertes.
"The doors wouldn't open, so I had to get in through the trunk.",Les portes refusaient de s'ouvrir et je dus donc monter par le coffre.
"The doors wouldn't open, so I had to get in through the trunk.",Les portes refusèrent de s'ouvrir et je dus donc monter par le coffre.
The entire sales staff has worked around the clock for a week.,Tout le personnel commercial a travaillé d'arrache-pied durant une semaine.
The falling of the Berlin Wall was truly a momentous occasion.,La chute du mur de Berlin fut vraiment un événement capital.
The marauders laid waste to the town and surrounding villages.,Les pillards ont dévasté la ville et les villages environnants.
"The moment I walked into the room, I knew something was wrong.","Le moment où j'entrai dans la pièce, je sus que quelque chose n'allait pas."
The most important thing is the ability to think for yourself.,La chose la plus importante est la capacité à penser par vous-même.
The most severe problem at present is that of over-population.,Le problème le plus grave actuellement est celui de la surpopulation.
The noise was so loud that it was a nuisance to the neighbors.,Le bruit était tellement fort que cela gênait les voisins.
The people protested against the low altitude flight training.,La population a protesté contré les vols d’entraînement à basse altitude.
The poet expressed his burning passion for the woman he loved.,Le poète exprima sa passion ardente pour la femme qu'il aimait.
The poor talker sometimes surprises us by being a good writer.,L'orateur malheureux nous surprend parfois en étant un bon écrivain.
The population of Japan is much larger than that of Australia.,La population du Japon est bien plus importante que celle de l'Australie.
The power plant supplies the remote district with electricity.,La centrale électrique alimente le quartier éloigné en électricité.
The prime minister spoke about the financial crisis at length.,Le Premier Ministre a parlé en détail de la crise financière.
The problem is that our car will not be available on that day.,Le problème est que notre voiture ne sera pas disponible ce jour-là.
The secret of life is hanging around until you get used to it.,"Le secret de la vie, c'est de traîner là jusqu'à ce qu'on s'y habitue."
The secret of life is hanging around until you get used to it.,"Le secret de la vie, c'est de traîner là jusqu'à ce que tu t'y habitues."
The secret of life is hanging around until you get used to it.,"Le secret de la vie, c'est de traîner là jusqu'à ce que vous vous y habituiez."
The show's about a New Jersey mob boss who's in psychotherapy.,Le spectacle raconte l'histoire d'un patron de la maffia du New Jersey qui est en psychothérapie.
The train was delayed for two hours because of the heavy snow.,Le train avait deux heures de retard à cause des importantes chutes de neige.
The wizard waved his magic wand and disappeared into thin air.,Le sorcier agita sa baguette magique et disparut dans le néant.
The world population grows by close to eight million per year.,La population mondiale croît annuellement de presque quatre-vingt-dix millions.
The young people are fed up with the politics of this country.,Les jeunes en ont assez de la politique dans ce pays.
Their financial problems began in the second half of the year.,Leurs problèmes financiers ont commencé au deuxième semestre.
There are a lot of things you don't know about my personality.,Il y a beaucoup de choses que tu ne sais pas sur ma personnalité.
There are signs of growing tensions between the two countries.,Il y a des signes de tension grandissante entre les deux pays.
There have been a lot of complaints about the way Tom behaves.,Il y a eu beaucoup de plaintes à propos du comportement de Tom.
There is an urgent need for teachers with science backgrounds.,Il y a un besoin urgent de professeurs disposant d'une formation scientifique.
There is no end in sight to the U.S. trade deficit with Japan.,On ne voit pas d'issue au déficit commercial des États-Unis avec le Japon.
There was a violent clash of opinions between the two leaders.,Il y a eu violente divergence d'opinions entre les deux leaders.
There was an old clunker parked just behind my new sports car.,Il y avait un vieux tacot garé juste derrière ma nouvelle voiture de sport.
There's a pyramid in Mexico bigger than any of those in Egypt.,"Il est au Mexique une pyramide, plus grande que toutes celles d'Égypte."
There's been a lot of activity around the office this morning.,Il y a eu beaucoup d'activités dans le bureau ce matin.
"These days, the motives for marriage are not necessarily pure.","Ces jours-ci, les motifs derrière le mariage ne sont pas nécessairement purs."
These events transpired while the senator was still in office.,Ces événements fuitèrent tandis que le sénateur était encore en poste.
They accused the president of not caring about the common man.,Ils accusèrent le président de ne pas se soucier de l'homme de la rue.
They began to import liquor illegally to sell for high prices.,Ils commencèrent à importer illégalement de l'alcool à vendre à prix élevé.
They helped one another to make the school festival a success.,Ils s'entraidèrent pour faire du festival de l'école un succès.
They knew they must fight together to defeat the common enemy.,Ils savaient qu'ils devaient combattre ensemble pour défaire l'ennemi commun.
They knocked on the door and said they had come to arrest him.,Ils frappèrent à la porte et dirent qu'ils étaient venus pour l'arrêter.
They said they would accept the committee's decision as final.,Ils déclarèrent qu'ils accepteraient la décision du comité pour définitive.
They said they would accept the committee's decision as final.,Ils déclarèrent qu'ils accepteraient la décision du comité comme définitive.
They say they cannot compete with low-priced foreign products.,Ils disent qu'ils ne peuvent faire concurrence à des produits étrangers à bas prix.
They were low enough in cost so many Americans could buy them.,Ils étaient suffisamment bon marché pour que de nombreux Étasuniens puissent les acheter.
This is the first time that I've eaten in an Italian pizzeria.,C'est la première fois que je mange dans une pizzeria italienne.
This is the most comfortable chair I've sat on in a long time.,C'est la chaise la plus confortable dans laquelle je me sois assis depuis longtemps.
This medicine must not be placed within the reach of children.,Ce médicament doit être conservé hors de portée des enfants.
This part of the museum is temporarily off-limits to visitors.,Cette partie du musée est temporairement inaccessible aux visiteurs.
"This plan is far from perfect, but it's the best plan we have.","Ce plan est loin d'être parfait, mais c'est le meilleur qu'on a."
This would've been your room if you'd decided to stay with us.,Cela aurait été ta chambre si serais resté parmi nous.
Tom always yells at Mary every time she does something stupid.,Tom crie toujours sur Mary chaque fois qu'elle fait quelque chose de stupide.
Tom and Mary just wanted to dance with each other all evening.,Tom et Mary voulaient juste danser ensemble toute la soirée.
Tom and Mary told me that they had a good time at the concert.,Tom et Mary ont dit qu'ils avaient passé un bon moment au concert.
Tom and Mary wanted to spend the rest of their lives together.,Tom et Mary voulaient passer le reste de leur vie ensemble.
"Tom asked Mary some questions, but she refused to answer them.","Tom a posé plusieurs questions à Marie, mais elle a refusé d'y répondre."
"Tom asked Mary some questions, but she refused to answer them.","Tom posa plusieurs questions à Marie, mais elle refusa d'y répondre."
Tom can't say for sure how many times Mary has been to Boston.,Tom ne peut pas dire avec assurance combien de fois Marie a été à Boston.
Tom didn't know who Mary wanted to give the bottle of wine to.,Tom ne savait pas à qui Marie voulait donner la bouteille de vin.
"Tom didn't leave a suicide note, so the police suspect murder.","Tom n'a pas laisse de note de suicide, alors la police suspecte un meurtre."
Tom didn't want just any car. He wanted his grandfather's car.,Tom ne voulait pas n'importe quelle voiture. Il voulait la voiture de son grand-père.
Tom doesn't know who Mary wants to give the bottle of wine to.,Tom ne sait pas à qui Marie veut donner la bouteille de vin.
Tom had no other choice but to help Mary clean out the garage.,Tom n'eut pas d'autre choix que d'aider Mary à nettoyer le garage.
Tom has been living in Boston since he graduated from college.,Tom vit à Boston depuis qu'il est diplômé de l'université.
Tom is going to get angry if you keep doing what you're doing.,Tom va s'énerver si tu continues ce que tu es en train de faire.
Tom never told me why he wasn't here the day before yesterday.,Tom ne m'a jamais dit pourquoi il n'était pas là avant-hier.
Tom promised me that tonight he'd sing that new song he wrote.,Tom m'a promis que ce soir il chanterait cette nouvelle chanson qu'il a écrite.
Tom put the plate of sandwiches on the table in front of Mary.,Tom posa l'assiette de sandwiches sur la table devant Mary.
Tom says he doesn't know where Mary bought her pearl necklace.,Thomas dit qu'il ne sait pas où Marie a acheté son collier.
Tom says he doesn't know where Mary bought her pearl necklace.,Tom dit qu'il ne sait pas où Marion a acheté son collier de perles.
Tom seems to be unable to interact normally with other people.,Tom semble être incapable d'interagir normalement avec d'autres personnes.
Tom shaves every morning as soon as he gets out of the shower.,Tom se rase tous les matins dès qu'il sort de la douche.
"Tom tried to talk to Mary, but she didn't want to talk to him.","Tom a essayé de parler à Mary, mais elle ne voulait pas lui parler."
Tom was afraid that they'd lock him up and throw away the key.,Tom avait peur qu'ils l'enferment et jettent la clé.
Tom wondered whether it would be hard to find a job in Boston.,Tom se demandait s'il serait difficile de trouver un travail à Boston.
Walking from the station to the house takes only five minutes.,Marcher de la station à la maison ne prend que cinq minutes.
Watch out for the sparks that are flying out of the fireplace!,Attention aux braises qui sautent du foyer !
Watch out for the sparks that are flying out of the fireplace!,Attention aux braises qui s'échappent de l'âtre !
We are sorry to say that we can not give you that information.,Nous sommes désolés mais nous ne pouvons pas vous communiquer cette information.
We had to alter our plans because we didn't have enough money.,Nous dûmes changer nos projets car nous ne disposions pas de suffisamment d'argent.
We had to alter our plans because we didn't have enough money.,Nous avons dû changer nos projets car nous n'avions pas assez d'argent.
We have less than five minutes to evacuate the whole building.,Nous disposons de moins de cinq minutes pour évacuer le bâtiment.
We have to figure out when the best time to buy that stock is.,Il nous faut comprendre quand est le meilleur moment pour acheter cette action.
We have to figure out when the best time to buy that stock is.,Il faut que nous comprenions quand est le meilleur moment pour acquérir cette action.
We probably don't have enough time to finish doing that today.,Nous n'aurons dans doute pas assez de temps pour finir cela aujourd'hui.
We should keep every school open and every teacher in his job.,"Nous devrions garder ouverte chaque école, et chaque enseignant à son poste."
We were living in Osaka for ten years before we came to Tokyo.,Nous avons vécu à Osaka pendant dix ans avant de venir à Tokyo.
We'll go to any length to send our child to a good university.,Nous sommes prêts à tout pour envoyer notre enfant dans une bonne université.
We'll use the house as collateral so we can borrow some money.,Nous allons mettre la maison en gage de manière à pouvoir emprunter un peu d'argent.
We'll use the house as collateral so we can borrow some money.,Nous allons gager la maison de manière à pouvoir emprunter quelque argent.
What I want for Christmas is for my family to be here with me.,"Ce que je veux pour Noël, c'est que ma famille soit ici avec moi."
What is at issue in this debate is the survival of our planet.,Ce qui est en question dans ce débat est la survie de notre planète.
What is still better is that the house has a beautiful garden.,Ce qui est encore mieux est que la maison comporte un magnifique jardin.
What kind of music did you listen to when you were a teenager?,Quelle sorte de musique écoutais-tu lorsque tu étais adolescent ?
What kind of music did you listen to when you were a teenager?,Quelle sorte de musique écoutais-tu lorsque tu étais adolescente ?
What kind of music did you listen to when you were a teenager?,Quelle sorte de musique écoutiez-vous lorsque vous étiez adolescent ?
What kind of music did you listen to when you were a teenager?,Quelle sorte de musique écoutiez-vous lorsque vous étiez adolescente ?
What makes you so sure Tom was the one who stole your bicycle?,Comment peux-tu être sûr que c'est Tom qui a volé le vélo ?
What makes you so sure Tom was the one who stole your bicycle?,Comment peux-tu être sûre que c'est Tom qui a volé le vélo ?
What you make is small potatoes compared to the boss's salary.,"Ce que tu gagnes est de la roupie de sansonnet, comparé au salaire du patron."
What you make is small potatoes compared to the boss's salary.,"Ce que tu te fais est de la roupie de sansonnet, comparé au salaire du patron."
What you make is small potatoes compared to the boss's salary.,"Ce que tu te fais est de la roupie de sansonnet, comparé au salaire de la patronne."
What you make is small potatoes compared to the boss's salary.,"Ce que vous vous faites est de la roupie de sansonnet, comparé au salaire du patron."
What you make is small potatoes compared to the boss's salary.,"Ce que vous vous faites est de la roupie de sansonnet, comparé au salaire de la patronne."
"When I got out of the car, I felt like I had been here before.","Lorsque je suis sorti de la voiture, j'ai senti que j'avais été là auparavant."
"When I opened the door of the refrigerator, an apple fell out.","Quand j'ai ouvert la porte du réfrigérateur, une pomme est tombée."
"When I was in high school, I was the best student in my class.","Quand j'étais au lycée, j'étais le meilleur élève de ma classe."
"When I was thirteen years old, I couldn't speak French at all.","Quand j'avais treize ans, je ne pouvais pas du tout parler français."
"When Mary reached the bus stop, the last bus had already left.","Quand Mary atteignit l'arrêt de bus, le dernier bus était déjà parti."
Why do you laugh so hard at his jokes? They're not even funny.,Pourquoi riez-vous si fort de ses blagues ? Elles ne sont même pas drôles.
Why do you laugh so hard at his jokes? They're not even funny.,Pourquoi ris-tu si fort de ses blagues ? Elles ne sont même pas drôles.
Wouldn't you rather spend your time doing something you enjoy?,Ne voudriez-vous pas plutôt consacrer votre temps à faire quelque chose qui vous plaît ?
Wouldn't you rather spend your time doing something you enjoy?,Ne voudrais-tu pas plutôt consacrer ton temps à faire quelque chose qui te plaît ?
You may injure yourself if you don't follow safety procedures.,Tu peux te blesser si tu ne suis pas les procédures de sécurité.
You should find a more constructive way of venting your anger.,Tu devrais trouver une manière plus constructive de décharger ta colère.
You should find a more constructive way of venting your anger.,Vous devriez trouver une manière plus constructive d'évacuer votre colère.
You shouldn't say that kind of thing when children are around.,Tu ne devrais pas dire une telle chose lorsque les enfants sont dans les parages.
You shouldn't say that kind of thing when children are around.,Vous ne devriez pas dire une telle chose lorsque les enfants sont dans les parages.
You shouldn't say that kind of thing when children are around.,On ne devrait pas dire une telle chose lorsque les enfants sont dans les parages.
You will be better off buying a new one than trying to fix it.,Tu ferais mieux d'en acheter un neuf plutôt que d'essayer de le réparer.
You will be better off buying a new one than trying to fix it.,Tu ferais mieux d'en acheter une neuve plutôt que d'essayer de la réparer.
You will be better off buying a new one than trying to fix it.,Vous feriez mieux d'en acheter un neuf plutôt que d'essayer de le réparer.
"You'll get there in time, as long as you don't miss the train.","Vous y parviendrez à temps, pour autant que vous ne manquiez pas le train."
"You'll get there in time, as long as you don't miss the train.","Tu y parviendras à temps, pour autant que tu ne loupes pas le train."
You're the only person I know besides me who likes to do that.,Vous êtes la seule personne que je connaisse à part moi qui aime faire ça.
You've got another four day's journey before you reach Moscow.,Vous avez encore quatre jours de voyage avant d'arriver à Moscou.
"Now and then I think of divorcing him. ""You must be kidding!""","« De temps à autre, je pense à divorcer. » « Tu plaisantes ?! »"
A company that stifles innovation can't hope to grow very much.,Une entreprise qui étouffe l'innovation ne peut espérer beaucoup s'agrandir.
"A good book is the best of friends, the same today and forever.","Un bon livre est le meilleur des amis, maintenant et pour toujours."
A helicopter is able to take off and land straight up and down.,Un hélicoptère peut décoller et atterrir à la verticale.
A man's worth lies not so much in what he has as in what he is.,La valeur d'un homme réside moins dans ce qu'il possède que dans ce qu'il est.
A man's worth lies not so much in what he has as in what he is.,La valeur d'un homme ne réside pas tant dans ce qu'il a que dans ce qu'il est.
A quarterly growth of 1.2% means an annual growth rate of 4.8%.,"Une croissance trimestrielle de 1,2% représente un taux de croissance annuel de 4,8%."
A recent survey shows that the number of smokers is decreasing.,Un récent sondage montre que le nombre de fumeurs diminue.
A successful business is built on careful financial management.,Un commerce prospère est affaire de prudence dans la gestion financière.
A woman's wardrobe isn't complete without a little black dress.,La garde-robe d'une femme n'est pas complète sans une petite robe noire.
All the words underlined in red should be checked for spelling.,L'orthographe de tous les mots soulignés de rouge devrait être vérifiée.
"Although we don't have much money, I want to buy this painting.","Malgré que nous ayons peu d'argent, j'aimerais acheter cette peinture."
Anyone can produce salt from seawater with a simple experiment.,N'importe qui peut produire du sel à partir de l'eau de mer par une simple expérimentation.
Are you satisfied with the political situation in your country?,Êtes-vous satisfait de la situation politique dans votre pays ?
Are you satisfied with the political situation in your country?,Es-tu satisfait de la situation politique dans ton pays ?
"As long as I know the money is safe, I will not worry about it.","Pour autant que je sache, l'argent est en sécurité ; je ne m'en préoccuperais pas."
"As soon as she heard the bell ring, she answered the telephone.","Dès qu'elle l'entendit sonner, elle décrocha le téléphone."
"At 10 o'clock yesterday, there were hundreds of people outside.","À 10 heures hier, nous étions des centaines de gens dehors."
"At this beer hall, you can order beers up to one liter in size.","Dans cette taverne, on peut commander des bières jusqu'à une contenance d'un litre."
Australia is one of the countries I want to visit before I die.,L'Australie est l'un des pays que je veux visiter avant ma mort.
Burglars broke into our apartment and stole my wife's fur coat.,Des cambrioleurs sont entrés par effraction dans notre appartement et ont volé le manteau de fourrure de ma femme.
Can you tell the difference between an American and a Canadian?,Peux-tu dire la différence entre un Étatsunien et un Canadien ?
Carbon dating was performed on the sample to determine its age.,Une datation au carbone fut réalisée sur l'échantillon afin de déterminer son âge.
Carbon dating was performed on the sample to determine its age.,Une datation au carbone a été réalisée sur l'échantillon afin de déterminer son âge.
"Compared to last summer, we haven't had so much rain this year.","Comparé à l'été dernier, nous n'avons pas eu autant de pluie cette année."
Could you please tell me again how many times you've been here?,Pourrais-tu me redire combien de fois tu as déjà été ici ?
"Culture is like jam, the less you have, the more you spread it.","La culture c'est comme la confiture, moins on en a, plus on l'étale."
Declarations of variables are extremely important in C and C++.,La déclaration des variables est extrêmement importante en C et en C++.
Did you like your teachers when you were in junior high school?,Est-ce que tu appréciais tes enseignants quand tu étais au collège ?
Do you have any idea when those pictures might have been taken?,Avez-vous la moindre idée de quand ces photos ont pu être prises ?
Do you have any idea when those pictures might have been taken?,As-tu une idée de quand ces photos ont pu être prises ?
Don't buy your car from that dealership. They'll rob you blind.,N'achète pas ta voiture chez ce concessionnaire. Ils vont te dépouiller.
Don't even think of asking me what I think about you right now.,Ne songe même pas à me demander ce que je pense de toi à l'instant.
Don't even think of asking me what I think about you right now.,Ne songez même pas à me demander ce que je pense de vous à l'instant.
English is a universal language and is used all over the world.,L'anglais est une langue universelle et est utilisée dans le monde entier.
Every successful writer has a drawer full of rejection letters.,Chaque écrivain à succès a un tiroir rempli de lettres de rejet.
Everybody expected that the experiment would result in failure.,Tout le monde s'attendait à ce que l'expérience échoue.
Everybody in this world has to cope with a lot of difficulties.,Tous les gens au monde doivent surmonter un grand nombre de difficultés.
Everyone should choose at least one poem and learn it by heart.,Chacun devrait choisir au moins un poème et l'apprendre par cœur.
"For the time being, my sister is an assistant in a supermarket.","Pour le moment, ma sœur est vendeuse dans un supermarché."
Free flow of information is the only safeguard against tyranny.,La libre circulation de l'information est le seul garde-fou contre la tyrannie.
"Getting up at 6 a.m. was hard at first, but now I'm used to it.","Me lever à six heures du matin était difficile au début, mais j'y suis désormais accoutumé."
Go straight down this street and turn right at the third light.,"Allez tout droit dans cette rue et au troisième feu, tournez à droite."
Gradually the true meaning of what he said began to dawn on me.,Peu à peu je commençais à comprendre le sens profond de ses paroles.
Hackers are adept at getting around computer security measures.,Les pirates sont experts dans l'art de contourner les mesures de sécurité informatiques.
Have you decided where you're going to celebrate Christmas Eve?,Est-ce que tu as décidé où tu allais passer le réveillon de Noël ?
Have you seen the dog? He wandered off a couple of minutes ago.,As-tu vu le chien ? Il est parti en vadrouille il y a quelques minutes.
Have you seen the dog? He wandered off a couple of minutes ago.,Avez-vous vu le chien ? Il est parti en vadrouille il y a quelques minutes.
He decided to go to Paris for the purpose of studying painting.,Il a décidé d'aller à Paris dans le but d'étudier la peinture.
He got up to see if he had turned off the light in the kitchen.,Il se leva pour s'assurer qu'il avait éteint la lumière dans la cuisine.
He got up to see if he had turned off the light in the kitchen.,Il s'est levé pour s'assurer qu'il avait éteint la lumière dans la cuisine.
He is considered one of the greatest scientists in our country.,Il est considéré comme l'un des meilleurs scientifiques du pays.
"He keeps on phoning me, and I really don't want to talk to him.",Il continue à m'appeler et je ne veux vraiment pas lui parler.
He learned golf by watching others and following their example.,Il a appris le golf en regardant les autres et en suivant leur exemple.
He still hasn't returned the book he borrowed from the library.,Il n'a toujours pas ramené le livre qu'il avait emprunté à la bibliothèque.
He told me that I looked pale and asked me what the matter was.,Il m'a dit que j'étais pâle et m'a demandé quel était le problème.
He was about to apologize when the man punched him in the face.,Il allait s'excuser lorsque l'homme le frappa au visage.
He'll be groggy for another few hours until the drug wears off.,"Il sera chancelant pour quelques heures encore, jusqu'à ce que la drogue se dissipe."
He'll be groggy for another few hours until the drug wears off.,"Il sera chancelant pour quelques heures encore, jusqu'à ce que le médicament se dissipe."
His aunt's apple pie was delicious and he had a second helping.,Comme la tarte aux pommes de sa tante était délicieuse il s'est resservi.
How do you come up with such interesting plots for your novels?,Comment dégottes-tu des scénarios aussi intéressants pour tes romans ?
How do you think I can convince her to spend more time with me?,Comment penses-tu que je puisse la convaincre de passer davantage de temps avec moi ?
How long does it take you to get here from your house by train?,Combien de temps ça te prend pour venir jusqu'ici de chez toi en train ?
How long has it been since you gave up teaching at that school?,Combien de temps s'est-il passé depuis que vous avez cessé d'enseigner dans cette école ?
How many minutes does it take to get to the JR station on foot?,Combien de minutes faut-il pour aller à la gare SNCF à pied ?
"I am sure I met him somewhere, but I do not remember who he is.","Je suis sûr que je l'ai rencontré quelque part, mais je ne me rappelle plus qui il est."
I am uncertain as to whether I am the right person for the job.,Je ne suis pas certain d'être la bonne personne pour ce travail.
I ate something earlier this evening that didn't agree with me.,"J'ai mangé quelque chose, plus tôt ce soir, qui ne passe pas."
"I can read Chinese fairly well, but I can't write it very well.",Je peux assez bien lire le chinois mais je ne parviens pas à très bien l'écrire.
"I could not get anybody to go with me, and so I went by myself.","Je ne pouvais trouver personne pour m'accompagner, j'y suis donc allé seul."
"I didn't know how to do it, but I was willing to give it a try.","J'ignorais comment le faire, mais j'étais prêt à me lancer."
"I didn't know how to do it, but I was willing to give it a try.",J'ignorais comment le faire mais j'étais disposé à essayer.
I didn't know that the cost of living was so high in Australia.,Je ne savais pas que la vie coûtait si cher en Australie.
I didn't know why I wasn't supposed to go to that part of town.,J'ignorais pourquoi je n'étais pas censé me rendre dans cette partie de la ville.
I didn't know why I wasn't supposed to go to that part of town.,J'ignorais pourquoi je n'étais pas censée me rendre dans cette partie de la ville.
"I didn't want the baby to catch a cold, so I closed the window.",Je ne voulais pas que le bébé attrape froid donc j'ai fermé la fenêtre.
"I didn't want to work late, but the boss told me that I had to.",Je ne voulais pas travailler tard mais le patron m'a dit que je le devais.
"I didn't want to work late, but the boss told me that I had to.",Je ne voulais pas travailler tard mais la patronne m'a dit que je le devais.
I don't know Tom well enough to know whether I like him or not.,Je ne connais pas assez bien Tom pour savoir si je l'aime bien ou non.
I don't know whether I'll be able to attend tomorrow's meeting.,J'ignore si je serai en mesure d'assister à la réunion de demain.
I don't know whether I'll be able to attend tomorrow's meeting.,Je ne sais pas si je serai en mesure d'assister à la réunion de demain.
I don't recommend eating in that restaurant. The food is awful.,Je ne recommande pas de manger dans ce restaurant. La nourriture est horrible.
I don't think this old car will make it to the top of the hill.,Je ne pense pas que cette vieille voiture atteindra le haut de la colline.
I drank some of the milk and kept the rest in the refrigerator.,J'ai bu une partie du lait et j'ai conservé le reste au réfrigérateur.
I found it difficult to make myself heard because of the noise.,J'ai trouvé qu'il était difficile de me faire entendre à cause du bruit.
I gave my permission for them to use my photo on their website.,Je leur ai donné ma permission d'utiliser ma photo sur leur site web.
"I give up. No matter what I do, you never seem to be satisfied.","J'abandonne. Quoi que je fasse, tu sembles ne jamais être content."
"I give up. No matter what I do, you never seem to be satisfied.","Je laisse tomber. Quoi que je fasse, tu sembles ne jamais être contente."
I got to the station only to find that the train had just left.,J'arrivai à la gare pour constater que le train était juste parti.
I had been studying music in Boston before I returned to Japan.,J'avais étudié la musique à Boston avant de retourner au Japon.
"I had broken my glasses, so that I couldn't see the blackboard.","J'avais cassé mes lunettes, du coup je ne pouvais pas voir le tableau noir."
"I had no other way of contacting you, so I came here in person.",Je ne disposais pas d'autre moyen de vous contacter alors je suis venu ici en personne.
"I had no other way of contacting you, so I came here in person.",Je ne disposais pas d'autre moyen de te contacter alors je suis venu ici en personne.
"I had no other way of contacting you, so I came here in person.",Je ne disposais pas d'autre moyen de vous contacter alors je suis venue ici en personne.
"I had no other way of contacting you, so I came here in person.",Je ne disposais pas d'autre moyen de te contacter alors je suis venue ici en personne.
I have a lot of old books. A couple of them are quite valuable.,J'ai de nombreux vieux livres. Quelques-uns d'entre eux sont d'assez grande valeur.
I have no objection to paying a special fee if it is necessary.,Je n'ai pas d'objection à payer des frais spéciaux si cela est nécessaire.
I hope they don't resort to violence to accomplish their goals.,J'espère qu'ils n'auront pas recours à la violence pour atteindre leurs buts.
I just found out that my boyfriend has been stepping out on me.,Je viens de découvrir que mon petit ami m'a trompée.
I just found out that my boyfriend has been stepping out on me.,Je viens de découvrir que mon petit ami m'a trompé.
I just want to get this thing over with as quickly as possible.,Je veux simplement qu'on en finisse au plus vite.
I just want to let you know that I'll be late tomorrow morning.,Je veux juste que tu saches que je serai en retard demain matin.
I know a woman whose first and last names are the same as mine.,Je connais une femme qui a les mêmes nom et prénom que moi.
"I like his new house, but I had not expected it to be so small.","J'apprécie sa nouvelle demeure, mais je ne m'attendais pas à ce qu'elle soit aussi petite."
I make it a rule to take a walk for half an hour every morning.,J'ai pour règle de faire une promenade d'une demi-heure chaque matin.
I must warn you that if you do this again you will be punished.,"Je dois t'avertir que si tu refais ça, tu seras puni."
I put some cookies on the table and the kids ate them right up.,J'ai mis quelques biscuits sur la table et les enfants les ont immédiatement mangés.
I spent the whole evening reading the poetry of Kenji Miyazawa.,J'ai passé la soirée entière à lire la poésie de Kenji Miyazawa.
I think it's time for me to admit that I never cared about you.,Je pense qu'il est temps que j'admette que je ne me suis jamais soucié de toi.
I think you and Tom have more in common than you want to admit.,Je pense que toi et Tom avez plus en commun que vous ne voulez bien l'admettre.
I thought about all the times we used to play together as kids.,"J'ai pensé à toutes les fois où, enfants, nous jouions ensemble."
"I tried to open the door, but I couldn't because it was locked.",J'ai tenté d'ouvrir la porte mais je n'ai pas pu parce qu'elle était verrouillée.
"I went out of my way to visit my friend, but he wasn't at home.","J'ai fait un détour pour rendre visite à un ami, mais il n'était pas chez lui."
I'd like to get this translated into French. Could you help me?,Je voudrais traduire ça en français. Est-ce que tu peux m'aider ?
"I'm a professor, or rather an associate professor, to be exact.","Je suis professeur, ou plutôt assistant professeur pour être exact."
I'm afraid I won't be able to make myself understood in French.,Je crains de ne pas pouvoir me faire comprendre en français.
I'm getting sleepy. I should've gone to bed earlier last night.,"Je commence à m'endormir. J'aurais dû me rendre au lit plus tôt, hier soir."
I'm going through my closet to find clothes to give to charity.,Je fais l'inventaire de mes armoires pour trouver des vêtements à donner aux œuvres.
I'm going to the convenience store. Is there anything you want?,Je vais au dépanneur. Tu veux quelque chose?
"I'm sorry, but could you move over a bit so I have room to sit?","Excusez-moi, mais est-ce que vous pourriez vous déplacer un peu pour que je puisse m'asseoir ?"
"I'm still waiting for my breakfast. Bring it to me now, please.","J'attends toujours mon petit déjeuner, veuillez me l'apporter maintenant."
I'm trying to think of some ideas for this article I'm writing.,J'essaie de trouver des idées pour l'article que je suis en train d'écrire.
I've been trying to put a little money in the bank every month.,"J'ai essayé de mettre un peu d'argent à la banque, chaque mois."
I've heard it said that you should never marry your first love.,J'ai entendu dire qu'il ne fallait jamais épouser son premier amour.
"If a burglar came into my room, I would throw something at him.","Si un cambrioleur entrait dans ma chambre, je lui jetterais quelque chose."
"If anybody had asked me if I were married, I'd have said I was.","Si quelqu'un m'avait demandé si j'étais marié, j'aurais dit que je l'étais."
"If he keeps drinking like that, he'll have to take a taxi home.","S'il continue à boire ainsi, il devra prendre un taxi pour rentrer à la maison."
"If it had not been for the storm, I would have arrived earlier.","S'il n'y avait pas eu la tempête, je serais arrivé plus tôt."
"If it had not been for your advice, I could not have succeeded.","Sans vos conseils, je n'aurais pas pu réussir."
"If it had not been for your advice, I could not have succeeded.","Sans tes conseils, je n'aurais pas pu réussir."
"If the sun were to rise in the west, I wouldn't change my mind.","Même si le soleil se levait à l'Ouest, je ne changerais pas mon opinion."
"If you add one hundred to one thousand, you get eleven hundred.",En additionnant cent et mille vous obtenez mille cent.
"If you behave like a servant, you'll be treated like a servant.","Si tu agis comme un serviteur, tu seras aussi traité comme un serviteur."
"If you behave like a servant, you'll be treated like a servant.","Si tu agis comme un serviteur, on te traitera aussi comme un serviteur."
"If you can see your breath when you exhale, you know it's cold.","Si tu peux voir ton souffle pendant que tu expires, tu sais qu'il fait froid."
"If you change your hairstyle, you could look ten years younger.","Si tu changes ta coiffure, tu pourrais paraître dix ans plus jeune."
"If you change your hairstyle, you could look ten years younger.","Si vous changez votre coiffure, vous pourriez faire dix ans plus jeune."
"If you get into difficulties, don't hesitate to ask for advice.","Si tu rencontres des difficultés, n'hésite pas à demander conseil."
"If you have pain in your chest, consult your doctor right away.","Si tu as mal à la poitrine, consulte tout de suite ton médecin."
"If you're not part of the solution, you're part of the problem.","Si vous ne faites pas partie de la solution, vous faites partie du problème."
In everyday life we have many obligations and responsibilities.,Dans la vie de tous les jours nous avons beaucoup d'obligations et de responsabilités.
"In legal documents, difficult words and phrases are often used.",Des mots et expressions difficiles sont fréquemment utilisés dans les textes légaux.
"In the beginning, man was almost the same as the other animals.","Au commencement, l'homme était presque pareil aux autres animaux."
"In the early days of American history, blacks lived in slavery.","Au commencement de l'histoire américaine, les noirs vivaient en esclavage."
It cost me ten thousand yen to have my television set repaired.,Ça m'a coûté dix-mille yens pour faire réparer mon poste de télévision.
It doesn't matter to me whether or not I make money doing this.,Ça m'est égal si je gagne de l'argent à faire cela ou pas.
"It doesn't matter what excuse he gives me, I can't forgive him.","Peu importe quelle excuse il me donne, je ne peux pas lui pardonner."
It doesn't work so well because the batteries are running down.,Ça ne marche pas si bien parce que les piles s'épuisent.
It is better to have old second-hand diamonds than none at all.,Mieux vaut un vieux diamant d'occasion que pas de diamant du tout.
It is better to take your time than to hurry and make mistakes.,Il vaut mieux prendre ton temps plutôt que te dépêcher et te tromper.
It is impossible for a growing child to keep still for an hour.,Il est impossible qu'un enfant qui grandit reste en place pendant une heure.
It makes no difference who does that as long as it gets done.,"Peut importe qui le fait, tant que c'est fait."
It makes sense to pay off your credit card balance every month.,Cela est censé équilibrer tous les mois la balance de ta carte de crédit.
It never occurred to me that what I was doing might be illegal.,Il ne m'était jamais venu à l'esprit que ce que je faisais pouvait être illégal.
It rained so hard that we decided to visit him some other time.,Il pleuvait si fort que nous avons décidé de lui rendre visite une autre fois.
It was determined that faulty wiring was the cause of the fire.,Il fut déterminé que du câblage défectueux se trouvait à l'origine de l'incendie.
It's a shame we weren't able to get to know one another better.,C'est une honte que nous n'ayons pas été capables de mieux nous connaitre.
It's a shame we weren't able to get to know one another better.,C'est dommage que nous n'ayons pas été capables de mieux nous connaitre.
It's dangerous to talk on the phone and drive at the same time.,Il est dangereux de téléphoner au volant.
It's difficult to help people who don't believe they need help.,C'est difficile d'aider des gens qui ne croient pas qu'ils ont besoin d'aide.
It's difficult to teach people what they're unwilling to learn.,Il est ardu d'enseigner aux gens ce qu'ils ne veulent pas apprendre.
It's hard for me to understand French when it's spoken quickly.,C'est difficile pour moi de comprendre le français quand on parle trop vite.
It's just a matter of time before someone is injured or killed.,Que quelqu'un soit blessé ou mort est juste une question de temps.
Just because something is possible doesn't make it a good idea.,Ça n'est pas parce que quelque chose est possible que cela en fait une bonne idée.
"Ladies and gentlemen, I would like you to listen to my opinion.","Mesdames, Messieurs, j'aimerais que vous écoutiez mon point de vue !"
Making jewelry is a lot easier than it sounds like it would be.,Fabriquer de la joaillerie est beaucoup plus facile que ça n'en aurait l'air.
Many animals that lived thousands of years ago are now extinct.,De nombreux animaux qui vivaient il y a des milliers d'années ont désormais disparu.
Maybe you should turn off the television and do something else.,Peut-être devrais-tu éteindre la télévision et faire quelque chose d'autre.
Men differ from other animals in that they can think and speak.,Les hommes diffèrent des autres animaux en cela qu'ils peuvent penser et parler.
Mixing with people at a party can be terrifying for shy people.,Se mêler avec les gens à une fête peut être terrifiant pour des personnes timides.
Mothers should keep their children from playing in the streets.,Les mères devraient empêcher leurs enfants de jouer dans les rues.
My father would never allow me to go out with someone like you.,Mon père ne m'autoriserait jamais à sortir avec quelqu'un comme toi.
My friend ended up taking the rap for a crime he didn't commit.,Mon ami a fini par écoper d'une peine pour un crime qu'il n'a pas commis.
My grandfather goes for walks on days when the weather is good.,Mon grand-père fait des promenades quand il fait beau.
My tight wad husband took me to McDonald's for our anniversary.,Mon fauché de mari m'a emmenée au Macdo pour notre anniversaire.
My wife's hands are slightly smaller than the shop assistant's.,Les mains de ma femme sont légèrement plus petites que celles de l'assistant du magasin.
Never ask a question if you aren't prepared to hear the answer.,Ne posez jamais une question dont vous n'êtes pas prêt à entendre la réponse !
"Not only does Tom play the harmonica, he plays the guitar, too.","Non seulement Tom joue de l'harmonica, mais il joue aussi de la guitare."
"Nothing is more valuable than time, but nothing is less valued.",Rien n'est plus précieux que le temps mais rien n'est moins valorisé.
"On my way home from school yesterday, I was caught in a shower.","Hier, sur le chemin de l'école, j'ai été prise sous une averse."
"On my way home from school yesterday, I was caught in a shower.","Hier, sur le chemin de l'école, j'ai été pris sous une averse."
"Once you've formed a bad habit, you can't get rid of it easily.","Une fois que vous avez une mauvaise habitude, vous ne pouvez pas vous en débarrasser facilement."
"Once you've formed a bad habit, you can't get rid of it easily.","Une fois que tu as une mauvaise habitude, tu ne peux pas t'en débarrasser facilement."
"One of his two daughters lives in Tokyo, and the other in Nara.",Une de ses deux filles vit à Tokyo et l'autre à Nara.
One thing I've always wanted to do is learn to fly an airplane.,"Une chose dont j'ai toujours eu envie, c'est d'apprendre à piloter un avion."
Only those who risk going too far will know how far one can go.,Seuls ceux qui se risqueront à aller trop loin sauront jusqu'où on peut aller.
Our price is considerably higher than the current market price.,Notre prix est bien plus élevé que le prix actuel du marché.
People living in town don't know the pleasures of country life.,Les gens qui résident en ville ignorent les joies de la vie à la campagne.
People will laugh at you if you do something as stupid as that.,Les gens riront de toi si tu fais une chose aussi stupide que ça.
People will laugh at you if you do something as stupid as that.,Les gens riront de vous si vous faites une chose aussi stupide que ça.
Please don't forget to turn off the light before you go to bed.,"N'oublie pas, je te prie, d'éteindre la lumière avant que tu ailles au lit."
Please don't forget to turn off the light before you go to bed.,"N'oubliez pas, je vous prie, d'éteindre la lumière avant que vous alliez au lit."
She altered her old clothes to make them look more fashionable.,Elle a raccommodé ses vieilles fringues pour qu'elles aient l'air plus à la mode.
"She asked him where he lived, but he was too smart to tell her.",Elle lui demanda où il vivait mais il était trop malin pour lui dire.
"She asked him where he lived, but he was too smart to tell her.",Elle lui a demandé où il vivait mais il était trop malin pour lui dire.
She became rich by virtue of hard work and good business sense.,Elle est devenue riche grâce à un travail acharné et à un bon sens des affaires.
"She doesn't talk much, but once she does speak she is eloquent.","Elle ne parle pas beaucoup mais quand elle prend la parole, elle est éloquente."
She threw her hands up in horror when she saw what he had done.,"D'horreur, elle jeta les mains en l'air lorsqu'elle vit ce qu'il avait fait."
"Since this is important, I'd like you to attend to it yourself.","Comme ceci est important, j'aimerais que vous vous en occupiez vous-même."
"Six people applied for the job, but none of them were employed.","Six personnes ont posé leurs candidatures pour le job, mais aucune d'entre elles n'a été employée."
Some people think the president spends too much time traveling.,Certaines personnes pensent que le président consacre trop de temps à voyager.
Sometimes the first symptom of cardiovascular disease is death.,"Parfois, le premier symptôme d'une maladie cardio-vasculaire est la mort."
Statistics show that the population of the world is increasing.,Les statistiques montrent que la population mondiale augmente.
Stop beating around the bush and tell us what you really think.,Arrête de tourner autour du pot et dis-nous ce que tu penses réellement.
"Ten minutes after they had passed Nara, the car ran out of gas.","Dix minutes après qu'ils aient passé Nara, l'auto s'est retrouvée sans essence."
That doctor specializes in helping those with eating disorders.,Ce médecin est spécialisé dans l'assistance aux personnes présentant des troubles alimentaires.
That is one of the most difficult languages in the whole world.,C'est un des langages les plus difficiles au monde.
The American ships were stopped and searched in British waters.,Les navires étasuniens furent arrêtés et fouillés dans les eaux britanniques.
The GDP of China still pales in comparison with that of the US.,Le PIB de la Chine est encore dérisoire en comparaison de celui des États-Unis.
The aim of this game is to explode all the bombs on the screen.,Le but de ce jeu est de faire exploser toutes les bombes sur l'écran.
The apples from the tree behind Tom's house are very delicious.,Les pommes de l'arbre derrière la maison de Tom sont vraiment délicieuses.
The automobile industry is one of the main industries in Japan.,L'industrie automobile est l'une des principales du Japon.
The bird picked up the twig with its beak and flew to its nest.,L'oiseau ramassa la brindille avec son bec et vola vers son nid.
The box was crushed during transport and the contents flew out.,La boîte fut écrasée lors du transport et le contenu s'éparpilla.
"The boy opened the window, although his mother told him not to.","L'enfant ouvrit la fenêtre, bien que sa mère le lui eût défendu."
The celebrations culminated in a spectacular fireworks display.,Les festivités culminèrent dans une représentation spectaculaire de feux d'artifice.
The children were sleeping when their grandparents called them.,Les enfants dormaient lorsque leurs grands-parents les appelèrent.
The city center should be closed to all but pedestrian traffic.,Le centre-ville devrait être fermé à toute circulation non piétonne.
"The city is beautiful at night, but rather ugly during the day.","La ville est belle de nuit, mais plutôt moche de jour."
The doctor ordered a full physical examination for the patient.,Le médecin ordonna un examen complet du patient.
The drug must go through clinical trials before being approved.,Le médicament doit subir des essais cliniques avant approbation.
The drug must go through clinical trials before being approved.,Le médicament doit subir des essais cliniques avant autorisation.
The employees were intrigued by the odd behavior of their boss.,Les employés étaient intrigués par l'étrange comportement de leur patron.
The government has been reconsidering its firearms exportation.,Le gouvernement a reconsidéré l'exportation des armes à feu.
The government has taken measures to promote domestic industry.,Le gouvernement a pris des mesures pour promouvoir l'activité nationale.
The heat is on the administration to come up with a new policy.,La pression est mise sur l'administration afin qu'elle trouve une nouvelle politique.
The jury found that Samsung had infringed upon Apple's patents.,Le jury a estimé que Samsung a violé les brevets d'Apple.
The landlord told him to leave because he hadn't paid his rent.,Le propriétaire lui a demandé de partir car il n'avait pas payé son loyer.
"The more foolish a child is, the cuter he seems to his parents.","Plus bête un enfant est, plus mignon il semble à ses parents."
The old lady was kind enough to show me the way to the station.,La vieille dame fut assez gentille pour m'indiquer le chemin de la gare.
The plane's doors were already closed when Tom got to the gate.,Les portes de l'avion étaient déjà fermées quand Tom arriva à l'embarquement.
The police executed a search warrant on my brother's apartment.,La police a exercé un mandat de perquisition dans l'appartement de mon frère.
The police found a dead body in an abandoned car near the park.,La police a trouvé un cadavre dans une voiture abandonnée près du parc.
The police have made hundreds of drug busts across the country.,La police a fait des centaines de saisies de drogue à travers le pays.
The police think the burglar entered through a basement window.,La police pense que le cambrioleur est entré par une fenêtre du sous-sol.
The roads were very muddy since it had rained during the night.,Les routes étaient recouvertes de boue du fait qu'il avait plu durant la nuit.
The senator was censured by the congressional ethics committee.,Le sénateur fut réprimandé par le comité d'éthique du congrès.
The size of a man's laundry bill is no criterion of his income.,La taille de la note de teinturier d'un homme n'est pas un indicateur de son revenu.
The talisman he's wearing is supposed to ward off evil spirits.,Le talisman qu'il porte est supposé éloigner les mauvais esprits.
The third quarter GNP growth was 1% over the preceding quarter.,Le taux de croissance du PNB au troisième trimestre a augmenté de 1% par rapport au trimestre précédent.
The tiles that fell from the roof broke into very small pieces.,Les tuiles qui sont tombées du toit se sont brisées en menus morceaux.
The warrior is conscious of both his strength and his weakness.,Le guerrier connaît à la fois ses forces et ses faiblesses.
"There are three empty rooms. However, we can't use any of them.","Il y a trois salles vides. Cependant, nous ne pouvons en utiliser aucune."
There is nothing more refreshing than a cold beer on a hot day.,Il n'y a rien de plus rafraîchissant qu'une bière froide par une journée chaude.
There is very little probability of an agreement being reached.,Il y a une infime probabilité qu'un accord soit trouvé.
There were no customers in our bar after 10:00 p.m. that night.,Aucun client n'était dans notre bar cette nuit après 22h.
There's not a second that goes by that I don't think about you.,Il ne se passe pas une seconde pendant laquelle je ne pense pas à toi.
There's something happening here that I don't quite understand.,Quelque chose est en train de se passer ici que je ne comprends pas tout à fait.
They argue that the distribution of wealth should be equitable.,Ils soutiennent que la distribution de la richesse devrait être équitable.
They say that Firefox is downloaded over 8 million times a day.,"Ils disent que chaque jour, Firefox est téléchargé plus de 8 millions de fois."
They thought it would be too expensive to build a factory here.,Ils pensèrent qu'il serait trop onéreux de bâtir une usine ici.
They're experiencing white water rafting on a class five river.,"Ils font l'expérience du radeau en eau vive, sur une rivière de classe cinq."
This firm manufactures cars at the rate of two hundred per day.,Cette entreprise produit deux cents voitures par jour.
This road follows the shoreline for the next thirty kilometers.,Cette route suit la côte pour les trente prochains kilomètres.
To have doubts about oneself is the first sign of intelligence.,Douter de soi est le premier signe d'intelligence.
Tom almost always falls asleep at night hugging his teddy bear.,Tom s'endort presque toujours la nuit en faisant un câlin à son ours en peluche.
Tom asked Mary to read him the letter she had gotten from John.,Tom demanda à Mary de lui lire la lettre qu'elle avait reçue de John.
Tom called Mary last night and encouraged her to join the team.,Tom a appelé Mary la nuit dernière et l'a encouragée à rejoindre l'équipe.
Tom didn't know where Mary wanted to spend her summer vacation.,Tom ne savait pas où Marie voulait passer ses vacances d'été.
Tom didn't know where Mary wanted to spend her summer vacation.,Tom ne savait pas où Marie avait envie de passer les vacances d'été.
Tom didn't know who Mary had decided to give her old guitar to.,Tom ne savait pas à qui Marie avait décidé de donner sa vieille guitare.
Tom didn't want people to think that he was flirting with Mary.,Tom ne voulait pas faire croire aux gens qu'il flirtait avec Marie.
Tom doesn't know where Mary wants to spend her summer vacation.,Tom ne sait pas où Marie a envie de passer les vacances d'été.
Tom doesn't know where Mary wants to spend her summer vacation.,"Tom ne sait pas où Marie a envie de passer ses vacances, cet été."
Tom doesn't want to give up his dream of becoming an astronaut.,Tom ne veut pas abandonner son rêve de devenir un cosmonaute.
Tom drank a lot last night and is a bit hung over this morning.,Tom a beaucoup bu la nuit dernière et il a un peu la gueule de bois ce matin.
Tom found out later that the woman he met in the park was Mary.,Tom a su plus tard que la femme qu'il avait rencontrée dans le parc était Mary.
Tom has been eating at that restaurant since he was a teenager.,Tom mange à ce restaurant depuis qu'il est adolescent.
Tom has finished reading the book that Mary gave him yesterday.,Tom a fini de lire le livre que Mary lui a donné hier.
Tom has only been pretending that he doesn't understand French.,Tom a seulement prétendu qu'il ne comprend pas le français.
Tom has only been pretending that he doesn't understand French.,Tom a seulement fait semblant de ne pas comprendre le français.
Tom is the kind of person who always has to have the last word.,Tom est le type de gens qui doit toujours avoir le dernier mot.
Tom knew that he wouldn't be able to finish the report by 2:30.,Tom savait qu’il ne serait pas en mesure de terminer le rapport d’ici 14 h 30.
Tom knew that he wouldn't be able to finish the report by 2:30.,Tom savait qu’il serait incapable de finir le rapport avant 14 h 30.
Tom lay awake for a long time thinking about what he should do.,Tom resta éveillé pendant un long moment en pensant à ce qu'il devait faire.
Tom said that he thought that pair of shoes were too expensive.,Tom a dit qu'il pensait que cette paire de chaussures était trop chère.
Tom says he'll pay back all the money he owes me before Monday.,Tom dit qu'il me remboursera tout l'argent qu'il me doit avant lundi.
Tom spent the whole morning getting ready for his presentation.,Tom a passé toute la matinée à se préparer pour sa présentation.
Tom told me he thought that Mary would be home on October 20th.,Tom m'a dit qu'il pensait que Marie serait à la maison le 20 octobre.
Tom took his clothes off and put them into the washing machine.,Tom retira ses vêtements et les mit dans la machine à laver.
Tom went to a nearby convenience store to buy something to eat.,Tom est allé à une épicerie proche pour acheter quelque chose à manger.
Tom woke the children up and told them to get ready for school.,Tom a réveillé les enfants et leur a dit de se préparer pour l'école.
"Unless there is a miracle, we won't be able to make it on time.","À moins d'un miracle, nous ne serons pas en mesure de le faire à temps."
Water is leaking into my goggles. I don't think they fit right.,L'eau pénètre dans mes lunettes. Je ne pense pas qu'elles sont à la bonne taille.
"We can't add days to our life, but we can add life to our days.","Nous ne pouvons ajouter de jours à nos vies, mais nous pouvons ajouter de la vie à nos jours."
We look forward to working more closely with you in the future.,Nous nous réjouissons de travailler plus étroitement avec vous à l'avenir.
We should keep this information under wraps for the time being.,Nous devrions garder cette information sous le coude pour l'instant.
We should weigh the options carefully before making a decision.,Nous devrions attentivement peser les options avant de prendre une décision.
We were unable to make contact with them until it was too late.,Nous avons été incapables de les joindre jusqu'à ce qu'il soit trop tard.
We were wakened by the whistle of the steam locomotive at dawn.,Nous avons été réveillés à l'aube par le sifflement d'un train.
"We weren't able to buy tickets, so we didn't go to the concert.","Nous n'avons pas pu acheter de places, nous ne sommes donc pas allé au concert."
We wouldn't be in this mess if you'd just done what I told you.,Nous ne serions pas dans cette merde si tu avais fait précisément ce que je t'avais dit.
We're interested in observing the customs of different regions.,Nous sommes intéressés par l'observation des coutumes de différentes régions.
What you are doing is now far more dangerous than what Tom did.,Ce que vous faites est maintenant beaucoup plus dangereux que ce que Tom a fait.
What's your favorite kind of movie to watch with your children?,Quel genre de film préférez-vous regarder avec vos enfants ?
"When I hear that song, I think about the place where I grew up.","Lorsque j'entends cette chanson, je pense à l'endroit où j'ai grandi."
When you think about it that doesn't make a whole lot of sense.,"Lorsqu'on y pense, ça n'a pas beaucoup de sens."
"When you're done with the book, put it back where you found it.","Quand tu auras terminé avec le livre, remets-le là où tu l'as trouvé."
Why did you ask Tom to do that when you knew he couldn't do it?,"Pourquoi avez-vous demandé à Tom de faire cela, alors que vous saviez qu'il ne le pouvait pas ?"
Why did you ask Tom to do that when you knew he couldn't do it?,"Pourquoi as-tu demandé à Tom de faire cela, alors que tu savais qu'il ne pouvait pas ?"
Why did you tear the cloth instead of cutting it with scissors?,"Pourquoi as-tu déchiré le tissu, plutôt que de le découper avec des ciseaux ?"
Why does it take them so long to set up my internet connection?,Pourquoi cela leur prend-il tant de temps pour établir ma connexion Internet ?
"You can go there, but you'll need to be careful the whole time.","Tu peux y aller, mais tu devras faire attention à tout moment."
You can't separate the milk from the coffee once you put it in.,Tu ne peux plus séparer le lait du café une fois que tu l'as versé dedans.
You don't have to speak so loudly. I can hear you very clearly.,Vous n'avez pas besoin de parler si fort. Je peux vous entendre très clairement.
You had better go to the dentist to have that tooth pulled out.,Tu ferais mieux d'aller chez le dentiste pour te faire arracher cette dent.
You shouldn't read people's private letters without permission.,Tu ne devrais pas lire les lettres privées des gens sans permission.
You'll find that book in the historical section of the library.,Tu trouveras ce livre dans le département Histoire de la bibliothèque.
You're probably too young to understand why we have to do this.,Tu es probablement trop jeune pour comprendre pourquoi nous devons faire ceci.
You're probably too young to understand why we have to do this.,Vous êtes probablement trop jeune pour comprendre pourquoi nous devons faire ceci.
You're the only person I know who regularly gets my name wrong.,Tu es la seule personne que je connaisse qui écorche régulièrement mon nom.
"I would love to go to the dance with you. ""Really? You would?""",« J'adorerais aller au bal avec toi. » « Vraiment ? Tu le voudrais ? »
"I would love to go to the dance with you. ""Really? You would?""",« J'adorerais aller au bal avec vous. » « Vraiment ? Vous le voudriez ? »
"Why are you going to Japan? ""To attend a conference in Tokyo.""",« Pourquoi vas-tu au Japon ? » « Pour participer à une conférence à Tokyo. »
A book not worth reading is not worth buying in the first place.,Un livre qui ne vaut pas la peine d'être lu ne vaut pas la peine d'être acheté dès le départ.
A couple of flights were delayed on account of a minor accident.,Quelques vols furent retardés à cause d'un accident mineur.
A dog jumped onto the chair and lay motionless for five minutes.,Un chien sauta sur la chaise et resta immobile pendant cinq minutes.
A fat white cat sat on a wall and watched them with sleepy eyes.,Un gros chat blanc s'assit sur le mur et les regarda avec des yeux endormis.
A picture of the fugitive was plastered all over the newspapers.,Une photo du fugitif fut placardée dans tous les journaux.
A slight cold prevented me from going to Ibusuki with my family.,Un léger rhume m'a empêché d'aller à Ibusuki avec ma famille.
A spell of fine weather enabled us to get the harvest in safely.,Une période de beau temps nous permit de mettre la récolte à l'abri.
A very unfortunate case came to our attention several years ago.,Un cas vraiment malheureux fut soumis à notre attention il y a plusieurs années.
A watered down compromise resolution is better than none at all.,Une résolution sur un compromis restreint est préférable à rien du tout.
"After ten years as business partners, they decided to part ways.","Après dix ans comme partenaires en affaires, ils ont décidé de se séparer."
"After ten years as business partners, they decided to part ways.","Après dix ans comme partenaires en affaires, ils ont décidé de cheminer chacun de leur côté."
All the English teachers at my son's school are native speakers.,Tous les enseignants en anglais à l'école de mon fils sont des locuteurs natifs.
"At the edge of the forest, I met a tall man in a hunting outfit.","À l'abord de la forêt, j'ai rencontré un homme grand en tenue de chasse."
Be sure to check in at least 45 minutes prior to departure time.,Assurez-vous de vous enregistrer 45 minutes avant l'horaire de départ.
British Prime Minister Neville Chamberlain was forced to resign.,Le premier ministre britannique Neville Chamberlain a été forcé de démissionner.
"By the year 2020, the population of this city will have doubled.","En 2020, la population de cette ville aura doublée."
Can you imagine what our life would be like without electricity?,Est-ce que tu peux imaginer ce que notre vie serait sans électricité ?
"Can you just tell me now, so I don't have to come back tomorrow?","Peux-tu me le dire maintenant, que je n'ai pas à revenir demain ?"
"Children depend on their parents for food, clothing and shelter.","Les enfants dépendent de leurs parents pour la nourriture, les vêtements et le logement."
Do you have any idea how many people died when the Titanic sunk?,Avez-vous la moindre idée de combien de personnes sont mortes lorsque le Titanic a coulé ?
Do you know the difference between a microscope and a telescope?,Connaissez-vous la différence entre un microscope et un télescope ?
Do you know the difference between a microscope and a telescope?,Connais-tu la différence entre un microscope et un télescope ?
Do you think parents should punish their children when they lie?,Pensez-vous que les parents devraient punir leurs enfants lorsqu'ils mentent ?
Do you think parents should punish their children when they lie?,Penses-tu que les parents devraient punir leurs enfants lorsqu'ils mentent ?
Does the applicant have suitable abilities to carry out the job?,Le candidat a-t-il les capacités qui conviennent pour mener à bien le travail ?
Don't forget that good jobs are very hard to come by these days.,N'oubliez pas que les emplois sont difficiles à trouver de nos jours.
Even a clock that is stopped shows the correct time twice a day.,Même une pendule arrêtée affiche la bonne heure deux fois par jour.
"Even if it takes you three years, you must accomplish your goal.","Même si cela vous prend trois ans, vous devez atteindre votre but."
Everybody in the building headed for the exits at the same time.,Tout le monde dans le bâtiment s'est dirigé vers les sorties en même temps.
Everybody in the building headed for the exits at the same time.,Tout le monde dans le bâtiment s'est dirigé vers les sorties au même moment.
"Everybody is supposed to know the law, but few people really do.","Tout le monde est censé connaître les lois, mais très peu de gens les connaissent vraiment."
Everywhere you look you can see damage caused by the earthquake.,"Où que vous regardiez, vous pouvez voir des dégâts causés par le séisme."
Everywhere you look you can see damage caused by the earthquake.,"Où que vous regardiez, vous pouvez constater des dégâts causés par le séisme."
Everywhere you look you can see damage caused by the earthquake.,"Où que vous regardiez, vous pouvez voir des dégâts causés par le tremblement de terre."
Everywhere you look you can see damage caused by the earthquake.,"Où que tu regardes, tu peux voir des dégâts causés par le tremblement de terre."
Finding a solution that worked was a process of trial and error.,Trouver une solution qui fonctionnait fut un processus expérimental.
For the moment there's nothing in particular I need to be doing.,Pour l'instant il n'y a rien que je dois faire.
Frictions between Japan and the U.S. are easing up for a change.,"Les frictions entre le Japon et les États-Unis d'Amérique se détendent, pour changer."
"From an objective viewpoint, his argument was far from rational.","D'un point de vue objectif, son argument était loin d'être rationnel."
"From the top of that tall building, you can easily see the city.","Depuis le haut de ce grand bâtiment, vous pouvez facilement voir la ville."
Funding for this program was provided by the following sponsors.,Le financement de ce programme a été assuré par les sponsors suivants.
"Given only thirty minutes, we couldn't answer all the questions.","En trente minutes seulement, nous n'avons pas pu répondre à toutes les questions."
"Had it not been for his aid, I could not have finished the work.",Sans son aide je n'aurais pas pu finir le travail.
He enjoys his sleep and doesn't like to have it interfered with.,Il apprécie son sommeil et n'aime pas qu'on le lui dérange.
He kept badgering her until she told him what he wanted to know.,Il a continué à la harceler jusqu'à ce qu'elle lui dise ce qu'il voulait savoir.
He left home early in the morning so he wouldn't miss the train.,Il partit tôt le matin de chez lui de manière à ne pas manquer le train.
He left home early in the morning so he wouldn't miss the train.,Il partit tôt le matin de chez moi de manière à ne pas manquer le train.
He left home early in the morning so he wouldn't miss the train.,Il partit tôt le matin de chez nous de manière à ne pas manquer le train.
He received a large sum of money in compensation for his injury.,Il reçut une importante somme d'argent en compensation de sa blessure.
He stood close to her and tried to protect her from the typhoon.,Il se tint près d'elle et essaya de la protéger du typhon.
He submitted his resignation in protest of the company's policy.,Il présenta sa démission pour protester contre la politique de la société.
He was paroled after having served eleven years of his sentence.,Il a été libéré sur parole après avoir servi onze années de sa peine.
His lackadaisical attitude to studying explains his poor grades.,Son attitude indolente vis-à-vis des études explique ses notes médiocres.
His lackadaisical attitude to studying explains his poor grades.,Son attitude nonchalante vis-à-vis des études explique ses notes médiocres.
I am working full-time at a bookshop until the end of September.,Jusqu'à fin septembre je travaille à plein temps dans une librairie.
I can still remember the time when we went on a picnic together.,J'arrive encore à me rappeler le temps où nous sommes allés en pique-nique ensemble.
I can still remember the time when we went on a picnic together.,J'arrive encore à me rappeler le temps où nous sommes allées en pique-nique ensemble.
I can still remember the time when we went on a picnic together.,Je peux encore me souvenir de la fois où nous sommes allés en pique-nique ensemble.
I can't believe how much things have changed since we were kids.,Je n'arrive pas à croire combien les choses ont changé depuis que nous étions enfants.
I can't count the number of times Tom has complained about that.,Je ne peux pas compter le nombre de fois où Tom s'est plaint à ce sujet.
I didn't need to understand French to know that they were angry.,Je n'avais pas besoin de comprendre le français pour savoir qu'ils étaient en colère.
I didn't need to understand French to know that they were angry.,Je n'avais pas besoin de comprendre le français pour savoir qu'elles étaient énervées.
I didn't want to spend any more time cleaning the kitchen floor.,Je ne voulais pas passer plus de temps à nettoyer le sol de la cuisine.
"I don't know if I've ever told you, but you have beautiful eyes.",Je ne sais pas si je vous l'ai jamais dit mais vous avez de beaux yeux.
"I don't know if I've ever told you, but you have beautiful eyes.",Je ne sais pas si je te l'ai jamais dit mais tu as de beaux yeux.
"I don't remember exactly, but I suppose it was Friday last week.",Je ne me souviens pas exactement mais je suppose que c'était vendredi dernier.
I don't think I can get you to understand how difficult that is.,Je ne suis pas sûr de pouvoir te faire réaliser à quel point cela est difficile.
I doubt it'll be very hard for you to get your driver's license.,Je doute qu'il te sera très difficile d'obtenir ton permis de conduire.
I feel depressed because there are a lot of things I have to do.,Je me sens déprimé parce qu'il y a de nombreuses choses que je doive faire.
I feel depressed because there are a lot of things I have to do.,Je me sens déprimée parce qu'il y a de nombreuses choses que je doive faire.
I find that I get the best flavor by grinding fresh peppercorns.,Je trouve que j'obtiens la meilleure saveur en moulant des grains de poivre frais.
"I give you everything you ask for, but you never seem satisfied.",Je vous donne tout ce que vous demandez mais vous ne semblez jamais satisfaite.
"I give you everything you ask for, but you never seem satisfied.",Je vous donne tout ce que vous demandez mais vous ne semblez jamais satisfait.
"I give you everything you ask for, but you never seem satisfied.",Je vous donne tout ce que vous demandez mais vous ne semblez jamais satisfaites.
"I give you everything you ask for, but you never seem satisfied.",Je vous donne tout ce que vous demandez mais vous ne semblez jamais satisfaits.
"I give you everything you ask for, but you never seem satisfied.",Je te donne tout ce que tu demandes mais tu ne sembles jamais satisfaite.
"I give you everything you ask for, but you never seem satisfied.",Je te donne tout ce que tu demandes mais tu ne sembles jamais satisfait.
I give you two permission to do whatever you think is necessary.,Je vous donne à tous deux le droit de faire tout ce que vous pensez nécessaire.
I got lost and had a hard time finding my way back to the hotel.,Je me suis égaré et j'ai eu du mal à retrouver le chemin de l'hôtel.
I had to catch the first train this morning to get here in time.,"J'ai dû attraper le premier train, ce matin, pour arriver ici à temps."
"I hadn't planned to do that, but I can if you really want me to.","Je n'avais pas prévu de faire cela mais je peux le faire, si vous le voulez vraiment."
"I hadn't planned to do that, but I can if you really want me to.","Je n'avais pas prévu de faire cela mais je peux le faire, si tu le veux vraiment."
I have every reason to believe that he is innocent of the crime.,J'ai toutes les raisons de croire qu'il est innocent de ce crime.
I hear that there are people in Japan who keep penguins as pets.,J'ai entendu qu'il y a des gens au Japon qui gardent des pingouins comme animaux domestiques.
I hope my new stepfather sticks around longer than the last one.,J'espère que mon nouveau beau-père va rester dans le coin plus longtemps que le dernier.
I just want to make sure that his offer has no strings attached.,Je veux juste m'assurer que sa proposition n'est pas un cadeau empoisonné.
I just want to make sure you live up to your end of the bargain.,Je veux juste m'assurer que vous respectez votre partie du contrat.
I just wanted to tell you that I'm really sorry for what I said.,Je voulais seulement te dire que je suis réellement désolé de ce que j'ai dit.
I keep a good supply of stamps to save trips to the post office.,Je garde une bonne réserve de timbres pour m'économiser les visites au bureau de poste.
"I know you're nervous, but rest assured, you won't feel a thing.","Je sais que tu es nerveux, mais rassure-toi, tu ne sentiras rien."
I like the new guy. He's not afraid to take on challenging work.,J'apprécie le nouveau. Il ne craint pas de s'attaquer à des tâches difficiles.
"I may be unsociable, but it doesn't mean I don't talk to people.","Il se peut que je sois asocial, mais ça ne veut pas dire que je ne parle pas aux gens."
I never expected to find such a nice hotel in a place like this.,Je n'aurais jamais pensé trouver un hôtel aussi sympa dans un lieu comme celui-ci.
I really appreciate the fact that you like me just the way I am.,Je suis vraiment reconnaissant du fait que tu m'aimes juste comme je suis.
I suppose it makes sense to go ahead and pay the bill right now.,Je suppose qu'il est sensé de procéder et de payer la facture maintenant.
"I think Tom went to the supermarket yesterday, but I'm not sure.","Je crois que Tom est allé au supermarché hier, mais je n'en suis pas sûr."
I think everyone looks back on their childhood with some regret.,Je pense que chacun se retourne vers son enfance avec un certain regret.
I think it wouldn't be too hard to come up with a better system.,Je pense que ça ne devrait pas être trop difficile de concevoir un meilleur système.
I think it's time for me to talk to the boss about this problem.,Je pense qu'il est temps que je parle au patron de ce problème.
I think it's unlikely that I'll be able to pass my driving test.,Je pense qu'il est improbable que je sois en mesure de réussir mon examen de conduite.
I think you're the most beautiful woman in the whole wide world.,Je pense que tu es la plus belle femme au monde.
I thought Tom would need help getting in and out of the bathtub.,Je croyais que Tom aurait eu besoin d'aide pour entrer et sortir de la douche.
I want each of you to tell me exactly what you did last weekend.,Je veux que chacun de vous me dise exactement ce qu'il a fait le week-end dernier.
I want to know how he manages to make such good use of his time.,Je veux savoir comment il s'arrange pour faire un si bon usage de son temps.
"I was lucky the train was late. Otherwise, I would've missed it.",J'ai eu de la chance que le train ait du retard. Sinon je l'aurais raté.
I would advise you strongly to do what the boss asked you to do.,Je vous conseillerais fortement de faire ce que le patron vous a dit de faire.
I would advise you strongly to do what the boss asked you to do.,Je te conseillerais fortement de faire ce que le patron t'a dit de faire.
"I would've told you before, but I didn't think you'd understand.","Je te l'aurais dit plus tôt, mais je ne pensais pas que tu comprendrais."
"I would've told you before, but I didn't think you'd understand.","Je vous l'aurais dit plus tôt, mais je ne pensais pas que vous comprendriez."
"I would've told you before, but I didn't think you'd understand.","Je te l'aurais dit avant, mais je ne pensais pas que tu comprendrais."
"I would've told you before, but I didn't think you'd understand.","Je vous l'aurais dit avant, mais je ne pensais pas que vous comprendriez."
I'd like to talk to you about what happened at school yesterday.,"J'aimerais vous entretenir de ce qui s'est passé à l'école, hier."
I'd like to talk to you about what happened at school yesterday.,"J'aimerais discuter avec vous de ce qui s'est passé à l'école, hier."
I'm hoping that I can write two or three songs over the weekend.,J'espère pouvoir écrire deux ou trois chansons au cours du week-end.
I'm not sure what's wrong. We should have heard from him by now.,Je ne suis pas sûr de ce qui ne va pas. Nous devrions déjà avoir entendu parler de lui.
I'm not sure what's wrong. We should have heard from him by now.,"Je ne sais pas ce qui cloche, mais on aurait déjà dû avoir de ses nouvelles."
I'm satisfied with everything and don't want to change anything.,Tout me satisfait et je ne souhaite rien changer.
I'm sorry for calling so late. I just wanted to hear your voice.,Je suis désolé d'appeler si tard. Je voulais juste entendre votre voix.
I'm sorry for calling so late. I just wanted to hear your voice.,Je suis désolée d'appeler si tard. Je voulais juste entendre votre voix.
I'm sorry for calling so late. I just wanted to hear your voice.,Je suis désolé d'appeler si tard. Je voulais juste entendre ta voix.
I'm sorry for calling so late. I just wanted to hear your voice.,Je suis désolée d'appeler si tard. Je voulais juste entendre ta voix.
I'm sorry to be so late. The meeting completely slipped my mind.,Je suis désolé d'être tellement en retard. La réunion m'était complètement sortie de l'esprit.
I'm sorry to be so late. The meeting completely slipped my mind.,Je suis désolé d'être tellement en retard. J'avais complètement oublié le rendez-vous.
I'm sorry to be so late. The meeting completely slipped my mind.,Je suis désolée d'être tellement en retard. J'avais complètement oublié le rendez-vous.
I'm sure that you can find something to eat in the refrigerator.,Je suis persuadé que tu vas trouver quelque chose à manger dans le réfrigérateur.
I've already gained back all the weight that I lost last summer.,J'ai déjà récupéré tout le poids que j'avais perdu l'été dernier.
"If I'd known that Tom was in the hospital, I'd have visited him.","Si j'avais su que Tom était à l'hôpital, je lui aurais rendu visite."
"If all goes to plan, I should be back home again tomorrow night.","Si tout se passe selon le plan, je devrais être de retour à la maison demain soir."
"If it had not been for your help, I would certainly have failed.","Sans votre aide, j'aurais certainement échoué."
"If it were not for the sun, there would be no life on the earth.","S'il n'y avait pas de soleil, il n'y aurait pas de vie sur terre."
"If it's all right with you, I'd like to stay for a while longer.","Si ça vous convient, j'aimerais rester encore un moment."
"If it's all right with you, I'd like to stay for a while longer.","Si ça te convient, j'aimerais rester encore un moment."
"If only I'd known sooner, I could've done something about that.","Si seulement j'avais su plus tôt, j'aurais pu y faire quelque chose."
"If they'd taken their doctors' advice, they might not have died.","Si elles avaient suivi les conseils de leurs médecins, elles ne seraient peut-être pas mortes."
"If they'd taken their doctors' advice, they might not have died.","S'ils avaient suivi les conseils de leurs médecins, ils ne seraient peut-être pas morts."
"If they'd taken their doctors' advice, they might not have died.","S'ils avaient suivi les conseils de leurs médecins, ils ne seraient peut-être pas décédés."
"If they'd taken their doctors' advice, they might not have died.","Si elles avaient suivi les conseils de leurs médecins, elles ne seraient peut-être pas décédées."
"If you can digest them, raw vegetables are good for your health.","Si on peut les digérer, les légumes crus font du bien à la santé."
"If you go hiking in the desert, be sure to take plenty of water.","Si vous allez randonner dans le désert, assurez-vous de prendre beaucoup d'eau."
"If you had been a little more patient, you could have succeeded.","Si tu avais été un peu plus patient, tu aurais pu réussir."
"If you look around, you'll see many people doing the same thing.","Si vous regardez autour, vous verrez beaucoup de gens faire la même chose."
"If you stand on this stool, you can reach the top of the closet.",Si tu veux atteindre le placard du haut tu dois monter sur un tabouret.
"If you testify against him, we can put him behind bars for good.","Si vous témoignez contre lui, nous pouvons le mettre derrière les barreaux pour de bon."
"If you've been drinking, perhaps your spouse can drive you home.","Si vous avez bu, peut-être que votre épouse peut vous reconduire chez vous."
"If you've been drinking, perhaps your spouse can drive you home.","Si vous avez bu, peut-être que votre époux peut vous reconduire chez vous."
"If you've been drinking, perhaps your spouse can drive you home.","Si vous avez bu, peut-être que votre conjoint peut vous reconduire chez vous."
"In addition to being a famous physicist, he is a great novelist.","En plus d'être un physicien reconnu, c'est un grand romancier."
"In spite of our encouragement, he decided to throw in the towel.",Il décida de jeter l'éponge malgré nos encouragements.
Is eating a clove of garlic every day beneficial to your health?,Est-ce que manger une gousse d'ail par jour est bénéfique pour la santé ?
Is it possible to determine the diameter from the circumference?,Est-il possible d'inférer le diamètre à partir de la circonférence ?
It is imperative that we find another way out of this situation.,Il est impératif que nous trouvions un autre moyen de sortir de cette situation.
It is sometimes difficult to make yourself understood in public.,Il est parfois difficile de se faire comprendre en public.
It looks like the party in power will win the upcoming election.,Il semble que le parti au pouvoir gagnera les élections à venir.
It will take me more than three hours to look over the document.,Il va me falloir plus de trois heures pour lire le document.
It would be better for both of us not to see each other anymore.,Ce serait mieux pour chacun d'entre nous de ne plus nous voir.
"It's an intriguing theory, but I don't see how it can be tested.","C'est une théorie intéressante, mais je ne vois pas comment elle peut être testée."
"It's not that I am unsympathetic, but I am not able to help you.","Ce n'est pas que je suis antipathique, mais je ne peux pas vous aider."
Japanese children are group members even when they are sleeping.,"Les enfants japonais sont des membres du groupe, même quand ils dorment."
Japanese should not forget that America is a multiracial nation.,Les Japonais ne peuvent pas éluder le fait que les États-Unis d'Amérique sont une nation multiethnique.
Just stick around a few days and you'll come to love this place.,Reste simplement dans les environs quelques jours et tu en viendras à adorer cet endroit.
Just stick around a few days and you'll come to love this place.,Restez simplement dans les environs quelques jours et vous en viendrez à adorer cet endroit.
Let's grab a quick lunch at that small coffeeshop near the park.,Prenons un déjeuner rapide au petit café près du parc !
Many people think that children spend too much time watching TV.,Beaucoup de gens pensent que les enfants passent trop de temps à regarder la télé.
"Mary looks like her mother, but she has a different personality.",Marie ressemble à sa mère mais elle a une personnalité différente.
My son's short attention span is causing him problems at school.,La faible durée de l'attention de mon fils lui cause des problèmes à l'école.
"Next time I visit San Francisco, I'd like to stay at that hotel.","La prochaine fois que je visite San Francisco, je voudrais séjourner dans cet hôtel."
"No matter how hard I try, I can't do it any better than she can.","J'ai beau essayer, je n'arrive pas à le faire un tant soit peu mieux qu'elle."
Nobody understood why the elephant suddenly turned on its owner.,Personne n'a compris pourquoi l'éléphant s'est soudain attaqué à son propriétaire.
One store decided to pull the controversial CD from its shelves.,Un magasin décida de retirer le CD controversé de ses étagères.
One thing I've always wanted to do is go camping with my family.,"Une chose dont j'ai toujours eu envie, c'est d'aller faire du camping en famille."
Our company is planning to build a new chemical plant in Russia.,Notre entreprise a le projet de construire une nouvelle usine chimique en Russie.
Our train had already pulled out when we arrived at the station.,Notre train était déjà parti lorsque nous arrivâmes à la gare.
People can turn to the law if they want to correct an injustice.,Les gens peuvent se tourner vers la loi s'ils veulent corriger une injustice.
Philosophers tend to have little contact with the outside world.,Les philosophes ont tendance à avoir peu de contact avec le monde extérieur.
"She advised him to take a rest, but he didn't follow her advice.","Elle lui a conseillé de prendre un congé, mais il n'a pas suivi son conseil."
She availed herself of every opportunity to improve her English.,Elle a saisi toutes les occasions pour améliorer son anglais.
She employed a private detective to keep a watch on her husband.,Elle a employé un détective privé pour surveiller son mari.
She has the habit of clearing her throat whenever she's nervous.,Elle a l'habitude d'éclaircir sa gorge chaque fois qu'elle est nerveuse.
She sent me a postcard that said she hates the smell of animals.,Elle m'a envoyé une carte postale qui disait qu'elle détestait l'odeur des animaux.
She sorted the washing before putting it in the washing machine.,Elle a trié le linge avant de le mettre dans la machine à laver.
She was asked to convince him to get his son to paint the house.,On lui demanda de le convaincre de faire peindre la maison par son fils.
She was asked to convince him to get his son to paint the house.,On lui demanda de le convaincre d'obtenir de son fils qu'il peigne la maison.
She was asked to convince him to get his son to paint the house.,On lui demanda de le convaincre d'obtenir de son fils qu'il peignît la maison.
She wouldn't let up until I agreed to go to the movies with her.,Elle ne voulait pas me lâcher jusqu'à ce que j'accepte d'aller avec elle au cinéma.
She's been living for the last five years under an assumed name.,Elle a vécu sous un nom d'emprunt au long des cinq dernières années.
She's making money hand over fist with the business she started.,Elle gagne de l'argent à gogo avec l'affaire qu'elle a lancée.
"Some continue to work part time, while others do volunteer work.","Certains continuent à travailler à temps partiel, tandis que d'autres font du bénévolat."
Some people believe they can become rich without having to work.,Certaines personnes croient qu'elles peuvent devenir riches sans avoir à travailler.
Some young Japanese people prefer being single to being married.,Certains jeunes Japonais préférent rester célibataires plutôt que de se marier.
Somebody tipped off the gang members to the police surveillance.,Quelqu'un a tuyauté les membres de la bande sur leur surveillance par la police.
Sometimes it's hard to resist the impulse to burst out laughing.,Il est parfois difficile de résister à une furieuse envie d'éclater de rire.
Switzerland is a very beautiful country and well worth visiting.,La Suisse est un très beau pays qui mérite une visite.
The Japanese embassy has warned Japanese citizens to be careful.,L'ambassade du Japon a averti les citoyens japonais d'être prudents.
"The accident left a long, deep gash in the side of the airplane.",L'accident laissa une longue et profonde déchirure sur le côté de l'avion.
The accident seemed to have something to do with the heavy snow.,L'accident semblait avoir à faire avec la neige profonde.
The bomb was defused just minutes before it would have exploded.,La bombe fut désamorcée quelques minutes avant qu'elle explose.
The bridge between Denmark and Sweden is almost five miles long.,Le pont entre le Danemark et la Suède fait presque 5 milles de longueur.
The car had two broad stripes painted on the hood and the trunk.,La voiture avait deux larges bandes peintes sur le capot et le coffre.
The classroom is full of teenagers. A couple of them are asleep.,La classe est pleine d'adolescents. Certains d'entre-eux sont endormis.
The company he used to work for went into bankruptcy last month.,La société dans laquelle il travaillait auparavant a fait faillite le mois dernier.
The conflict between blacks and whites in the city became worse.,Le conflit entre les blancs et les noirs dans la ville s'empira.
The detective I hired called to tell me he has a promising lead.,Le détective que j'ai employé m'a appelé pour me dire qu'il a une piste intéressante.
The divorce was finalized this morning at the attorney's office.,Le divorce a finalement été prononcé ce matin au bureau du juge.
The doctor monitored the patient's heartbeat and blood pressure.,Le docteur a contrôlé le rythme cardiaque du patient et sa pression artérielle.
The earthquake was the biggest one that we had ever experienced.,Ce séisme fut le plus important que l'on ait jamais vécu.
The food in my country is not very different from that of Spain.,La nourriture dans mon pays n'est pas très différente de celle de l'Espagne.
The government explicitly declared its intention to lower taxes.,Le gouvernement a explicitement annoncé son intention de baisser les impôts.
The high court decided to try the fugitive warlord in abstentia.,La haute cour a décidé de juger le chef de guerre fugitif par contumace.
The job applicant did not meet the expectations of the employer.,Le candidat au poste n'a pas satisfait aux attentes de l'employeur.
The kindergarten children were walking hand in hand in the park.,Les enfants de la maternelle se promenaient main dans la main dans le parc.
The number of people suffering from heart disease has increased.,Le nombre de personnes souffrant de problèmes cardiaques a augmenté.
The nurse tied a rubber tube around my arm before he drew blood.,L'infirmier attacha un tube de caoutchouc autour de mon bras avant d'extraire du sang.
The police are certain to get him in the end wherever he may go.,"La police est certaine de l'appréhender au bout du compte, où qu'il aille."
The police demanded that the criminal hand over the gun to them.,La police demanda que le criminel leur remette le pistolet.
The reason for your failure is that you did not try hard enough.,La raison de ton échec est que tu n'as pas assez essayé.
"The second the mailman comes, he rushes out to pick up his mail.","À la seconde où le facteur passe, il fonce dehors pour ramasser son courrier."
The short term contract employees were dismissed without notice.,Les intérimaires ont été renvoyés sans préavis.
The value of the coins depended on the weight of the metal used.,La valeur des pièces de monnaie dépendaient du poids du métal utilisé.
There is a fundamental difference between your opinion and mine.,Il y a une différence fondamentale entre ton opinion et la mienne.
There is a fundamental difference between your opinion and mine.,Il y a une différence fondamentale entre votre opinion et la mienne.
There's a fire in the building. We have to evacuate immediately.,Il y a un feu dans le bâtiment. Nous devons évacuer immédiatement.
There's a fire in the building. We have to evacuate immediately.,Il y a un incendie dans l'immeuble. Nous devons évacuer immédiatement.
There's something about him that just doesn't sit right with me.,Il y a quelque chose en lui qui cloche selon moi.
There's something about this translation that isn't quite right.,Il y a quelque chose dans cette traduction qui n'est pas tout à fait correct.
"They have us out-gunned, but we'll have the element of surprise.","Ils ont une plus grande puissance de feu que nous, mais nous bénéficierons de l'effet de surprise."
"They will go to the woods to pick mushrooms, weather permitting.","Si le temps le permet, ils iront à la cueillette aux champignons dans les bois."
This book is for students whose native language is not Japanese.,Ce livre est destiné aux étudiants dont le japonais n'est pas la langue maternelle.
This increase in unemployment is a consequence of the recession.,Cette hausse du chômage est la conséquence de la récession.
This is by far the best novel that has been published this year.,C'est de loin la meilleure nouvelle qui a été publiée cette année.
This is one of the most influential novels of the past 30 years.,C'est l'un des romans les plus influents de ces trente dernières années.
"This new application claims to be user friendly. Well, it isn't.",Cette nouvelle application prétend être ergonomique. Eh bien ce n'est pas le cas.
"Though the doctor did his best, the patient's recovery was slow.","Bien que le médecin ait fait de son mieux, la convalescence du patient a été longue."
Tom advised Mary not to believe everything she reads on the Web.,Tom a conseillé à Mary de ne pas croire tout ce qu'elle lit sur le web.
Tom advised Mary not to believe everything she reads on the Web.,Tom conseilla à Mary de ne pas croire tout ce qu'elle lit sur le web.
Tom always keeps a set of jumper cables in the trunk of his car.,Tom garde toujours des câbles de démarrage dans le coffre de sa voiture.
Tom always stays at school as late as the teachers allow him to.,Tom reste toujours à l'école aussi tard que les enseignants lui permettent.
Tom and Mary mailed wedding invitations to all of their friends.,Tom et Mary ont envoyé des invitations de mariage à tous leurs amis.
Tom didn't get off the airplane with the rest of the passengers.,Tom n'est pas descendu de l'avion avec les autres passagers.
Tom didn't get off the airplane with the rest of the passengers.,Tom ne descendit pas de l'avion avec les autres passagers.
Tom didn't have the courage to admit that he had made a mistake.,Tom n'a pas eu le courage d'admettre qu'il avait fait une erreur.
Tom didn't have time to watch the TV program he wanted to watch.,Tom n'a pas eu le temps de regarder le programme TV qu'il voulait voir.
Tom didn't tell his parents that he had gotten an F on the test.,Tom n'a pas dit à ses parents qu'il avait eu un F à l'examen.
Tom didn't tell his parents that he had gotten an F on the test.,Tom ne dit pas à ses parents qu'il avait eu un F à l'examen.
Tom didn't tell his parents that he had gotten an F on the test.,Tom n'a pas dit à ses parents qu'il avait eu un F à l'évaluation.
Tom didn't tell his parents that he had gotten an F on the test.,Tom ne dit pas à ses parents qu'il avait eu un F à son évaluation.
Tom doesn't know who Mary has decided to give her old guitar to.,Tom ne sait pas à qui Marie a décidé de donner sa vieille guitare.
Tom doesn't like people to know that he can't speak French well.,Tom ne veux pas que les gens sachent qu'il ne parle pas bien français.
Tom has already finished the book he started reading last night.,Tom a déjà fini le livre qu'il avait commencé à lire la nuit dernière.
Tom has decided to have the surgery that his doctor recommended.,Tom a décidé de subir l'opération que le médecin lui a recommandée.
Tom has to learn Japanese because he's going to Japan next year.,Tom doit apprendre le japonais car il va au Japon l'année prochaine.
Tom hopes to inherit a lot of money when his mother passes away.,Tom espère hériter de beaucoup d'argent quand sa mère décédera.
Tom intends to play tennis every day during his summer vacation.,Tom a l'intention de jouer au tennis chaque jour pendant ses vacances estivales.
Tom is heating up a piece of yesterday's pizza in the microwave.,Tom réchauffe un morceau de la pizza d’hier dans le four à micro-ondes.
Tom lay awake for a long time wondering about what he should do.,"Tom resta longtemps allongé sans dormir, s'interrogeant ce qu'il devrait faire."
Tom says he didn't know Mary wanted to go to Australia with him.,Tom dit qu'il ne savait pas que Mary voulait aller en Australie avec lui.
"Tom thinks Mary is in Boston, but she's actually in Chicago now.","Tom pense que Mary est à Boston, mais en réalité elle est à Chicago actuellement."
"Tom wanted to ask a question, but he didn't want to seem stupid.","Tom voulait poser une question, mais il ne voulait pas avoir l'air stupide."
Tom was about to kiss Mary when her father walked into the room.,Tom était sur le point d'embrasser Mary lorsque son père est rentré dans la pièce.
We associate the name of Einstein with the theory of relativity.,Nous associons le nom d'Einstein à la relativité.
We couldn't open the door because it was locked from the inside.,Nous n'avons pu ouvrir la porte parce qu'elle était verrouillée de l'intérieur.
We couldn't open the door because it was locked from the inside.,Nous ne pûmes ouvrir la porte parce qu'elle était verrouillée de l'intérieur.
We criticized the photographer for not rescuing the child first.,Nous critiquâmes le photographe de ne pas avoir d'abord sauvé l'enfant.
"We found a beautiful, blue lagoon on the far side of the island.",Nous sommes tombés sur une très jolie lagune bleue dans la zone la plus éloignée de l'île.
We have to nip this problem in the bud before it gets any worse.,Nous devons écraser ce problème dans l'œuf avant qu'il n'empire.
We often took a walk along the seashore together in the morning.,Nous nous promenions souvent ensemble le long de la côte le matin.
We should just enjoy this and not worry about how much it costs.,Nous devrions tout simplement profiter de cela et ne pas vous soucier de combien il en coûte.
We used emergency measures to revive the cardiac arrest patient.,Nous avons utilisé des mesures d'urgence pour réanimer le patient victime d'un arrêt cardiaque.
We will ship the product immediately after receiving your order.,Nous vous expédierons le produit immédiatement après avoir reçu votre commande.
We're going to eat a lot tonight so I hope you're not on a diet.,On va beaucoup manger ce soir alors j'espère que tu ne fais pas de régime.
"We're not exactly friends, but we're not exactly enemies either.","Nous ne sommes pas exactement amis, mais nous ne sommes pas exactement ennemis non plus."
What happens when an unstoppable force hits an unmovable object?,Que se passe-t-il lorsqu'une force effrénée frappe un objet immuable ?
What if you were able to buy the house you've always dreamed of?,Et si tu étais en mesure d'acquérir la maison dont tu as toujours rêvé ?
What if you were able to buy the house you've always dreamed of?,Et si vous étiez en mesure d'acquérir la maison dont vous avez toujours rêvé ?
"When Dad finds out what you've done, he's going to hit the roof.","Quand Papa va s'apercevoir de ce que tu as fait, il va devenir dingue."
"When they moved to the town, they found it easy to make friends.","Lorsqu'ils ont déménagé en ville, ils ont trouvé que se faire des amis était facile."
"When we entered the shack, we saw a half-eaten pie on the table.","En entrant dans la cabane, nous vîmes une tarte à moitié mangée sur la table."
When would you have time to come over and help me move my piano?,Quand disposerais-tu de temps pour venir chez moi et m'aider à bouger mon piano ?
"When you hear hoofbeats behind you, don't expect to see a zebra.","Quand vous entendez des bruits de sabots derrière vous, n'espérez pas voir un zèbre."
"While I was waiting for the bus, I witnessed a traffic accident.","Tandis que j'attendais le bus, j'ai assisté à un accident."
"While I was waiting for the bus, I witnessed a traffic accident.","Tandis que j'attendais le car, j'ai assisté à un accident."
"While you are about it, please make a cup of coffee for me, too.","Tant que tu y es, merci de faire une tasse de café pour moi aussi."
"Wimbledon has eighteen grass courts, including the Center Court.","Wimbledon a dix-huit courts sur gazon, dont le court central."
Yesterday my bicycle was stolen while I was doing some shopping.,"Hier, on m'a volé mon vélo pendant que je faisais les courses."
Yesterday my bicycle was stolen while I was doing some shopping.,"Hier, on m'a volé mon vélo pendant que je faisais du shopping."
"Yesterday, as I was walking along the street, I saw an accident.","Hier, alors que je marchais dans la rue, j'ai été témoin d'un accident."
"Yesterday, as I was walking along the street, I saw an accident.","Hier, alors que je marchais dans la rue, j'ai vu un accident."
You can listen to audio files by native speakers on our website.,"Sur notre site web, vous pouvez écouter des fichiers audio par des locuteurs natifs."
You can't blame her for not knowing what she hasn't been taught.,Tu ne peux pas la blâmer d'ignorer ce qu'on ne lui a pas enseigné.
You can't blame her for not knowing what she hasn't been taught.,Vous ne pouvez pas la blâmer d'ignorer ce qui ne lui a pas été enseigné.
You cannot achieve the impossible without attempting the absurd.,On ne peut pas accomplir l'impossible sans tenter l'absurde.
You cannot separate the milk from the coffee once you put it in.,Tu ne peux plus séparer le lait du café une fois que tu l'as versé dedans.
"You have the right to free speech, but not the right to slander.","Vous avez le droit à la libre expression, mais pas le droit à la calomnie."
"You have to acquire real skills, not just superficial knowledge.","Il vous faut acquérir de véritables compétences, pas juste une connaissance superficielle."
You might as well throw your money away as spend it on gambling.,Tu ferais tout aussi bien de jeter ton argent par les fenêtres que de le dépenser au jeu.
You might as well throw your money away as spend it on gambling.,Vous feriez tout aussi bien de jeter votre argent par les fenêtres que de le dépenser au jeu.
You must've been surprised to meet your teacher in such a place.,Tu as dû être surpris de rencontrer ton instituteur dans un tel endroit.
You must've been surprised to meet your teacher in such a place.,Tu as dû être surprise de rencontrer ton professeur dans un tel endroit.
You need to have exact change to pay the toll of the expressway.,Il vous faut la monnaie exacte pour payer le péage de l'autoroute.
You should always wear a seat belt when you are riding in a car.,On devrait toujours mettre une ceinture lorsqu'on est en voiture.
You should bone up on your French before your trip to Marseille.,Tu devrais bûcher ton français avant ton voyage pour Marseille.
You should bone up on your French before your trip to Marseille.,Vous devriez bûcher votre français avant votre voyage pour Marseille.
You'll never know whether you can do it or not if you don't try.,Vous ne saurez jamais si vous pouvez réussir ou pas si vous n'essayez pas.
"Do you like sports? ""Yes, I like baseball, among other things.""","« Vous aimez le sport ? » « Oui, j'aime le baseball, entre autres. »"
"Give me something to write with. ""Will this ball-point pen do?""",« Donnez-moi quelque chose pour écrire. » « Ce stylo-bille vous conviendrait-il ? »
"Will you be at my party tomorrow night? ""I'll try to be there.""","« Seras-tu à ma soirée, demain ? » « J'essaierai d'y être. »"
"Will you be at my party tomorrow night? ""I'll try to be there.""","« Serez-vous à ma soirée, demain ? » « J'essaierai d'y être. »"
A bystander videotaped the police beating using their cell phone.,Un passant a filmé la brutalité policière à l'aide de son téléphone portable.
A caravan of fifty camels slowly made its way through the desert.,Une caravane de cinquante chameaux se dirigeait lentement à travers le désert.
A leading specialist was brought in to authenticate the painting.,Un expert de premier plan fut convoqué pour authentifier le tableau.
A person who won't read has no advantage over one who can't read.,Une personne qui ne veut pas lire n'a pas d'atout par rapport à une autre qui ne peut pas.
A teacher should never make fun of a student who makes a mistake.,Un enseignant ne devrait jamais se moquer d'un élève qui fait une faute.
Alice will tell you that in Wonderland everything is topsy-turvy.,"Alice pourra te dire qu'au Pays des merveilles, tout est sens dessus dessous."
"At the end of a working day, everybody is in a hurry to get home.","À la fin d'une journée de travail, tout le monde est pressé de rentrer chez soi."
"Before you can love others, you need to be able to love yourself.","Avant de pouvoir aimer les autres, il faut être en mesure de s'aimer soi-même."
British and Japanese cars have steering wheels on the right side.,Les voitures britanniques et japonaises ont le volant à droite.
"By signing a contract, you agree to certain terms and conditions.",En signant un contrat vous souscrivez à certaines dispositions et conditions.
Can you imagine what our lives would be like without electricity?,Est-ce que tu peux imaginer ce que notre vie serait sans électricité ?
Can you imagine what our lives would be like without electricity?,Pouvez-vous imaginer ce que serait notre vie sans électricité ?
Can you spare me a few minutes? I'd like to have a word with you.,Pouvez-vous me consacrer quelques minutes ? J'aimerais vous dire un mot.
Can you spare me a few minutes? I'd like to have a word with you.,Peux-tu me consacrer quelques minutes ? J'aimerais te dire un mot.
Can you tell me anything about what's going to happen here today?,Peux-tu me dire quelque chose à propos de ce qu'il va se passer ici aujourd'hui ?
Car production in that year reached a record 10 million vehicles.,La production d'automobiles a cette année atteint le chiffre record de dix millions de véhicules.
"Cesar Chavez was born on a small farm near Yuma, Arizona in 1927.","César Chávez est né dans une petite ferme près de Yuma en Arizona, en 1927."
Communicating more to the point and directly would help everyone.,Communiquer de manière plus pertinente et directement aiderait tout le monde.
Could you just please answer the question? We don't have all day.,"Pourriez-vous simplement répondre à la question, s'il vous plaît ? Nous n'avons pas toute la journée !"
Could you just please answer the question? We don't have all day.,"Pourrais-tu simplement répondre à la question, s'il te plaît ? Nous n'avons pas toute la journée !"
Could you please tell me how tall you are and how much you weigh?,"Pourrais-tu m'indiquer quelle taille tu fais et combien tu pèses, je te prie ?"
"Could you wake me tomorrow morning at a quarter to seven, please?","Pourriez-vous me réveiller demain matin à sept heures moins le quart, s'il vous plaît ?"
"Daddy, I can't walk any more. Could you give me a piggyback ride?","Papa, je ne peux plus marcher. Pourrais-tu me porter sur ton dos ?"
Does she come from the agency that sent the last temporary I had?,Est-ce qu'elle vient de la même agence qui m'a envoyé le dernier intermittent que j'ai eu ?
Don't kid yourself. You couldn't afford to buy a house like this.,Arrête de te la raconter ! Tu n'aurais pas les moyens d'acheter une maison pareille.
Don't kid yourself. You couldn't afford to buy a house like this.,Arrêtez de vous la raconter ! Vous n'auriez pas les moyens d'acheter une maison pareille.
Electric power companies are seeking to reduce their use of coal.,Les sociétés d'énergie électrique cherchent à réduire leur utilisation de charbon.
"Even though the accident was six months ago, my neck still hurts.","Bien que l'accident date déjà d'il y a six mois, mon cou me fait encore mal."
Everybody makes mistakes. That's why they put erasers on pencils.,Tout le monde fait des erreurs. C'est pour ça qu'on met des gommes sur les crayons.
Everyone was glued to the TV set as the election results came in.,Tout le monde était rivé à la télévision pour l'annonce des résultats de l'élection.
"Everyone's laughing, but no one will explain to me what happened.","Tout le monde rit, mais personne ne m'explique ce qui s'est passé."
Exports in January were up 20% over the same period of last year.,Les exportations de janvier ont été supérieures de 20% par rapport à l'an dernier.
"Father has lost his job, and what's worse, Mother has fallen ill.","Père a perdu son emploi, et ce qui est pire, mère est tombée malade."
"Father has lost his job, and what's worse, Mother has fallen ill.","Père a perdu son emploi, et pire, mère est tombée malade."
Father went to a lot of trouble to prepare dinner for our guests.,Père a rencontré de nombreux problèmes en préparant le dîner pour les invités.
"For the time being, I am studying French at this language school.","Pour le moment, j'étudie le français dans cette école de langues."
"Furthermore, I still don't think this a huge cultural difference.","Qui plus est, je ne pense quand même que cela ne constitue pas une différence culturelle énorme."
"He loves a banquet, provided he is not expected to make a speech.","Il aime les banquets, à condition qu'on n'attende pas de lui un discours."
"He wanted to see a bullfight, but his father wouldn't let him go.","Il voulut voir une corrida, mais son père ne lui permit pas d'y aller."
"He was curious about how it would taste, so he took a small bite.","Il était curieux du goût que ça aurait, alors il en mordit un petit morceau."
He was groomed from a young age to take over the family business.,Il a été formé pour reprendre les affaires de la famille depuis son plus jeune âge.
He was unable to completely give up on his hopes of marrying her.,Il était incapable d'abandonner complètement ses espoirs de l'épouser.
"He who is not satisfied with a little, is satisfied with nothing.",Qui ne se satisfait pas de peu ne se satisfait de rien.
"He won't be able to escape from there without a miracle, will he?","Il ne pourra pas s'échapper de là sans un miracle, n'est-ce pas ?"
He worked day and night so that his family could live in comfort.,Il a travaillé jour et nuit pour que sa famille puisse vivre dans le confort.
Her composition is very good except for a few errors in spelling.,Sa rédaction est très bonne bien qu'elle comporte quelques fautes d'orthographe.
"His name was on the tip of my tongue, but I couldn't remember it.",J'avais son nom au bout de la langue mais je ne pouvais m'en souvenir.
How will we feed everyone if the world's population keeps rising?,Comment nourrirons-nous tout le monde si la population mondiale continue à augmenter ?
How would you reword this sentence to make it sound more natural?,Comment reformulerais-tu cette phrase pour la rendre plus naturelle ?
How would you reword this sentence to make it sound more natural?,Comment reformuleriez-vous cette phrase pour la rendre plus naturelle ?
I am looking for a part-time job so I can buy a new video camera.,Je suis à la recherche d'un travail à temps partiel afin de pouvoir m'acheter un nouveau caméscope.
I ate some Greek food at a nearby restaurant just a few days ago.,J'ai mangé de la nourriture grecque dans un restaurant du coin il y a seulement quelques jours.
I came across an article in the newspaper about your new project.,Je suis tombé sur un article dans le journal sur ton nouveau projet.
I came across an article in the newspaper about your new project.,Je suis tombé sur un article dans le journal à propos de votre nouveau projet.
I can pick out only two or three constellations in the night sky.,Je n'arrive à trouver que deux ou trois constellations dans le ciel nocturne.
I cannot look at this picture without thinking of my dead mother.,Je ne peux regarder cette photo sans penser à ma défunte mère.
I couldn't meet him at the station because my car ran out of gas.,Je n'ai pas pu le rencontrer à la gare parce que je suis tombé en panne d'essence.
I didn't have enough money to buy everything you asked me to buy.,Je n'avais pas assez d'argent pour acheter tout ce que vous m'aviez demandé d'acheter.
I don't believe a word of what people have been saying about her.,Je ne crois pas un mot de ce que les gens ont dit d'elle.
I don't feel like going to the movies. Let's take a walk instead.,Je n'ai pas envie d'aller au cinoche. Allons faire une promenade à la place.
I don't get very many opportunities to talk with native speakers.,Je n'ai pas souvent l'occasion de parler avec des locuteurs natifs.
I don't know how you can tolerate doing this over and over again.,Je ne sais pas comment vous supportez de faire ceci encore et encore.
I don't know how you can tolerate doing this over and over again.,Je ne sais pas comment tu supportes de faire ceci encore et encore.
I don't want to do anything to jeopardize my friendship with you.,Je ne veux pas faire quoi que ce soit qui compromette mon amitié pour toi.
I don't want to do anything to jeopardize my friendship with you.,Je ne veux pas faire quoi que ce soit qui compromette mon amitié pour vous.
I explained to the host that I had been delayed by a traffic jam.,J'ai expliqué à l'hôte que j'ai été retardé par un embouteillage.
"I feel a lot better now, but I know Dad's going to be real upset.","Je me sens beaucoup mieux maintenant, mais je sais que Papa va vraiment être contrarié."
I found this bottle when I was walking on the beach this morning.,J'ai trouvé cette bouteille pendant que je marchais sur la plage ce matin.
I have already completed 4 out of 6 tasks on my to-do list today.,J'ai déjà fait quatre des six choses de la liste des choses à faire aujourd'hui.
I have better things to do than stand here and take your insults.,J'ai mieux à faire que de rester là à subir tes insultes.
I hope that I gave you enough money to buy everything you needed.,J'espère que je t'ai donné assez d'argent pour acheter tout ce dont tu avais besoin.
I just remembered something I have to do before tomorrow morning.,Je viens juste de me rappeler quelque chose que je dois faire avant demain matin.
I just remembered something I have to do before tomorrow morning.,Je viens juste de me rappeler quelque chose qu'il me faut faire avant demain matin.
"I know you're not going to come to my party, but I wish you were.",Je sais que tu ne vas pas venir à ma fête mais j'aimerais que tu y viennes.
"I know you're not going to come to my party, but I wish you were.",Je sais que vous n'allez pas venir à ma fête mais j'aimerais que vous y veniez.
"I may have told you such a thing, but I don't remember it at all.","J'ai pu te dire une telle chose, mais je ne m'en rappelle plus du tout."
I missed a step on the stairs and I'm afraid I sprained my ankle.,J'ai raté une marche dans l'escalier et j'ai bien peur de m'être foulé la cheville.
I missed a step on the stairs and I'm afraid I sprained my ankle.,J'ai raté une marche dans l'escalier et je crains de m'être foulé la cheville.
I need someone to hold me and tell me everything will be alright.,J'ai besoin que quelqu'un me serre dans ses bras et me dise que tout ira bien.
I need someone to hold me and tell me everything will be alright.,J'ai besoin de quelqu'un qui me prenne dans ses bras et me dise que tout se passera bien.
I need to make an urgent call. Is there a public phone near here?,Je dois passer un appel urgent. Y a-t-il un téléphone public près d'ici ?
"I often told you to do your duty, but you would not listen to me.","Je t'ai souvent dit de faire ton devoir, mais tu ne m'as pas écouté."
I plan to throw all of this away. You may take whatever you like.,Je prévois de jeter tout ça en l'air. Tu peux prendre ce qui te chante.
I ran across his telephone number in an old address book of mine.,J'ai trouvé son numéro de téléphone par hasard dans un vieux carnet d'adresses.
I read in the newspaper recently that the crops really need rain.,J'ai lu dans le journal dernièrement que les champs manquaient cruellement d'eau.
I really wish I didn't have to go to that meeting this afternoon.,J'aimerais vraiment ne pas avoir à me rendre à cette réunion cet après-midi.
I really wish I didn't have to go to that meeting this afternoon.,J'aimerais vraiment ne pas avoir à me rendre à cette réunion cette après-midi.
I shouldn't have put my laptop so close to the edge of the table.,Je n'aurais pas dû poser mon portable aussi près du bord de la table.
I spent a great deal of time dealing with that problem last week.,J'ai consacré beaucoup de temps à traiter ce problème la semaine dernière.
"I spoke to him in English, but I couldn't make myself understood.",Je lui ai parlé en anglais mais je n'ai pas pu me faire comprendre.
"I still need to use these things, so please don't take them away.","J'ai encore besoin d'utiliser ces choses, alors je vous prie de ne pas les emmener."
"I still need to use these things, so please don't take them away.","J'ai encore besoin d'utiliser ces choses, alors s'il te plait ne les emmène pas."
I still owe my brother the ten dollars that he lent me last week.,Je dois toujours à mon frère les dix dollars qu'il m'a prêtés la semaine dernière.
I think I've figured out where we need to install the fire alarm.,Je pense que j'ai déterminé où il nous faut installer l'alarme incendie.
I think it's time for me to spend a little time with my children.,Je pense qu'il est temps que je passe un peu de temps avec mes enfants.
I think that Tom is leaving Australia at the end of the semester.,Je pense que Tom partira d'Australie à la fin du semestre.
I think that Tom is leaving Australia at the end of the semester.,Je pense que Tom va s'en aller d'Australie à la fin du semestre.
I think that actress is one of the most beautiful women on earth.,Je pense que cette actrice est une des plus belles femmes au monde.
I think the police should enforce the laws that are on the books.,Je pense que la police devrait appliquer le texte de la loi.
I think we may have something that you'd be interested in buying.,Je pense que nous avons peut-être quelque chose que vous seriez intéressé d'acquérir.
I think we may have something that you'd be interested in buying.,Je pense que nous avons peut-être quelque chose que vous seriez intéressée d'acquérir.
I think we may have something that you'd be interested in buying.,Je pense que nous avons peut-être quelque chose que vous seriez intéressés d'acquérir.
I think we may have something that you'd be interested in buying.,Je pense que nous avons peut-être quelque chose que vous seriez intéressées d'acquérir.
I think we may have something that you'd be interested in buying.,Je pense que nous avons peut-être quelque chose que tu serais intéressé d'acquérir.
I think we may have something that you'd be interested in buying.,Je pense que nous avons peut-être quelque chose que tu serais intéressée d'acquérir.
I think we may have something that you'd be interested in buying.,Je pense que nous avons peut-être quelque chose dont tu serais intéressé de faire l'acquisition.
I think we may have something that you'd be interested in buying.,Je pense que nous avons peut-être quelque chose dont tu serais intéressée de faire l'acquisition.
I think we may have something that you'd be interested in buying.,Je pense que nous avons peut-être quelque chose dont vous seriez intéressé de faire l'acquisition.
I think we may have something that you'd be interested in buying.,Je pense que nous avons peut-être quelque chose dont vous seriez intéressés de faire l'acquisition.
I think we may have something that you'd be interested in buying.,Je pense que nous avons peut-être quelque chose dont vous seriez intéressée de faire l'acquisition.
I think we may have something that you'd be interested in buying.,Je pense que nous avons peut-être quelque chose dont vous seriez intéressées de faire l'acquisition.
I thought I was about to be captured so I ran as fast as I could.,"Je pensais que j'étais sur le point d'être capturé, alors j'ai couru aussi vite que je pouvais."
I thought I was about to be captured so I ran as fast as I could.,"Je pensais que j'étais sur le point d'être capturé, alors je courus aussi vite que je le pus."
I thought I was about to be captured so I ran as fast as I could.,"Je pensais que j'étais sur le point d'être capturée, alors j'ai couru aussi vite que je pouvais."
I thought I was about to be captured so I ran as fast as I could.,"Je pensais que j'étais sur le point d'être capturée, alors je courus aussi vite que je le pus."
I thought you wouldn't tell her that we hadn't done our homework.,Je pensais que tu ne lui dirais pas que nous n'avions pas fait nos devoirs.
I thought you wouldn't tell her that we hadn't done our homework.,Je pensais que vous ne lui diriez pas que nous n'avions pas fait nos devoirs.
I told her once and for all that I wouldn't go shopping with her.,Je lui ai dit une fois pour toutes que je n'irais pas faire du shopping avec elle.
I told her that if I could be of any use I would be glad to help.,"Je lui ai dit que, si je pouvais être d'une quelconque utilité, je serais ravi d'aider."
I told her that if I could be of any use I would be glad to help.,"Je lui ai dit que, si je pouvais être d'une quelconque utilité, je serais ravie d'aider."
I told her that if I could be of any use I would be glad to help.,"Je lui dit que, si je pouvais être d'une quelconque utilité, je serais ravi d'aider."
I told her that if I could be of any use I would be glad to help.,"Je lui dit que, si je pouvais être d'une quelconque utilité, je serais ravie d'aider."
"I understand what you mean, but I'm not sure how to translate it.","Je comprends ce que tu veux dire, mais je ne suis pas sûr de la manière de le traduire."
"I understand what you mean, but I'm not sure how to translate it.","Je comprends ce que vous voulez dire, mais je ne suis pas sûre de la façon de le traduire."
I want a written report in my hands first thing tomorrow morning.,"Je veux avoir en mains un rapport écrit à la première heure, demain matin."
I wanted to help Tom understand what Mary was trying to tell him.,Je voulais aider Tom à comprendre ce que Marie essayait de lui dire.
I was able to catch the last train because I walked very quickly.,J'ai été en mesure d'attraper le dernier train parce que j'ai marché très vite.
I would like to become a top model and travel all over the world.,J'aimerais devenir mannequin et voyager tout autour du monde.
I'd like to buy a present for my son. Do you have any good ideas?,J'aimerais acheter un cadeau pour mon fils. Avez-vous la moindre bonne idée ?
"I'd like to make a call to Tokyo, Japan. The number is 3202-5625.","Je voudrais passer un appel à Tokyo, au Japon, le numéro est 3202-5625."
I'd suggest that you clean up a bit before your mother gets here.,"Je vous suggère de nettoyer un tantinet, avant que votre mère n'arrive ici."
I'd suggest that you clean up a bit before your mother gets here.,"Je te suggère de nettoyer un tantinet, avant que ta mère n'arrive ici."
"I'll lend you any book that I have, as long as you keep it clean.","Je te prêterai tous les livres dont je dispose, pourvu que tu les gardes propres."
"I'll lend you any book that I have, as long as you keep it clean.","Je vous prêterai tous les livres dont je dispose, pourvu que vous les gardiez propres."
I'm going to sit on the bench over there next to the street lamp.,"Je vais m'asseoir sur le banc là-bas, près du lampadaire."
"I'm on a budget, so I don't eat out more than three times a week.","Comme j'ai un budget à respecter, je vais au restaurant pas plus de trois fois par semaine."
I'm pretty hungry since I haven't eaten since early this morning.,J'ai assez faim parce que je n'ai pas mangé depuis tôt ce matin.
I'm sorry for not being more supportive when you needed me to be.,Je suis désolé de ne pas t'avoir davantage soutenu lorsque tu en avais besoin.
I'm sorry for not being more supportive when you needed me to be.,Je suis désolée de ne pas t'avoir davantage soutenu lorsque tu en avais besoin.
I'm sorry for not being more supportive when you needed me to be.,Je suis désolé de ne pas t'avoir davantage soutenue lorsque tu en avais besoin.
I'm sorry for not being more supportive when you needed me to be.,Je suis désolée de ne pas t'avoir davantage soutenue lorsque tu en avais besoin.
I'm sorry for not being more supportive when you needed me to be.,Je suis désolée de ne pas vous avoir davantage soutenue lorsque vous en aviez besoin.
I'm sorry for not being more supportive when you needed me to be.,Je suis désolée de ne pas vous avoir davantage soutenu lorsque vous en aviez besoin.
I'm sorry for not being more supportive when you needed me to be.,Je suis désolé de ne pas vous avoir davantage soutenu lorsque vous en aviez besoin.
"If I had eaten breakfast this morning, I would not be hungry now.","Si j'avais pris mon petit déjeuner ce matin, je n'aurais pas faim maintenant."
"If I'd known what you were going to do, I'd've tried to stop you.","Si j'avais su ce que tu allais faire, j'aurais essayé de te stopper."
"If John phones me, please tell him I'll be back by seven o'clock.","Si John téléphone, veuillez lui dire que je serai de retour à six heures."
If a restaurant has valet parking it's probably pretty expensive.,"Si un restaurant dispose d'un voiturier, il est probablement assez onéreux."
"If any harm comes to her, I will hold you personally responsible.","S'il lui arrive le moindre mal, je vous tiendrai personnellement responsable."
If only you'd thought of that before shooting your big mouth off.,Si seulement tu y avais réfléchi avant de te vanter.
"If we don't get something to eat soon, we'll all starve to death.","Si nous ne trouvons pas quelque chose à manger rapidement, nous allons tous mourir de faim."
"If you didn't get enough sleep last night, you should take a nap.","Si vous n'avez pas assez dormi la nuit dernière, vous devriez faire une sieste."
"If you didn't get enough sleep last night, you should take a nap.","Si tu n'as pas assez dormi la nuit dernière, tu devrais faire une sieste."
"If you don't keep the silverware polished, it'll lose its luster.","Si vous ne maintenez pas l'argenterie astiquée, elle perdra son lustre."
"If you had followed my advice, you wouldn't be in such a fix now.","Si tu avais suivi mon conseil, tu ne serais pas dans un tel pétrin, maintenant."
"If you had followed my advice, you wouldn't be in such a fix now.","Si vous aviez suivi mon conseil, vous ne seriez pas dans un tel embarras, maintenant."
"If you have an indoor swimming pool, you're probably pretty rich.","Si vous avez une piscine intérieure, vous êtes probablement très riche."
"If you leave right now, you'll be in time for the plane for sure.","Si vous partez maintenant, vous serez assurément à l'heure pour l'avion."
"If you visit New York, you've just got to come and see our house.","Si vous venez visiter New-York, n'hésitez pas à passer à la maison."
"If you would like to have further information, please contact me.","Si vous souhaitez en savoir davantage, veuillez me contacter."
"In Singapore, one way to punish a criminal is to whip him or her.","À Singapour, la flagellation est une façon de punir un criminel."
"In case the shipment is delayed, we have special delay insurance.","En cas de retard de la cargaison, nous avons une assurance retard spéciale."
"In swimming pools, water is continuously pumped through a filter.","Dans les piscines, l'eau est continuellement pompée à travers un filtre."
"In those days, I made it a point to take a walk before breakfast.","À cette époque, je me faisais un point d'honneur d'effectuer une promenade avant le petit-déjeuner."
Is it correct to say that the Qur'an is the bible of the Muslims?,Est-il juste de dire que le Coran est la Bible des Musulmans ?
It is costly and politically difficult to continue this conflict.,Cela est coûteux et politiquement difficile de continuer ce conflit.
It is the job that is never started that takes longest to finish.,C'est le boulot qu'on ne commence jamais qui est le plus long à terminer.
It is useless to try to remember all the words in the dictionary.,Il est inutile d'essayer de se rappeler de tous les mots du dictionnaire.
It was fortunate for her that her husband arrived at that moment.,Ce fut une chance pour elle que son mari arrive à ce moment-là.
It's amazing that he won the championship at the age of nineteen.,C'est incroyable qu'il a gagné le championnat à l'âge de 19 ans.
It's more interesting to travel alone than to go on a group tour.,Il est plus intéressant de voyager seul qu'en groupe.
It's too late to shut the stable door after the horse has bolted.,"Une fois que le cheval s'est enfui, c'est trop tard pour fermer la porte de l'écurie."
Living in the town is quite different from living in the country.,Vivre en ville est assez différent de vivre à la campagne.
Many cancer patients lose their hair because of the chemotherapy.,De nombreux patients atteints du cancer perdent leurs cheveux à cause de la chimiothérapie.
Many countries have signed a treaty to eliminate nuclear weapons.,Beaucoup de pays ont signé un traité pour éliminer les armes nucléaires.
Many firms are competing for the wealthier segment of the market.,De nombreuses entreprises se font concurrence pour la partie plus lucrative du marché.
Many mistakes could have been avoided through simple experiments.,De nombreuses erreurs auraient pu être évitées par de simples expérimentations.
Maybe my grandchild will be the first person to set foot on Mars.,Peut-être mon petit-enfant sera-t-il la première personne à poser le pied sur Mars.
Maybe my grandchild will be the first person to set foot on Mars.,Peut-être que mon petit-enfant sera la première personne à poser le pied sur Mars.
Maybe my grandchild will be the first person to set foot on Mars.,Peut-être mon petit-fils sera-t-il le premier homme à fouler le sol de Mars.
"Maybe you don't know this, but nobody could ever take your place.","Peut-être ne le sais-tu pas, mais personne ne pourrait te remplacer."
My father is oblivious to the emotional pain his abuse caused me.,Mon père ne se rend pas compte de la douleur émotionnelle que ses injures m'ont causée.
My heart is pounding so hard it feels like it's going to explode.,Mon cœur bat tellement fort qu'il semble vouloir éclater.
My office is on the fourth floor of that gray six-story building.,Mon bureau est au troisième étage de cet immeuble gris de cinq étages.
My older sister was grounded for coming home too late last night.,Ma sœur aînée est privée de sorties pour être rentrée trop tard la nuit dernière.
Never choose a vocation just because it promises social standing.,N'élisez jamais une profession juste parce qu'elle promet un statut social.
Never in my wildest dreams did I ever think you'd go out with me.,"Jamais, dans mes rêves les plus fous, je n'avais pensé que tu sortirais avec moi."
Oil has played an important part in the progress of civilization.,Le pétrole a joué un rôle important dans le progrès de la civilisation.
One of the fan blades broke loose and shattered against the wall.,L'une des pales du ventilateur s'est détachée et s'est brisée contre le mur.
Perhaps we should consider what would happen if we don't do this.,Peut-être devrions-nous considérer ce qui arriverait si nous ne faisons pas ceci.
Reducing the budget deficit is a major concern of the government.,Réduire le déficit de l’État est l'une des préoccupations majeures du gouvernement.
Science has discovered that there are five types of human beings.,La science a découvert qu'il y a cinq types d'êtres humains.
She can't even speak her native language without making mistakes.,Elle ne peut même pas parler sa langue maternelle sans faire de fautes.
She didn't attend the meeting for fear of meeting her ex-husband.,Elle n'est pas venue à la rencontre de peur de croiser son ex-mari.
"She protested weakly, but ended up joining in with everyone else.",Elle protesta mollement mais finit par prendre part avec tous les autres.
"She wanted to have her hair cut, but her mother wouldn't let her.","Elle voulait se faire faire couper les cheveux, mais sa mère ne lui permettait pas."
"She was superstitious, as the people of that period usually were.","Elle était superstitieuse, à l'instar des gens de cette époque."
"Since the note was written in French, it was easy for me to read.","Comme la note était rédigée en français, il me fut facile de la lire."
Smartphones would have seemed like science fiction ten years ago.,"Les téléphones intelligents auraient paru être la science-fiction, il y a dix ans de ça."
"Some of the roses in my garden are white, and the others are red.","Une partie des roses de mon jardin sont blanches, et les autres sont rouges."
Some people say that it is human nature to root for the underdog.,Certains disent qu'il est dans la nature humaine de soutenir l'outsider.
Sometimes I wonder whether or not there's a point to all of this.,"Parfois, je me demande si, oui ou non, tout ceci a un sens."
"Sorry to bother you, but I'm afraid something urgent has come up.",Désolé de vous déranger mais je crains que quelque chose d'urgent soit survenu.
Steel production reached an estimated 100 million tons last year.,La production d'acier a atteint environ 100 millions de tonnes l'année dernière.
Students generally like a teacher who understands their problems.,Les étudiants apprécient généralement un professeur qui comprend leurs problèmes.
Such a person invariably expends his physical energy more slowly.,Ce genre de personne consomme son énergie physique plus lentement.
The CEO is trying to quash these unfounded rumors about a merger.,Le DG essaie d'étouffer ces rumeurs infondées au sujet d'une fusion.
The amount of time you spend practicing the trumpet is up to you.,La quantité de temps que tu consacres à pratiquer la trompette est à ta discrétion.
The amount of time you spend practicing the trumpet is up to you.,La somme de temps que vous consacrez à pratiquer la trompette est à votre discrétion.
The average height of the girls in class is over 155 centimeters.,La moyenne de taille des filles de la classe est au-dessus de 1 mètre 55.
The blockade by Britain and the other allies was very successful.,Le blocus par la Grande-Bretagne et les autres alliés fut couronné de succès.
The exchange rates are posted daily outside the cashier's office.,Les taux de change sont affichés quotidiennement à l'extérieur de la caisse.
"The film had a great beginning, but the ending wasn't believable.","Le film commençait très bien, mais sa fin n'était pas crédible."
The government appointed a committee to investigate the accident.,Le gouvernement désigna une commission pour enquêter sur l'accident.
The government was obliged to make changes in its foreign policy.,Le gouvernement était dans l'obligation de modifier sa politique extérieure.
The investment advice we used to give just doesn't apply anymore.,Le conseil d'investissement que nous avions l'habitude de donner ne s'applique simplement désormais plus.
The juggler wowed the crowd by keeping ten oranges up in the air.,Le jongleur enthousiasma la foule en gardant dix oranges en l'air.
The map says we're no more than two kilometers from the treasure.,Le plan indique que nous ne sommes plus qu'à deux kilomètres du trésor.
The meeting started with some general chit-chat to break the ice.,"La réunion a commencé par quelques bavardages d'ordre général, histoire de rompre la glace."
The number of people suffering from heart disease is on the rise.,Le nombre de personnes souffrant de maladies cardiovasculaires est en hausse.
The only golden rule is that he who has the gold makes the rules.,La seule règle d'or est que celui qui détient l'or écrit les règles.
The only thing that matters is whether or not you can do the job.,La seule chose qui importe est si oui ou non tu peux faire le boulot.
The only thing that matters is whether or not you can do the job.,La seule chose qui compte est si oui ou non vous pouvez accomplir le travail.
"The police followed up all their leads, but came up empty handed.",La police suivit toutes ses pistes mais revint les mains vides.
The police kept looking for a stolen article for about one month.,La police continua à rechercher un article volé pendant un mois.
The public at large are dissatisfied with the present government.,La population est mécontente du gouvernement actuel.
The strange object in the sky could be seen with the unaided eye.,L'étrange objet dans le ciel pouvait être vu à l'œil nu.
The thief cut the telephone lines before breaking into the house.,Le voleur coupa les lignes de téléphone avant de pénétrer dans la maison.
The thief cut the telephone lines before breaking into the house.,Le voleur coupa les lignes téléphoniques avant de s'introduire dans la maison.
The treasure is believed to lie hidden somewhere in the mountain.,On croyait que le trésor était resté caché quelque part dans la montagne.
There are more cars on the road in the summer than in the winter.,Il y a plus de voitures sur la route en été qu'en hiver.
There are more cars on the road in the summer than in the winter.,Il y a davantage de voitures sur la route en été qu'en hiver.
There are not enough doctors to give proper care to the children.,Il n'y a pas suffisamment de médecins pour apporter des soins appropriés aux enfants.
There are some people who sleep in the daytime and work at night.,Il y a des gens qui dorment le jour et travaillent la nuit.
They attributed his bad manners to lack of training in childhood.,Ils ont mis ses mauvaises manières sur le compte d'un manque d'éducation dans son enfance.
They had to change their schedule because the train arrived late.,Ils ont dû changer leur plans car le train était arrivé en retard.
"Things change from time to time, and one should change with them.","Les choses changent de temps en temps, et on devrait changer avec elles."
This book will give you a clear idea of the American way of life.,Ce livre te donnera une idée claire du mode de vie américain.
This book will give you a clear idea of the American way of life.,Ce livre vous donnera une idée claire du mode de vie américain.
This book will give you a clear idea of the American way of life.,Ce livre vous donnera une idée claire du mode de vie étasunien.
This book will give you a clear idea of the American way of life.,Ce livre te donnera une idée claire du mode de vie étasunien.
This is like fighting someone with one arm tied behind your back.,C'est comme combattre quelqu'un avec un bras attaché dans le dos.
"This letter is personal, and I don't want anyone else to read it.",Cette lettre est personnelle ; je ne veux pas que quelqu'un d'autre la lise.
This newspaper article is more interesting than the previous one.,Cet article est plus intéressant que le précédent.
This newspaper article is more interesting than the previous one.,Cet article de journal est plus intéressant que le précédent.
This will be a good souvenir of my trip around the United States.,Ça sera un bon souvenir de mon voyage à travers les États-Unis.
This yearbook is illustrated with a lot of beautiful photographs.,Cet annuaire est illustré de nombreuses belles photos.
"Through genetic engineering, corn can produce its own pesticides.","Grâce au génie génétique, le maïs peut produire ses propres pesticides."
Tom accidentally shot himself in the foot while cleaning his gun.,Tom s'est tiré dans le pied pendant qu'il nettoyait son arme à feux.
Tom always checks to verify that no dyes are in any food he buys.,Tom vérifie toujours qu'il n'y a aucun colorant dans la nourriture qu'il achète.
Tom and I love each other and that's the only thing that matters.,Tom et moi nous aimons et c'est tout ce qui compte !
Tom and I love each other and that's the only thing that matters.,Tom et moi nous aimons et c'est tout ce qui importe !
"Tom doesn't have a cat. However, Tom does have a dog, doesn't he?","Tom n'a pas de chat. Cependant, Tom a un chien, n'est-ce pas ?"
Tom eats lunch at the school cafeteria two or three times a week.,Tom prend son déjeuner à la cafétéria de l'école deux ou trois fois par semaine.
Tom hopes he doesn't have to live in Boston for more than a year.,Tom espère qu'il ne devra pas vivre à Boston pendant plus d'un an.
"Tom knew there was something in the box, but he didn't know what.",Tom savait qu'il y avait quelque chose dans la boîte mais ne savait pas quoi.
Tom probably shouldn't have bought such an expensive bass guitar.,Tom n'aurait probablement pas dû acheter une basse aussi chère.
Tom should have been eating more vegetables and not as much meat.,Tom aurait dû manger plus de légumes et pas autant de viande.
Tom showed me the poems that he'd written when he was a teenager.,Tom m'a montré les poèmes qu'il avait écrit quand il était adolescent.
"Tom tried to look through the keyhole, but couldn't see anything.","Tom essaya de regarder par le trou de la serrure, mais ne put rien voir."
"Tom wants to buy a bass guitar, but he doesn't have enough money.","Tom veut acheter une basse, mais il n'a pas assez d'argent."
Tom was really glad to hear that Mary was going to help him move.,Tom était très content d'entendre que Marie allait l'aider à déménager.
"Tom went to his room, changed into his pajamas, and got into bed.","Tom alla dans sa chambre,enfila son pyjama et se coucha."
Tom wouldn't mind eating meat and potatoes every day of the week.,Cela ne dérangerait pas Tom de manger de la viande et des patates tous les jours de la semaine.
Tom's impeccable manners made a big impression on Mary's parents.,Les manières impeccables de Tom ont fait forte impression sur les parents de Marie.
"We can continue playing, as long as we don't make too much noise.",Nous pouvons continuer à jouer pour autant que nous ne fassions pas trop de bruit.
"We got stuck in a traffic jam, which made us twenty minutes late.","Nous sommes restés coincés dans un embouteillage, ce qui nous a mis vingt minutes en retard."
"We got stuck in a traffic jam, which made us twenty minutes late.","Nous sommes restés coincés dans une file, ce qui nous a causé vingt minutes de retard."
"We got stuck in a traffic jam, which made us twenty minutes late.","Nous avons été pris dans un bouchon, qui nous a mis vingt minutes en retard."
We must think about these plans in terms of what they would cost.,Nous devons penser aux coûts de ces projets.
We shall continue our efforts to eradicate racial discrimination.,Nous poursuivrons nos efforts pour éliminer la discrimination raciale.
We think a disgruntled employee was the one who planted the bomb.,Nous pensons que c'était un employé mécontent qui a placé la bombe.
We try to explain things across cultures; in spite of boundaries.,Nous essayons d'expliquer les choses au travers des cultures ; en dépit des frontières.
What we know of health we have learned from the study of disease.,"Ce que nous savons de la santé, nous l'avons appris de l'étude des maladies."
What'll you do if you can't find enough food to feed your family?,Que ferez-vous si vous ne trouvez pas assez de nourriture pour nourrir votre famille ?
What's the name of that fat girl you used to date in high school?,Quel est le nom de cette grosse fille avec laquelle tu es sorti au lycée ?
"When I arrived at the station, the train was just about to leave.","Quand je suis arrivé à la gare, le train était sur le point de partir."
"When I got out of jail, I wanted to patch things up with my wife.","Lorsque je suis sorti de prison, je voulais raccommoder les choses avec ma femme."
"When I have migraines, aspirin doesn't alleviate the pain for me.","Lorsque j'ai la migraine, l'aspirine ne soulage pas la douleur pour moi."
"When I was a child, I would spend hours reading alone in my room.","Quand j'étais petit, je passais des heures à lire tout seul dans ma chambre."
"When I was a child, my mother would often read fairy tales to me.","Lorsque j'étais enfant, ma mère me lisait souvent des contes."
When was the last time that you did something for the first time?,Quand était la dernière fois que tu as fait quelque chose pour la première fois ?
When was the last time that you did something for the first time?,Quand était la dernière fois que vous avez fait quelque chose pour la première fois ?
When was the last time you had to deal with this kind of problem?,Quand était la dernière fois que vous avez dû traiter ce genre de problème ?
"When we are told not to come, we become all the more eager to go.","Quand on nous dit de ne pas venir, nous avons encore plus envie de partir."
"Whenever I get on the subway, I put my wallet in my front pocket.","Chaque fois que je prends le métro, je place mon portefeuille dans ma poche de devant."
Why are you worrying about something that doesn't matter so much?,Pourquoi te fais-tu du souci à propos de quelque chose qui n'a pas tant d'importance ?
Why are you worrying about something that doesn't matter so much?,Pourquoi vous faites-vous du souci à propos de quelque chose qui n'a pas tant d'importance ?
Writing is easy. All you have to do is cross out the wrong words.,"L'écriture, c'est facile : Tout ce que vous avez à faire, c'est de barrer les mots qui ne vont pas."
You always said you wanted to become a scientist. Why didn't you?,Tu as toujours dit que tu voulais devenir scientifique. Pourquoi ne l'es-tu pas devenu ?
You always said you wanted to become a scientist. Why didn't you?,Tu as toujours dit que tu voulais devenir scientifique. Pourquoi ne l'es-tu pas devenue ?
You always said you wanted to become a scientist. Why didn't you?,Vous avez toujours dit que vous vouliez devenir scientifique. Pourquoi ne l'êtes-vous pas devenu ?
You always said you wanted to become a scientist. Why didn't you?,Vous avez toujours dit que vous vouliez devenir scientifique. Pourquoi ne l'êtes-vous pas devenue ?
You are under no obligation whatsoever to share this information.,Vous n'êtes aucunement dans l'obligation de divulguer cette information.
You can adjust the seat height by moving the adjustment lever up.,Tu peux ajuster la hauteur du siège en utilisant le levier de réglage.
"You can do anything you want, depending on what floats your boat.","Tu peux faire tout ce que tu veux, selon ce qui te chante."
"You can do anything you want, depending on what floats your boat.","On peut faire tout ce qu'on veut, selon ce qui nous chante."
"You can do anything you want, depending on what floats your boat.","Vous pouvez faire tout ce que vous voulez, selon ce qui vous chante."
You can download audio files by native speakers from our website.,"Tu peux télécharger, à partir de notre site web, des données audio par des locuteurs natifs."
You might as well read a novel instead of staring at the ceiling.,Tu ferais tout aussi bien de lire un roman plutôt que de contempler le plafond.
You might as well read a novel instead of staring at the ceiling.,Vous feriez tout aussi bien de lire un roman plutôt que de contempler le plafond.
You should take the appropriate measures at the appropriate time.,Tu devrais prendre les mesures appropriées au moment approprié.
You should take the appropriate measures at the appropriate time.,Vous devriez prendre les mesures appropriées au moment approprié.
You should take the appropriate measures at the appropriate time.,On devrait prendre les mesures appropriées au moment approprié.
You've got a lot of nerve bringing me here under false pretenses.,Vous ne manquez pas d'air de m'attirer ici sous de faux prétextes.
You've got a lot of nerve bringing me here under false pretenses.,Tu ne manques pas d'air de m'attirer ici sous de faux prétextes.
You've got a lot of nerve bringing me here under false pretenses.,Vous avez du toupet de m'attirer ici sous de faux prétextes.
You've got a lot of nerve bringing me here under false pretenses.,Tu as du toupet de m'attirer ici sous de faux prétextes.
"How far is it from here to the station? ""It is about two miles.""",« Quelle est la distance d'ici à la gare ? » « Environ trois kilomètres. »
"I don't have time to spend with my kids. ""You should make time.""",« Je ne dispose pas de temps à passer avec mes enfants. » « Vous devriez en ménager. »
"I don't have time to spend with my kids. ""You should make time.""",« Je ne dispose pas de temps à passer avec mes enfants. » « Tu devrais en ménager. »
A flush is a poker hand where all five cards are of the same suit.,Une couleur est une main de poker dans laquelle la totalité des cinq cartes sont de la même couleur.
A fund was set up with a view to preserving our endangered planet.,Un fond a été établi dans l'optique de préserver notre planète en danger.
A vigilante bypasses the law and takes matters into his own hands.,Un milicien contourne la loi et prend les choses entre ses propres mains.
"After a few minutes, I began to lose interest in the conversation.","Après quelques minutes, je commençai à perdre mon intérêt pour la conversation."
"After being in a coma for three weeks, Tom regained consciousness.","Après être resté dans le coma pendant trois semaines, Tom reprit connaissance."
"After getting through customs, I was free to go wherever I wanted.","Après être passé à la douane, je fus libre d'aller où je voulais."
"After the summer holidays, the children have to go back to school.","Après les congés d'été, les enfants doivent retourner à l'école."
"After the summer holidays, the children have to go back to school.","À l'issue des vacances estivales, il faut que les enfants retournent à l'école."
"After using the knife, please be sure to put it back where it was.",Remettez bien le couteau à sa place après usage.
All eyes were glued on the TV set as the election results came in.,Tous les yeux étaient collés au poste de télévision tandis que tombaient les résultats de l'élection.
"Although I grew up on a farm, I don't know much about agriculture.","Même si j’ai grandi dans une ferme, je ne suis pas versé en agriculture."
An understanding of people is the greatest weapon you can possess.,Une compréhension des gens est l'arme la plus puissante que vous puissiez détenir.
Ants can lift things that are more than 50 times their own weight.,Les fourmis peuvent soulever des objets qui pèsent plus de cinquante fois leur propre poids.
"As a rule, he arrives at the office about eight-thirty in morning.",Il a pour règle d'arriver au bureau le matin vers huit heures et demie.
"As soon as I can figure out how to send money, I'll send you some.","Dès que j'arrive à comprendre comment envoyer de l'argent, je vous en enverrai."
"As soon as I can figure out how to send money, I'll send you some.","Dès que j'arrive à comprendre comment envoyer de l'argent, je t'en enverrai."
"As soon as he felt his house shake, he rushed out into the garden.","Aussitôt qu'il sentit sa maison trembler, il se précipita dans le jardin."
"At the best hotels, there is always someone at your beck and call.","Dans les meilleurs hôtels, il y a toujours quelqu'un à votre entière disposition."
Can you tell me how you found out that Tom wasn't at school today?,Peux-tu me dire comment tu as su que Tom n'était pas allé à l'école aujourd'hui ?
Can't you ever be punctual? I have been waiting here for one hour.,Ne pourrais-tu pas être ponctuel ? J'attends ici depuis une heure.
Choose a password that is easy to remember but difficult to guess.,"Choisis un mot de passe facile à retenir, mais difficile à deviner."
Choose a password that is easy to remember but difficult to guess.,"Choisissez un mot de passe facile à retenir, mais difficile à deviner."
Cotton mittens will prevent the baby from scratching his own face.,Des mitaines en coton vont empêcher le bébé de se gratter le visage.
Do you really think Tom is the only one here who can speak French?,Crois-tu vraiment que Tom soit le seul ici qui sache parler français ?
Do you really think Tom is the only one here who can speak French?,Croyez-vous vraiment que Tom soit le seul ici qui sache parler français ?
Do you think my cat and your pet rat will get along well together?,Penses-tu que mon chat et ton rat de compagnie s'entendront bien ?
Do you think you can manage to keep things going until I get back?,Penses-tu que tu puisses faire en sorte que les choses continuent à fonctionner jusqu'à ce que je revienne ?
Do you think you can manage to keep things going until I get back?,Pensez-vous pouvoir vous débrouiller pour que les choses continuent à avancer jusqu'à ce que je revienne ?
Doing something only half-heartedly is the worst thing you can do.,Faire quelque chose sans enthousiasme est la pire chose que l'on puisse faire.
Doing something only half-heartedly is the worst thing you can do.,Faire quelque chose nonchalamment est la pire chose que tu puisses faire.
Don't sound so surprised. You know I can do whatever I want to do.,Ne paraissez pas si surpris ! Vous savez que je peux faire tout ce que je veux.
Don't sound so surprised. You know I can do whatever I want to do.,Ne paraissez pas si surprise ! Vous savez que je peux faire tout ce que je veux.
Don't sound so surprised. You know I can do whatever I want to do.,Ne parais pas si surpris ! Tu sais que je peux faire tout ce que je veux.
Don't sound so surprised. You know I can do whatever I want to do.,Ne parais pas si surprise ! Tu sais que je peux faire tout ce que je veux.
Electronic components can be cleaned using pure isopropyl alcohol.,Les composants électroniques peuvent être nettoyés en utilisant de l'isopropanol pur.
Even nudists often use euphemisms when referring to naughty parts.,Même les nudistes emploient des euphémismes lorsqu'ils se réfèrent à des parties intimes.
"Even though I had eaten a lot for breakfast, I was already hungry.","Bien qu'ayant beaucoup mangé au petit déjeuner, j'avais déjà faim."
"Even though there were many cookies on the dish, I only ate three.","Bien qu'il restât de nombreux biscuits sur le plateau, je n'en mangeai que trois."
Eventually the salesman persuaded me to buy the expensive machine.,"Finalement, le vendeur m'a convaincu d'acheter la machine la plus chère."
Flags of the world fly proudly at the United Nations headquarters.,Les drapeaux du monde flottent fièrement devant le siège des Nations Unies.
"Fortunately, common sense prevailed and the strike was called off.","Heureusement, le bon sens prévalut et la grève fut annulée."
"Frankly speaking, it's difficult to understand why you want to go.","Pour être franc, il est difficile de comprendre pourquoi vous souhaitez partir."
"From my point of view, it would be better to wait a little longer.","D'après moi, ce serait mieux d'attendre un peu plus."
Gas cookers consume half the amount of energy as electric cookers.,Les cuisinières à gaz consomment deux fois moins d'énergie que les cuisinières électriques.
Governments should not be in the business of legislating morality.,Les gouvernements ne devraient pas se mêler de légiférer la moralité.
Has it occurred to you that you might be the one with the problem?,T'est-il venu à l'esprit que tu pourrais être celui qui a le problème ?
Has it occurred to you that you might be the one with the problem?,Vous est-il venu à l'esprit que vous pourriez être celui qui a le problème ?
Have you ever heard of the story of the little boy who cried wolf?,As-tu déjà entendu l'histoire du petit garçon qui criait au loup ?
He blamed his teacher for his failure in the entrance examination.,Il reprocha à son professeur son échec à l'examen d'entrée.
"He can't swim at all, but when it comes to skiing, he is the best.","Il ne sait pas du tout nager, mais quand il faut skier, c'est le meilleur."
"He didn't divulge the information, not even under pain of torture.","Il ne divulgua pas l'information, pas même sous la torture."
He frequently jumps from one topic to another while he is talking.,Il saute souvent d'un sujet à l'autre quand il parle.
He goes to bed early but it takes him a long time to get to sleep.,"Il se couche tôt, mais il met longtemps à s'endormir."
He got down on his knees and prayed for the souls of the deceased.,Il s'agenouilla et pria pour les âmes des défunts.
"He has two daughters, one is a pianist and the other is a violist.","Il a deux filles, l'une est pianiste, l'autre violoniste."
He hasn't been doing anything since he graduated from high school.,Il n'a rien fait depuis qu'il est diplômé de l'école.
He hasn't been doing anything since he graduated from high school.,Il n'a rien foutu depuis qu'il est diplômé de l'école.
"He said he was hungry, and then he added that he was also thirsty.","Il a dit qu'il avait faim, puis il a ajouté qu'il avait également soif."
"He said, ""I will say nothing more, because I hate making excuses.""","Il dit : « Je ne dirai plus rien, parce que je déteste faire des excuses. »"
He seems not to be aware of the conflict between my father and me.,Il ne semble pas être au courant du conflit entre mon père et moi.
"He was an excellent scientist, and what is more, was a great poet.","C'était un excellent scientifique, et de surcroît, un poète remarquable."
"He'll be back in two hours. In the meantime, let's prepare dinner.",Il sera de retour dans deux heures. En attendant préparons le dîner.
"Hot weather will continue, so please watch out for food poisoning.",Le temps chaud va persister donc faites attention aux intoxications alimentaires.
"Hot weather will continue, so please watch out for food poisoning.",Le temps chaud va persister donc fais attention aux intoxications alimentaires.
Human beings differ from animals in that they can think and speak.,Les êtres humains diffèrent des animaux en ce qu'ils peuvent penser et parler.
I always watch the weather report before going out in the morning.,Je regarde toujours le bulletin météo avant de sortir le matin.
I am impressed by your recent advertisement in the New York Times.,Je suis impressionné par votre récente publicité dans le New York Times.
I can't believe you're eating what the doctor told you not to eat.,Je n'arrive pas à croire que tu manges ce que le médecin t'a prescrit de ne pas manger.
I can't believe you're eating what the doctor told you not to eat.,Je n'arrive pas à croire que vous mangez ce que le médecin vous a prescrit de ne pas manger.
I can't come up with a good excuse for being late for the dentist.,Je n'arrive pas à trouver une bonne excuse pour mon retard chez le dentiste.
I can't find my glasses. I may have left them behind in the train.,Je ne parviens pas à trouver mes lunettes. Peut-être les ai-je laissées dans le train.
I can't tell you how much I've been looking forward to your visit.,Je ne peux pas te dire combien j'attendais ta visite avec impatience.
I can't tell you how much I've been looking forward to your visit.,Je ne peux pas vous dire combien j'attendais votre visite avec impatience.
I consider spaghetti to be one of the greatest foods in the world.,Je considère les spaghettis comme l'un des meilleurs aliments du monde.
I drank a lot and can't remember much of what happened last night.,J'ai beaucoup bu et je ne peux plus me rappeler grand-chose de ce qui s'est passé la nuit dernière.
I guess it doesn't make any difference which swimming club I join.,Je suppose que peu importe le club de natation auquel je m'affilie.
I had to go to my office by bus because my car had engine trouble.,Je devais aller au bureau en bus parce que ma voiture avait des ennuis de moteur.
I had to resign because I just didn't get along with the new boss.,J'ai dû démissionner parce que je ne m'entendais simplement pas avec le nouveau patron.
I have been on friendly terms with him for more than twenty years.,Il fut un proche pendant plus de 20 années.
I know that it is highly unlikely that we'll see any whales today.,Je sais qu'il est hautement improbable que nous voyions la moindre baleine aujourd'hui.
I lay in bed thinking about everything that had happened that day.,"J'étais alité, pensant à tout ce qui s'était passé ce jour-là."
I missed going out with her and eating at our favorite restaurant.,Sortir avec elle et manger à notre restaurant préféré me manquait.
I missed going out with her and eating at our favorite restaurant.,Sortir avec elle et manger à notre restaurant préféré m'a manqué.
I never look at this picture without thinking of those happy days.,Je ne regarde jamais cette photo sans penser à ces jours heureux.
I never use my camera anymore. I just take pictures with my phone.,Je n'utilise plus jamais mon appareil photo. Je prends juste des photos avec mon téléphone.
I realize that you guys wouldn't be here if you didn't have to be.,Je me rends compte que vous autres ne seraient pas ici si vous ne le deviez pas.
I refuse to believe that we can't do anything about the situation.,Je refuse de croire que nous ne pouvons faire quoi que ce soit à propos de la situation.
I think it's highly unlikely that Tom will take Mary to the party.,Je pense qu'il est peu probable que Tom emmène Marie à la fête.
"I thought about writing you a message, but never got around to it.",J'ai pensé à vous écrire un message mais je ne suis jamais parvenu à m'y mettre.
"I thought if I broke up with you, I'd never have to see you again.","Je pensais que si je rompais avec toi, je n'aurais plus jamais à te revoir."
I thought you might need some help getting ready for your wedding.,J'ai pensé que tu pourrais avoir besoin d'aide pour te préparer à ton mariage.
I told you before that I'm not interested in hanging out with you.,Je t'ai dit auparavant que je ne suis pas intéressée par sortir avec toi.
"I usually take a shower after I play tennis, but today I couldn't.","D'habitude je me douche après avoir joué au tennis, mais aujourd'hui je n'ai pas pu."
"I want to learn to speak Hawaiian, so I can impress my girlfriend.","Je veux apprendre l'hawaïen, comme ça je pourrais impressionner ma petite amie."
I was deceived by a person who I had thought was a friend of mine.,Je fus déçu par une personne que je pensais être un de mes amis.
I wonder when they'll come out with a cell phone in a wrist watch.,Je me demande quand ils vont sortir un téléphone cellulaire dans une montre-bracelet.
I wonder when they'll come out with a cell phone in a wrist watch.,Je me demande quand ils vont sortir un téléphone cellulaire dans un bracelet-montre.
I wouldn't have sung that song if I'd known it would make Tom cry.,Je n'aurais pas chanté cette chanson si j'avais su que cela ferait pleurer Tom.
I'd love to be able to find more time that I could spend relaxing.,J'adorerais être en mesure de trouver davantage de temps que je pourrais consacrer à me détendre.
I'll be back in thirty minutes so I'll be in time for the concert.,Je reviens dans trente minutes donc je serai à l'heure pour le concert.
I'm beginning to think that I shouldn't have enlisted in the army.,Je commence à penser que je n'aurais pas dû m'enrôler dans l'armée.
"I'm glad that they fixed the heating system, but now it's too hot.","Je suis content qu'ils aient réparé le chauffage, mais maintenant il fait trop chaud."
I'm here to stop you from making the biggest mistake of your life.,Je suis là pour t'empêcher de faire la plus grosse erreur de ta vie.
I'm not saying that we can't win. I'm just saying it's not likely.,Je ne dis pas que nous ne pouvons pas l'emporter. Je dis simplement que ce n'est pas probable.
I'm not saying that we can't win. I'm just saying it's not likely.,Je ne dis pas que nous ne pouvons pas gagner. Je dis juste que ce n'est pas probable.
"I've been studying French for a long time, but I'm not yet fluent.",J'étudie le français depuis longtemps mais je ne le parle pas encore couramment.
I've been trying to find out who was responsible for the accident.,Je tente de déterminer qui a été responsable de l'accident.
"I've just renewed my passport, so it's good for another ten years.","Je viens juste de renouveler mon passeport, il est donc valable pour dix années encore."
"If God had meant for us to be naked, we'd have been born that way.","Si Dieu avait voulu que nous soyons nus, il nous aurait fait naître comme ça."
"If I tell my mother, she'll worry, so I don't think I'll tell her.","Si j'en parle à ma mère, elle va se faire du souci, donc je ne pense pas que je lui en parlerai."
"If you don't have anything nice to say, don't say anything at all.","Si tu n'as rien de gentil à dire, ne dis rien du tout."
"If you had stuck around, you'd have met the girl I've been seeing.","Si tu avais traîné par là, tu aurais rencontré la fille que je voyais."
"If you look carefully, you'll see that the box has a false bottom.","Si vous regardez avec attention, vous verrez que la boîte est munie d'un double fond."
"If you want to become a good writer, you need to practice writing.","Si vous voulez devenir un bon écrivain, il vous faut pratiquer l'écriture."
"If you were able to go camping with us, I think we'd all have fun.","Si vous étiez en mesure de venir camper avec nous, je pense que nous nous amuserions tous."
"If you were able to go camping with us, I think we'd all have fun.","Si tu étais en mesure de venir camper avec nous, je pense que nous nous amuserions tous."
"If you would talk less and listen more, you might learn something.","Si tu parlais moins et écoutais davantage, tu apprendrais sans doute quelque chose."
"If you're going to start a new business, you need a business plan.","Si tu vas lancer une nouvelle affaire, tu as besoin d'un plan d'affaire."
"In the cemetery, there is a statue of a snake biting its own tail.","Au cimetière, est dressée une statue d'un serpent qui se mord la queue."
"In the cemetery, there is a statue of a snake biting its own tail.","Au cimetière, se dresse une statue d'un serpent qui se mord la queue."
"In these two or three years, he acquired a large amount of wealth.","Lors de ces deux ou trois années, il acquit une grande quantité de richesses."
It goes without saying that nothing is more important than health.,Il va sans dire que rien n'est plus important que la santé.
It is just like her to think of others before thinking of herself.,C'est bien tout elle de penser aux autres avant de penser à elle-même.
It looks like the data you lost on your computer is irretrievable.,Il semble que les données que vous avez perdues sur votre ordinateur soient irrécupérables.
It seems like I'm the only one here who knows how to speak French.,Il semble que je sois le seul ici qui sache parler français.
It seems like I'm the only one here who knows how to speak French.,On dirait que je suis la seule ici à savoir parler français.
It seems that the only time he isn't eating is when he's sleeping.,"On dirait que le seul moment où il n'est pas en train de manger, c'est quand il dort."
It will not make much difference whether you go today or tomorrow.,Ça ne fera pas grande différence que tu y ailles aujourd'hui ou demain.
It will not make much difference whether you go today or tomorrow.,Ça ne fera pas grande différence si vous y allez aujourd'hui ou demain.
It will take her at least two years to be qualified for that post.,Ça lui prendra au moins deux ans avant d'être qualifiée à ce poste.
"It's one thing to make plans, but quite another to carry them out.","C'est une chose de faire des projets, c'en est une autre de les réaliser."
It's surprising that you haven't heard anything about her wedding.,Il est surprenant que vous n'ayez rien entendu au sujet de son mariage.
It's surprising that you haven't heard anything about her wedding.,Il est surprenant que vous n'ayez rien entendu au sujet de ses noces.
It's surprising that you haven't heard anything about her wedding.,Il est surprenant que tu n'aies rien entendu au sujet de son mariage.
It's surprising that you haven't heard anything about her wedding.,Il est surprenant que tu n'aies rien entendu au sujet de ses noces.
"Judging from the look on his face, it seems that he has succeeded.","À en juger par son visage, il semble qu'il ait réussi."
"Just as I was getting the hang of things, they changed the system.","Juste quand je commençais à m'habituer au truc, ils ont changé le système."
"Just as I was getting the hang of things, they changed the system.","Juste quand je commençais à me débrouiller, ils ont changé le système."
Just because Tom said he didn't have a key doesn't mean it's true.,Le simple fait que Tom ait dit qu'il n'avait pas de clef ne signifie pas qu'il ait raison.
Just because he likes painting doesn't mean he's good at painting.,Ce n'est pas parce qu'il aime la peinture qu'il peint bien.
Keep a box of baking soda in the fridge to keep it smelling clean.,Conservez une boîte de poudre à lever dans le réfrigérateur pour qu'il continue à sentir propre.
Let's not forget we never could have done this without Tom's help.,N'oublions pas que nous n'aurions jamais pu faire ceci sans l'aide de Tom.
Many children learn to use a computer even before entering school.,Beaucoup d'enfants apprennent à utiliser un ordinateur même avant d'entrer à l'école.
Many health specialists say that you should eat three meals a day.,De nombreux spécialistes de la santé disent qu'on devrait manger trois repas par jour.
Mary claimed that the handbag had been a present from her husband.,Mary a affirmé qu'elle avait reçu ce sac à main de son mari.
Modern science has turned many impossibilities into possibilities.,La science moderne a transformé beaucoup d'impossibilités en possibilités.
"My TV set is almost 15 years old, but it still has a good picture.","Mon poste de télévision a presque 15 ans, mais l'image est encore bonne."
My car broke down this morning and won't be repaired until Friday.,Ma voiture est tombée en panne ce matin et ne sera pas réparée avant vendredi.
My job search is really going rough. I don't have any connections.,Ma recherche d'emploi s'avère plutôt rude. Je n'ai aucune relation.
"No matter how hard I tried, I couldn't remember that song's title.","J'eus beau essayer, je ne pus me rappeler du titre de cette chanson."
"No matter how often I tell her, she keeps making the same mistake.","Qu'importe combien je lui dis souvent, elle continue de faire la même erreur."
No one has come forward to claim responsibility for what happened.,Personne ne s'est présenté pour assumer la responsabilité de ce qui s'est produit.
Not a day goes by without our hearing of an environmental problem.,Pas un jour ne passe sans qu'on n'entende parler de problème environnemental.
Nothing is more pleasant than to take a walk on a fine spring day.,Rien n'est plus agréable que de se promener par un beau jour de printemps.
"On the plate was a piece of chicken, a potato and some green peas.","Sur l'assiette, il y avait un morceau de poulet, une pomme de terre et quelques petits pois."
One more thing. If you try anything on Mayu I'll break your spine.,"Une chose encore. Si tu t'en prends de quelque manière que ce soit à Mayu, je te brise les reins."
One of my neighbors called and said I left one of my windows open.,Un de mes voisins a appelé et dit que j'avais laissé une de mes fenêtres ouvertes.
Our project didn't get off the ground until he joined the company.,Notre projet n'a pas décollé jusqu'à ce qu'il rejoigne l'entreprise.
Papa made sure all the lights were turned off before going to bed.,Papa s'assure que toutes les lampes sont déjà éteintes avant d'aller dormir.
Parents must provide their children with proper food and clothing.,Les parents doivent fournir à leurs enfants la nourriture et les vêtements appropriés.
"Recently, many people are finding it hard to make a decent living.","Depuis peu, beaucoup de gens trouvent qu'il est difficile de vivre décemment."
"She advised him to give up smoking, but he wouldn't listen to her.","Elle lui recommanda d'arrêter de fumer, mais il refusait de l'écouter."
"She advised him to give up smoking, but he wouldn't listen to her.","Elle lui a recommandé d'arrêter de fumer, mais il a refusé de l'écouter."
"She advised him to go to the police station, but he was afraid to.",Elle lui recommanda d'aller au poste de police mais il avait peur de le faire.
"She advised him to go to the police station, but he was afraid to.",Elle lui a recommandé d'aller au poste de police mais il avait peur de le faire.
"She advised him to go to the police station, but he was afraid to.",Elle lui recommanda d'aller au poste de police mais il eut peur de le faire.
She asked him to read it for her because she had lost her glasses.,Elle le pria de le lui lire car elle avait perdu ses lunettes.
She asked him to read it for her because she had lost her glasses.,Elle l'a prié de le lui lire car elle avait perdu ses lunettes.
She blames me for the fact that our married life isn't going well.,Elle me reproche le fait que notre vie maritale n'aille pas bien.
She came up with a good way of making money by using the Internet.,Elle conçut une bonne manière de faire de l'argent en utilisant Internet.
Some of the company's executives are out of town for a conference.,Plusieurs dirigeants de l'entreprise sont en mission pour suivre une conférence.
Steel production is estimated to reach 100 million tons this year.,On estime que la production d'acier atteindra les 100 millions de tonnes cette année.
That country has a trade surplus. It exports more than it imports.,Ce pays a un excédent commercial. Il exporte davantage qu'il n'importe.
That country has a trade surplus. It exports more than it imports.,C'est ce pays qui a un excédent commercial. Il exporte davantage qu'il n'importe.
The argument is rigorous and coherent but ultimately unconvincing.,L'argument est rigoureux et cohérent mais au bout du compte peu convaincant.
The article on Buddhism revived my interest in Oriental religions.,L'article sur le bouddhisme a relancé mon intérêt pour les religions orientales.
The bottom 40% of the U.S. population has only 0.3% of the wealth.,Les quarante pour cent de la population des USA les plus modestes ne détiennent que zéro virgule trois pour cent de la richesse.
The boy gathered a handful of peanuts and put them in a small box.,Le garçon rassembla une poignée de cacahuètes et les mit dans une petite boite.
The campers were hard up for water because their well had run dry.,Les campeurs étaient à court d'eau parce que leur puits s'était asséché.
The combination of these factors has led to an interesting result.,La combinaison de ces facteurs a conduit à un résultat intéressant.
The company presented him with a gold watch on the day he retired.,La société lui offrit une montre en or le jour de son départ.
The contestants are gearing up for the final round of competition.,Les participants s'échauffent pour la phase finale de la compétition.
The dolphin and trainer communicated much better than we expected.,Le dauphin et le dresseur communiquaient bien mieux que nous ne l'espérions.
The dolphin and trainer communicated much better than we expected.,Le dauphin et le dresseur communiquaient beaucoup mieux que nous ne nous y attendions.
The exhibition offers profound insights into ancient civilization.,L'exposition propose un aperçu complet de la civilisation antique.
The fate of the hostages depends on the result of the negotiation.,Le destin des otages dépend du résultat de la négociation.
The government is not doing its best to solve the housing problem.,Le gouvernement ne fait pas de son mieux pour résoudre le problème du logement.
The government is promoting the use of domestically made products.,Le gouvernement promeut l'usage de produits fabriqués localement.
The government watched the activities of radical groups carefully.,Le gouvernement surveillait avec attention les activités des groupes radicaux.
The international space station is an amazing feat of engineering.,La station spatiale internationale est une étonnante prouesse technologique.
The investment firm tricked customers into buying worthless stock.,La société d'investissements a dupé des clients en leur faisant acheter des actions sans valeur.
The mountains in the Himalayas are higher than those in the Andes.,Les montagnes de l'Himalaya sont plus hautes que celles des Andes.
The new birth policy is aimed at achieving zero population growth.,La nouvelle politique de natalité a pour but d'atteindre un taux de croissance démographique nul.
The new model is expected to be put on the market early next year.,Le nouveau modèle devrait être commercialisé au début de l'année prochaine.
The only time he feeds the dog is when his wife is away on a trip.,Le seul moment où il nourrit le chien est lorsque sa femme est partie en voyage.
The plane was delayed for two hours on account of the bad weather.,L'avion fut retardé de deux heures en raison du mauvais temps.
The poor old man became so thin that now he's just skin and bones.,Le pauvre homme est devenu si maigre qu'il n'a plus maintenant que la peau et les os.
The purpose of my visit is to persuade you to take a trip with me.,Le but de ma visite est de te persuader de partir en voyage avec moi.
The recent shortage of coffee has given rise to a lot of problems.,La récente pénurie de café a donné lieu à un grand nombre de problèmes.
The recent shortage of coffee has given rise to a lot of problems.,La récente pénurie de café a occasionné un grand nombre de problèmes.
The returning soldiers were commended for their bravery in battle.,Les soldats qui sont revenus ont été loués pour leur bravoure au combat.
"The ship was searched thoroughly, but no illegal drugs were found.",Le navire fut soigneusement fouillé mais aucune drogue ne fut trouvée.
The surgeon persuaded me to undergo an organ transplant operation.,Le chirurgien m'a convaincu de subir une opération de transplantation.
The surgeon persuaded me to undergo an organ transplant operation.,Le chirurgien m'a convaincue de subir une opération de transplantation.
The worst thing you can do is to only do something half seriously.,La pire chose que l'on puisse faire est de ne faire quelque chose qu'à moitié sérieusement.
There are wavelengths of light that the human eye cannot perceive.,Il existe des longueurs d'onde de la lumière que l'œil humain ne peut percevoir.
There is always the risk of losing all the data on your hard disk.,Il y a toujours le risque de perdre toutes les données de votre disque dur.
There is no knowing when a severe earthquake will happen in Tokyo.,Il n'y a pas moyen de savoir quand un séisme sévère se produira à Tokyo.
There was a modern-looking coffee table in the center of the room.,"Une table à café, à l'apparence moderne, se trouvait au centre de la pièce."
There were twice as many university applicants in 1992 as in 1982.,Il y avait deux fois plus de candidats à l'université en 1992 qu'en 1982.
"There's a restaurant pretty close to here, but it's not very good.","Il y a un restaurant assez près d'ici, mais il n'est pas très bon."
There's a rumor in the air that the firm is going into bankruptcy.,Il y a une rumeur dans l'air sur le fait que l'entreprise est en train de faire faillite.
There's a rumor in the air that the firm is going into bankruptcy.,Une rumeur circule sur le fait que l'entreprise va droit vers la faillite.
They aren't the kind of people you should want to be friends with.,Ils ne sont pas le genre de personnes avec lesquels vous voudriez être ami.
They aren't the kind of people you should want to be friends with.,Elles ne sont pas le genre de personnes avec lesquelles vous voudriez être ami.
"They asked me for my name, my address, and the purpose of my trip.","Ils me demandèrent mon nom, mon adresse et la raison du voyage."
They hung streamers from the ceiling in preparation for the party.,"Ils suspendirent des serpentins du plafond, en préparation de la fête."
They looked at the photo taken of me when I was a boy and laughed.,Ils regardèrent la photo de moi prise lorsque j'étais petit garçon et rirent.
This necklace is so beautiful that I'd like to buy in for my wife.,Ce collier est si beau que j'aimerais l'acheter pour ma femme.
This photo is the only one in which the entire family can be seen.,Cette photo est la seule sur laquelle toute la famille peut être vue.
This policy is sure to go a long way towards stimulating business.,Cette politique va certainement contribuer à stimuler les affaires.
"To be successful, you need to look like you're already successful.","Pour avoir du succès, il faut paraître en avoir déjà."
"To tell the truth, I drove my father's car without his permission.","À dire vrai, j'ai conduit la voiture de mon père sans lui en demander la permission."
"To tell the truth, I drove my father's car without his permission.","À vrai dire, j'ai conduit la voiture de mon père sans sa permission."
Tom and Mary are talking about what they'll do on Valentine's Day.,Tom et Mary discutent de ce qu'ils feront pour la Saint Valentin.
Tom anonymously donated a million dollars to his favorite charity.,"Tom a donné, anonymement, un million de dollars à son organisation caritative préférée."
Tom couldn't help but notice all the beautiful women on the beach.,Tom ne pouvait pas s'empêcher de remarquer toutes les belles femmes sur la plage.
Tom didn't come to school today because he had to go to a funeral.,Tom n'est pas venu à l'école aujourd'hui parce qu'il devait aller à un enterrement.
Tom doesn't care about protecting his personal information online.,Tom ne se soucie pas de la protection des renseignements sur sa vie privée en ligne.
Tom entered the restaurant where he eats about three times a week.,Tom entra dans le restaurant où il mange environ trois fois par semaine.
Tom helped Mary get into to the car and drove her to the hospital.,Tom a aidé Marie à monter dans la voiture et l'a conduite à l'hôpital.
Tom helped the teacher decorate the classroom for Valentine's Day.,Tom aida le professeur à décorer la classe pour la Saint-Valentin.
Tom helped the teacher decorate the classroom for Valentine's Day.,Tom a aidé le professeur à décorer la classe pour la Saint-Valentin.
"Tom knew the truth, but he didn't let anyone know that he knew it.","Tom connaissait la vérité, mais il a fait en sorte que personne ne le sache."
Tom said that Mary wasn't the only one who didn't need to do that.,Tom a dit que Marie n'était pas la seule à ne pas avoir besoin de faire cela.
Tom said that he wanted to go visit Santa Claus at the North Pole.,Tom a dit qu'il voulait rendre visite au Père Noël au Pôle Nord.
Tom thinks he's the only person in town who can play the bagpipes.,Tom pense qu'il est la seule personne dans la ville qui peut jouer de la cornemuse.
"Tom was wearing a bulletproof vest, so the bullet didn't kill him.",Tom portait un gilet pare-balles donc la balle ne l'a pas tué.
Tom was wondering how he was supposed to get around without a car.,Tom se demandait comment il était supposé se déplacer sans voiture.
"Until you admit that you were wrong, I'm not going to talk to you.",Je ne vais pas te parler jusqu'à ce que tu admettes que tu avais tort.
We found it very hard going back to our base camp in the blizzard.,Il nous a été très difficile de rentrer au camp de base avec le blizzard.
We will have to consider each application on a case-by-case basis.,Nous devrons étudier chaque application au cas par cas.
"We'll all be hungry, so be sure to bring enough food for everyone.",Nous aurons tous faim alors assure-toi d'apporter suffisamment de nourriture pour tout le monde.
"We'll all be hungry, so be sure to bring enough food for everyone.",Nous aurons toutes faim alors assurez-vous d'apporter suffisamment de nourriture pour tout le monde.
"We're counting on you to wake us up in time, so don't fall asleep.","On compte sur toi pour nous réveiller à l'heure, alors ne t'endors pas."
We've had a lot of complaints about how you treat your classmates.,Nous avons eu de nombreuses plaintes au sujet de la manière dont vous traitez vos camarades de classe.
We've had a lot of complaints about how you treat your classmates.,Nous avons eu de nombreuses plaintes au sujet de la manière dont tu traites tes camarades de classe.
We've had a lot of complaints about how you treat your classmates.,Nous avons eu de nombreuses plaintes au sujet de la manière avec laquelle vous traitez vos camarades de classe.
We've had a lot of complaints about how you treat your classmates.,Nous avons eu de nombreuses plaintes au sujet de la manière avec laquelle tu traites tes camarades de classe.
What does it feel like to always have people following you around?,Comment se sent-on d'être toujours suivi par un entourage ?
What does it feel like to always have people following you around?,Quelle impression cela fait-il d'être constamment suivi par des gens autour de vous ?
What does it feel like to always have people following you around?,Quelle impression cela fait-il d'être constamment entouré de gens qui vous suivent ?
What kind of sports we play depends on the weather and the season.,Le type de sport que nous pratiquons dépend du temps et de la saison.
What we ended up learning was that the meat had been contaminated.,"Ce que nous finîmes par apprendre, c'est que la viande avait été contaminée."
"When I last saw him, he was wearing a blue shirt and white slacks.","La dernière fois que je le vis, il portait une chemise bleue et un pantalon blanc."
"When I was a child, the most painful time of the day was mealtime.","Lorsque j'étais enfant, le moment le plus douloureux de la journée était le moment du repas."
"When I was in high school, I used to earn extra money babysitting.","Quand j'étais au lycée, j'avais l'habitude de me faire de l'argent de poche en gardant des enfants."
"When you leave the room, please make sure you turn off the lights.","Lorsque vous quittez la pièce, veuillez vous assurer d'éteindre les lumières."
"Whenever you're in trouble or feeling down, I'll be there for you.","Qu'importe le moment où tu te trouves en difficulté ou abattu, je serai là pour toi."
"Which is the capital of the United States, Washington or New York?",La capitale des États-Unis est Washington ou bien New-York ?
"With the way my luck has be running, it'll probably rain tomorrow.","Avec la veine que j'ai eue jusqu'à maintenant, il va sûrement pleuvoir demain."
Yesterday I stumbled across a copy of my father's family register.,Hier je suis tombé sur une copie du livret de famille de mon père.
You can not appreciate the poem until you have read it many times.,Tu ne peux pas apprécier ce poème tant que tu ne l'as pas lu plusieurs fois.
You can't just leave your car parked in front of the fire hydrant.,Vous ne pouvez pas simplement laisser votre voiture devant la bouche d'incendie.
You can't just leave your car parked in front of the fire hydrant.,Tu ne peux pas simplement laisser ta voiture devant la bouche d'incendie.
You don't know what it's like to lose your entire family in a war.,Tu ne sais pas ce que c'est de perdre toute ta famille à la guerre.
You must have been surprised to find me alone with her last night.,Tu as dû être surpris de me trouver seul avec elle la nuit dernière.
You must have been surprised to find me alone with her last night.,Tu as dû être surprise de me trouver seul avec elle la nuit dernière.
You should choose a job in relation to your talents and interests.,Vous devriez choisir un emploi en rapport avec vos talents et vos intérêts.
You should spend what little time you have left with your friends.,Tu devrais passer les moindres moments qu'il te reste avec tes amis.
You should spend what little time you have left with your friends.,On devrait passer les moindres moments qu'il nous reste avec nos amis.
You should spend what little time you have left with your friends.,Vous devriez passer les moindres moments qu'il vous reste avec vos amis.
You'd be amazed how long it takes Tom to get ready in the morning.,Tu serais impressionné de voir combien de temps Tom a pris pour se préparer ce matin.
You'll get plenty of chances to meet girls when you go to college.,Tu auras plein d'occasions de rencontrer des filles lorsque tu iras à la fac.
You're the only person I know besides me who likes medieval music.,Vous êtes la seule personne que je connaisse à part moi qui aime la musique médiévale.
You've worked hard for months and have certainly earned a holiday.,Tu as travaillé dur depuis des mois et tu as certainement mérité des vacances.
Your wife called and she wants you to get a pizza on the way home.,Ta femme a appelé et elle veut que tu prennes une pizza sur le chemin du retour.
But don't you think that it's a little big? asked the shopkeeper.,« Mais vous ne pensez pas que ce soit un peu grand ? » demanda la boutiquière.
"My children are already adults. What about yours? ""Mine are too.""",« Mes enfants sont déjà adultes. Et les vôtres ? » « Les miens aussi. »
The good die young is an old saying which may or may not be true.,« Les bons meurent jeunes » est un vieil adage qui est peut-être vrai ou pas.
"What toppings do you want on the pizza? ""Anything but anchovies.""",«Que voulez-vous sur votre pizza ?» «Tout sauf des anchois.»
A bookstore in that location wouldn't make enough money to survive.,Une librairie à cet endroit ne ferait pas assez d'argent pour survivre.
A conservative tie is preferable to a loud one for a job interview.,Une cravate classique est préférable à une cravate criarde pour un entretien d'embauche.
A fund was launched to set up a monument in memory of the dead man.,Une souscription a été lancée afin d'ériger un monument à la mémoire du défunt.
A fund was launched to set up a monument in memory of the dead man.,Une souscription fut lancée afin d'ériger un monument à la mémoire du défunt.
"A good password should be difficult to guess, but easy to remember.",Un bon mot de passe devrait être difficile à deviner mais facile à mémoriser.
A man's happiness depends on what he is rather than on what he has.,Le bonheur d'un homme dépend plus de ce qu'il est que de ce qu'il a.
"A man's happiness doesn't depend on what he has, but on what he is.",Le bonheur d'un homme ne dépend pas de ce qu'il a mais de ce qu'il est.
"A party will be held next Saturday, that is to say, on August 25th.","Une fête aura lieu samedi prochain, c'est-à-dire le 25 août."
A pet theory of mine is that things should be seen from a distance.,Une théorie que j'aime bien est que les choses doivent être vues avec du recul.
All the skill of the sailors gave way to the violence of the storm.,Toute la compétence des marins céda sous la violence de la tempête.
Are you seriously thinking about buying a computer from that store?,Pensez-vous sérieusement à acheter un ordinateur dans ce magasin ?
Are you seriously thinking about buying a computer from that store?,Penses-tu sérieusement à acheter un ordinateur dans ce magasin ?
Are you seriously thinking about buying a computer from that store?,Pensez-vous sérieusement à faire l'acquisition d'un ordinateur dans ce magasin ?
Are you seriously thinking about getting married again at your age?,Pensez-vous sérieusement à vous remarier à votre âge ?
Are you seriously thinking about getting married again at your age?,Penses-tu sérieusement à te remarier à ton âge ?
"As long as I'm going to be in London, I ought to see a play or two.","Dans la mesure où je vais être à Londres, je devrais voir une ou deux représentations."
"As soon as the accident occurred, a police car rushed to the scene.","Dès que l'accident eut lieu, une voiture de police fonça sur les lieux."
"Because of his wealth, he was able to become a member of that club.",Il put devenir membre de ce club grâce à sa richesse.
"Being written in great haste, this letter has quite a few mistakes.","Ayant été écrite en grande hâte, cette lettre comporte pas mal de fautes."
Birds sometimes cause accidents by getting in the way of airplanes.,Les oiseaux causent parfois des accidents en se mettant sur le trajet des avions.
"Considering what time it was, the supermarket was relatively empty.","Vu l'heure qu'il était, le supermarché était relativement vide."
"Despite all my efforts, I will not have the report ready by Friday.","Malgré tous mes efforts, je ne pourrai pas rendre le rapport vendredi."
Do we have any French homework that needs to be turned in tomorrow?,Avons-nous des devoirs de français qui doivent être rendus demain ?
Do you think that you could help me weed the garden this afternoon?,Penses-tu que tu puisses m'aider à désherber le jardin cet après-midi?
Does this sentence sound like something a native speaker would say?,Cette phrase a-t-elle l'air de quelque chose qu'un locuteur natif dirait ?
"Each time I see Mary, I learn something new and important from her.","Chaque fois que je vois Mary, j'apprends d'elle quelque chose de nouveau et d'important."
Everyone is anxious to know what has become of the former champion.,Tout le monde est désireux de savoir ce qu'il est advenu de l'ex-champion.
"Excuse me, but would you please tell me the way to the post office?","Excusez-moi, pourriez-vous m'indiquer la route pour la poste ?"
Existing legislation does not take diversity of races into account.,La législation actuelle ne tient pas compte de la diversité des races.
"From time to time, I think about my mother who is no longer living.","De temps à autre, je pense à ma mère qui n'est plus en vie."
He always left the problem of his children's education to his wife.,Il a toujours laissé le problème de l'éducation de ses enfants à sa femme.
He consoled himself with the thought that it might have been worse.,Il se consola avec la pensée que ça aurait pu être pire.
He devoted the last years of his life to writing his autobiography.,Il a consacré les dernières années de sa vie à écrire sa biographie.
He has been living in the cabin by himself for more than ten years.,Il a vécu seul dans la bicoque pendant plus de dix ans.
He has bought a lot in the suburbs with a view to building a house.,Il a acheté une parcelle en banlieue dans l'intention d'y construire une maison.
He is apt to say atrocious things and to exaggerate his grievances.,Il a tendance à dire des choses affreuses et à exagérer ses griefs.
He never believes in paying any more for a thing than is necessary.,Il ne croit jamais devoir payer plus pour une chose qu'il n'est nécessaire.
He was always annoyed in the city by noises of one sort or another.,En ville il était toujours agacé par les bruits en tous genres.
He was wearing a long black coat that reached almost to his ankles.,Il portait un long manteau noir qui arrivait presque à ses chevilles.
He went to America for the purpose of studying American literature.,Il est allé en Amérique pour étudier la littérature américaine.
He went to America for the purpose of studying American literature.,Il est allé aux États-Unis pour étudier la littérature étatsunienne.
He who only has a hammer in his toolbox sees all problems as nails.,"Celui qui n'a qu'un marteau dans sa boîte à outils, voit tous les problèmes comme des clous."
He's not in the least interested in what is happening in the world.,Il ne s'intéresse pas du tout à ce qui se passe dans le monde.
Her derogatory remarks towards her boss caused her to lose her job.,Ses remarques désobligeantes à l'égard de son patron lui ont causé la perte de son emploi.
His wife is in the hospital because she was injured in a car crash.,Sa femme est à l’hôpital car elle a été blessée dans un accident de voiture.
"Honestly, I don't think you have what it takes to become a teacher.","Honnêtement, je ne pense pas que vous ayez ce qu'il faut pour devenir enseignant."
"Honestly, I don't think you have what it takes to become a teacher.","Honnêtement, je ne pense pas que vous ayez l’étoffe pour devenir enseignant."
"Honestly, I don't think you have what it takes to become a teacher.","Honnêtement, je ne pense pas que vous ayez l’étoffe pour devenir enseignante."
"Honestly, I don't think you have what it takes to become a teacher.","Honnêtement, je ne pense pas que tu aies l’étoffe pour devenir enseignant."
"Honestly, I don't think you have what it takes to become a teacher.","Honnêtement, je ne pense pas que tu aies l’étoffe pour devenir enseignante."
I assume we're doing a pretty good job since no one has complained.,Je suppose que nous faisons un assez bon boulot puisque personne ne s'est plaint.
I can't imagine why anyone would want to steal something like that.,Je n'arrive pas à imaginer pourquoi quiconque voudrait dérober quelque chose comme ça.
I can't show up looking like I've been working on the farm all day.,Je ne peux pas me montrer avec l'air de quelqu'un qui a travaillé toute la journée à la ferme.
I couldn't get out of my garage because there was a car in the way.,Je n'ai pas pu sortir de mon garage parce qu'il y avait une voiture en travers du chemin.
I don't care how much you want it. I'm not going to give it to you.,Je me fiche de combien tu le veux. Je ne vais pas te le donner.
I don't care how much you want it. I'm not going to give it to you.,Je me fiche de combien vous le voulez. Je ne vais pas vous le donner.
I don't have time to deal with this letter. Could you deal with it?,Je n'ai pas le temps de m'occuper de cette lettre. Pourriez-vous vous en occuper ?
I don't have time to deal with this letter. Could you deal with it?,Je n'ai pas le temps de m'occuper de cette lettre. Pourrais-tu t'en occuper ?
I don't have to go to the doctor any more. I'm feeling much better.,Il ne me faut plus aller chez le médecin. Je me sens beaucoup mieux.
"I don't know what's going on around here, but I intend to find out.",Je ne sais pas ce qui se passe par ici mais j'ai l'intention de le découvrir.
I don't know when I'll be able to pay you back the money I owe you.,Je ne sais pas quand je pourrai vous rembourser l'argent que je vous dois.
I don't know when I'll be able to pay you back the money I owe you.,Je ne sais pas quand je pourrai te rembourser l'argent que je te dois.
I have many visas in my passport because I travel a lot for my job.,J'ai beaucoup de visas dans mon passeport car je voyage beaucoup pour mon travail.
I hope that neither of them were involved in that traffic accident.,J'espère qu'aucun d'entre eux n'a été impliqué dans cet accident de la circulation.
"I know I should have said something, but I didn't know what to say.",Je sais que j'aurais dû dire quelque chose mais je ne savais pas quoi dire.
I looked around and noticed that mine was the only car on the road.,J'ai regardé aux alentours et ai constaté que j'étais la seule voiture sur la route.
I love looking at everyone's colorful kimonos on Coming of Age Day.,J'adore regarder les kimonos colorés des gens lors de la cérémonie japonaise de la majorité civile.
I met someone the other day that I think I could fall in love with.,J'ai rencontré quelqu'un l'autre jour dont je pense que je pourrais tomber amoureux.
I never for a moment imagined that my blog would become so popular.,Je n'ai jamais imaginé un moment que mon journal en ligne deviendrait si populaire.
I think it is about time we changed our ways of disposing of waste.,Je pense qu'il est temps de changer nos façons de gérer les déchets.
I think it's time for me to accept responsibility for that problem.,Je pense qu'il est temps pour moi d'accepter ma responsabilité dans ce problème.
I think that you and I should probably be able to get along better.,Je pense que vous et moi devrions probablement être capables de nous entendre mieux.
I think that you and I should probably be able to get along better.,Je pense que toi et moi devrions probablement être capables de nous entendre mieux.
I think that you're about to make the biggest mistake of your life.,Je pense que tu es sur le point de faire la plus grosse erreur de ta vie.
I thought a walk in the park might take our minds off our troubles.,J'ai pensé qu'une promenade dans le parc pourrait soulager nos esprits de nos ennuis.
I thought he was an American but he turned out to be an Englishman.,Je pensais qu'il était Américain mais il s'est avéré qu'il était Anglais.
I thought you might like to know where we'll be going next weekend.,Je pensais que tu aimerais peut-être savoir où nous irons le week-end prochain.
I thought you might like to know where we'll be going next weekend.,Je pensais que vous aimeriez peut-être savoir où nous irons le week-end prochain.
"I told the children to be quiet, but they just kept on being noisy.","J'ai enjoint aux enfants de se tenir tranquilles, mais ils ont continué à faire du bruit."
"I tried to reach you on the phone, but I was unable to get through.",J'ai essayé de te joindre au téléphone mais ça ne passait pas.
I want to buy this material for a new dress. How much does it cost?,Je veux faire l'acquisition de ce tissu pour une nouvelle robe. Combien coûte-t-il ?
I want to give you some money to help you through these hard times.,Je veux te donner de l'argent pour t'aider à traverser ces vicissitudes.
I want to give you some money to help you through these hard times.,Je veux te donner de l'argent pour t'aider à traverser ces temps difficiles.
I want to give you some money to help you through these hard times.,Je veux vous donner de l'argent pour vous aider à traverser ces vicissitudes.
I want to give you some money to help you through these hard times.,Je veux vous donner de l'argent pour vous aider à traverser ces temps difficiles.
I want to go to sleep soon because I need to get up early tomorrow.,"Je veux aller dormir tôt parce qu'il me faut me lever tôt, demain."
I was just wondering if you have been able to find a place to live.,Je me demandais juste si tu as été capable de te trouver un endroit pour vivre.
I was scared to ask questions because I didn't want to look stupid.,J'avais peur de poser des questions parce que je ne voulais pas paraître stupide.
I was scared to ask questions because I didn't want to look stupid.,J'avais peur de poser des questions car je ne voulais pas avoir l'air idiote.
I was very disconcerted to find that everyone else already knew it.,Je fus très déconcerté de découvrir que tous les autres le savaient déjà.
I went to every modern art show that took place in Tokyo last year.,Je suis allé à toutes les expositions d'art moderne qui se sont tenues à Tokyo l'année dernière.
"I won't go to all the meetings, but I'll try to go to some of them.","Je n'irai pas à toutes les réunions, mais j'essaierai d'aller à certaines d'entre elles."
"I wonder why Tom sang that song, even though Mary asked him not to.","Je me demande pourquoi Tom a chanté cette chanson, bien que Marie lui ait demandé de ne pas le faire."
I would like to know how these substances are absorbed by the body.,J'aimerais savoir comment ces substances sont absorbées par le corps.
"I'm going to go buy a ticket, so please watch my bags for a minute.","Je vais aller acheter un ticket, alors merci de surveiller mes sacs une minute."
"I'm going to go buy a ticket, so please watch my bags for a minute.","Je vais aller acheter un ticket, alors surveille mes sacs une minute, s'il te plaît."
"I'm going to go buy a ticket, so please watch my bags for a minute.","Je vais aller acheter un ticket, alors surveillez mes sacs une minute, s'il vous plaît."
"I'm going to go buy a ticket, so please watch my bags for a minute.","Je vais aller acheter un ticket, alors s'il te plaît, surveille mes sacs une minute."
"I'm going to go buy a ticket, so please watch my bags for a minute.","Je vais acheter un ticket, alors s'il vous plaît, surveillez mes sacs une minute."
"If I were a foreigner, I probably wouldn't be able to eat raw fish.","Si j'étais un étranger, je ne serais probablement pas capable de manger du poisson cru."
"If he should arrive late, you may start the conference without him.","S'il devait arriver tard, vous pouvez commencer la conférence sans lui."
"If you dress like that at your age, you'll make a fool of yourself.","Si tu t'habilles comme ça à ton âge, tu vas te ridiculiser."
"If you go by bus, you can get there in about one-third of the time.","Si tu t'y rends par le bus, tu peux y être dans environ le tiers du temps."
"If you go by bus, you can get there in about one-third of the time.","Si tu y vas par le bus, tu peux y être dans environ trois fois moins de temps."
"If you have a good garden, it will enhance the value of your house.","Si vous avez un bon jardin, cela augmentera la valeur de votre maison."
"If you put more tea leaves into the pot, the tea will taste better.","Si vous mettez plus de feuilles de thé dans la bouilloire, le thé aura meilleur goût."
"In Japan, you never have to go too far to find a convenience store.","Au Japon, on ne doit jamais aller bien loin pour trouver un commerce de proximité."
"In the first place, we must be careful about what we eat and drink.","En premier lieu, nous devons faire attention à ce que nous mangeons et buvons."
"In the last typhoon, the wind blew at over 200 kilometers per hour!","Dans le dernier typhon, le vent soufflé à plus de 200 kilomètres à l'heure !"
It is important that you attach your photo to the application form.,Il est important que vous joigniez votre photo au formulaire de candidature.
It is not until we lose our health that we realize the value of it.,Ce n'est que lorsque nous perdons notre santé que nous en apprécions la valeur.
It took me more than two hours to translate a few pages of English.,Cela m'a pris plus de 2 heures pour traduire quelques pages d'anglais.
It was the great lung-power of Caruso that made him a great singer.,C'était la grande capacité pulmonaire de Caruso qui en a fait un grand chanteur.
It was through his influence that she became interested in ecology.,C'est sous son influence qu'elle a commencé à s'intéresser à l'écologie.
It's been a long time since I've seen any dragonflies in this area.,Ça fait longtemps que je n'ai pas vu de libellules dans cette zone.
It's not enough to just say you're going to vote. You need to vote.,Il ne suffit pas simplement de dire qu'on va aller voter. Il faut voter.
It's the sort of work that calls for a high level of concentration.,C'est le genre de travail qui requiert un niveau élevé de concentration.
"Just as there are few fat ""old maids,"" there are few fat bachelors.","De la même manière qu'il y a peu de grosses vieilles filles, il y a peu de gros jeunes hommes célibataires."
Kyoto gets thousands of visitors from all over the world each year.,Kyoto reçoit des milliers de visiteurs provenant du monde entier chaque année.
Let's forget about our differences and focus on how we're the same.,Laissons tomber nos différences et concentrons-nous sur ce qui nous rapproche.
Louis Pasteur discovered that germs cause most infectious diseases.,Louis Pasteur découvrit que les bactéries causent la plupart des maladies infectieuses.
Make a decision and make it with the confidence that you are right.,Prenez une décision et prenez-la avec la certitude que vous avez raison.
Many foreigners come to Japan for the purpose of studying Japanese.,Beaucoup d’étrangers viennent au Japon pour apprendre le japonais.
Mary wanted me to look the other way while she was getting dressed.,Marie voulait que je regarde ailleurs pendant qu'elle se changeait.
"Men do not exist in this world to become rich, but to become happy.","Les hommes ne sont pas en ce monde pour devenir riches, mais pour devenir heureux."
More and more people are falling behind in their mortgage payments.,De plus en plus de gens sont en rupture de paiement de leurs emprunts.
More than one million tons of coal are mined each day in Australia.,Plus d'un million de tonnes de charbon sont minées chaque jour en Australie.
My brother just received tenure at the university where he teaches.,Mon frère vient d'être titularisé à l'université où il enseigne.
My doctor told me to put the eyedrops in my eyes three times a day.,Mon médecin m'a dit de me mettre les gouttes dans les yeux trois fois par jour.
"My leg's gone to sleep, so I don't think I can stand up right away.","Ma jambe est ankylosée, alors je ne pense pas que je puisse me dresser tout de suite."
My physician advised me to refrain from alcohol for the time being.,Mon médecin m'a conseillé de m'abstenir de consommer de l'alcool pendant un certain temps.
"No matter how capable you are, you're not going to get a promotion.","Peu importe que vous soyez compétent ou non, vous n'aurez pas de promotion."
"No matter how hard I practiced, I wasn't able to do the backstroke.","J'avais beau m'y entraîner, j'étais incapable de faire le dos crawlé."
No one knows exactly how many people considered themselves hippies.,Personne ne sait exactement combien de personnes se considéraient comme hippies.
No sinner is ever saved after the first twenty minutes of a sermon.,Aucun pécheur n'est jamais sauvé après les vingt premières minutes d'un sermon.
Nobody contributed to the understanding of dreams as much as Freud.,Personne autant que Freud n'a contribué à la compréhension des rêves.
Nothing gave her greater pleasure than to watch her son growing up.,Rien ne lui procurait un plus grand plaisir que de regarder son fils grandir.
"On an island in the Seine, there is a big church called Notre Dame.",Sur une île de la Seine se trouve une grande église appelée Notre Dame.
Once the teacher organized a banquet and invited all the neighbors.,"Une fois, l'instituteur organisa un banquet et invita tous les voisins."
"One hot summer afternoon, John and Dan were cutting the long grass.","Par une chaude après-midi d'été, Tony, John et Pip coupaient les hautes herbes."
One thing you should know about me is that I'm a little overweight.,"Une chose que tu devrais savoir à mon sujet, c'est que je suis un peu en surpoids."
Our local TV station does a pretty good job of covering local news.,Notre station de télé locale effectue un assez bon travail de couverture des nouvelles locales.
People have eaten with their fingers from the beginning of history.,L'homme a mangé avec ses doigts depuis la nuit des temps.
Please don't forget to put a stamp on the letter before mailing it.,S'il te plait n'oublie pas de mettre un timbre sur la lettre avant de l'envoyer.
Please don't forget to put a stamp on the letter before mailing it.,"N'oubliez pas d'apposer un timbre sur la lettre avant de l'envoyer, je vous prie."
Please get here at least fifteen minutes before the meeting starts.,Merci d'arriver au moins quinze minutes avant le début de la rencontre.
Please stick around after the concert. We'll be signing autographs.,Veuillez rester dans le coin après le concert. Nous signerons des autographes.
"She always says nice things about him, especially when he's around.","Elle dit toujours de chouettes trucs sur lui, particulièrement lorsqu'il est dans les parages."
She hated him so much that our family could never go and visit him.,Elle le détestait tant que notre famille ne pouvait jamais aller lui rendre visite.
"She looks young, but as a matter of fact she is older than you are.","Elle semble jeune, mais en fait, elle est plus âgée que toi."
She told me once and for all that she did not want to see me again.,Elle m'a dit une bonne fois pour toute qu'elle ne voulait pas me revoir.
She was unable to completely give up her dream of traveling abroad.,Elle était dans l'incapacité de complètement laisser tomber son rêve de voyages à l'étranger.
She'd just begun to read the book when someone knocked on the door.,Elle venait de commencer à lire le livre quand quelqu'un frappa à la porte.
"Since I've never eaten here before, I don't know what to recommend.","Comme je n'ai jamais mangé ici auparavant, je ne sais pas quoi recommander."
"Since my mother was sick, I couldn't leave the house last Saturday.","J'étais incapable de quitter la maison samedi dernier, ma mère étant malade."
"Since my mother was sick, I couldn't leave the house last Saturday.","Comme ma mère était malade, je n'ai pas pu quitter la maison samedi passé."
Six months ago I had an operation for the cataract in my right eye.,"Il y a six mois, j'ai eu une opération de la cataracte à l'œil droit."
Some people think eating at home is better for you than eating out.,Certains pensent que manger chez vous est meilleur pour vous que manger dehors.
Sometimes the hardest thing and the right thing are the same thing.,"Parfois, la chose la plus difficile et la chose la meilleure sont une même chose."
Swallowing and throat-clearing can be a sign that someone is lying.,Avaler et s'éclaircir la gorge peut être un signe que quelqu'un ment.
"Switzerland is situated between France, Italy, Austria and Germany.","La Suisse est située entre la France, l'Italie, l'Autriche et l'Allemagne."
The Amazon is the second longest river in the world after the Nile.,L'Amazone est le deuxième plus long fleuve du monde après le Nil.
The astronaut had to conduct many experiments in the space shuttle.,L'astronaute a dû faire plein d'expériences dans la navette spatiale.
"The bullet penetrated his chest, leaving him in critical condition.","La balle pénétra sa poitrine, le laissant dans un état critique."
The day will soon come when we will be able to predict earthquakes.,Nous serons bientôt capables de prévoir les tremblements de terre.
"The fire, driven by an east wind, destroyed the center of the city.","Le feu, conduit par un vent d'est, a détruit le centre-ville."
The flowers are beginning to grow and everything is becoming green.,Les fleurs commencent à pousser et tout devient vert.
The forensic technician found gunshot residue on the victim's hand.,Le technicien légiste trouva des résidus de coup de feu sur la main de la victime.
The government compensated the farmers for the damage to the crops.,Le gouvernement a indemnisé les agriculteurs pour les dommages causés aux récoltes.
"The house is too big for us, and what is more, it is too expensive.","La maison est trop grande pour nous et, de plus, elle est trop chère."
"The house is too big for us, and what is more, it is too expensive.","La maison est trop grande pour nous et qui plus est, elle est trop chère."
"The house is too big for us, and what is more, it is too expensive.","La maison est trop grande pour nous et qui plus est, trop chère."
"The more I thought about the problem, the more difficult it seemed.","Plus je réfléchissais à ce problème, plus il paraissait difficile."
The only thing that really matters is whether or not you are happy.,La seule chose qui importe vraiment est si oui ou non tu es heureux.
The only thing that really matters is whether or not you are happy.,La seule chose qui compte vraiment est si oui ou non vous êtes heureux.
The potato is native to the highlands of Central and South America.,La pomme de terre est originaire des hauts plateaux d'Amérique latine.
The reporters demanded to know why the mayor wouldn't talk to them.,Les journalistes exigèrent de savoir pourquoi le maire ne voulait pas leur parler.
The teacher pointed her finger at me and asked me to come with her.,"Le professeur m'a pointé du doigt, et m'a demandé de la suivre."
The value of a good education cannot be measured in terms of money.,La valeur d'une bonne éducation ne peut se mesurer en termes d'argent.
"The way Tom drives, he's going to have an accident sooner or later.","Vu comment Tom conduit, il finira par avoir un accident."
The wicked witch cast a spell on the man and turned him into a bug.,La méchante sorcière lança un sort sur l'homme et le transforma en insecte.
There are few legal constraints on the sale of firearms in the U.S.,Il y a peu de contraintes légale concernant la vente d'armes aux États-Unis.
There had never been any ill-feeling between them until that night.,Il n'y avait jamais eu de frictions entre eux jusqu'à cette nuit-là.
There is a possibility that we won't have to shut down the factory.,Il y a une possibilité que nous n'ayons pas à fermer l'usine.
"They lived in a very small house at the end of a long, gray street.",Ils vivaient dans une toute petite maison au bout d'une longue rue grise.
They want to increase food production by growing new kinds of rice.,Ils veulent augmenter la production de nourriture en faisant pousser de nouvelles espèces de riz.
This problem is too difficult for primary school children to solve.,Ce problème est trop difficile pour être résolu par des enfants de l'école primaire.
To prevent the disease from spreading quickly was not an easy task.,Empêcher la maladie de se répandre à toute vitesse n'a pas été une chose facile.
Tom and Mary don't seem to really talk to each other all that much.,On ne dirait pas que Tom et Mary se parlent tant que ça.
Tom doesn't know the difference between an adjective and an adverb.,Tom ne connaît pas la différence entre un adjectif et un adverbe.
Tom finally mustered up the courage to ask Mary to go out with him.,Tom a finalement eu le courage de demander à Marie de sortir avec lui.
"Tom got out of the bath, dried himself off, and put his clothes on.","Tom sortit du bain, se sécha et enfila ses vêtements."
Tom has no intention of staying in Boston for the rest of his life.,Tom n'a pas l'intention de rester à Boston pour le reste de ses jours.
Tom plays the baritone saxophone and Mary plays the alto saxophone.,Tom joue du saxophone baryton et Marie joue du saxophone alto.
Tom usually has a glass of wine before dinner to whet his appetite.,Tom prend généralement un verre de vin avant le dîner pour se mettre en appétit.
Tom was unwilling to pay that much money for a secondhand computer.,Tom n'était pas prêt à payer si cher un ordinateur d'occasion.
Tom would've liked you. It's too bad that you never met each other.,Tom t'aurait apprécié. C'est dommage que vous ne vous soyez jamais rencontrés.
"Tomatoes are delicious whether you eat them raw, cooked or braised.","Crues, cuites ou braisées, les tomates sont un ingrédient délicieux."
We asked him on the interphone if he could come downstairs quickly.,Nous lui avons demandé à l'interphone s'il pouvait descendre rapidement.
We have a complete set of the recordings of Beethoven's symphonies.,Nous avons une série complète des enregistrements des symphonies de Beethoven.
"We have a very good team, so we have every reason to be optimistic.",Nous disposons d'une excellente équipe et avons par conséquent toutes les raisons d'être optimistes.
We will have to put off the soccer game because of the bad weather.,Nous allons devoir reporter le match de foot à cause du mauvais temps.
"When I was growing up, I never imagined that I would become famous.","Lorsque je grandissais, je n'ai jamais imaginé que je deviendrais célèbre."
"When he was in the military, he conformed to the strict army rules.","Lorsqu'il était dans l'armée, il se conformait à ses règles rigides."
"When the chips are down, the only one you can count on is yourself.","Au moment critique, le seul sur qui vous pouvez compter, c'est vous."
"When you wake up tomorrow morning, you will find a wonderful thing.","Lorsque tu te réveilleras demain matin, tu trouveras quelque chose de merveilleux."
"Whether the problem is important or unimportant, you must solve it.","Que le problème soit important ou sans importance, tu dois le résoudre."
Why isn't there any wine left in the bottle? Did you kids drink it?,"Pourquoi ne reste-t-il plus de vin dans la bouteille ? L'avez-vous bu, les enfants ?"
Will you have a little time this weekend to help me with my French?,Auras-tu un peu de temps ce week-end pour m'aider en français ?
"You bought the food, so if I buy the wine that will even things up.","Tu as acheté la nourriture, donc si j'achète le vin on serra à égalité."
You can always tell what any individual wants most by what he does.,"On peut toujours deviner ce qu'un individu veut, principalement à ce qu'il fait."
You can see that the architect paid scrupulous attention to detail.,On peut voir que l'architecte a porté une attention scrupuleuse aux détails.
You can see that the architect paid scrupulous attention to detail.,Vous pouvez vous rendre compte que l'architecte a porté une attention scrupuleuse aux détails.
You can see that the architect paid scrupulous attention to detail.,Tu peux te rendre compte que l'architecte a porté une attention scrupuleuse aux détails.
"You can't beat me, Tom. I've been playing tennis since I was a kid.","Tu ne peux pas me battre, Tom : je joue au tennis depuis que je suis petit."
You can't just keep throwing your money away on this kind of thing.,Tu ne peux pas continuer à gaspiller ton argent à ce genre de choses.
You had better make sure that he is at home before you call on him.,Tu devrais être sûr qu'il est chez lui avant de lui rendre visite.
You had better make sure that he is at home before you call on him.,Tu devrais être sûre qu'il est chez lui avant de lui rendre visite.
You had better make sure that he is at home before you call on him.,Vous devriez être sûr qu'il est chez lui avant de lui rendre visite.
You had better make sure that he is at home before you call on him.,Vous devriez être sûre qu'il est chez lui avant de lui rendre visite.
You had better make sure that he is at home before you call on him.,Vous devriez vous assurer qu'il est chez lui avant de lui rendre visite.
You had better make sure that he is at home before you call on him.,Tu devrais t'assurer qu'il est chez lui avant de lui rendre visite.
You must not be afraid of making mistakes when learning a language.,Tu ne dois pas avoir peur de faire des erreurs lorsque tu apprends une langue.
You should wear your hair down more often. It looks great that way.,Tu devrais détacher tes cheveux plus souvent. Ils sont très bien ainsi.
You speak French very well. I wish I could speak it as well as you.,Tu parles très bien français. Je souhaiterais parler aussi bien que toi.
You speak French very well. I wish I could speak it as well as you.,Vous parlez très bien français. Je souhaiterais le parler aussi bien que vous.
You'll get a ticket if you park the car in front of a fire hydrant.,Tu vas avoir une amende si tu te gares devant une bouche d'incendie.
Your drinking is starting to affect the performance of your duties.,Votre consommation d'alcool commence à affecter la performance de vos services.
A judge will issue a search warrant only if there is probable cause.,Un juge ne délivrera un mandat d'amener que s'il y a des soupçons suffisants.
A molecule of water is made up of one oxygen and two hydrogen atoms.,Une molécule d'eau se compose de deux atomes d'hydrogène et d'un atome d'oxygène.
A molecule of water is made up of one oxygen and two hydrogen atoms.,Une molécule d'eau est composée d'un atome d'oxygène et de deux d'hydrogène.
A poor school record will count against you when you look for a job.,Un mauvais parcours scolaire jouera contre toi quand tu chercheras un travail.
"After what happened, I would've thought Tom would go back to Boston.","Après ce qui s'est passé, j'aurais pensé que Tom retournerait à Boston."
"All of a sudden, I remembered that I couldn't pay for so many books.",Tout à coup je me souvins que je ne pouvais pas payer autant de livres.
All the villagers went out into the hills to look for a missing cat.,Tous les villageois partirent dans les montagnes à la recherche d'un chat disparu.
Americans like football in the same way that Japanese like baseball.,Les Américains aiment le football américain de la même manière que les Japonais aiment le base-ball.
"As food and drink is to animals, so are rain and sunshine to plants.",La nourriture et la boisson sont aux animaux ce que la pluie et le soleil sont aux légumes.
Being aware of what and how much we eat is essential to good health.,Être conscient de ce que nous mangeons et en quelle quantité est essentiel à une bonne santé.
Business people exchange cards at the beginning or end of a meeting.,Les hommes d'affaires échangent leurs cartes au début ou à la fin d'une réunion.
Could you tell me which bus or train goes to the center of the town?,Pourriez-vous me dire quel bus ou quel train prendre pour aller au centre-ville ?
Did you really leave your car unlocked with the key in the ignition?,Est-ce que tu as vraiment laissé ta voiture ouverte avec les clés sur le contact ?
Do you know how many people in the world starve to death every year?,Savez-vous combien de gens dans le monde meurent de faim tous les ans ?
Do you know how many people in the world starve to death every year?,Sais-tu combien de gens dans le monde meurent de faim tous les ans ?
Father makes sure that all the lights are off before he goes to bed.,Père s'assure que toutes les lumières soient éteintes avant d'aller au lit.
"He failed in business, and to make matters worse, his wife fell ill.","Son affaire a fait faillite, et pour couronner le tout, sa femme est tombée malade."
He had this stupid habit of slouching against any available surface.,Il avait cette tendance idiote à se vautrer contre n'importe quelle surface disponible.
He is without doubt the most successful movie director in the world.,Il est sans aucun doute le metteur en scène de films le plus apprécié dans le monde.
"He prefers plain, simple people, for he is plain and simple himself.","Il préfère les gens ordinaires et simples, car il est lui-même ordinaire et simple."
He was the kind of kid who was always showing off to his classmates.,C'était le genre d'enfant qui frimait toujours auprès de ses camarades.
"Her technique is superb, but she needs to play with more expression.","Sa technique est superbe, mais elle a besoin de jouer avec plus d'expression."
How to meet future energy demand is a big question we must consider.,Comment faire face à la demande future d'énergie est une vaste question à laquelle il nous faut réfléchir.
Hurry up. The train leaves in ten minutes. We don't want to miss it.,Dépêchez-vous. Le train part dans quelques minutes. Nous ne voulons pas le rater.
I almost always take a shower in the morning before going to school.,Je prends pratiquement toujours une douche le matin avant d'aller à l'école.
I bought flowers because my grandmother is coming today for a visit.,J'ai acheté des fleurs car ma grand-mère vient me rendre visite aujourd'hui.
I can think of some situations in which a knife would come in handy.,Je peux imaginer des situations dans lesquelles un couteau serait bien utile.
I chained myself to one of the trees they were planning to cut down.,Je me suis enchaîné à un des arbres qu'ils prévoyaient d'abattre.
"I contacted them the other day, but I was not able to get an answer.","Je les ai contactés l'autre jour, mais je n'ai pas pu obtenir une réponse."
I don't care what the doctor says. I'm going to eat whatever I want.,Je me fiche de ce que le docteur dit. Je vais manger ce que je veux.
I don't care who your father is. You still have to follow my orders.,Je me fiche de savoir qui est votre père. Vous devez quand même obéir à mes ordres.
I don't care who your father is. You still have to follow my orders.,Je me fiche de savoir qui est ton père. Tu dois quand même obéir à mes ordres.
I don't have enough money on me right now to pay you what I owe you.,Je n'ai pas assez d'argent sur moi maintenant pour payer ce que je te dois.
"I don't know what we're going to find, but we should find something.",J'ignore ce que nous allons trouver mais nous devrions trouver quelque chose.
"I don't know what we're going to find, but we should find something.",Je ne sais pas ce que nous allons trouver mais nous devrions trouver quelque chose.
"I don't know where I put my keys, but I left them in here somewhere.",J'ignore où j'ai mis mes clés mais je les ai laissées quelque part là-dedans.
I don't think I want to answer any more of your questions right now.,Je ne pense pas que j'ai envie de répondre à plus de tes questions pour l'instant.
I don't think I want to answer any more of your questions right now.,Je ne pense pas avoir envie de répondre à plus de vos questions pour le moment.
I doubt that Tom has the courage to do what really needs to be done.,Je doute que Tom ait le courage de faire ce qui doit vraiment être fait.
"I dunno if it's a bug or what, but this software doesn't work right.","J'sais pas si c'est un bug ou quoi, mais ce logiciel ne marche pas correctement."
"I dunno if it's a bug or what, but this software doesn't work right.","J'sais pas si c'est un bug ou quoi, mais ce logiciel ne fonctionne pas correctement."
"I feel like going to the movies, but I still have to do my homework.",J'ai envie d'aller au cinéma mais je dois encore faire mes devoirs.
"I grabbed my little sister's hand, and the two of us started to run.",J'ai attrapé la main de ma petite sœur et on a commencé à courir.
I guess this desk will serve the purpose until we can get a new one.,Je suppose que ce bureau fera l'affaire jusqu'à ce que l'on puisse en obtenir un nouveau.
I had forgotten all about today's meeting. I'm glad you reminded me.,J'avais complètement oublié la réunion d'aujourd'hui. Je suis content que tu me l'aies rappelé.
I haven't seen you for a long time. Come and see me once in a while.,Cela fait longtemps que je ne vous ai pas vu. Venez me rendre visite une fois de temps en temps.
I heard that song so many times on the radio that I grew to hate it.,J'ai entendu cette chanson tellement de fois à la radio que je me suis mis à la détester.
I just want you to know that I won't be able to come to your picnic.,Je veux juste que vous sachiez que je ne serai pas en mesure de venir à votre pique-nique.
I just want you to know that I won't be able to come to your picnic.,Je veux juste que vous sachiez que je ne serai pas en mesure de venir à ton pique-nique.
I just wanted some advice from someone who's already been to Boston.,Je voulais seulement des conseils venant de quelqu'un qui a déjà été à Boston.
"I know your time is valuable, but could I ask you just one question?",Je sais que votre temps est précieux mais pourrais-je vous poser juste une question ?
"I ordered the children to stay quiet, but they kept on making noise.","J'ai enjoint aux enfants de se tenir tranquilles, mais ils ont continué à faire du bruit."
I parked on the left side of the street just in front of the school.,"Je me suis garé du côté gauche de la rue, juste devant l'école."
I read somewhere that short people need more sleep than tall people.,J'ai lu quelque part que les personnes de petites tailles avaient besoin de plus de sommeil que les personnes de grandes tailles.
I should've studied French more seriously when I was in high school.,J'aurais dû étudier le français plus sérieusement quand j'étais au lycée.
I stumbled across this problem when I was working on something else.,J'ai buté sur le problème tandis que je travaillais à autre chose.
I suddenly saw myself reflected in a window pane and it startled me.,Je vis soudain mon reflet dans une vitrine et ça me fit sursauter.
I think I've figured out which horse is most likely to win the race.,Je pense avoir déterminé quel cheval a la meilleure probabilité d'emporter la course.
I think I've figured out which horse is most likely to win the race.,Je pense avoir déterminé quel cheval a la meilleure probabilité de gagner la course.
I thought it was unnecessary for us to do anything about that today.,"Je pensais qu'il était pour nous inutile de faire quoi que ce fut à ce sujet, aujourd'hui."
I thought it would be an opportunity for you to improve your French.,J'ai pensé que ce serait une occasion pour vous d'améliorer votre français.
I thought it would be an opportunity for you to improve your French.,J'ai pensé que ce serait une occasion pour toi d'améliorer ton français.
"I thought you might be lonely, so I came over with a bottle of wine.",J'ai pensé que tu pourrais te sentir seul alors je suis venu avec une bouteille de vin.
"I thought you might be lonely, so I came over with a bottle of wine.",J'ai pensé que tu pourrais te sentir seule alors je suis venu avec une bouteille de vin.
"I thought you might be lonely, so I came over with a bottle of wine.",J'ai pensé que vous pourriez vous sentir seul alors je suis venu avec une bouteille de vin.
"I was going to buy a new table, but my husband fixed the broken leg.",J'étais sur le point d'acheter une nouvelle table mais mon mari a réparé le pied cassé.
I was just wondering how it would feel to be punched in the stomach.,Je me demandais justement comment ça ferait d'être frappé à l'estomac.
I was just wondering how you guys ever got talking about this topic.,Je me demandais juste comment vous avez pu en arriver à ce sujet.
I was lucky that the train was late. Otherwise I would've missed it.,J'ai eu de la chance que le train ait du retard. Sinon je l'aurais raté.
I wonder if you would mind lending me your car for a couple of days.,Je me demande si ça vous ennuierait de me prêter votre voiture pour quelques jours.
I'd like to ask you a few questions about what you did last weekend.,J'aimerais te poser quelques questions à propos de ce que tu as fait le week-end dernier.
I'd like to ask you a few questions about what you did last weekend.,J'aimerais te poser quelques questions à propos de ce que tu as fait le week-end passé.
I'd like to ask you a few questions about what you did last weekend.,J'aimerais te poser quelques questions au sujet de ce que tu as fait le week-end dernier.
I'd like to ask you a few questions about what you did last weekend.,J'aimerais te poser quelques questions au sujet de ce que tu as fait le week-end passé.
I'd like to ask you a few questions about what you did last weekend.,J'aimerais vous poser quelques questions au sujet de ce que vous avez fait le week-end dernier.
I'd like to ask you a few questions about what you did last weekend.,J'aimerais vous poser quelques questions au sujet de ce que vous avez fait le week-end passé.
I'd like to ask you a few questions about what you did last weekend.,J'aimerais vous poser quelques questions à propos de ce que vous avez fait le week-end dernier.
I'd like to ask you a few questions about what you did last weekend.,J'aimerais vous poser quelques questions à propos de ce que vous avez fait le week-end passé.
I'd like to think about it a little longer before I make a decision.,J'aimerais y réfléchir un peu plus longtemps avant de prendre une décision.
I've been so busy this past week that I've hardly had time to relax.,J'ai été tellement occupé la semaine dernière que j'ai à peine eu le temps de me détendre.
I've heard that chocolate doesn't make fat. I wonder if that's true.,J'ai entendu dire que le chocolat ne fait pas grossir. Je me demande si c'est vrai.
"If I remember correctly, that's the song Tom sang at Mary's wedding.","Si je me souviens bien, c'est la chanson que Tom a chantée au mariage de Mary."
"If he sends me any letters, I just tear them up and throw them away.","Quelque lettre qu'il m'envoie, je la déchire et la jette, rien de plus."
"If there's anything I can do for you, don't hesitate to let me know.","Si je peux faire quelque chose pour toi, n'hésite pas à me le faire savoir."
"If two men always have the same opinion, one of them is unnecessary.","Si deux hommes ont toujours la même opinion, l'un d'eux est inutile."
"If you don't know the meaning of a word, look it up in a dictionary.","Si tu ne connais pas la signification d'un mot, vérifie dans un dictionnaire."
"If you tell people what they want to hear, they'll do what you want.","Si tu dis aux gens ce qu'ils veulent entendre, ils feront ce que tu veux."
"In the light of what you told us, I think we should revise our plan.","À la lumière de ce que tu nous as dit, je pense que nous devrions revoir notre plan."
"In the summer, I go to the sea, and in the winter, to the mountains.","En été, je vais à la mer et en hiver à la montagne."
"In the summer, I go to the sea, and in the winter, to the mountains.","L'été, je vais à la mer, l'hiver, je vais à la montagne."
"In the winter, I like to sled down the small hill close to our home.","En hiver, j'aime descendre en luge le monticule proche de notre maison."
"Instead of fixing the problem, the company fired the whistle-blower.","Au lieu de régler le problème, l'entreprise a viré le lanceur d'alerte."
It is almost impossible to learn a foreign language in a short time.,C'est presque impossible d'apprendre une langue étrangère en peu de temps.
It is difficult to get him to do anything on the spur of the moment.,Il est difficile de lui faire faire quoi que ce soit sous l'impulsion du moment.
It is important to understand that each country has its own culture.,Il est important de comprendre que chaque pays a sa propre culture.
"It was getting dark, and, what made matters worse, it began to rain.","Il commençait à faire sombre et, pour empirer les choses, il s'est mis à pleuvoir."
It would be better if you didn't drink so much coffee late at night.,Ce serait mieux si tu ne buvais pas autant de café tard dans la nuit.
"It's a good idea, to be sure, but it's hard to put it into practice.","C'est assurément une bonne idée, mais c'est difficile à mettre en pratique."
It's difficult for me to understand French when it's spoken quickly.,C'est difficile pour moi de comprendre le français quand on parle trop vite.
"Judging from the look of the sky, it will clear up in the afternoon.","Au vu du ciel, le temps se dégagera dans l'après-midi."
Keeping a diary also gives us a chance to reflect on our daily life.,Tenir un journal intime nous donne aussi une chance de réfléchir sur notre vie quotidienne.
Mary invested in the stock because the financial advisor fooled her.,Marie a investi dans ces actions parce que le conseiller financier l'a bernée.
More than 70 percent of the inhabitants are in favor of the program.,Plus de 70% des habitants adhèrent au programme.
Most students are tired of having to take examinations all the time.,Beaucoup d'étudiants sont exaspérés de devoir tout le temps passer des examens.
"My curtains were closed, so I didn't see what was happening outside.","Mes rideaux étaient fermés, de ce fait je n'ai pas vu ce qui se passait dehors."
My father works hard because he wants to give us everything we need.,"Mon père travaille dur, parce qu'il veut nous donner tout ce dont nous avons besoin."
"No matter how hard I try, I will never be able to catch up with him.","J'aurai beau essayer, je ne serai jamais capable de le rattraper."
Not doing one's work properly may be worse than not doing it at all.,Ne pas faire correctement son travail peut être pire que de ne pas le faire du tout.
"On behalf of my classmates, let me say a few words of thanks to you.","De la part de mes camarades de classe, laissez-moi vous dire quelques mots de remerciement."
Our ancestors developed massive jaws as a result of constant combat.,Nos ancêtres ont développé des mâchoires imposantes à force de combats constants.
"Our task has been easy so far, but it will be difficult from now on.","Notre tâche a été aisée jusqu'ici, mais à partir de maintenant cela va être difficile."
People have lost the ability to disagree without being disagreeable.,Les gens ont perdu la capacité à être en désaccord sans être désagréables.
Prepositions generally cause problems for foreign language students.,Les prépositions posent généralement des problèmes aux étudiants en langues étrangères.
Refer to the instruction manual if you need to fix the refrigerator.,Reportez-vous au manuel d'instructions si vous avez besoin de réparer le réfrigérateur.
She bought him a camera that was too big to fit in his shirt pocket.,Elle lui a acheté un appareil photo qui est trop gros pour tenir dans sa poche de chemise.
She decided to marry him even though her parents didn't want her to.,Elle décida de l'épouser même si ses parents ne le voulaient pas.
She made it clear that she couldn't make it in time for the meeting.,Elle fit clairement savoir qu'elle ne pourrait pas être à temps à la réunion.
She made it clear that she couldn't make it in time for the meeting.,Elle a fait clairement savoir qu'elle ne pourrait pas être à temps à la réunion.
"Since I will see him tomorrow, I can give him a message if you want.","Comme je le vois demain, je peux lui transmettre un message, si vous voulez."
"Since he was tired, he was sitting on the sofa with his eyes closed.","Comme il était fatigué, il était assis les yeux fermés dans le canapé."
Surround yourself only with people who are going to lift you higher.,Ne vous entourez que de gens qui vont vous élever plus haut.
Surround yourself only with people who are going to lift you higher.,Ne t'entoure que de gens qui vont t'élever plus haut.
Thank you for the time you spent with me during my visit to Atlanta.,Merci pour le temps que vous avez passé avec moi durant mon séjour à Atlanta.
The fire that broke out last night was judged to be caused by arson.,Le feu qui s'est déclenché la nuit dernière a été jugé être un incendie volontaire.
The first time I held my girlfriend's hand was in the haunted house.,La première fois que j'ai pris la main de ma copine c'était dans la maison hantée.
"The last time we ate dinner together, you would only eat vegetables.","La dernière fois que nous avons déjeuné ensemble, tu ne voulais manger que des légumes."
"The last time we ate dinner together, you would only eat vegetables.","La dernière fois que nous avons dîné ensemble, tu ne voulais manger que des légumes."
"The last time we ate dinner together, you would only eat vegetables.","La dernière fois que nous avons déjeuné ensemble, vous ne vouliez manger que des légumes."
"The last time we ate dinner together, you would only eat vegetables.","La dernière fois que nous avons dîné ensemble, vous ne vouliez manger que des légumes."
The meaning of a word is determined by the context where it is used.,Le sens d'un mot se détermine suivant le contexte dans lequel il est employé.
The military engaged the enemy five kilometers south of the capital.,"Les militaires ont engagé le combat avec l'ennemi, cinq kilomètres au sud de la capitale."
The neighbors will call the police if you don't turn the music down.,Les voisins appelleront la police si vous ne baissez pas la musique.
The only difference between a bad cook and a poisoner is the intent.,"La seule différence entre une mauvaise cuisinière et une empoisonneuse, c'est l'intention."
The policy of the government was criticized by the opposition party.,La politique gouvernementale a été critiquée par le parti d'opposition.
"The sky grew darker and darker, and the wind blew harder and harder.",Le ciel devenait de plus en plus sombre et le vent de plus en plus violent.
The talk was peppered with scientific jargon that no one understood.,Le discours était parsemé de jargon scientifique que personne n'a compris.
The translation of the French novel took him more than three months.,La traduction du roman français lui a pris plus de trois mois.
The unemployment rate in Japan was 3.4 percent in September of 2015.,"Le taux de chômage au Japon était de 3,4 pour cent en septembre 2015."
There is an urgent need for people to help clean up the environment.,Il faut que les gens nettoient l'environnement de manière urgente.
There were many things that needed to be done before we could leave.,De nombreuses choses étaient à faire avant que nous puissions partir.
There were many things that we needed to do to prepare for our trip.,Il y avait beaucoup de choses que nous devions faire pour préparer notre voyage.
"To the best of my knowledge, this is the only translation available.","Pour autant que je sache, c'est l'unique traduction."
Tom and I've been discussing the situation for the past three hours.,Tom et moi avons discuté de la situation durant les trois dernières heures.
Tom can't tell the difference between expensive wine and cheap wine.,Tom est incapable de faire la différence entre un vin de qualité et de la piquette.
Tom doesn't understand Mary's reluctance to go out with his brother.,Tom ne comprenait pas la réticence de Mary à sortir avec son frère.
Tom wants Mary to know he's not planning on asking her to marry him.,Tom veut que Mary sache qu'il n'a pas l'intention de la demander en mariage.
"Tom wants to call his uncle, but he can't seem to get a hold of him.","Tom veut appeler son oncle, mais il n'obtient pas la communication."
We can't be the only two people who forgot to pay our bills on time.,Nous ne pouvons être les deux seules personnes à avoir oublié de payer leurs factures à temps.
We can't be the only two people who forgot to pay our bills on time.,Nous ne pouvons être les deux seules personnes qui aient oublié de payer leurs factures à temps.
"We did our best to help him, but he didn't so much as say thank you.","Nous fîmes de notre mieux pour l'aider, mais il ne dit même pas merci."
We waited up for him until two o'clock and then finally went to bed.,Nous l'avons attendu jusqu'à deux heures du matin et sommes finalement allés nous coucher.
We're going to keep doing this until someone tells us that we can't.,Nous allons continuer à le faire jusqu'à ce que quelqu'un nous dise que nous ne le pouvons pas.
What was the name of the hotel where you stayed in Boston last year?,Quel était le nom de l'hôtel où vous avez séjourné à Boston l'année dernière ?
"When I don't have anything to say, I am not embarrassed to be quiet.","Lorsque je n'ai rien à dire, ça ne me gêne pas de rester silencieux."
"When you love someone, you'll do anything to make that person happy.","Quand tu aimes une personne, tu feras tout ton possible pour la rendre heureuse."
Who's the gorgeous girl I saw wandering around in the mall with you?,Qui est la magnifique nana que j'ai vue déambuler avec toi dans la galerie commerciale ?
You don't have to make up an excuse if you don't want to go with us.,Tu ne dois pas trouver d'excuse si tu ne veux pas venir avec nous.
You have only to stand in front of the door. It will open by itself.,Tu n'as qu'à te mettre devant la porte. Elle s'ouvrira toute seule.
You have to promise never to tell anyone what I'm about to tell you.,Tu dois promettre de ne jamais dire à personne ce que je vais te dire.
You should take your car to Tom's Garage. He does a pretty good job.,Tu devrais emmener ta voiture à Tom's Garage. Il fait un plutôt bon travail.
You should take your car to Tom's Garage. He does a pretty good job.,Vous devriez emmener votre voiture au garage de Tom. Il fait un plutôt bon travail.
You're the only person I know who can probably answer this question.,Vous êtes la seule personne qui sait probablement répondre à cette question.
"Do you know when they will arrive? ""At eleven-thirty this evening.""",« Savez-vous quand ils vont arriver ? » « À onze heures et demie ce soir. »
"Give me something to write with. ""Will this do?"" ""Yes, it will do.""","« Donne-moi quelque chose pour écrire. » « Avec ça, ça ira ? » « Oui, ça ira. »"
A lot of young people your age are already working and have a family.,Beaucoup de jeunes de ton âge travaillent déjà et ont fondé une famille.
"After English, German is the most popular foreign language in Russia.","Après l'anglais, l'allemand est la langue la plus populaire en Russie."
"After I graduated from college, I got a job with my father's company.","Après que je fus diplômé de l'école, j'obtins un poste dans l'entreprise de mon père."
"After I graduated from college, I got a job with my father's company.","Après que j'ai été diplômé de l'école, j'ai obtenu un poste dans l'entreprise de mon père."
"All of a sudden, large drops of rain began falling from the dark sky.","Tout à coup, de grosses gouttes de pluie commencèrent à tomber du ciel sombre."
"As a writer, she does not fit into any of the traditional categories.","Comme écrivain, elle ne peut pas être classée dans les catégories habituelles."
"As you requested, I have attached a recent passport-sized photograph.","Conformément à votre demande, j'ai joint une photo récente au format passeport."
Could you please tell me again when the meeting is supposed to start?,Pourriez-vous me répéter quand la réunion est censée démarrer ?
Could you please tell me again when the meeting is supposed to start?,Pourrais-tu me redire quand la réunion est censée démarrer ?
Electronic components can be cleaned by using pure isopropyl alcohol.,Les composants électroniques peuvent être nettoyés en utilisant de l'isopropanol pur.
"Even if it takes me ten years, I am determined to accomplish the job.","Même si ça me prend dix ans, je suis déterminé à accomplir ce boulot."
"Even if it takes me ten years, I am determined to accomplish the job.","Même si ça me prend dix ans, je suis déterminée à accomplir ce boulot."
"Even if the sun were to rise in the west, I would not change my mind.","Même si le soleil se levait à l'ouest, je ne changerais pas d'avis."
"Even though Tom used to be my best friend, I'm beginning to hate him.","Quand bien même Tom était mon meilleur ami, je commence à le haïr."
"Everybody talks about the weather, but nobody does anything about it.","Tout le monde parle du temps, mais personne ne fait rien pour ça."
"Finding it hard to make ends meet on his income, she started to work.","Trouvant difficile de joindre les deux bouts avec son revenu, elle commença à travailler."
Foreign direct investments in China amounted to $3 billion last year.,Les investissements directs en Chine s'élevaient à 3 milliards de dollars l'année dernière.
Having a full time job and raising two kids at the same time is hard.,Avoir un emploi à plein temps et élever deux enfants en même temps est difficile.
He doesn't seem to be aware of the conflict between my father and me.,Il n'a pas l'air d'être au courant du conflit entre mon père et moi.
He managed to pass his driving test even though he was a poor driver.,Il a réussi à obtenir son permis de conduire bien qu'il fut un mauvais conducteur.
He said his father was an architect and that he wanted to be one too.,Il dit que son père était architecte et qu'il veut l'être aussi.
He told me about the accident as if he had seen it with his own eyes.,Il me raconta l'accident comme s'il l'avait vu de ses propres yeux.
He walked back and forth on the platform while waiting for the train.,Il faisait les cent pas sur le quai en attendant le train.
"He's shy, and never speaks unless spoken to. You have to talk to him.",Il est timide. Il ne parle jamais sauf si on lui parle. Tu dois lui parler.
His intelligence and experience enabled him to deal with the trouble.,Son intelligence et son expérience lui permirent de régler le souci.
How long do you think the jury will take before they reach a verdict?,Combien de temps penses-tu que le jury prendra avant d'arriver à un verdict ?
Hummer limousines are the ultimate symbol of conspicuous consumption.,Les limousines Hummer sont l'archétype de la consommation voyante.
I came to Tokyo three years ago and have been living here ever since.,Je suis venu à Tokyo il y a trois ans et ai vécu ici depuis.
I can't believe that you really sold that junk for such a high price.,Je n'arrive pas à croire que tu as vraiment vendu cette daube à un tel prix.
I can't believe that you really sold that junk for such a high price.,Je n'arrive pas à croire que vous avez vraiment vendu ce bazar à un tel prix.
I can't think of any other way of getting him to accept our proposal.,Je ne vois pas d'autres moyens de lui faire accepter notre proposition.
I can't wait for spring to come so we can sit under the cherry trees.,J'ai hâte que le printemps arrive afin que l'on puisse s'asseoir sous les cerisiers.
"I cannot go to the party, but thank you for inviting me all the same.","Je ne peux pas assister à la fête, mais merci en tout cas de m'avoir invité."
I cannot look at this photo without being reminded of my school days.,Je ne peux pas regarder cette photo sans que cela me rappelle l'époque où j'allais à l'école.
I chopped the onions and put them in a casserole with butter and oil.,J'ai haché les oignons et les ai mis dans une casserole avec du beurre et de l'huile.
I don't know what this word means. I'll look it up in the dictionary.,Je ne sais pas ce que ce mot signifie. Je le chercherai dans le dictionnaire.
"I don't watch a lot of movies, but I can't resist a good documentary.","Je ne regarde pas beaucoup de films, mais je ne peux pas résister à un bon documentaire."
"I grabbed my little sister's hand, and the two of us started running.",J'ai attrapé la main de ma petite sœur et nous avons tous les deux commencé à courir.
"I had heard that he was fat, but I didn't think he would be that fat.","J'avais entendu qu'il était gros, mais je ne pensais pas qu'il serait si gros."
I had no sooner closed the door than somebody started knocking on it.,J'avais à peine fermé la porte que quelqu'un frappa.
I hate myself for not having the will power to quit eating junk food.,Je me déteste de ne pas avoir la volonté d'arrêter de manger des cochonneries.
I have trouble falling asleep because I always have a lot on my mind.,J'ai des difficultés à trouver le sommeil parce que j'ai toujours beaucoup à l'esprit.
I have trouble falling asleep because I always have a lot on my mind.,J'ai des difficultés à m'endormir parce que j'ai toujours beaucoup en tête.
"I know how to solve the problem, but I've been asked not to tell you.",Je sais comment résoudre le problème mais on m'a demandé de ne pas vous le dire.
"I know how to solve the problem, but I've been asked not to tell you.",Je sais comment résoudre le problème mais on m'a demandé de ne pas te le dire.
I never dreamed of there being such a quiet place in this noisy city.,Je n'aurais jamais pensé qu'il y ait là un tel endroit tranquille dans cette ville bruyante.
I played an interesting game of chess against the computer last week.,"J'ai joué une intéressante partie d'échecs contre l'ordinateur, la semaine dernière."
I put an advertisement in the newspaper saying my house was for sale.,J'ai publié une annonce dans le journal pour dire que ma maison était en vente.
I remember the event as clearly as if it had happened just yesterday.,Je me rappelle l'événement aussi clairement que s'il avait eu lieu hier.
I suggest that you go and see a doctor about this as soon as you can.,Je suggère que vous alliez voir un médecin à ce sujet dès que vous le pouvez.
I suggest that you go and see a doctor about this as soon as you can.,Je suggère que tu ailles voir un médecin à ce sujet dès que tu le peux.
I think it's dangerous to climb a mountain on a day when it's stormy.,Je crois que c'est dangereux d'escalader une montagne un jour de tempête.
"I think that Tom went to the supermarket yesterday, but I'm not sure.","Je crois que Tom est allé au supermarché hier, mais je n'en suis pas sûr."
I want to apologize for the way I talked to you the last time we met.,Je veux présenter mes excuses pour la manière dont je vous ai parlé la dernière fois que nous nous sommes rencontrés.
I want to apologize for the way I talked to you the last time we met.,Je veux présenter mes excuses pour la manière dont je t'ai parlé la dernière fois que nous nous sommes rencontrés.
I want to apologize for the way I talked to you the last time we met.,Je veux présenter mes excuses pour la manière dont je vous ai parlé la dernière fois que nous nous sommes rencontrées.
I want to apologize for the way I talked to you the last time we met.,Je veux présenter mes excuses pour la manière dont je t'ai parlé la dernière fois que nous nous sommes rencontrées.
I want to believe there's still a chance for us to be happy together.,"Je veux croire qu'il y a encore une chance, pour nous, d'être heureux ensemble."
I want to take advantage of the opportunity to speak to the governor.,Je veux mettre à profit l'occasion de parler au gouverneur.
I wish I could figure out how to get more people to visit my website.,J'aimerais pouvoir trouver comment faire pour que plus de gens visite mon site web.
I wonder if you could tell me if there is a post office in this area.,Je me demande si vous pourriez me dire s'il y a une poste dans ce quartier.
I wonder whether a man could live with only two hours' sleep a night.,Je me demande si un être humain peut s'en sortir avec seulement deux heures de sommeil par nuit.
I'll lend you my textbook if you promise not to write anything in it.,Je te prêterai mon manuel si tu promets de ne rien y écrire.
I'll lend you my textbook if you promise not to write anything in it.,Je te prêterai mon manuel si tu promets de ne rien écrire dessus.
"I'm sure I've met that man somewhere, but I don't remember who he is.",Je suis sûr d'avoir rencontré cet homme quelque part mais je ne me souviens plus qui c'est.
"I'm sure I've met that man somewhere, but I don't remember who he is.",Je suis sûre d'avoir rencontré cet homme quelque part mais je ne me souviens plus qui c'est.
I've already drunk half a bottle of wine while I was waiting for you.,J'ai déjà bu une demi-bouteille de vin en vous attendant.
I've already drunk half a bottle of wine while I was waiting for you.,J'ai déjà bu une demi-bouteille de vin en t'attendant.
"If anyone calls me up while I'm away, tell them I'll be back by five.","Si quelqu'un appelle pendant que je suis absent, dis-lui que je serai de retour à cinq heures."
"If anyone calls me up while I'm away, tell them I'll be back by five.","Si quelqu'un appelle pendant que je suis absente, dites-lui que je serai de retour à cinq heures."
"If this airplane were to be hijacked, what in the world would you do?","Si cet avion était détourné, bon Dieu, que feriez-vous ?"
"If you don't do this now, you'll regret it for the rest of your life.","Si tu ne le fais pas maintenant, tu le regretteras toute ta vie."
"If you listen carefully to my instructions, it'll save you some time.","Si vous écoutez sagement mes instructions, vous gagnerez du temps."
"In all probability, no language is completely free of borrowed words.","En toute probabilité, aucun langage n'est complètement dépourvu de mots d'emprunt."
"Introducing foreign plants, such as palm trees can damage ecosystems.","Introduire des plantes étrangères, telles que les palmiers, peut endommager les écosystèmes."
Is there any chance that you have eaten any of the contaminated food?,Y a-t-il le moindre risque que vous ayez consommé la moindre quantité de la nourriture contaminée ?
It is not until you have lost your health that you realize its value.,Ce n'est pas avant d'avoir perdu la santé qu'on prend conscience de sa valeur.
It only takes about fifteen minutes to walk to the station from here.,Cela ne prend qu'environ quinze minutes d'aller d'ici à la gare à pied.
It was on the morning of February the ninth that I arrived in London.,Je suis arrivé à Londres le matin du 9 février.
It'll take some time until we have enough money to buy a new tractor.,Ça prendra un peu de temps jusqu'à ce que nous ayons assez d'argent pour acheter un nouveau tracteur.
It's just possible that he'll eventually recover the use of his legs.,Il est bien possible qu'il recouvre en fin de compte l'usage de ses jambes.
It's not something one should laugh about and yet they were laughing.,On ne devrait pas rire de cela et pourtant ils riaient.
"Just to be on the safe side, why don't you take an umbrella with you?","Tu devrais prendre un parapluie, au cas où."
Many people who hear Tom speaking French think he's a native speaker.,Beaucoup de gens qui entendent Tom parler français pensent qu'il est un locuteur natif.
Morality is mostly a matter of how much temptation you can withstand.,La moralité est principalement une question de savoir combien on peut résister à la tentation.
Most Americans do not object to my calling them by their first names.,La plupart des Américains ne semblent pas avoir d'objection à ce que je les appelle par leurs prénoms.
Most public places are simply not geared to people with disabilities.,La plupart des endroits publiques ne sont tout simplement pas adaptés au personnes handicapées.
My waist size has recently increased. I guess it's middle-age spread.,Mon tour de taille a récemment augmenté. J'imagine que c'est l'âge.
No one has the right to tell me what I can and can't do with my body.,Personne n'a le droit de me dire ce que je peux et ne peux pas faire avec mon corps.
Nobody's going to shed any tears if that old building gets torn down.,Personne ne va verser de larmes si ce vieux bâtiment est détruit.
Of course you can trust me. Have I ever given you a bum steer before?,Bien sûr que vous pouvez vous fier à moi. Vous ai-je déjà fourni un mauvais tuyau ?
Of course you can trust me. Have I ever given you a bum steer before?,Bien sûr que tu peux te fier à moi. T'ai-je déjà fourni un mauvais tuyau ?
Of course you can trust me. Have I ever given you a bum steer before?,Bien sûr que vous pouvez vous fier à moi. Vous ai-je déjà refilé un mauvais tuyau ?
Of course you can trust me. Have I ever given you a bum steer before?,Bien sûr que tu peux te fier à moi. T'ai-je déjà refilé un mauvais tuyau ?
One thing I've always wanted to do is get a decent job close to home.,"Une chose dont j'ai toujours eu envie, c'est d'obtenir un travail correct près de chez moi."
Our server will be offline on October 20th for scheduled maintenance.,Nos serveurs seront hors ligne le 20 octobre pour la maintenance prévue.
Portugal has decriminalized the possession of drugs for personal use.,Le Portugal a dépénalisé la possession de drogues à usage personnel.
Possible side effects include blurred vision and shortness of breath.,Les effets secondaires possibles incluent des troubles de la vision et un souffle court.
"Recently, there have been signs that the economy is picking up steam.",Il y a eu récemment des signaux indiquant que l'économie prend de la vigueur.
"Recently, there have been signs that the economy is picking up steam.",Des signaux récents indiquent que l'économie prend de la vigueur.
"She advised him not to drive too fast, but he wouldn't listen to her.",Elle lui recommanda de ne pas conduire trop vite mais il refusa de l'écouter.
"She advised him not to drive too fast, but he wouldn't listen to her.",Elle lui a recommandé de ne pas conduire trop vite mais il a refusé de l'écouter.
"She claims that she knows nothing about him, but I don't believe her.",Elle prétend qu'elle ne sait rien de lui mais je ne la crois pas.
She has a good command of English though she was brought up in Japan.,Elle a une bonne maîtrise de l'anglais bien qu'élevée au Japon.
"She intended to go shopping with her mother, but her mother was busy.","Elle avait l'intention d'aller faire des emplettes avec sa mère, mais sa mère était occupée."
She spent most of her senior year in high school strung out on drugs.,Elle a passé la majeure partie de sa dernière année au lycée accrochée à la drogue.
Sitting down all day and looking at a computer screen is bad for you.,Être assis toute la journée en regardant un écran d'ordinateur est mauvais pour la santé.
Some flowers bloom in the spring and other flowers bloom in the fall.,Certaines fleurs fleurissent au printemps et d'autres en automne.
Some of the trees in our neighborhood were knocked down by the storm.,Quelques arbres dans notre coin ont été abattus par la tempête.
Some were under the impression that the judges had not chosen wisely.,Certains avaient l'impression que les juges n'avaient pas choisi judicieusement.
Something in his face really reminded me of an old boyfriend of mine.,Quelque chose dans son visage me rappelle vraiment un de mes anciens amoureux.
"Sorry, but I have to hurry. I have no time to explain this in detail.","Désolé mais je dois me dépêcher, je n'ai pas le temps de rentrer dans les détails."
The President is usually accompanied by his wife when he goes abroad.,Le président est habituellement accompagné de sa femme quand il va à l'étranger.
The President is usually accompanied by his wife when he goes abroad.,Le président est d'ordinaire accompagné de son épouse lorsque il se rend à l'étranger.
The board of directors is going to discuss the proposal next Tuesday.,Le conseil d'administration va discuter de la proposition mardi prochain.
The buildings are small in comparison to the skyscrapers in New York.,Les immeubles sont petits en comparaison des gratte-ciel à New-York.
The burglar was traced by one of the things he had left on the scene.,Le cambrioleur fut détecté par l'une des choses qu'il avait laissée sur place.
The company gave him a gold watch in acknowledgement of his services.,L'entreprise lui donna une montre en or en reconnaissance de ses services.
The consequence of a wrong translation can sometimes be catastrophic.,La conséquence d'une mauvaise traduction peut parfois être catastrophique.
The constant border wars between England and Scotland came to an end.,Les incessantes guerres de frontières entre l'Angleterre et l'Écosse prirent fin.
The drunken men made derogatory remarks toward the women in the club.,L'ivrogne fit des remarques désobligeantes à l'égard des femmes du cercle.
The drunken men made derogatory remarks toward the women in the club.,L'ivrogne a fait des remarques désobligeantes à l'égard des femmes du cercle.
The fire was so intense that the firemen couldn't get into the house.,L'incendie était tel que les pompiers n'ont pas pu rentrer à l'intérieur de la maison.
The fog soon blurred out the figure of a man walking in front of him.,Le brouillard estompa bientôt la silhouette d'un homme qui marchait devant lui.
The rescuers searched the surroundings in hopes of finding the child.,Les sauveteurs ont cherché aux alentours dans l'espoir de trouver l'enfant.
The restaurant we went to wasn't as expensive as I expected it to be.,Le restaurant où nous sommes allés n'était pas aussi cher que je le pensais.
The stock market crash forced many retirees back into the job market.,La chute du marché boursier a obligé de nombreux retraités à retourner sur le marché du travail.
There is nothing worse than doing something in a half-hearted manner.,Il n'y a rien de pire que de faire quelque chose d'une manière nonchalante.
"There were hundreds of taxis at the airport, all vying for customers.","Il y avait des centaines de taxis à l'aéroport, tous en chasse après des clients."
"They can come on Monday or Tuesday, but not on Wednesday or Thursday.","Ils peuvent venir le lundi ou le mardi, mais pas le mercredi ou le jeudi."
"This is a difficult problem, and it is not easy for anyone to decide.","C'est un problème difficile, et ce n'est facile pour personne de décider."
This nation's economy is growing by leaps and bounds in recent years.,"L'économie nationale croît à pas de géant, ces dernières années."
"To do him justice, he did his best with his limited men and supplies.","Pour lui rendre justice, il a fait de son mieux avec des ressources et des effectifs limités."
Tom and his friends sat around the campfire and roasted marshmallows.,Tom et ses amis se sont assis autour du feu de camp et faisaient griller des guimauves.
"Tom didn't think Mary would enjoy his party, so he didn't invite her.","Tom pensait que Marie n'apprécierait pas sa fête, donc il ne l'invita pas."
Tom had his wisdom teeth taken out by a twenty-four year old dentist.,Tom s’est fait retirer ses dents de sagesse par un dentiste de vingt-quatre ans.
Tom is fishing for trout about a hundred meters downstream from here.,Tom pêche à la truite environ cent mètres en aval d'ici.
Tom is going to have to stay in the hospital for another three weeks.,Tom va devoir rester à l'hôpital trois semaines de plus.
Tom is the only man in the world that is likely to break that record.,Tom est le seul homme au monde qui est susceptible de battre ce record.
Tyrannical governments frequently imprison their political opponents.,Les gouvernements tyranniques incarcèrent fréquemment leurs opposants politiques.
"Very fat people waddle when they walk, though few of them realize it.","Les gens très gros se dandinent quand ils marchent, bien que peu d'entre eux en prennent conscience."
We can't just cut people's salaries without giving them some warning.,Nous ne pouvons pas simplement tailler dans les salaires des gens sans les avertir.
We have to consider the problem in the light of cultural differences.,Nous devons considérer le problème à la lumière des différences culturelles.
What do you think you're doing letting the loyalists into the castle?,Vous pensiez à quoi en laissant les loyalistes dans le château ?
What this club is today is largely due to the effort of these people.,Ce que ce cercle est aujourd’hui est largement le fruit de l’effort de ces gens.
What was your relationship with your father like when you were a kid?,Comment était ta relation avec ton père quand tu étais enfant ?
What was your relationship with your father like when you were a kid?,Comment était votre relation avec votre père quand vous étiez enfant ?
"When you're eighteen years old, you're an adult in the United States.","Quand on a dix-huit ans, on est majeur aux États-Unis d'Amérique."
Would you mind giving me a little help with some problems I'm having?,Cela vous dérangerait-il de me donner un peu d'aide avec certains de mes problèmes?
Would you mind giving me a little help with some problems I'm having?,Cela te dérangerait-il de me fournir un peu d'aide pour certains problèmes que je rencontre ?
You can be sure that the money you give them will be put to good use.,Vous pouvez être certain que l'argent que vous verserez sera utilisé à bon escient.
"You must kneel at my feet, kiss my hand and swear that I am an angel.","Tu dois t'agenouiller à mes pieds, me baiser la main et jurer que je suis un ange."
"You must kneel at my feet, kiss my hand and swear that I am an angel.","Vous devez vous agenouiller à mes pieds, me baiser la main et jurer que je suis un ange."
"Are scientists close to cloning a human being? ""Not by a long shot.""",«les scientifiques sont-ils sur le point de répliquer un être humain ?» «Loin de là.»
"Are scientists close to cloning a human being? ""Not by a long shot.""",«Les scientifiques sont-ils sur le point de répliquer un être humain ?» «Loin s'en faut.»
"I've only had two boyfriends. ""Oh, I have two boyfriends right now.""","« Je n'ai eu que deux petits copains. » « Oh, j'en ai deux en ce moment. »"
"According to the weather forecast, the typhoon is approaching Okinawa.","Selon la météo, le typhon s'approche d'Okinawa."
Additional imports of American beef are planned to meet rising demand.,Il est prévu d'augmenter l'importation de bœuf américain pour satisfaire la demande croissante.
"After a bit of googling, I suspect that what you said may not be true.","Après quelques recherches sur Google, je suspecte que ce que vous dites n'est peut-être pas vrai."
"After her graduation from college, she went over to the United States.","Après avoir été diplômée de l'Université, elle est partie pour les États-Unis."
"After we finish digging the trench, planting the flowers will be easy.","Après que nous aurons fini de creuser la tranchée, planter les fleurs sera facile."
"All things taken into consideration, my father's life was a happy one.","Tout bien considéré, mon père a eu une vie heureuse."
All you have to do is sit down here and answer the doctor's questions.,Tout ce que tu as à faire c'est t'asseoir là et répondre aux questions du médecin.
"Among the five of us, she, without a doubt, speaks the most languages.","De nous cinq, c'est sans aucun doute elle qui parle le plus de langues."
Company attorneys are working around the clock to complete the merger.,Les avocats de la société travaillent d'arrache-pied pour finaliser la fusion.
Could you explain to me why you think these rules don't apply anymore?,Peut-tu m'expliquer pourquoi pense-tu que ces lois ne sont désormais plus applicables ?
Could you remind me to call my academic advisor at 9:00 p.m. tomorrow?,Pourriez-vous me rappeler de téléphoner à mon conseiller académique demain à 21 heures ?
Do you think it's possible for me to ever sound like a native speaker?,Pensez-vous qu'il me soit jamais possible d'être pris pour un locuteur natif ?
"During warm weather, sweating helps man regulate his body temperature.","Par temps chaud, la sueur permet à l'homme de réguler la température de son corps."
"Ethnic minorities struggle against prejudice, poverty, and oppression.","Les minorités ethniques luttent contre les préjugés, la pauvreté et l'oppression."
Everything was exciting to me when I visited Spain for the first time.,Tout m'était passionnant lorsque j'ai visité l'Espagne pour la première fois.
"Excuse me for interrupting you, but would you mind opening the window?","Pardonnez-moi de vous interrompre, mais pourriez-vous ouvrir la fenêtre."
Father took his place at the head of the table and began to say grace.,Père pris place au bout de la table et entama le bénédicité.
Go down this road until you get to a traffic light and then turn left.,"Descendez le long de cette route jusqu'au feu rouge, puis tournez à gauche."
"Had he known what was about to happen, he would have changed his plan.","S'il avait su ce qui était sur le point de se passer, il aurait modifié son plan."
Have you ever wondered what might've happened if Tom hadn't been here?,T'es-tu déjà demandé ce qu'il aurait pu se passer si Tom n'avait pas été là ?
Have you ever wondered what might've happened if Tom hadn't been here?,Vous êtes-vous déjà demandé ce qu'il aurait pu se passer si Tom n'avait pas été là ?
He had heard wonderful stories about cities of gold with silver trees.,Il avait entendu des histoires merveilleuses de villes d'or et d'arbres d'argent.
He is too busy dreaming dreams to plan what he will do in his old age.,Il est trop occupé à rêvasser pour projeter ce qu'il fera lorsqu'il sera vieux.
"He makes most, if not all, of the important decisions for his company.","Il prend la plupart des décisions importantes, sinon toutes, pour sa société."
"He said that he was busy then, but that he would be free the next day.","Il disait alors qu'il était occupé, mais qu'il serait libre le jour suivant."
He wondered how many times the sun would rise before his salary would.,Il se demanda combien de fois le soleil se lèverait avant que son salaire ne s'élève.
"His English is not bad, seeing that he has studied for only two years.","Son anglais n'est pas mauvais, sachant qu'il ne l'étudie que depuis deux ans."
How much time did you spend doing research before you started writing?,Combien de temps avez-vous consacré à effectuer des recherches avant de commencer à écrire ?
How much time did you spend doing research before you started writing?,Combien de temps as-tu consacré à effectuer des recherches avant de commencer à écrire ?
I am going in the same direction. Come with me. I will take you there.,Je vais dans la même direction. Viens avec moi. Je t'y emmènerai.
"I can't stop you from revealing my secrets. However, I beg you not to.","Je ne peux pas t'empêcher de révéler mes secrets. Cependant, je te demande de ne pas les faire."
I cannot help feeling that the attempt has turned out to be a failure.,Je ne peux pas m'empêcher de penser que cette tentative s'est révélée être un échec.
I don't enjoy teaching children to swim when their parents are around.,Je n'aime pas apprendre aux enfants à nager quand leurs parents sont à côté.
I don't want to spend any more time than necessary cleaning the house.,Je ne veux pas passer davantage de temps que nécessaire à nettoyer la maison.
I finally have enough money to buy the kind of car I've always wanted.,J'ai enfin les moyens nécessaires pour acheter le genre de voiture que j'ai toujours voulu.
"I had a part-time job as a hotel maid, but I didn't like it very much.","J'avais un emploi à temps partiel comme femme de chambre dans un hôtel, mais je n'aimais pas beaucoup ça."
"I have a new boyfriend, but my ex-boyfriend doesn't know about it yet.",J'ai un nouveau petit ami mais mon ex ne le sait pas encore.
"I have all these apples to carry, not to mention this bag of potatoes.","J'ai toutes ces pommes à porter, sans compter ce sac de pommes de terre."
I have always fed my dog the dog food that comes in the big green bag.,J'ai toujours donné à manger à mon chien la nourriture canine qui se présente dans le grand sac vert.
I hurried to the station only to find that the train had already left.,Je me précipitai à la gare pour constater que le train était déjà parti.
I like the Terminator films because the special effects are fantastic.,J'aime les films Terminator parce que les effets spéciaux sont fantastiques.
I suggest that we hold off on making a decision until all bids are in.,Je propose de reporter la décision jusqu'à ce que soient reçues toutes les propositions.
"I want to do some bass fishing, but I don't know what to use for bait.",Je veux aller pêcher la perche mais je ne sais quoi employer comme appât.
"I want to do some bass fishing, but I don't know what to use for bait.",Je veux aller pêcher la perche mais je ne sais qu'employer comme appât.
I want to go back to doing what I was doing before you interrupted me.,Je veux me remettre à faire ce que je faisais avant que tu m'interrompes.
I want to go back to doing what I was doing before you interrupted me.,Je veux me remettre à faire ce que je faisais avant que vous m'interrompiez.
I want to work as a volunteer to make amends for everything I've done.,Je veux faire du volontariat pour expier tout ce que j'ai fait.
I will have finished reading this novel by the time you come tomorrow.,J'aurai fini de lire ce roman au moment où tu viendras demain.
"I'd like to explain everything, but I don't think we have enough time.",J'aimerais tout expliquer mais je ne pense pas que nous ayons suffisamment de temps.
"I'd like to explain everything, but I don't think we have enough time.",J'aimerais tout expliquer mais je ne pense pas que nous disposions de suffisamment de temps.
I'd like to thank you for helping me translate the report into French.,J'aimerais te remercier de m'avoir aidé à traduire le rapport en français.
"I'm usually pretty good with faces, but I didn't recognize him at all.","Je suis pourtant physionomiste, d'ordinaire, mais je ne l'ai pas du tout reconnu."
I've something interesting to tell you that you might find surprising.,J'ai quelque chose d'intéressant à te conter que tu pourrais trouver surprenant.
I've something interesting to tell you that you might find surprising.,J'ai quelque chose d'intéressant à vous conter que vous pourriez trouver surprenant.
"If the spaghetti sticks when you throw it against the wall, it's done.","Si le spaghetti colle lorsque vous le jetez contre le mur, c'est cuit."
"If you could live anywhere in the world, where would you want to live?","Si tu pouvais vivre n'importe où dans le monde, où voudrais-tu vivre ?"
"If you travel by Shinkansen, it doesn't seem far from Nagoya to Tokyo.","Quand on voyage en Shinkansen, Nagoya ne parait pas très éloignée de Tokyo."
"In judging his work, we must take his lack of experience into account.","En jugeant son travail, nous devons prendre en compte son manque d'expérience."
"In the city, large quantities of garbage are being produced every day.","Dans la ville, de grandes quantités d'ordures sont produites chaque jour."
"In woodworking, we classify wood as hardwood, softwood or exotic wood.","En ébénisterie nous classons les bois en dur, tendre, et exotique."
"Indeed you know a lot of things, but you're not good at teaching them.","Vous connaissez en effet beaucoup de choses, mais vous n'êtes pas apte à les enseigner."
Introducing democratic ideas into that country will be a slow process.,Introduire des idées démocratiques dans ce pays sera un long processus.
It was during the ice age that the saber-toothed tiger became extinct.,C'est au cours de la période glaciaire que le tigre à dents de sabre s'est éteint.
It was just 6 years ago that I visited New Zealand for the first time.,Cela fait 6 ans exactement que je suis allé en Nouvelle-Zélande pour la première fois.
Japan has undergone a drastic change as a result of industrialization.,L'industrialisation a fait subir au Japon un changement radical.
Laser printers are generally cheaper to maintain than inkjet printers.,Les imprimantes laser sont généralement meilleur marché à entretenir que les imprimantes à jet d'encre.
Mosquitoes are perhaps one of the most dangerous animals in the world.,Le moustique est peut-être l'un des animaux les plus dangereux au monde.
"Mr. Jackson is in the hospital, so I'll be teaching his classes today.","Monsieur Jackson est à l'hôpital, de ce fait, je ferai cours à sa classe aujourd'hui."
"My father, who is now working in America, wrote us a letter last week.","Mon père, qui travaille actuellement en Amérique, nous a envoyé une lettre la semaine dernière."
My mother visits the dentist's every other day to get her teeth fixed.,Ma mère rend visite au dentiste tous les deux jours pour faire réparer ses dents.
"On the same day, Apollo 11 succeeded in landing on the moon's surface.","Le même jour, Apollo 11 se posait avec succès sur la surface de la Lune."
One king after another succeeded to the throne during those few years.,Ils se sont succédé un roi après l'autre sur le trône pendant ces quelques années.
People were lined up around the block waiting for the theater to open.,Les gens faisaient la file autour du pâté de maisons en attendant que le théâtre ouvre.
People were lined up around the block waiting for the theater to open.,Les gens faisaient la queue autour du pâté de maisons en attendant que le théâtre ouvre.
Preventive measures are much more effective than the actual treatment.,Les mesures préventives sont beaucoup plus efficaces que le traitement lui-même.
Probably the reason Tom can't go is because he doesn't have any money.,Tom ne peut probablement pas y aller parce qu'il n'a pas d'argent.
Probably the reason Tom can't go is because he doesn't have any money.,La raison pour laquelle Tom ne peut pas y aller est qu'il n'a pas d'argent.
Saying you can't do the job because you're too busy is just a cop out.,Dire que tu ne peux pas faire le travail parce que tu es trop occupé est une excuse bidon.
Saying you can't do the job because you're too busy is just a cop out.,Dire que tu ne peux pas faire le travail parce que tu es trop occupée est une excuse bidon.
Saying you can't do the job because you're too busy is just a cop out.,Dire que vous ne pouvez pas faire le travail parce que vous êtes trop occupée est une excuse bidon.
Saying you can't do the job because you're too busy is just a cop out.,Dire que vous ne pouvez pas faire le travail parce que vous êtes trop occupées est une excuse bidon.
Saying you can't do the job because you're too busy is just a cop out.,Dire que vous ne pouvez pas faire le travail parce que vous êtes trop occupés est une excuse bidon.
Saying you can't do the job because you're too busy is just a cop out.,Dire que vous ne pouvez pas faire le travail parce que vous êtes trop occupé est une excuse bidon.
"Seeing that it is 8 o'clock, I think you should leave for school soon.","Constatant qu'il est déjà 8 heures, je pense que tu devrais partir bientôt pour l'école."
"She added, as an afterthought, that she was going to do some shopping.","Elle ajouta, après réflexion, qu'elle allait faire des courses."
She always speaks to him in a loud voice because he's hard of hearing.,Elle s'adresse toujours à lui d'une voix forte parce qu'il est dur d'oreille.
She cut the cake into six pieces and gave one to each of the children.,Elle partagea le gâteau en six morceaux et en donna un à chaque enfant.
She handed him his jacket then opened the door and asked him to leave.,Elle lui tendit sa veste puis ouvrit la porte et lui demanda de partir.
She handed him his jacket then opened the door and asked him to leave.,Elle lui a tendu sa veste puis a ouvert la porte et lui a demandé de partir.
She is saving her money with a view to taking a trip around the world.,Elle épargne son argent dans l'optique de faire un voyage autour du monde.
She persuaded him to do it even though she knew it wasn't a good idea.,Elle l'a convaincu de le faire même si elle savait que ce n'était pas une bonne idée.
She persuaded him to do it even though she knew it wasn't a good idea.,"Elle le convainquit de le faire, bien qu'elle sût que ce n'était pas une bonne idée."
Some people think that there are way too many lawyers in this country.,Certaines personnes pensent qu'il y a bien trop d'avocats dans ce pays.
Sometimes I have the impression that we'll never come to an agreement.,J'ai parfois l'impression que nous ne parviendrons jamais à un accord.
"The bull is stronger than the bullfighter, but he almost always loses.","Le taureau est plus fort que le toréador, mais il perd quasiment à chaque fois."
The customers were made to wait outside in the rain for several hours.,On a fait attendre les clients dehors sous la pluie pendant de nombreuses heures.
The girl in the picture is wearing a crown not of gold but of flowers.,La fille sur cette image porte une couronne non pas d'or mais de fleurs.
The population of Germany is less than half that of the United States.,La population de l'Allemagne fait moins de la moitié de celle des États-Unis.
The programmer is fixing a technical problem with the computer server.,Le programmeur est en train de réparer un problème technique avec le serveur.
Their marriage has been strained lately because of financial problems.,Leur mariage a récemment souffert à cause de difficultés financières.
There are few sounds in this world more beautiful than a baby's laugh.,"Il y a quelques sons, en ce monde, plus mélodieux que le rire d'un bébé."
"There are many talented people in our city, but Tom isn't one of them.","Il y a beaucoup de gens talentueux dans notre ville, mais Tom n'en fait pas partie."
There is an urgent need for the local government to help the homeless.,Il faut que le gouvernement local aide d'urgence les sans abri.
They say amniotic fluid has roughly the same composition as sea water.,On dit que le liquide amniotique est à peu près de la même composition que l'eau de mer.
Today my wife and I are celebrating our twentieth wedding anniversary.,"Aujourd'hui, ma femme et moi célébrons notre vingtième anniversaire de mariage."
Tom got time and a half when he worked beyond his usual quitting time.,Thomas obtenait une fois et demie son salaire lorsqu'il travaillait au-delà de son heure de départ habituelle.
Tom has a lot of things to do this morning before he leaves the house.,Tom a plein de choses à faire ce matin avant de quitter la maison.
"Tom knew that there was something in the box, but he didn't know what.",Tom savait qu'il y avait quelque chose dans la boîte mais ne savait pas quoi.
Tom took the sheets off the bed and put them into the washing machine.,Tom retira les draps du lit et les mit à la machine à laver.
Tom would've made the same decision I'm making if he were in my shoes.,Tom aurait pris la même décision que moi s'il avait été à ma place.
What kind of question is that? Do you really expect me to answer that?,Quel genre de question est-ce là ? Espérez-vous vraiment que je réponde à ça ?
"What's this song? I've heard it before, but I can't remember the name.",Quel est ce morceau ? Je l'ai déjà entendu quelque part mais le titre ne me revient pas.
"When I take a deep breath, a pain runs down the right side of my back.","Lorsque j'inspire profondément, une douleur me lance le long du côté droit de mon dos."
"When I was feeding my dog, I noticed that the gate had been left open.","En nourrissant mon chien, je remarquai que le portail avait été laissé ouvert."
"When I was feeding my dog, I noticed that the gate had been left open.","En nourrissant mon chien, j'ai remarqué que le portail avait été laissé ouvert."
"While I was waiting for the streetcar, I witnessed a traffic accident.","Alors que j'attendais le tram, j'ai assisté à un accident."
Would you mind not talking about your surgery now - I'm trying to eat.,"Est-ce que ça te dérangerait de pas parler de ta chirurgie maintenant, j'essaie de manger."
"Written in technical terms, this book is very difficult to understand.","Écrit en des termes techniques, ce livre est très difficile à comprendre."
You aren't likely to find that word in a dictionary that's this small.,Il est improbable que tu trouves ce mot dans un dictionnaire aussi petit.
You aren't likely to find that word in a dictionary that's this small.,Il est improbable que vous trouviez ce mot dans un dictionnaire aussi petit.
You could at least pretend to be interested in what I'm talking about.,Vous pourriez au moins faire semblant d'être intéressé par ce dont je parle.
You know as well as I do that we can't afford to buy that kind of car.,Tu sais aussi bien que moi que nous ne pouvons pas nous permettre d'acheter ce genre de voiture.
You should ask a physician for his advice before taking this medicine.,Tu devrais demander conseil à un pharmacien avant de prendre ce médicament.
You should ask a physician for his advice before taking this medicine.,Tu devrais demander conseil à un médecin avant de prendre ce médicament.
You shouldn't study all day long. You should go out and have some fun.,Tu ne devrais pas étudier toute la journée. Tu devrais sortir et t'amuser.
You're probably too young to understand what is likely to happen next.,Tu es probablement trop jeune pour comprendre ce qui va sans doute se produire ensuite.
You're probably too young to understand what is likely to happen next.,Vous êtes probablement trop jeune pour comprendre ce qui va sans doute se produire ensuite.
A dachshund is a dog from Germany with a very long body and short legs.,Un teckel est un chien originaire d'Allemagne avec un très long corps et de courtes pattes.
A drunkard is somebody you don't like and who drinks as much as you do.,"Un alcoolique, c'est quelqu'un que vous n'aimez pas et qui boit autant que vous."
A few months later they return to their breeding grounds in the Arctic.,"Quelques mois plus tard, ils retournent vers leurs sites de reproduction dans l'Arctique."
"A square is always a rectangle, but a rectangle is not always a square.","Un carré est toujours un rectangle, mais généralement un rectangle n'est pas un carré."
"After spending three weeks looking for a job, he found a well-paid one.","Après avoir passé trois semaines à chercher un travail, il en trouva un bien payé."
Alcohol consumption is higher in Eastern Europe than in Western Europe.,La consommation d'alcool est plus élevée en Europe de l'Est qu'en Europe de l'Ouest.
"Apart from a couple of early setbacks, the project is progressing well.","À part quelques déboires initiaux, le projet avance bien."
"As soon as I can get the chance, I'll help your mother paint the fence.","Dès que je peux en avoir l'occasion, j'aiderai ta mère à peindre la clôture."
"As soon as I can get the chance, I'll help your mother paint the fence.","Dès que je peux en avoir l'occasion, j'aiderai votre mère à peindre la clôture."
"As soon as he graduated, he went to work in his father's general store.","Aussitôt qu'il eut obtenu son diplôme, il alla travailler dans le grand magasin de son père."
"As you can see, I haven't done any cleaning in the house for some time.","Comme vous pouvez voir, je n'ai pas procédé au nettoyage de la maison depuis un certain temps."
Computers are capable of doing very complicated work in a split second.,Les ordinateurs peuvent faire un travail très compliqué en une fraction de seconde.
Didn't you tell me yesterday that you and your boyfriend had broken up?,Ne m'as-tu pas dit hier que toi et ton petit ami aviez rompu ?
Didn't you tell me yesterday that you and your boyfriend had broken up?,Ne m'avez-vous pas dit hier que vous et votre petit ami aviez rompu ?
Do you feel like going out for a drive in the country over the weekend?,As-tu envie d'aller faire un tour dans la campagne pour le week-end ?
Does any other country fan the flames of patriotism as much as America?,Y a-t-il pays qui attise davantage le patriotisme que les États-Unis d'Amérique ?
"Even though I know a little French, I think we should speak in English.","Même si je connais un peu de français, je pense que nous devrions parler anglais."
Freedom is so fundamental that its importance cannot be overemphasized.,La liberté est si importante que nous n'insisterons jamais assez sur son importance.
Freedom is so fundamental that its importance cannot be overemphasized.,La liberté est si fondamentale que nous ne saurions en exagérer l'importance.
"Having been convicted of murder, he was sentenced to life imprisonment.","Ayant été convaincu de meurtre, il fut condamné à la prison à vie."
"He is a primary school teacher, so he is used to dealing with children.","Il est instituteur, alors il sait comment s'y prendre avec les enfants."
He spoke of the people and the things that he had seen during his trip.,Il décrit les gens et les choses qu'il avait vues pendant son voyage.
He was egging an innocent young man on to join him in his crooked deal.,Il incitait un jeune homme innocent à se joindre à lui dans son affaire douteuse.
"He was making a speech, but he broke off when he heard a strange noise.",Il faisait un discours mais il s'interrompit lorsqu'il entendit un bruit étrange.
He was the last person I had expected to see during my stay in America.,Il était la dernière personne que je m'attendais à voir pendant mon séjour en Amérique.
Houses built with wood burn more easily than houses built out of stone.,Les maisons de bois brûlent plus facilement que les maisons de pierre.
I always enjoy listening to classical music when I have some free time.,J'ai toujours aimé écouter de la musique classique quand j'ai un peu de temps libre.
I don't think many people can say they are satisfied with their salary.,Je ne pense pas que beaucoup de gens peuvent dire qu'ils sont contents de leur salaire.
"I don't want to have to explain this again, so please listen carefully.","Je n'ai pas l'intention de le répéter à nouveau, alors s'il te plaît, écoute bien."
I finally broke down and bought the game my son had been asking me for.,J'ai finalement cédé et acheté le jeu que mon fils me demandait.
I knew Tom wouldn't be able to learn enough French in just three weeks.,Je savais que Tom ne serait pas capable d'apprendre assez de français en seulement trois semaines.
"I like to put an ice cube into my coffee, because it's usually too hot.","J'aime mettre un glaçon dans mon café, parce que c'est généralement trop chaud."
"I realized that even though I wanted to eat, I didn't have enough time.","Je réalisai que même si je voulais manger, je n'en avais pas le temps."
"I realized that even though I wanted to eat, I didn't have enough time.","J'ai réalisé que même si je voulais manger, je n'en avais pas le temps."
"I realized that even though I wanted to eat, I didn't have enough time.","Je réalisai que même si je voulais manger, je ne disposais pas de suffisamment de temps."
I think it's time for me to start taking my responsibilities seriously.,Je pense qu'il est temps que je commence à prendre mes responsabilités au sérieux.
"I was going to run over the notes one last time, but there wasn't time.",J'allais parcourir une dernière fois les notes mais il n'y eut pas le temps.
I was nearly ten when my parents gave me a chemistry set for Christmas.,J'avais presque dix ans lorsque mes parents m'offrirent une boîte de chimiste pour Noël.
I was nine years old when I asked my mom if Santa Claus really existed.,J'avais neuf ans lorsque je demandai à ma mère si le Père Noël existait vraiment.
"I was trying to tell him what had really happened, but he cut me short.","J'étais en train d'essayer de lui dire ce qui était réellement arrivé, mais il m'interrompit brutalement."
I wish that I could have spent more time with my father before he died.,J'aurais aimé pouvoir passer davantage de temps avec mon père avant qu'il ne meure.
I wish that I could have spent more time with my father before he died.,J'aurais aimé pouvoir passer davantage de temps avec mon père avant qu'il ne décède.
"I won't be getting married this year. In fact, I may never get married.","Je ne me marierai pas cette année. En fait, peut-être ne me marierai-je jamais."
I'd be grateful if you could take a look when you've got time sometime.,Je serais reconnaissant si tu pouvais jeter un œil lorsque tu as du temps un de ces quatre.
I'd be grateful if you could take a look when you've got time sometime.,Je serais reconnaissante si tu pouvais jeter un œil lorsque tu as du temps un de ces quatre.
I'd be grateful if you could take a look when you've got time sometime.,Je serais reconnaissant si vous pouviez jeter un œil lorsque vous avez du temps un de ces quatre.
I'd be grateful if you could take a look when you've got time sometime.,Je serais reconnaissante si vous pouviez jeter un œil lorsque vous avez du temps un de ces quatre.
I'd like to know how much the meal was because I'd like to pay my half.,Je voudrais savoir combien a coûté le repas car j'aimerais payer ma part.
I'd like to know when you plan to give me back the scissors I lent you.,J'aimerais savoir quand tu as l'intention de me rendre les ciseaux que je t'ai prêtés.
I'd prefer to only hire people to translate into their native language.,Je préférerais n'enrôler des gens que pour traduire dans leur langue maternelle.
I'll do everything within my power to make sure your children are safe.,Je ferai tout ce qui est en mon pouvoir pour faire en sorte que vos enfants soient en sécurité.
I'm glad to hear that your sister is out of danger after her operation.,Je me réjouis d'entendre que votre sœur est hors de danger après son opération.
I'm glad to hear that your sister is out of danger after her operation.,Je suis heureux d'entendre que ta sœur est hors de danger après son opération.
"I'm not going to the library, but I can take you as far as the station.","Je ne vais pas à la bibliothèque, mais je peux vous emmener jusqu'à la gare."
I'm not sure I have enough time to clean my room before I go to school.,Je ne suis pas sûr d'avoir le temps de ranger ma chambre avant de partir à l'école.
I'm not sure I have enough time to clean my room before I go to school.,Je ne suis pas sûre d'avoir le temps de ranger ma chambre avant de partir à l'école.
I'm surprised Tom doesn't know how to sing at least one song in French.,Ça m'étonne que Tom ne sache pas chanter au moins une chanson en français.
I've got better things to do than to sit here listening to your gossip.,J'ai mieux à faire que d'être assis là à écouter tes ragots.
"If he had stayed at home that day, he would not have met with disaster.","Fût-il resté chez lui ce jour-là, il n'aurait pas connu le désastre."
"If there weren't so many taxis, there would be fewer traffic accidents.","S'il n'y avait pas autant de taxis, il y aurait moins d'accidents."
"If you agree to buy 3,000 of them, we'll give you a 3 percent discount.","Si vous acceptez d'en commander 3000, nous vous faisons une remise de trois pour cent."
"If you alter the plan, you must inform the team members of the changes.","Si tu modifies le plan, tu dois informer les membres de l'équipe des changements."
"In Massachusetts, a man is not allowed to marry his wife's grandmother.","Au Massachusetts, les hommes n'ont pas le droit de se marier avec la grand-mère de leur épouse."
"In Massachusetts, a man is not allowed to marry his wife's grandmother.","Dans le Massachusetts, un homme n'a pas le droit d'épouser la grand-mère de sa femme."
"Instead of cutting down on cigarettes, why don't you just give them up?","Plutôt que de réduire la cigarette, pourquoi ne la laisses-tu pas simplement tomber ?"
"Instead of cutting down on cigarettes, why don't you just give them up?","Plutôt que de réduire la cigarette, pourquoi ne la laissez-vous pas simplement tomber ?"
It was not until I had a baby myself that I knew what mother's love is.,Ce n'était que quand j'ai moi-même eu un bébé que j'ai su ce que l'amour maternel représente.
It was not until I left school that I realized the importance of study.,Ce n'est qu'après avoir quitté l'école que je me rendis compte de l'importance des études.
It was such a lovely day that everybody was feeling happy and cheerful.,C'était un jour tellement délicieux que tout le monde se sentait heureux et joyeux.
It will make little difference whether you go there by taxi or on foot.,Ça ne fait pas une grosse différence que tu y ailles en taxi ou à pied.
"It's a bit cold, but it probably isn't worth putting the heater on yet.",Il fait un peu frisquet mais ça ne vaut sans doute pas la peine de mettre déjà le chauffage en marche.
"It's a small noisy apartment, but it's where I live and I call it home.",C'est un petit appartement bruyant mais c'est où je vis et je l'appelle 'maison'.
It's my dream to have a son who'll take over my business when I retire.,C'est mon rêve d'avoir un fils qui prendra ma suite lorsque je prendrai ma retraite.
Just because something is more expensive doesn't mean that it's better.,Ce n'est pas parce que quelque chose est plus cher que c'est forcément mieux.
Many of the things Pizzaro had heard about the Inca treasure were true.,Bien des choses que Pizarre avait entendues au sujet du trésor des Incas étaient vraies.
Many people will lose their jobs due to the slump in the auto industry.,Beaucoup de gens perdront leur emploi à cause de la dépression dans l'industrie automobile.
Mary told Tom to go easy on the ice cream if he didn't want to get fat.,Marie a dit à Tom d'y aller doucement sur la glace s'il ne voulait pas grossir.
Movie theaters are losing more and more revenue due to internet piracy.,Les cinémas perdent de plus en plus de revenu à cause du piratage Internet.
My father was no less affectionate and tender to me than my mother was.,Mon père n'était pas moins affectueux et tendre avec moi que ne l'était ma mère.
My mother tells me I have to go to bed by ten o'clock on school nights.,Ma mère me dit d'aller me coucher à dix heures quand j'ai école le lendemain.
My significant other works at a language school and loves it very much.,Ma moitié travaille dans une école de langues et adore vraiment ça.
"On hearing the news of the birth of his first child, he jumped for joy.","À l’annonce de la naissance de son premier enfant, il sauta de joie."
Our parents took care of us and now it's our turn to take care of them.,Nos parents ont pris soin de nous et maintenant c'est à notre tour de prendre soin d'eux.
"She advised him not to buy a used car, but he didn't follow her advice.","Elle lui recommanda de ne pas acheter de voiture d'occasion, mais il ne suivit pas ses conseils."
"She advised him not to buy a used car, but he didn't follow her advice.","Elle lui a recommandé de ne pas acheter de voiture d'occasion, mais il n'a pas suivi ses conseils."
"She advised him to go to the hospital, but he didn't follow her advice.","Elle lui a conseillé d'aller à l'hôpital, mais il n'a pas suivi son conseil."
"She advised him to stop taking that medicine, but he felt he needed to.",Elle lui a recommandé d'arrêter de prendre ce médicament mais il avait le sentiment qu'il en avait besoin.
"She advised him to stop taking that medicine, but he felt he needed to.",Elle lui recommanda d'arrêter de prendre ce médicament mais il avait le sentiment qu'il en avait besoin.
She dreamed that a prince would come on a white horse to take her away.,Elle rêva qu'un prince venait sur un cheval blanc pour l'emmener.
"She may have argued with him, but I don't think she could have hit him.","Elle s'est peut-être disputée avec lui, mais je ne pense pas qu'elle aurait pu le frapper."
She spends a lot of time helping her children learn to deal with money.,Elle consacre beaucoup de temps à aider ses enfants à apprendre à gérer l'argent.
She's been practicing piano for a year and can play the piano somewhat.,Elle a pratiqué le piano pendant un an et peut y jouer un peu.
"Since he could not work out the problem that way, he tried another way.","Puisqu'il n'arrivait pas à résoudre le problème de cette façon, il en essaya une autre."
"Since you have nothing to do with this matter, you don't have to worry.","Puisque tu n'as rien à voir avec cette affaire, tu ne dois pas te faire de souci."
"Since you have nothing to do with this matter, you don't have to worry.","Étant donné que vous n'avez rien à voir avec cette affaire, vous ne devez pas vous faire de souci."
Thanks for all you've done to make my special day such a memorable one.,Merci pour tout ce que vous avez fait pour rendre si mémorable cette journée spéciale pour moi.
The United States has almost a fourth of the world's prison population.,Les États-unis ont déjà un quart de la population mondiale des prisons.
The back wheels on that tractor have ball bearings the size of my fist.,Les roues arrière de ce tracteur ont des roulements à bille de la taille de mon poing.
The buildings are small in comparison with the skyscrapers in New York.,Les immeubles sont petits comparés aux gratte-ciel de New York.
The fruit is similar to an orange in shape and to a pineapple in taste.,Ce fruit est similaire à une orange par sa forme et à un ananas par son goût.
The game would not have been called off if it hadn't rained so heavily.,La partie n'aurait pas été annulée s'il n'avait pas plu aussi fortement.
The heavy fog made it impossible for us to see anything in front of us.,En raison d'un épais brouillard il nous était impossible de voir devant nous.
"The moment she heard the news of her son's death, she burst into tears.","Au moment où elle entendit la nouvelle de la mort de son fils, elle éclata en sanglots."
The number of cases of whooping cough is on the rise in the last years.,Le nombre de cas de coqueluche est en hausse ces dernières années.
The only thing that really matters is whether or not you did your best.,La seule chose qui compte vraiment est si oui ou non tu as fait de ton mieux.
The only thing that really matters is whether or not you did your best.,La seule chose qui compte vraiment est si oui ou non vous avez fait de votre mieux.
The police compared the fingerprints on the gun with those on the door.,La police compara les empreintes digitales sur l'arme avec celles sur la porte.
The police compared the fingerprints on the gun with those on the door.,La police a comparé les empreintes digitales sur l'arme avec celles sur la porte.
The police have been searching for the stolen goods for almost a month.,La police est à la recherche des biens volés depuis près d'un mois.
The population of China is about eight times as large as that of Japan.,La population de la Chine est environ huit fois plus importante que celle du Japon.
The rise in house prices enabled him to sell his house at a big profit.,La hausse des prix de l'immobilier lui a permis de vendre sa maison en faisant un gros profit.
The war between the two countries ended with a big loss for both sides.,La guerre entre les deux pays s'est terminé par de lourdes pertes dans les deux camps.
There is a rumor that the radicals are plotting against the government.,Il y a une rumeur que les radicaux complotent contre le gouvernement.
There is an urgent need for more people to donate their time and money.,Il faut de manière urgente que davantage de gens donnent leur temps et leur argent.
There was something about that house that made her stop and look again.,Quelque chose dans cette maison l'a fait s'arrêter et l'examiner de nouveau.
They hope their delivery truck will be repaired by the end of the week.,Ils espèrent que leur camion de livraison sera réparé avant la fin de la semaine.
This is what happens when you don't pay attention to what you're doing.,C'est ce qui arrive lorsque vous ne prêtez pas attention à ce que vous faites.
This is what happens when you don't pay attention to what you're doing.,C'est ce qui arrive lorsque tu ne prêtes pas attention à ce que tu fais.
"Tom did the best he could, but he still wasn't able to pass the course.","Tom fit de son mieux, mais n'était toujours pas capable de valider la matière."
Tom didn't have enough experience in dealing with that kind of problem.,Tom n'avait pas assez d'expérience dans ce genre de problème.
"Tom doesn't have Mary's address in Boston, but he has her phone number.",Tom n'a pas l'adresse de Mary à Boston mais a son numéro de téléphone.
"Tom knew where Mary was, but he wouldn't tell the police where she was.","Tom savait où se trouvait Mary, mais il ne révéla pas à la police où elle était."
"Tom knew where Mary was, but he wouldn't tell the police where she was.","Tom savait où se trouvait Mary, mais il ne le révéla pas à la police."
Tom seemed genuinely surprised when I told him that Mary had left town.,Tom semblait sincèrement surpris quand je lui ai dit que Mary avait quitté la ville.
Tom thinks that he's the only person in town who can play the bagpipes.,Tom pense qu'il est la seule personne dans la ville qui peut jouer de la cornemuse.
"Tom thought Mary was in Australia, but she was actually in New Zealand.","Tom pensait que Mary était en Australie, alors qu'elle était en Nouvelle-Zélande."
"We moved into this house last month, but we still haven't settled down.","Nous avons emménagé dans cette maison le mois dernier, mais nous ne sommes pas encore installés."
What is important in writing a composition is to make your ideas clear.,Ce qui est important lorsqu'on rédige un essai est de mettre ses idées au clair.
What makes you think Tom would ever consider going on a date with Mary?,Qu'est-ce qui te fait penser que Tom aurait pu envisager ne serait-ce qu'une seconde de sortir avec Marie ?
"When I got out of jail, I had no intention of committing another crime.","En sortant de prison, je n'avais aucune intention de commettre d'autres crimes."
"When I speak to a Westerner, I have to shift mental gears, so to speak.","Lorsque je parle à un occidental, je dois changer de vitesse mentale, pour ainsi dire."
"When I was strolling along the beach this morning, I found this bottle.","Alors que je me promenais sur la plage ce matin, j'ai trouvé cette bouteille."
"When it comes to marital spats, there's usually two sides to the story.","Quand il s'agit de prises de bec matrimoniales, il y a habituellement deux versions des faits."
"While they were away on vacation, their neighbors looked after the dog.","Pendant qu'ils étaient partis en vacances, leurs voisins se sont occupés du chien."
Would you please reserve a room near the Toronto international Airport?,"S'il vous plaît, pourriez-vous me réserver une chambre près de l'aéroport international de Toronto ?"
You can easily judge the ripeness of a banana by the color of its peel.,On peut facilement juger de la maturité d'une banane sur la couleur de sa peau.
You can easily judge the ripeness of a banana by the color of its peel.,On peut facilement juger de la maturité d'une banane d'après la couleur de sa peau.
You forgot to close the windows before you left the office last Friday.,"Tu as oublié de fermer les fenêtres avant de quitter le bureau, vendredi dernier."
You forgot to close the windows before you left the office last Friday.,"Vous avez oublié de fermer les fenêtres avant de quitter le bureau, vendredi dernier."
You often need to spend more time doing something than you anticipated.,On a souvent besoin de plus de temps pour quelque chose qu'on ne l'avait pensé.
You're the only person I know that never complains about the food here.,Vous êtes la seule personne que je connaisse qui ne se plaigne jamais de la nourriture ici.
"Where have you been? ""I have been to the station to see a friend off.""",« Où es-tu allé ? » « Je suis allé à la gare saluer le départ d’un ami. »
A car that you never took out of the garage would be of no value to you.,Une voiture que vous ne sortiriez jamais du garage ne vous serait d'aucune valeur.
A flight attendant was rescued from the wreckage of the passenger plane.,Un membre du personnel de bord a été secouru des débris de l'avion de ligne.
"A long time ago when I was young, I used to write in my diary every day.","Il y a bien longtemps, quand j'étais jeune, j'écrivais dans mon journal tous les jours."
A lot of people are going to tell you that you shouldn't have done that.,Beaucoup de gens vont vous dire que vous n'auriez pas dû faire ça.
A lot of people are going to tell you that you shouldn't have done that.,Beaucoup de gens vont te dire que tu n'aurais pas dû faire ça.
A mortgage rate of six percent is becoming the current industry average.,Un taux hypothécaire de six pour cent devient la moyenne actuelle de l'industrie.
A pick is a long handled tool used for breaking up hard ground surfaces.,Un pic est un outil à long manche utilisé pour entamer les surfaces de sol dur.
"After I got married, my Japanese got better and I could understand more.","Après mon mariage, mon japonais était meilleur et je le comprenais mieux."
Are you seriously thinking about pursuing a career as a race car driver?,Penses-tu sérieusement à poursuivre une carrière de pilote de course automobile ?
At Christmas he went out of his way to buy me a really nice model plane.,À Noël il a fait des pieds et des mains pour m'acheter une maquette d'avion réellement jolie.
Can you tell us about your experience in developing technical materials?,Pouvez-vous nous parler de votre expérience dans le développement de matériel technique ?
Civilization is the limitless multiplication of unnecessary necessities.,La civilisation est la multiplication sans fin de besoins non nécessaires.
"Data can be transmitted from the main computer to yours, and vice versa.","Les données peuvent être transmises de l'ordinateur principal à votre propre ordinateur, et vice versa."
"Even though I ate three bowls of cereal for breakfast, I'm still hungry.","Même après avoir mangé trois bols de céréales au petit-déjeuner, j'ai encore faim."
Everybody in the car said they wanted to get out and stretch their legs.,Tout le monde dans la voiture déclara qu'il voulait sortir et étirer ses jambes.
Everybody in the car said they wanted to get out and stretch their legs.,Tout le monde dans la voiture a dit qu'il voulait sortir et étirer ses jambes.
Everything on top of the table started rattling when the earthquake hit.,Tout ce qui se trouvait sur la table commença à s'entrechoquer quand le tremblement de Terre arriva.
Fear of failure prevents many people from reaching their full potential.,La peur de l'échec empêche beaucoup de gens d'atteindre leur plein potentiel.
"For someone who's supposed to be an expert, you don't seem to know much.","Pour quelqu'un qui est censé être expert, vous ne semblez pas en savoir long."
"From the day after tomorrow on, everything will be completely different.",À partir d'après-demain tout sera complètement différent.
"Fully booked for the night, the hotel had to turn away some late guests.","Complet pour la nuit, l'hôtel dut refuser des arrivées tardives."
Going back to South Africa had stirred up some painful memories for him.,Mon retour en Afrique du Sud a fait remonter à la surface des souvenirs pénibles.
Have you ever wanted something so much that you'd do anything to get it?,As-tu déjà tellement voulu quelque chose que tu étais prêt à faire n'importe quoi pour l'obtenir ?
Have you ever wanted something so much that you'd do anything to get it?,Avez-vous jamais tellement voulu quelque chose que vous auriez fait n'importe quoi pour l'avoir ?
He decided to feed his dog the rabbit that he had shot earlier that day.,Il décida de donner à manger à son chien le lapin qu'il avait tiré plus tôt ce jour-là.
He had been living in Nagano for seven years when his daughter was born.,Il vivait à Nagano depuis sept ans lorsque sa sœur est née.
He had been living in Nagano for seven years when his daughter was born.,Il vivait à Nagano depuis sept ans quand sa sœur est née.
He ran off with his best friend's wife and hasn't been heard from since.,Il s'est enfui avec la femme de son meilleur ami et on n'a plus entendu parler de lui depuis.
"He was raised in the United States, but his native language is Japanese.",Il a été élevé aux États-Unis mais le japonais est sa langue maternelle.
"He was raised in the United States, but his native language is Japanese.",Il a été élevé aux États-Unis d'Amérique mais le japonais est sa langue natale.
"He'll never show it, but I think that deep down, he's seriously worried.","Il ne le montrera jamais, mais je pense qu'au fond de lui-même, il est sérieusement inquiet."
How much more does it cost to return the rental car to another location?,Combien cela coûte-t-il en plus de laisser la voiture de location à un autre endroit ?
Human beings differ from other animals in that they can speak and laugh.,Les êtres humains se distinguent des autres animaux en ce qu'ils peuvent parler et rire.
I also gave him a little something as a Christmas present the other day.,Je lui ai aussi donné un petit quelque chose comme cadeau de Noël l'autre jour.
"I arrived at the stadium at 4:00 p.m., but the game had already started.","Je suis arrivé au stade à 16 h 00, mais le match avait déjà commencé."
"I can give you a copy of the report, but I can't vouch for its accuracy.","Je peux vous donner une copie du rapport, mais je ne peux pas en garantir l'exactitude."
I can place the palms of my hands on the floor without bending my knees.,Je peux placer la paume des mains sur le sol sans plier les genoux.
"I can put up with a house being untidy, but I don't like it to be dirty.","Je peux supporter une maison en désordre, mais je ne l'aime pas si elle est sale."
I can't make a decision on the spot. I'll have to talk to my boss first.,Je ne peux pas prendre de décision sur-le-champ. Je vais d'abord devoir parler à mon patron.
I can't remember the last time I've seen you so excited about something.,Je ne parviens pas à me rappeler la dernière fois que je t'ai vu aussi excité à propos de quelque chose.
I can't remember the last time I've seen you so excited about something.,Je ne parviens pas à me rappeler la dernière fois que je t'ai vue aussi excitée à propos de quelque chose.
I can't remember the last time I've seen you so excited about something.,Je ne parviens pas à me rappeler la dernière fois que je vous ai vus aussi excités à propos de quelque chose.
I can't remember the last time I've seen you so excited about something.,Je ne parviens pas à me rappeler la dernière fois que je vous ai vues aussi excitées à propos de quelque chose.
I didn't get much sleep last night so I was nodding off all day at work.,"Je n'ai pas beaucoup dormi cette nuit, du coup j'ai somnolé toute la journée."
"I didn't know that you were sick, so I didn't visit you in the hospital.","Je ne savais pas que tu étais malade, donc je ne t'ai pas rendu visite à l'hôpital."
"I don't have good luck, so I don't play pachinko or buy lottery tickets.","Je n'ai pas de chance, je ne joue donc pas au pachinko et je n'achète pas de billets de loterie."
I don't know if I can speak French well enough to explain this properly.,Je ne sais pas si je parle assez bien français pour pouvoir expliquer ceci correctement.
I don't plan to get divorced from you unless you give me a valid reason.,Je n'ai pas l'intention de divorcer d'avec toi à moins que tu ne me donnes une raison valable.
I don't usually eat breakfast because I'd rather sleep as late as I can.,"En général, je ne prends pas de petit déjeuner parce que je préfère dormir aussi longtemps que possible."
I don't want to live in a country that doesn't want to defend my rights.,Je ne veux pas vivre dans un pays qui ne veut pas défendre mes droits.
I knew I shouldn't have put off doing my homework until the last minute.,Je savais que je n'aurais pas dû remettre mes devoirs jusqu'à la dernière minute.
I learned to drive a car and got a driver's license when I was eighteen.,J'ai appris à conduire quand j'avais 18 ans et j'ai eu mon permis.
I never for a moment imagined we wouldn't get home before the storm hit.,Je n'ai jamais imaginé que nous n'arriverions pas à la maison avant que la tempête ne frappe.
I think it's highly unlikely that you'll be able to do that by yourself.,Je pense qu'il est hautement improbable que tu sois en mesure de faire ça tout seul.
I think it's highly unlikely that you'll be able to do that by yourself.,Je pense qu'il est hautement improbable que vous soyez en mesure de faire ça tout seul.
I think that it's completely understandable if she turns down his offer.,Je pense qu'il est tout naturel qu'elle refuse son offre.
"I thought things would get better, but as it is, they are getting worse.",Je pensais que les choses allaient s'améliorer mais en fait elles ne font qu'empirer.
"I was planning on going to the beach today, but then it started to rain.","J'avais prévu d'aller à la plage aujourd'hui, mais il a commencé à pleuvoir."
I was the only one at the meeting who didn't think that was a good idea.,J'étais le seul à la réunion qui ne pensait pas que c'était une bonne idée.
I was the only one at the meeting who didn't think that was a good idea.,J'étais le seul à la réunion à ne pas penser que c'était une bonne idée.
I will come on Wednesday evening unless I hear from you to the contrary.,Je viendrai mercredi soir à moins que tu ne dises le contraire.
I wish you would tell me what I ought to do in this difficult situation.,Je souhaiterais que tu me dises ce que je me dois de faire dans cette situation difficile.
I'd like to ask you a few questions about what happened at school today.,"J'aimerais vous poser quelques questions au sujet de ce qui s'est produit, aujourd'hui, à l'école."
I'd like to ask you a few questions about what happened at school today.,"J'aimerais te poser quelques questions au sujet de ce qui s'est produit, aujourd'hui, à l'école."
I'll keep my fingers crossed that everything will go well for you today.,Je croise les doigts pour que tout aille bien pour toi aujourd'hui.
I'm sure it wouldn't be too hard to find out who hacked into our system.,Je suis sûr qu'il ne serait pas trop difficile de déterminer qui a pénétré notre système.
I've never been the kind of person who complains about things like that.,Je n'ai jamais été le genre de personne qui se plaint de choses de ce genre.
"If I had gone to that restaurant last night, I would have eaten a steak.","Si j'avais été à ce restaurant hier soir, j'aurais mangé un steak."
"If we knew what we were doing, it wouldn't be called research, would it?","Si l'on savait ce que l'on faisait, ça ne s'appellerait pas de la recherche, non ?"
"Instead of eating vegetables, he puts them in a blender and drinks them.","Au lieu de manger des légumes, il les passe au mixeur et les boit."
Management hid the true financial state of the company from the workers.,La direction a caché le véritable état financier de l'entreprise à ses salariés.
Many people think that children don't spend enough time playing outside.,Beaucoup de gens pensent que les enfants ne passent pas assez de temps à jouer à l'extérieur.
Many people think that children don't spend enough time playing outside.,Beaucoup de gens pensent que les enfants ne passent pas assez de temps à jouer dehors.
"Money isn't everything, but if you have no money, you can't do anything.","L'argent n'est pas tout, mais si tu n'as pas d'argent, tu ne peux rien faire."
"Money isn't everything, but if you have no money, you can't do anything.","L'argent n'est pas tout, mais si t'as pas d'argent, tu ne peux rien faire."
"Money isn't everything, but if you have no money, you can't do anything.","L'argent n'est pas tout, mais si vous n'avez pas d'argent, vous ne pouvez rien faire."
"No matter how hard you try, you won't be able to finish that in one day.","Vous aurez beau essayer, vous ne serez pas capable de finir cela en un jour."
"No matter how hard you try, you won't be able to finish that in one day.","Vous aurez beau essayer, vous ne serez pas capable de finir ça en un jour."
"No matter how hard you try, you won't be able to finish that in one day.","Vous aurez beau essayer, vous ne serez pas capables de finir cela en un jour."
"No matter how hard you try, you won't be able to finish that in one day.","Vous aurez beau essayer, vous ne serez pas capables de finir ça en un jour."
"No matter how hard you try, you won't be able to finish that in one day.","Tu auras beau essayer, tu ne seras pas capable de finir cela en un jour."
"No matter how hard you try, you won't be able to finish that in one day.","Tu auras beau essayer, tu ne seras pas capable de finir ça en un jour."
Our store is open every day of the year except Christmas and New Year's.,Notre magasin est ouvert tous les jours de l'année sauf Noël et le jour de l'An.
Over 4 million Australians communicate in a language other than English.,Plus de quatre millions d'Australiens communiquent dans une langue autre que l'anglais.
"Personally, I don't think it makes any difference who wins the election.","Personnellement, je pense que cela ne fait aucune différence, quiconque gagne l'élection."
Preparing a room for painting is the most important step in the process.,Préparer une pièce pour la peinture est l'étape la plus importante du processus.
"Rather than cutting down on cigarettes, why don't you just give them up?","Plutôt que de réduire la cigarette, pourquoi ne la laisses-tu pas simplement tomber ?"
"Rather than cutting down on cigarettes, why don't you just give them up?","Plutôt que de réduire la cigarette, pourquoi ne la laissez-vous pas simplement tomber ?"
"Ronald Reagan was born in 1911, in the little town of Tampico, Illinois.","Ronald Reagan est né en 1911 en Illinois, dans la petite ville de Tampico."
"She advised him not to use too much salt, but he wouldn't listen to her.",Elle lui recommanda de ne pas employer trop de sel mais il refusa de l'écouter.
"She advised him not to use too much salt, but he wouldn't listen to her.",Elle lui a recommandé de ne pas employer trop de sel mais il a refusé de l'écouter.
She denied having met him even though we saw them talking to each other.,Elle nia l'avoir rencontré bien que nous les eûmes vus se parler l'un à l'autre.
She denied having met him even though we saw them talking to each other.,Elle a nié l'avoir rencontré alors que nous les avons vus discuter l'un avec l'autre.
"She was busy knitting. In the meantime, he was taking a nap by the fire.","Elle était occupée à tricoter. Pendant ce temps, il faisait une sieste à côté du feu."
Sleep is important for weight loss and for maintaining a healthy weight.,Le sommeil est important pour perdre du poids et pour maintenir un poids sain.
Such was his pride that he could not bring himself to ignore the insult.,Sa fierté était telle qu'il ne put se résoudre à ignorer l'insulte.
Teenagers are often embarrassed to be seen in public with their parents.,Les adolescents sont souvent embarrassés d'être vus en public avec leurs parents.
"Thanks to this book, I learned some interesting facts about this insect.","Grâce à ce livre, j'ai appris des choses intéressantes sur cet insecte."
The United States has officially ended economic sanctions against Burma.,Les États-Unis d'Amérique ont officiellement mis un terme aux sanctions économiques à l'encontre de la Birmanie.
The Wright brothers succeeded in flying an airplane driven by an engine.,Les frères Wright réussirent à faire voler un avion mû par un moteur.
The chairperson has been associated with the organization for ten years.,Le président est associé à l'organisation depuis dix ans.
The chairperson has been associated with the organization for ten years.,La présidente est associée à l'organisation depuis dix ans.
The company asked the bank to loan them some money to buy new machinery.,La société a demandé à la banque de lui prêter de l'argent pour acheter de nouvelles machines.
The company went public and became listed on the stock exchange in 1990.,L'entreprise a émis des actions et est entrée en bourse en 1990.
The economy still hasn't completely recovered from the financial crisis.,L'économie ne s'est pas encore complètement remise de la crise financière.
The freight train was held up about half an hour because of a dense fog.,Le train de fret a été retenu près d'une demi-heure à cause de l'épais brouillard.
The lawyer asked the judge to make allowance for the age of the accused.,Le défenseur pria le juge de prendre en considération l'âge de l'accusé.
"The more worthless the plant, the more rapid and splendid is its growth.","Moins une plante a de valeur, plus rapide et splendide est sa croissance."
The only way to handle him is to let him think he is having his own way.,La seule manière de le maîtriser est de le laisser penser qu'il obtient ce qu'il désire.
The ship's captain ordered the radio operator to send a distress signal.,Le capitaine du navire ordonna à l'opérateur radio d'envoyer un signal de détresse.
The sight of the centipede on the wall was enough to make my skin crawl.,J'ai eu la chair de poule en voyant le mille-pattes sur le mur.
The surgeon who operated on Tom is very experienced and highly regarded.,Le chirurgien qui a opéré Tom est très expérimenté et hautement réputé.
The team played hard because the championship of the state was at stake.,"L'équipe s'entraîna dur, car le championnat national était en danger."
There are some differences between British English and American English.,Il y a des différences entre l'anglais britannique et l'anglais américain.
There are some differences between British English and American English.,Il y a des différences entre l'anglais britannique et l'anglais étatsunien.
There are still many cultural differences between East and West Germany.,De nombreuses différences culturelles subsistent entre l'Allemagne de l'Ouest et l'Allemagne de l'Est.
There is an urgent need for a new approach to dealing with this problem.,Il faut d'urgence une nouvelle approche pour traiter ce problème.
Tom and Mary have been trying to come up with a solution to the problem.,Tom et Marie ont essayé de trouver une solution au problème.
Tom and Mary sat next to each other at the table in the conference room.,"Tom et Mary se sont assis à la table, l'un à côté de l'autre, dans la salle de conférence."
Tom and Mary sat next to each other at the table in the conference room.,Tom et Mary s’assirent l'un à côté de l'autre à la table dans la salle de conférence.
Tom certainly gives the impression that he doesn't know what he's doing.,Tom donne certainement l'impression qu'il ne sait pas ce qu'il est en train de faire.
"Tom doesn't always get up early, but he always gets up before Mary does.","Tom ne se lève pas toujours tôt, mais il le fait toujours avant Marie."
Tom doesn't need any more soap. Mary gave him enough to last a lifetime.,Tom n'a plus besoin de savon. Mary lui en a donné assez pour toute une vie.
"Tom has some food allergies, so he has to be careful about what he eats.","Tom fait des allergies alimentaires, alors il doit faire attention à ce qu'il mange."
Tom stepped into the elevator and pushed the button for the third floor.,Tom entra dans l'ascenseur et appuya sur le bouton du troisième étage.
Tom wondered when Mary had bought the milk that was in the refrigerator.,Tom se demanda quand Mary avait acheté le lait qui était dans le réfrigérateur.
"Too much of anything is bad, but too much good whiskey is barely enough.","Trop de quelque chose, c'est mauvais, mais trop de whisky, c'est à peine suffisant."
Try not to spend so much time complaining about things you can't change.,Essaie de ne pas passer tant de temps à te plaindre de choses que tu ne peux pas changer.
Try not to spend so much time complaining about things you can't change.,Essaye de ne pas passer tant de temps à te plaindre de choses que tu ne peux pas changer.
Try not to spend so much time complaining about things you can't change.,Essayez de ne pas passer tant de temps à vous plaindre de choses que vous ne pouvez pas changer.
We can either go to the beach or go mountain climbing. We can't do both.,Nous pouvons soit aller à la plage soit aller faire de l'alpinisme. Nous ne pouvons pas faire les deux.
"We drove through village after village, until we got to our destination.",Nous traversâmes village après village jusqu'à ce que nous atteignîmes notre destination.
We have three adopted children. The younger two are biological brothers.,Nous avons trois enfants adoptés. Les deux plus jeunes sont frères biologiques.
"We were talking about something at that time, but I don't remember what.","Nous étions, à ce moment-là, en train de parler de quelque chose, mais je ne me souviens pas de quoi."
What hurts the most is that you didn't feel you could tell me the truth.,"Ce qui fait le plus mal, c'est que tu n'as pas senti que tu pouvais me dire la vérité."
What kind of person would forget to pick their children up after school?,Quel genre de personnes oublierait de ramasser ses enfants après l'école ?
What really surprised me most was that I was the only one who got fired.,Ce qui m'a le plus surpris c'est que j'étais le seul à me faire virer.
"When I was a college student, I always pulled all-nighters before tests.","Lorsque j'étudiais à l'université, j'ai toujours passé des nuits blanches avant les examens."
"When all you have is a hammer, every problem starts to look like a nail.","Celui qui n'a qu'un marteau dans sa boîte à outils, voit tous les problèmes comme des clous."
"When we started this business, neither one of us had had any experience.","Quand nous avons démarré cette affaire, aucun d'entre nous n'avait eu aucune expérience."
"With the coming of spring, everything is gradually coming to life again.","Avec la venue du printemps, tout revient progressivement à la vie."
You have the right to consult an attorney before speaking to the police.,Vous avez le droit de consulter un avocat avant de parler à la police.
You have the right to consult an attorney before speaking to the police.,Vous avez le droit de consulter un avocat avant de parler aux policiers.
"You may think your comment was innocuous, but I found it very offensive.","Tu estimes peut-être que ton commentaire est anodin, je l'ai cependant trouvé très blessant."
"You should visit Kyoto, which is famous for its old temples and shrines.","Vous devriez visiter Kyoto, qui est célèbre pour ses anciens temples et ses sanctuaires."
"You should visit Kyoto, which is famous for its old temples and shrines.","Tu devrais visiter Kyoto, qui est célèbre pour ses anciens temples et ses sanctuaires."
You shouldn't share too much private information on the social networks.,Vous ne devriez pas partager trop d'informations privées sur les réseaux sociaux.
Your dream of becoming a baseball player will come true if you try hard.,"Votre rêve de devenir un joueur de baseball se réalisera, si vous persévérez."
"Do you hate Tom? ""I don't hate him, but I do think he's a bit strange.""","« Détestes-tu Tom ? » « Je ne le déteste pas, mais je le trouve juste un peu étrange. »"
"Do you hate Tom? ""I don't hate him, but I do think he's a bit strange.""","« Est-ce que vous détestez Tom ? » « Je ne le déteste pas, mais je trouve simplement qu'il est un peu bizarre. »"
"How far is it from here to your school? ""It's about ten minute's walk.""",« Combien de temps ça prend pour aller d'ici à ton école ? » « Environ 10 minutes à pied. »
A considerable amount of money was appropriated for the national defense.,Une somme d'argent considérable a été affectée à la défense nationale.
A great warrior radiates strength. He doesn't have to fight to the death.,La force irradie d'un grand guerrier. Il n'a pas besoin de combattre à mort.
All the students of the university have access to the university library.,Tous les étudiants de l'université ont accès à sa bibliothèque.
All you have to do is write a few sentences about what you did yesterday.,Tout ce que vous avez à faire est d'écrire quelques phrases à propos de ce que vous avez fait hier.
"And then, he chased the cattle, the sheep and everyone out of the temple.","Puis il chassa du temple les vaches, les moutons et tout le monde."
"As a boy, I used to lie on my back on the grass and look at white clouds.","Enfant, j'avais pour habitude de m'allonger dans l'herbe et de regarder les nuages blancs."
At Christmas she went out of her way to buy me a really nice model plane.,Elle m'a acheté exprès un superbe avion miniature pour Noël.
"At first, I had difficulty understanding people when they spoke too fast.","Au début, j'avais des difficultés à comprendre les gens qui parlaient trop vite."
"Because his parents had died when he was young, his uncle brought him up.","Comme ses parents sont morts quand il était jeune, c'est son oncle qui l'a élevé."
Doctors should keep abreast with all the latest developments in medicine.,Les médecins doivent être au fait des derniers progrès de la médecine.
"Every time cigarettes go up in price, many people try to give up smoking.","Chaque fois que le prix des cigarettes augmente, beaucoup de gens essayent d'arrêter de fumer."
"Frankly speaking, it was difficult for me to make out what he was saying.","Pour parler franchement, j'ai eu du mal à comprendre ce qu'il disait."
"He claims to be a socialist, and yet he has two houses and a Rolls Royce.","Il prétend être socialiste, et pourtant il a deux maisons et une Rolls Royce."
He didn't see the stop sign and almost hit the child crossing the street.,Il n'a pas vu le panneau stop et a presque percuté l'enfant traversant la route.
He led his men and horses over snowy mountains and down into hot valleys.,Il conduisit ses hommes et leurs chevaux sur des montagnes enneigées et au fond de chaudes vallées.
High fructose corn syrup is found in about everything you eat these days.,"On trouve du sirop de maïs à haute teneur en fructose dans à peu près tout ce qu'on mange, de nos jours."
His loss of memory is a psychological problem rather than a physical one.,Sa perte de mémoire est un problème plus psychologique que physique.
How many times do I have to tell you not to eat candy just before dinner?,Combien de fois dois-je te dire de ne pas manger de sucreries juste avant le dîner ?
How many times do I have to tell you not to eat candy just before dinner?,Combien de fois dois-je vous dire de ne pas manger de sucreries juste avant le dîner ?
"Human beings, whether they realise it or not, continually seek happiness.","Les êtres humains, qu'ils en prennent conscience ou pas, recherchent continuellement le bonheur."
I can't tell you everything I've been told because I've been told not to.,Je ne peux pas te dire tout ce qu'on m'a dit parce qu'on m'a dit de ne pas le faire.
I couldn't tell what color his shirt was because it was too dark outside.,Je ne pouvais pas dire de quelle couleur était sa chemise parce qu'il faisait trop sombre dehors.
I don't have to study tonight. I think I'll watch television for a while.,Je ne dois pas étudier ce soir. Je pense que je regarderai la télévision un moment.
I don't know when I'll have time to finish reading the rest of this book.,J'ignore quand j'aurai le temps d'achever de lire le reste de ce livre.
"I don't think it'll rain, but I'll take an umbrella just in case it does.","Je ne pense pas qu'il va pleuvoir, mais je vais prendre un parapluie juste au cas où cela se confirmait."
"I don't think it'll rain, but I'll take an umbrella just in case it does.","Je ne pense pas qu'il va pleuvoir, mais je vais prendre un parapluie avec moi, juste au cas où."
I don't think we can really say that one is right and the other is wrong.,Je ne pense pas que nous puissions réellement dire que l'un est vrai et l'autre faux.
I don't think we can really say that one is right and the other is wrong.,Je ne pense pas que nous puissions réellement dire que l'un est juste et l'autre mal.
"I had a very tight schedule last week, but this week I'm relatively free.","J'ai eu un programme très chargé la semaine dernière, mais cette semaine, je suis relativement libre."
I had to catch the first train this morning in order to get here in time.,"J'ai dû prendre le premier train, ce matin, afin d'arriver ici à temps."
"I held onto the rope for as long as I could, but I finally had to let go.","J'ai agrippé la corde aussi longtemps que j'ai pu, mais j'ai finalement dû la lâcher."
I just want to let you know that I can't attend this afternoon's meeting.,Je veux juste te faire savoir que je ne peux pas être présent à la réunion de cet après-midi.
I just want to let you know that I can't attend this afternoon's meeting.,Je veux juste vous faire savoir que je ne peux pas être présent à la réunion de cette après-midi.
"I knew I had to tell him the truth, but I couldn't bring myself to do it.","Je savais que je devais lui dire la vérité, mais je n'arrivais pas à m'y résoudre."
"I knew that Tom didn't want to do that, but I wanted him to do it anyway.","Je savais que Tom ne voulait pas le faire, mais je voulais quand même qu'il le fasse."
I never thought it'd be this hard to choose a color to paint the kitchen.,Je n'aurais jamais pensé qu'il serait aussi difficile de sélectionner une couleur pour peindre la cuisine.
I only eat meat from animals that I have personally killed and butchered.,Je ne mange que la viande d'animaux que j'ai moi-même tués et découpés.
I think it's time for me to stop allowing her to always have her own way.,Je pense qu'il est temps que j'arrête de l'autoriser à toujours agir à sa guise.
I think you'll have very little difficulty in getting a driver's license.,Je pense que tu n'auras guère de difficulté à obtenir un permis de conduire.
I think you'll have very little difficulty in getting a driver's license.,Je pense que vous n'aurez guère de difficulté à obtenir un permis de conduire.
"I thought we had found the perfect hiding place, but the police found us.",Je pensais que nous avions trouvé la cachette parfaite mais la police nous a trouvés.
"I thought we had found the perfect hiding place, but the police found us.",Je pensais que nous avions trouvé la cachette parfaite mais la police nous a trouvées.
"I wanted to let you know about that, but Tom told me not to say anything.","Je voulais t'en informer, mais Tom m'a dit de ne rien dire."
"I wanted to let you know about that, but Tom told me not to say anything.","Je voulais vous en informer, mais Tom m'a dit de ne rien dire."
"I was going to write to you, but I started doing other things and forgot.","J'allais vous écrire, mais j'ai commencé à faire d'autres choses et j'ai oublié."
I was surprised because my husband actually ate some of our wedding cake.,J'étais surprise parce que mon mari avait en fait mangé un peu de notre gâteau de mariage.
I'd like to go through just one day without being told I need to grow up.,J'aimerais passer seulement une journée sans qu'on me dise que j'ai besoin de grandir.
"If it were not for the sun, no living creatures could exist on the earth.","Si ce n'était pour le Soleil, aucun être vivant ne pourrait exister sur Terre."
"If my mother had still been alive, she would have helped me at that time.","Si elle avait été en vie, ma mère m'aurait aidé à ce moment-là."
"If that accident had happened in a city, it would have caused a disaster.","Si cet accident s'était produit en ville, il aurait causé un désastre."
"If you were to hear him speak French, you would take him for a Frenchman.","Si tu l'entendais parler français, tu le prendrais pour un Français."
"If your feelings are still what they were last April, tell me so at once.","Si vos sentiments sont toujours tels qu'ils étaient en avril, dites-le-moi tout de suite."
It is essential that every child have the same educational opportunities.,Il est essentiel que chaque enfant ait les mêmes opportunités d'éducation.
It is said that the secret of long life is to have something to live for.,On dit que le secret d'une longue vie est d'avoir une raison de vivre.
"It may seem like a good idea to you, but I think it's a little dangerous.","Ça te semble peut-être une bonne idée, mais je pense que c'est un peu dangereux."
"It was very cold last night, so we didn't go outside, but stayed indoors.","Il a fait très froid la nuit dernière, donc nous ne sommes pas sortis mais au contraire nous nous sommes cloitrés chez nous."
It's amazing that so many people cross this street when the light is red.,"C'est fou, tous ces gens qui traversent la rue alors que le feu est rouge."
It's in times like these that the character of a person becomes apparent.,C'est lors de moments comme ceux-là que le caractère d'une personne transparaît.
It's in times like these that the character of a person becomes apparent.,C'est dans des moments comme ceux-là que le caractère d'une personne devient apparent.
Just throw your bicycle in the back of the truck and I'll drive you home.,Flanque juste ton vélo à l'arrière du camion et je te conduirai à la maison.
"Last year, I couldn't spend as much time with my children as I wanted to.","L'année dernière, je n'ai pas pu passer autant de temps que je le voulais avec mes enfants."
Life is like riding a bicycle. To keep your balance you must keep moving.,"La vie, c'est comme une bicyclette, il faut avancer pour ne pas perdre l'équilibre."
Life's experiences make vivid records on the sensitive plate of his mind.,Les expériences de la vie impriment des traces vivaces sur la plaque sensible de son esprit.
Make certain where the emergency exit is before you go to bed at a hotel.,"À l'hôtel, vérifiez où est la sortie de secours avant d'aller au lit."
"Mother Teresa was a Catholic nun who lived and worked in Calcutta, India.",Mère Thérésa était une sœur catholique qui vivait et travaillait à Calcutta en Inde.
My grandmother used to use her sewing machine a lot when she was younger.,Ma grand-mère utilisait beaucoup sa machine à coudre quand elle était plus jeune.
Never choose a vocation just because it is popular or sounds interesting.,Ne choisissez jamais une vocation simplement parce qu'elle est populaire ou semble intéressante.
"No matter how busy you are, I think you should at least read a newspaper.","Peu importe combien vous êtes occupé, je pense que vous devriez au moins lire le journal."
Noise is the most serious problem for those who live around the airports.,Le bruit est le plus sérieux problème pour ceux qui vivent autour des aéroports.
"On the tenth of next month, they will have been married for twenty years.","Le dix du mois prochain, il y a vingt ans qu'ils seront mariés."
"Once upon a time, there was a pretty little house way out in the country.",Il était une fois une jolie petite maison au fin fond du pays.
One thing you should know about me is that I'm obsessed with punctuality.,"Une chose que tu devrais connaître à mon sujet, c'est que je suis obsédé par la ponctualité."
People no longer consider it strange for men to let their hair grow long.,Les gens ne trouvent plus étrange que des hommes se laissent pousser les cheveux.
Please don't forget to put stamps on the letters that I gave you to mail.,Veuillez ne pas oublier de timbrer les lettres que je vous ai données à poster.
Please don't forget to put stamps on the letters that I gave you to mail.,Veuillez ne pas oublier d'apposer des timbres sur les lettres que je vous ai données à poster.
Please don't forget to put stamps on the letters that I gave you to mail.,"N'oublie pas, s'il te plait, de timbrer les lettres que je t'ai données à poster."
Please don't forget to put stamps on the letters that I gave you to mail.,"N'oublie pas, je te prie, d'apposer des timbres sur les lettres que je t'ai données à poster."
Please send any complaints or suggestions to the following email address.,Veuillez adresser toute réclamation ou suggestion à l'adresse électronique suivante.
She borrowed the book from him many years ago and hasn't yet returned it.,Elle lui a emprunté le livre il y a de nombreuses années et ne l'a toujours pas rendu.
She had hardly begun to read the book before someone knocked at the door.,À peine avait-elle commencé à lire le livre que quelqu'un frappa à la porte.
She has asked the person at the front desk to connect her to that number.,Elle a demandé à la personne à la réception de lui passer ce numéro.
"She visits the dentist on a regular basis, so she seldom gets toothaches.","Comme elle se rend chez le dentiste régulièrement, elle a rarement mal aux dents."
"She visits the dentist on a regular basis, so she seldom gets toothaches.","Elle se rend chez le dentiste régulièrement, donc elle a rarement des maux de dents."
She was allowed to go to the disco on condition that she was back by ten.,Elle a été autorisée à aller à la discothèque à condition qu'elle soit de retour pour 10 heures.
She wrote to him to tell him that she couldn't come to visit next summer.,Elle lui écrivit pour lui annoncer qu'elle ne pourrait pas venir en visite l'été prochain.
She wrote to him to tell him that she couldn't come to visit next summer.,Elle lui a écrit pour lui annoncer qu'elle ne pourrait pas venir en visite l'été prochain.
"Strictly speaking, she didn't like it at all, but she didn't say a thing.","Elle ne l'a à proprement parler pas du tout trouvé bien, mais elle n'a rien dit."
"The Mormons have outlawed polygamy, but some adherents still practice it.","Les mormons ont proscrit la polygamie, mais certains partisans la pratiquent toujours."
"The boy pretended he could read, but he was holding the book upside down.","Le garçon prétendait savoir lire, mais il tenait son livre à l'envers."
The disagreement between the union and management could lead to a strike.,Le désaccord entre le syndicat et la direction pourrait mener à la grève.
The family had been sleeping for about two hours when the fire broke out.,Ça faisait deux heures que la famille dormait lorsque l'incendie se déclara.
The introduction of the new tax is expected to affect the entire economy.,On s'attend à ce que l'introduction de la nouvelle taxe affecte toute l'économie.
The mayor thought that he should investigate the decline in tax revenues.,La maire pensa qu'il devrait enquêter sur la chute des recettes fiscales.
The outcome of the upcoming election will be the hardest ever to predict.,L'issue de l'élection à venir sera la plus difficile à prédire.
The plans aren't set in stone and can be changed if absolutely necessary.,"Les plans ne sont pas inscrits dans le marbre et peuvent être altérés, si c'est absolument nécessaire."
The reason Tom didn't go with us was because he didn't have enough money.,"La raison pour laquelle Tom n'est pas venu avec nous, c'est qu'il n'avait pas assez d'argent."
The series of crimes were thought to have been committed by the same man.,On pensait que la série de crimes avait été commise par le même homme.
The tooth fairy teaches children that they can sell body parts for money.,La fée des dents enseigne aux enfants qu'ils peuvent monétiser des parties de leurs corps.
There's a general sense that something should be done about unemployment.,Il y a un sentiment général selon lequel il faut faire quelque chose contre le chômage.
This kind of specialized knowledge has very little to do with daily life.,Cette sorte de savoir spécialisé a très peu à voir avec la vie courante.
"This room is very small, so it is impossible to put more furniture in it.","La pièce est très petite, à tel point qu'il n'est pas possible d'ajouter des meubles."
"Though it was a muggy night, she went to bed with all the windows closed.","Bien que ce fût une nuit étouffante, elle est allée au lit avec toutes les fenêtres fermées."
"To the best of my knowledge, the cathedral dates back to the Middle Ages.","Pour autant que je sache, la cathédrale date du Moyen-Âge."
Tom certainly hadn't done anything that deserved that kind of punishment.,Tom n'a certainement rien fait qui mérite ce genre de punitions.
Tom doesn't want an iPad. He wants a portable device that supports Flash.,Tom ne veut pas d'un iPad. Il veut un portable qui accepte le Flash.
Tom's grandfather and Mary's grandfather fought together in World War II.,Le grand-père de Tom et celui de Mary ont combattu ensemble durant la seconde guerre mondiale.
Tom's jokes are hilarious and get even better after he's had a few beers.,Les blagues de Tom sont hilarantes et deviennent encore meilleures après qu'il ait bu quelques bières.
We have to consider the possibility that Tom was involved in the robbery.,Nous devons envisager la possibilité que Tom était impliqué dans le vol.
What he said yesterday is not consistent with what he had said last week.,Ce qu'il a dit hier n'est pas cohérent avec ce qu'il a dit la semaine dernière.
"You can talk until you're blue in the face, but you'll never convince me.","Tu peux raconter ce que tu veux, mais tu n'arriveras jamais à me convaincre."
"You may stay here for the night, but you'll have to leave in the morning.","Vous pouvez rester ici pour la nuit, mais vous devrez vous en aller au matin."
You're the only person I know that likes getting up early in the morning.,Vous êtes la seule personne que je connaisse qui aime se lever tôt le matin.
Your argument is not any more convincing than that of my stubborn father.,Ton argument n'est pas plus convaincant que celui de mon entêté de père.
A parallelogram is a quadrilateral formed from two sets of parallel lines.,Un parallélogramme est un quadrilatère formé de deux paires de lignes parallèles.
A poll shows that an overwhelming majority is in favor of the legislation.,Un sondage indique qu'une majorité écrasante est en faveur de la législation.
"According to today's paper, there was a big earthquake in Chile yesterday.","D'après le journal, il y a eu un grand tremblement de terre au Chili hier."
"After her husband's death, she brought up the two children all by herself.","Après la mort de son mari, elle éleva les deux enfants toute seule."
Aren't you the one who's always saying we should spend more time together?,N'es-tu pas celui qui dit toujours que nous devrions passer plus de temps ensemble ?
Aren't you the one who's always saying we should spend more time together?,N'es-tu pas celle qui dit toujours que nous devrions passer plus de temps ensemble ?
"As soon as you have done that, I would like you to start preparing supper.","Aussitôt que tu as terminé cela, j'aimerais que tu commences à préparer le dîner."
"As the date of the wedding approached, Tom started having second-thoughts.","Alors que la date du mariage approchait, Tom a commencé à avoir des doutes."
"Because some urgent business came up, he wasn't able to go to the concert.","Parce qu'une affaire urgente s'est présentée, il n'a pas été en mesure de se rendre au concert."
Dad needs to take a rest. He's been working in the garden for three hours.,Papa a besoin de repos. Cela fait 3 heures qu'il travaille dans le jardin.
"Day after day, the dog sat waiting for his master in front of the station.","Jour après jour, le chien était assis en attendant son maître face à la station."
Drastic measures must be taken to prevent the further spread of the virus.,Des mesures drastiques doivent être prises afin de prévenir une plus grande propagation du virus.
"Had it not been for your raincoat, I would have been drenched to the skin.","Sans votre imperméable, j'aurais été trempé jusqu'aux os."
Have you made up your mind what you're going to give Tom for his birthday?,As-tu décidé de ce que tu allais offrir à Tom pour son anniversaire?
He tried to behave as bravely as possible while he was being held hostage.,Il essaya de se conduire le plus bravement possible tandis qu'il était pris en otage.
I didn't want to spend any more time than necessary cooking for my family.,Je ne voulais pas passer davantage de temps que nécessaire à cuisiner pour ma famille.
I don't know if we're going to be able to make it to Boston for Christmas.,Je ne sais pas si on pourra aller à Boston pour Noël.
"I don't know my address yet, I'm going to stay with my friend for a while.","Je ne connais pas encore mon adresse, je vais habiter un temps chez mon ami."
"I don't know my address yet, I'm going to stay with my friend for a while.","Je ne connais pas encore mon adresse, je vais habiter un temps chez mon amie."
I don't think I've ever eaten anything that you would consider disgusting.,Je ne pense pas jamais avoir mangé quoi que ce fut que tu considérerais dégoûtant.
I don't think I've ever eaten anything that you would consider disgusting.,Je ne pense pas jamais avoir mangé quoi que ce fut que vous considéreriez dégoûtant.
"I don't think it'll rain, but I'll take an umbrella with me, just in case.","Je ne pense pas qu'il va pleuvoir, mais je vais prendre un parapluie avec moi, juste au cas où."
I don't think we're going to be able to catch the train you want to catch.,Je ne pense pas qu'on va pouvoir attraper le train que tu veux attraper.
I don't think we're going to be able to catch the train you want to catch.,Je ne pense pas que nous allons pouvoir attraper le train que vous souhaitez attraper.
I have one thousand dollars in travelers' checks and five hundred in cash.,J'ai mille dollars en chèques de voyage et cinq cents dollars en liquide.
I know that it is highly unlikely that anyone would be willing to help me.,Je sais qu'il est hautement improbable que quiconque veuille bien m'aider.
I know that it is highly unlikely that anyone would be willing to help me.,Je sais qu'il est hautement improbable que quiconque soit disposé à m'aider.
"I know what I should've done, but I just didn't have enough time to do it.","Je sais ce que j'aurais dû faire, mais je n'ai simplement pas eu assez de temps pour le faire."
I noticed that I had grown up when I started following my parents' advice.,J'ai remarqué que j'avais grandi lorsque j'ai commencé à suivre les conseils de mes parents.
I think it's unlikely that any store would sell this model for that price.,Je pense qu'il est probable qu'aucun magasin ne vendrait ce modèle à ce prix.
"I understand how much you want to go to the party, but I can't let you go.","J'ai bien compris à quel point tu veux aller à la fête, mais je ne peux pas te laisser partir."
I usually eat two or three eggs for breakfast at least three times a week.,"J'ai pour habitude de manger deux ou trois œufs au petit déjeuner, au moins trois fois par semaine."
I will have graduated from college by the time you come back from America.,Je serai déjà diplômé de l'université quand vous rentrerez d'Amérique.
I'd like to discuss the possibility of you coming to work for our company.,J'aimerais m'entretenir de la possibilité que vous veniez travailler pour notre société.
I'd like to discuss the possibility of you coming to work for our company.,J'aimerais discuter de la possibilité que vous veniez travailler pour notre société.
I'd like to discuss the possibility of you coming to work for our company.,J'aimerais m'entretenir de la possibilité que tu viennes travailler pour notre société.
I'd like to discuss the possibility of you coming to work for our company.,J'aimerais discuter de la possibilité que tu viennes travailler pour notre société.
"If all goes according to plan, I should be back home again tomorrow night.","Si tout se passe comme prévu, je devrais être de retour à la maison demain soir."
"If there was just 1,000 yen more, he would have taken 10,000 yen in total.","S'il y avait eu 1 000 yens de plus, il aurait pris 10 000 yens en tout."
"If you really cared about your girlfriend, you would respect her feelings.","Si tu te souciais vraiment de ta copine, tu respecterais ses sentiments."
It was a victory for the whole country when he finished first in the race.,Ce fut une victoire pour le pays entier lorsqu'il eut fini premier de la course.
It would have been nice if Tom had listened to what I said more carefully.,Ça aurait été sympa si Tom avait écouté ce que je disais plus attentivement.
It's hard to believe that Tom wasn't aware that Mary was in love with him.,C'est dur à croire que Tom n'était pas conscient que Mary était amoureuse de lui.
It's unlikely that I'll have time to finish this project before next week.,Il est improbable que j'aie le temps de finir ce projet avant la semaine prochaine.
Japan's population is larger than that of Britain and France put together.,La population du Japon est plus grande que celles de la France et de la Grande-Bretagne réunies.
"Judging from the look of the sky, we might have a shower before nightfall.","À en juger par l'aspect du ciel, il se pourrait bien que nous ayons une averse avant la tombée de la nuit."
"Maybe I shouldn't tell you this, but I am truly mesmerized by your beauty.","Je ne devrais peut-être pas te le dire, mais je suis vraiment fasciné par ta beauté."
My father is proud of the fact that he's never been in a traffic accident.,Mon père s'enorgueillit du fait qu'il n'a jamais été impliqué dans un accident de la circulation.
My friend broke up with his girlfriend and now he wants to go out with me.,Mon ami a quitté sa petite copine et maintenant il veut sortir avec moi.
My teacher told me that I should have spent more time preparing my speech.,Mon professeur m'a dit que j'aurais dû passer davantage de temps à préparer mon exposé.
Please ask the secretary to stock the office supplies in the storage room.,S'il vous plait demandez à la secrétaire de stocker les fournitures de bureau à la réserve.
"Rather than doing any good, the rain did a great deal of harm to the crop.","La pluie a causé de gros dégâts à la récolte, plutôt qu'elle lui a fait quoi que ce soit de bien."
"She advised him to cut down on smoking, but he didn't think that he could.",Elle lui recommanda de réduire sa consommation de tabac mais il pensa qu'il ne pouvait pas.
"She advised him to cut down on smoking, but he didn't think that he could.",Elle lui a recommandé de réduire sa consommation de tabac mais il pensait qu'il ne pouvait pas.
She decided to drink water instead of soft drinks in order to lose weight.,Elle a décidé de boire de l'eau au lieu des jus de fruits et soda afin de maigrir.
"She found the evening boring and uninteresting, in short, a waste of time.","Elle a trouvé la matinée ennuyeuse et inintéressante, en résumé, une perte de temps."
"Since I was sick for a week, I'm making every possible effort to catch up.","Comme j'étais malade pendant une semaine, je fais tout mon possible pour me rattraper."
That woman standing over there is the most beautiful woman I've ever seen.,La femme qui se tient là-bas est la plus belle femme que j'ai jamais vue.
The bridge couldn't sustain the force of the strong current and collapsed.,Le pont ne put résister à la force du puissant courant et s'effondra.
The contents of the four registers are preserved by the called subroutine.,Le contenu des quatre registres est conservé par la sous-routine appelée.
The house did not suffer much damage because the fire was quickly put out.,La maison n'a pas subi beaucoup de dégâts car le feu a été rapidement étouffé.
"The more information you give me, the better the advice I can provide you.","Plus vous me donnerez d'informations, meilleurs seront les conseils que je pourrai vous donner."
The most important thing in the Olympics is not to win but to participate.,La chose la plus importante aux Jeux Olympiques n'est pas de gagner mais de participer.
"The mountain path was under a blanket of leaves, soft and easy to walk on.","Le chemin de montagne était recouvert d'un tapis de feuilles, sur lequel il était doux et aisé de marcher."
The time women spend doing housework is now a lot less than it used to be.,Le temps que les femmes passent à effectuer des tâches ménagères est désormais bien moindre qu'auparavant.
The urban population in most developing countries is increasing very fast.,La population urbaine de la plupart des pays en voie de développement croît très rapidement.
The victim is thought to have taken a large quantity of poison by mistake.,On suppose que la victime a absorbé par erreur une grande quantité de poison.
The weather report said that there will be thunderstorms tomorrow evening.,Le bulletin météo a dit que demain soir il y aurait de l'orage.
There is milk all over the kitchen floor because my wife broke the bottle.,Il y a du lait partout sur le sol de la cuisine parce que ma femme a cassé la bouteille.
There's been a significant development in the case of the missing toddler.,Il y a eu une évolution significative dans l'affaire du bambin disparu.
There's danger that the levee will break. We have to evacuate immediately.,Il y a un risque que la digue cède. Nous devons évacuer immédiatement.
"Tom and Mary looked at each other, and then suddenly they started kissing.",Tom et Mary se regardèrent l'un l'autre puis se mirent soudainement à s'embrasser.
Tom and Mary weren't able to eat the spicy food that John made for dinner.,Tom et Mary n'ont pas pu manger le plat épicé que John avait fait pour le dîner.
Tom began to look for a job three months before he graduated from college.,Tom a commencé à chercher un travail trois mois avant d'avoir terminé ses études.
Tom put two slices of bread into the toaster and pushed down on the lever.,Tom plaça deux tranches de pain dans le grille-pain et appuya sur le levier.
Tom spent the whole evening searching the Web for photos of famous people.,Tom a passé la soirée entière à chercher sur internet des photos de célébrités.
Tyrannical governments frequently put their political opponents in prison.,Les gouvernements tyranniques mettent fréquemment leurs opposants politiques en prison.
We cannot offer a further price reduction under the current circumstances.,Nous ne pouvons concéder de réduction de prix supplémentaire dans les conditions actuelles.
We're less than halfway to the top of the mountain. Are you already tired?,Nous sommes à moins de la moitié du chemin du sommet. Êtes-vous vraiment déjà fatiguées ?
We're less than halfway to the top of the mountain. Are you already tired?,Nous sommes à moins de la moitié du chemin du sommet. Êtes-vous vraiment déjà fatigués ?
We're less than halfway to the top of the mountain. Are you already tired?,Nous sommes à moins de la moitié du chemin du sommet. Êtes-vous vraiment déjà fatiguée ?
We're less than halfway to the top of the mountain. Are you already tired?,Nous sommes à moins de la moitié du chemin du sommet. Êtes-vous vraiment déjà fatigué ?
We're less than halfway to the top of the mountain. Are you already tired?,Nous sommes à moins de la moitié du chemin du sommet. Es-tu vraiment déjà fatiguée ?
We're less than halfway to the top of the mountain. Are you already tired?,Nous sommes à moins de la moitié du chemin du sommet. Es-tu vraiment déjà fatigué ?
What does what happened last night have to do with what's happening today?,Qu'est-ce que ce qui s'est passé la nuit dernière a à voir avec ce qui se passe aujourd'hui ?
What you spend time doing in your childhood affects the rest of your life.,"Ce que vous passez votre temps à faire durant votre enfance, affecte le reste de votre vie."
What you spend time doing in your childhood affects the rest of your life.,"Ce que tu passes ton temps à faire durant ton enfance, affecte le reste de ta vie."
What you spend time doing in your childhood affects the rest of your life.,"Ce que l'on passe son temps à faire durant son enfance, affecte le reste de sa vie."
"When we started out in this business, many people said that we would fail.","Lorsque nous avons démarré dans ce commerce, beaucoup de gens disaient que nous échouerions."
"When you said you'd look after Spot, you knew there'd be responsibilities.","Quand tu disais que tu t'occuperais de Spot, tu savais qu'il y aurait des responsabilités."
Whether Shakespeare wrote this poem or not will probably remain a mystery.,Si Shakespeare a écrit ce poème ou pas restera probablement une énigme.
You say you want to visit Tom? Why in the world would you want to do that?,Vous dites que vous voudriez aller voir Tom ? Pour quelle raison feriez-vous ça ?
You should consult a dictionary when you don't know the meaning of a word.,Vous devriez consulter un dictionnaire lorsque vous ignorez la signification d'un mot.
You will save your father a lot of worry if you simply write him a letter.,"Tu éviteras à ton père de se faire beaucoup de soucis, simplement en lui écrivant une lettre."
"Have you ever been to New York? ""Yes, I've been there a couple of times.""","« Êtes-vous déjà allé à New York ? » « Oui, j'y suis allé deux ou trois fois. »"
"After asking for my key at the front desk, I took the elevator to my floor.","Après avoir demandé ma clé à la réception, j'ai pris l'ascenseur jusqu'à mon étage."
"All of us have some interest in history. In a sense, we are all historians.","Nous avons tous de l'intérêt pour l'histoire. Dans un sens, nous sommes tous historiens."
Americans may regard shy people as less capable than those who are not shy.,Les Américains peuvent considérer les personnes timides comme moins compétentes que celles qui ne le sont pas.
"As a result of a traffic jam, he wasn't able to see her off at the station.","Du fait des embouteillages, il n'a pas pu la voir partir depuis la gare."
"As incredible as it may seem, she ordered a knuckle of ham with sauerkraut.","Aussi incroyable que ça paraisse, elle commanda en fait un jambonneau choucroute."
"As is often the case with her, she was late for the meeting this afternoon.","Comme cela est souvent le cas avec elle, elle est arrivée en retard à la réunion de cette après-midi."
"At the time, our country was confronted with serious economic difficulties.","À cette époque, notre pays était confronté à de graves problèmes économiques."
"Because of the bad weather, the plane's departure was delayed by two hours.","À cause du mauvais temps, le départ de l'avion fut retardé de deux heures."
"By the time he retires, my father will have worked for almost thirty years.","Au moment où il prendra sa retraite, mon père aura travaillé presque trente ans."
"By the time my father retires, he will have worked for almost thirty years.","Au moment où il prendra sa retraite, mon père aura travaillé presque trente ans."
Consumers need to be able to make informed choices about the food they buy.,Les consommateurs doivent pouvoir choisir en connaissance de cause la nourriture qu’ils achètent.
Do you really think you can learn to speak French fluently in three months?,Penses-tu vraiment pouvoir parler français couramment en trois mois ?
Do you really think you can learn to speak French fluently in three months?,Pensez-vous vraiment pouvoir parler français couramment en trois mois ?
Don't bother waking me up at 4:00 a.m. I don't plan to go fishing tomorrow.,Ne prends pas la peine de me réveiller à quatre heures du matin. Je ne prévois pas d'aller pêcher demain.
Don't bother waking me up at 4:00 a.m. I don't plan to go fishing tomorrow.,Ne prenez pas la peine de me réveiller à quatre heures du matin. Je ne prévois pas d'aller pêcher demain.
Encryption technology has advanced to the point where it's pretty reliable.,Les technologies de chiffrement ont avancé au point d'être plutôt fiables.
English has now become the common language of several nations in the world.,L'anglais est désormais devenu la langue commune à de nombreuses nations de la planète.
"For the first time in more than 6 years, the unemployment rate is below 6%.","Pour la première fois en plus de six ans, le taux de chômage est inférieur à six pourcents."
"Frankly speaking, I don't think you have what it takes to become a teacher.","Franchement, je ne pense pas que tu aies ce qu'il faut pour devenir enseignant."
"Frankly speaking, I don't think you have what it takes to become a teacher.","Pour parler franchement, je ne pense pas que vous ayez ce qu'il faut pour devenir enseignante."
"From my point of view, Australia is one of the best countries in the world.","Selon moi, l'Australie est l'un des meilleurs pays du monde."
He and I are such close friends that we can almost read each other's minds.,Lui et moi sommes des amis si intimes que nous pouvons presque lire dans la tête de l'autre.
"He seems like a respectable businessman, but he's really part of the Mafia.",Il paraît être un homme d'affaires respectable mais il est en réalité membre de la mafia.
He was a brave warrior who had spent most of his life fighting his enemies.,"Il fut un guerrier courageux, qui avait passé la plus grande partie de sa vie à combattre ses ennemis."
"He's a different person when he's drunk, so I don't like to drink with him.","C'est une personne différente quand il est saoul, donc je n'aime pas boire avec lui."
How many times a week do you spend time doing fun stuff with your children?,Combien de fois par semaine passes-tu du temps à faire des choses amusantes avec tes enfants ?
How many times a week do you spend time doing fun stuff with your children?,Combien de fois par semaine passez-vous du temps à faire des choses amusantes avec vos enfants ?
I discovered too late that I left out the most important part of my speech.,Je découvris trop tard que j'avais omis la partie la plus importante de mon discours.
I don't mind lending you the money provided you pay it back within a month.,Cela m'est égal de vous prêter de l'argent pourvu que vous me le rendiez avant la fin du mois.
"I know he will only continue disappointing me, but I can't help loving him.","Je sais qu'il continuera juste à me décevoir, mais je ne peux m'empêcher de l'aimer."
I know someone needs to tell Tom about Mary's death. Does it have to be me?,Je sais que quelqu'un doit le dire à Tom pour la mort de Mary. Mais est-ce que ça doit être moi ?
"I might've done well on yesterday's test, but I don't know the results yet.","J'ai peut-être bien réussi le devoir surveillé d'hier, mais je ne connais pas encore les résultats."
I think I've figured out why Tom has never learned to speak French so well.,Je pense que j'ai compris pourquoi Tom n'a jamais appris à parler vraiment bien français.
I think it's highly unlikely that I'll ever see my stolen motorcycle again.,Je pense qu'il est hautement improbable que je revoie jamais ma moto.
I think it's highly unlikely that we'll be able to escape from this prison.,Je pense qu'il est hautement improbable que nous serons en mesure de nous échapper de cette prison.
I think it's highly unlikely that we'll be able to escape from this prison.,Je pense qu'il est hautement improbable que nous puissions nous échapper de cette prison.
I think it's unlikely that the next model will be any better than this one.,Je pense qu'il est improbable que le prochain modèle soit meilleur que celui-là.
I thought it might be a good idea for us to get together and talk about it.,J'ai pensé que ça pourrait être une bonne idée pour nous de nous rassembler et d'en parler.
I thought it might be a good idea for us to get together and talk about it.,J'ai pensé que ça pourrait être une bonne idée pour nous de nous voir et d'en parler.
I thought there was a possibility that Tom was going to break the contract.,J'ai pensé qu'il était possible que Tom soit sur le point de rompre le contrat.
I was very surprised to see students cleaning their classroom after school.,J'étais très surpris de voir les étudiants nettoyer leur salle de classe après l'école.
I'd like to hear exactly how Tom managed to get that old car running again.,J'aimerais vraiment savoir comment Tom s'est débrouillé pour faire rouler cette vieille voiture de nouveau.
"I'll do my best, but I'll not be able to finish it before Thursday at best.","Je ferai de mon mieux, mais je ne pourrai pas finir avant jeudi, au mieux."
I'm afraid we can't rule out the possibility that she may have the disease.,Je crains que nous ne puissions exclure la possibilité qu'elle puisse avoir la maladie.
"I'm not an expert, so my answer to your question is just an educated guess.","Je ne suis pas un expert, alors ma réponse à votre question est juste une supposition éclairée."
"I'm not an expert, so my answer to your question is just an educated guess.","Je ne suis pas un expert, alors ma réponse à ta question est juste une supposition éclairée."
I'm pretty sure that I've left the keys to my office in my raincoat pocket.,Je crois bien que j'ai oublié mes clés de bureau dans la poche de mon imperméable.
"If he had been a little more careful, the accident would have been avoided.","S'il avait été un petit peu plus prudent, l'accident aurait été évité."
"If he had been a little more careful, the accident would have been avoided.","S'il avait été un tant soit peu plus prudent, l'accident aurait été évité."
"If you don't know anything about computers, you're really behind the times.","Si tu n'y connais rien en ordinateurs, tu es vraiment en retard."
"If you want to become thin, you should cut back on the between-meal snacks.","Si tu veux maigrir, tu devrais arrêter de grignoter entre les repas."
"If you'd prefer a room closer to the Convention Center, please let us know.","Si vous préférez une chambre plus proche du Palais des Congrès, veuillez nous en informer."
"If you're not out of the shower in five minutes, I'm cutting the hot water!","Si tu n'es pas sorti de la douche d'ici cinq minutes, je coupe l'eau chaude !"
"In addition to about 30,000 yen, the wallet contained his driver's license.","En plus d'environ 30.000 yens, son portefeuille contenait son permis de conduire."
"In the summer, the temperature ranges from thirty to forty degrees Celsius.","Pendant l'été, la température oscille entre trente et quarante degrés Celsius."
Isn't it about time you guys buried the hatchet and let bygones be bygones?,"N'est-il pas temps, les mecs, d'enterrer la hache de guerre et d'oublier le passé ?"
"It doesn't make much sense to me, but Tom has decided not to go to college.","Cela n'est pas très logique à mes yeux, mais Tom a décidé de ne pas aller à l'université."
It must be nice having someone who sticks around even when times get tough.,Ça doit être chouette d'avoir quelqu'un qui reste même lorsque les temps sont durs.
It's about time somebody did something about the high cost of medical care.,Il est temps que quelqu'un fasse quelque chose à propos du coût élevé des soins médicaux.
It's important to get the carbon-to-nitrogen ratio right in a compost heap.,Il est important d'obtenir le bon ratio carbone/azote dans un tas de compost.
It's important to have an off-site backup of all the data on your computer.,Il est important de disposer d'une sauvegarde hors-site de toutes les données de votre ordinateur.
It's possible that Tom was able to convince Mary to do his laundry for him.,C'est possible que Tom ait pu convaincre Mary de faire sa lessive pour lui.
Just give me some time. I'm sure I can figure out how to solve the problem.,Donne-moi juste du temps. Je suis sûr que je peux comprendre comment résoudre le problème.
Just give me some time. I'm sure I can figure out how to solve the problem.,Donne-moi juste du temps. Je suis sûre que je peux comprendre comment résoudre le problème.
Just give me some time. I'm sure I can figure out how to solve the problem.,Donnez-moi juste du temps. Je suis sûr que je peux comprendre comment résoudre le problème.
Just give me some time. I'm sure I can figure out how to solve the problem.,Donnez-moi juste du temps. Je suis sûre que je peux comprendre comment résoudre le problème.
Many great thinkers who were unknown while alive became famous after death.,"De nombreux grands penseurs qui étaient inconnus de leur vivant, acquirent la renommée après leur mort."
"Mary thought that Tom would ask her to the prom, but he asked someone else.","Mary pensait que Tom allait l'inviter pour le bal, mais il a invité quelqu'un d'autre."
"Now that my brother is a university student, he has to do a lot of reading.","Maintenant que mon frère est étudiant à l'université, il doit beaucoup lire."
"Outside the school, she saw people with no homes living in cardboard boxes.","À la sortie de l'école, elle a vu des sans-logis qui vivaient dans des cartons."
"Overtaxed heart, kidneys and liver are inevitable results of too much food.","Un cœur, des reins et un foie surmenés sont les conséquences inévitables d'une nourriture trop abondante."
Please remember to mail this letter on your way to school tomorrow morning.,"S'il vous plaît, n'oubliez pas de poster cette lettre sur votre chemin vers l'école demain matin."
She cried for joy when she heard that her son had survived the plane crash.,Elle pleura de joie lorsqu'elle apprit que son fils avait survécu à l'écrasement de l'avion.
She hired him as an interpreter because she had heard that he was the best.,Elle l'enrôla comme interprète car elle avait entendu dire qu'il était le meilleur.
"She owes him a lot of money, but she probably won't be able to pay it back.",Elle lui doit beaucoup d'argent mais elle ne sera probablement pas en mesure de le rembourser.
She says she has no intention of having a baby until she's in her thirties.,Elle dit qu'elle n'a pas l'intention d'avoir de bébés jusqu'à ce qu'elle soit dans sa trentaine.
"She went into the kitchen to see who was there, but there was nobody there.","Elle alla à la cuisine pour voir qui s'y trouvait, mais là, il n'y avait personne."
"Since I was sick for a week, I am making every possible effort to catch up.","Étant donné que j'ai été malade pendant une semaine, je fais tous les efforts possibles pour rattraper."
"Taking everything into consideration, the result is better than I expected.","Toutes choses égales par ailleurs, le résultat est meilleur que je ne l'espérais."
"That company hires people without regard to race, religion, or nationality.","Cette entreprise embauche des gens sans se préoccuper de race, de religion ou de nationalité."
The Prime Minister's speech was calculated to anger the opposition parties.,Le discours du Premier ministre était pensé de façon à susciter la colère des partis de l'opposition.
The Prime Minister's speech was calculated to anger the opposition parties.,Le discours du Premier ministre était conçu pour mettre en colère les partis de l'opposition.
The demon lord finally lost conciousness and fell to the floor with a thud.,Le seigneur démon perdit enfin connaissance et tomba au sol avec un bruit sourd.
The district attorney is unwilling to proceed due to insufficient evidence.,Le procureur du district est réticent à poursuivre à cause de l'insuffisance des preuves.
The doctors said he would never again be able to walk without some support.,Les médecins ont dit qu'il ne serait plus jamais capable de marcher sans assistance.
The family moved from their native Germany to Chicago around the year 1830.,La famille a quitté son Allemagne natale pour s'installer à Chicago vers 1930.
The good thing about this electronic dictionary is that it's easy to carry.,Le bon coté de ce dictionnaire électronique est qu'on peut facilement l'emporter avec soi.
The investigation concluded that the police officer had done nothing wrong.,L'enquête conclut que l'agent de police n'avait rien fait de répréhensible.
The investigation concluded that the police officer had done nothing wrong.,L'enquête a conclu que l'agent de police n'avait rien fait de répréhensible.
The local boys got into a fight with a rival group from a neighboring town.,Les garçons du coin sont entrés en dispute avec un groupe rival d'une ville voisine.
The problem with many things is the pre-conceived ideas we have about them!,Le problème avec beaucoup de choses sont les idées préconçues que nous avons à leur sujet !
"They argue a lot, but for the most part they get along quite well together.","Ils se disputent beaucoup, mais pour l'essentiel, ils s'entendent assez bien."
This condo is getting old. Why don't we redecorate to give it a fresh feel?,L'appartement se fait vieux. Pourquoi ne le redécorerions-nous pas pour en rafraîchir l'allure.
This is the unforgettable place where we met each other for the first time.,C'est le lieu inoubliable où nous nous sommes rencontrés pour la première fois.
"Tom can remember the chords to the song, but can't remember all the lyrics.","Tom arrive à se rappeler des accords de la chanson, mais n'arrive pas à se souvenir de toutes les paroles."
Tom checked to make sure all the doors were locked before he went to sleep.,Tom vérifia que toutes les portes étaient verrouillées avant d'aller dormir.
"Tom gave Mary a box of chocolates, and then ate all the chocolates himself.","Tom offrit à Marie une boîte de chocolats, puis mangea tous les chocolats lui-même."
Tom thought Mary wouldn't be able to earn more than thirty dollars an hour.,Tom pensait que Marie n'aurait pas été capable de gagner plus de trente dollars en une heure.
"Tom writes something in his diary every evening, no matter how tired he is.","Tome écrit chaque soir quelque chose dans son journal, quelle que soit sa fatigue."
"We could see the flames coming toward us, so we ran in the other direction.","Nous pouvions voir les flammes avancer vers nous, de ce fait, nous avons couru dans le sens opposé."
We shouldn't confuse solitude with isolation. They are two separate things.,On ne devrait pas confondre la solitude et l'isolement. Ce sont deux choses différentes.
"We spent all of that night, the next day, and the next night in the cellar.",Nous avons passé toute cette nuit ainsi que le lendemain et la nuit suivante dans la cave.
"We waited for the bus, but it was over 30 minutes late, so we caught a cab.","Nous avons attendu le bus, mais il avait plus de trente minutes de retard, donc nous avons pris un taxi."
"When the desire for leisure is stronger than the other urges, leisure wins.","Lorsque le désir de loisirs est plus fort les autres besoins, les loisirs gagnent."
"You speak a bit too fast for me. Could you speak a bit more slowly, please?",Vous parlez un peu trop vite pour moi. Pourriez-vous parler un peu plus lentement s'il vous plaît ?
"You'll get half the money now, and the other half on completion of the job.","Vous recevrez la moitié de l'argent maintenant, et l'autre moitié une fois le boulot accompli."
"I'm not accustomed to working day and night. ""You'll soon get used to it.""","Je ne suis pas habitué à travailler le jour et la nuit. ""Vous vous y ferez bientôt""."
"Thank you, I'd love to have another piece of cake, said the shy young man.","Merci, je reprendrais bien du gâteau, dit le jeune homme timide."
"A cargo vessel, bound for Athens, sank in the Mediterranean without a trace.","Un navire cargo, à destination d'Athènes, a sombré en Méditerranée sans laisser de trace."
A friend is someone who likes you even though he knows everything about you.,"Un ami est quelqu’un qui vous aime, même s'il sait tout de vous."
A more experienced lawyer would have dealt with the case in a different way.,Un avocat plus expérimenté aurait traité l'affaire différemment.
"After a hectic few days at work, Tom is looking forward to a change of pace.","Après quelques jours mouvementés au travail, Tom attend avec impatience un changement de rythme."
"Blind people read by touching, using a system of raised dots called Braille.","Les aveugles lisent en touchant grâce à un système de points en relief, le Braille."
Children under thirteen years of age are not admitted to this swimming pool.,Les enfants de moins de treize ans ne sont pas admis dans cette piscine.
Companies with diversified holdings tend to weather economics shocks better.,Les sociétés disposant d'actifs diversifiés tendent à mieux encaisser les chocs économiques.
Do you still think I'm the one you want to spend the rest of your life with?,Penses-tu toujours que je suis celui avec qui tu veux passer le reste de ta vie ?
Do you still think I'm the one you want to spend the rest of your life with?,Penses-tu toujours que je suis celle avec qui tu veux passer le restant de tes jours ?
Do you think the Supersonics will go all the way to the world championships?,Pensez-vous que les « Supersonics » vont se frayer un chemin jusqu'au championnat du monde ?
Don't forget to spend a little time looking over your notes before the exam.,N'oublie pas de passer un peu de temps à parcourir tes notes avant l'examen.
"Due to the reason that I described above, I arrived at a different decision.","En raison de ce que j'ai décrit plus haut, je suis parvenu à une décision différente."
"Even if you go far away, let's keep in touch with each other over the phone.","Même si tu pars loin, restons en contact par téléphone."
"Everywhere he went, he taught love, patience, and most of all, non-violence.","Partout sur son chemin il enseignait l'amour, la patience, et par-dessus tout, la non-violence."
"Faith is taking the first step, even when you don't see the whole staircase.","La foi c'est entamer la première marche, même lorsqu'on ne voit pas la totalité de l'escalier."
"From the buyer's point of view, the prices of these CD players are too high.","Du point de vue de l'acheteur, le prix de ces lecteurs de CD est trop élevé."
"Go straight down the road, and when you pass the traffic light you're there.","Descendez la rue tout droit et lorsque vous passez le feu, vous y êtes."
"He asked me whether she had given me the book, or if I had bought it myself.","Il m'a demandé si elle m'avait donné le livre, ou si je l'avais acheté moi-même."
He has been suffering from a bad cold. She is very anxious about his health.,Il est salement enrhumé. Elle se fait beaucoup de soucis quant à sa santé.
He is good at voicing the concerns others are too nervous to speak up about.,Il est bon pour exprimer les inquiétudes que les autres sont trop nerveux pour soulever.
"He just naturally avoids everything that is intense, difficult or strenuous.","Il évite bien naturellement tout ce qui est intense, difficile ou astreignant."
"Hopefully, Tom won't be as crazy as the rest of his family when he grows up.","Heureusement, Tom ne sera pas aussi fou que le reste de sa famille quand il grandira."
"I don't know if you remember me, but we met a couple of years ago in Boston.","Je ne sais pas si vous vous rappelez de moi, mais nous nous sommes rencontrés il y a quelques années à Boston."
"I don't know if you remember me, but we met a couple of years ago in Boston.","Je ne sais pas si tu te rappelles de moi, mais nous nous sommes rencontrées il y a deux ans à Boston."
I had my purse and commuter ticket stolen while I was sleeping in the train.,On m'a dérobé mon sac à main et mon billet tandis que je dormais dans le train.
I know that it is highly unlikely that we'll be able to sell all this stuff.,Je sais qu'il est hautement improbable que nous soyons en mesure de vendre tous ces trucs.
"I must have tried on everything in the shop, but nothing looked right on me.","J'ai dû essayer tous les articles du magasin, mais rien ne me va."
I ought to wear this tie more often. I've gotten a lot of compliments today.,Je devrais porter plus souvent cette cravate. J'ai eu un tas de compliments aujourd'hui.
I promise I'll pay you back the money I owe you before the end of the month.,Je promets que je te rembourserai l'argent que je te dois avant la fin du mois.
I promise I'll pay you back the money I owe you before the end of the month.,Je te promets que je te rembourserai l'argent que je te dois avant la fin du mois.
I think it's unlikely that a situation like this one would ever occur again.,Je pense qu'il est improbable qu'une telle situation se reproduise jamais.
I was asked by my uncle what I intended to be when I graduated from college.,Mon oncle me demanda ce que j'avais l'intention d'être quand je serai diplômé du collège.
"I'd like to go home now, but I have to stay here until I finish this report.","J'aimerais rentrer chez moi maintenant, mais je dois rester ici jusqu'à ce que je finisse ce rapport."
"If I had known about your illness, I could have visited you in the hospital.","Si j'avais su à propos de ta maladie, je t'aurais rendu visite à l'hôpital."
"If a man had 11 sheep and all but 9 died, how many sheep would he have left?","Si un homme avait onze moutons et que tous sauf neuf mourraient, combien de moutons lui resterait-il ?"
"If only I'd been a couple of years older, they would've let me into the bar.","Si seulement j'avais eu quelques années de plus, ils m'auraient laissé rentrer dans le bar."
"If only I'd been a couple of years older, they would've let me into the bar.","Si seulement j'avais eu quelques années de plus, ils m'auraient laissée rentrer dans le bar."
"If there's anything we can do to help, please don't hesitate to let us know.","S'il y a quoi que ce soit que nous puissions faire pour aider, n'hésitez pas à nous le faire savoir."
"If you had made more effort, you would have passed the entrance examination.","Si tu avais fait plus d'efforts, tu aurais eu ton examen d'entrée."
"If you only had one more week to live, what would you spend your time doing?","Si tu n'avais plus qu'une semaine à vivre, à quoi passerais-tu ton temps ?"
"If you only had one more week to live, what would you spend your time doing?","Si vous n'aviez plus qu'une semaine à vivre, à quoi passeriez-vous votre temps ?"
Is it worth spending time trying to help people who don't want to be helped?,Cela vaut-il le coup de passer du temps à essayer d'aider des gens qui ne veulent pas être aidés ?
"It was almost a decade ago, on May 8th, 1980, that Mount St. Helens erupted.","Il y a seulement une décennie, le 8 mai 1980, que le Mont St Helens entra en éruption."
It was really considerate of you to lend me $500 when I was in difficulties.,C'était réellement prévenant à vous de me prêter 500 dollars quand j'avais des difficultés.
It would take me too much time to explain to you why it's not going to work.,Ça me prendrait trop de temps pour t'expliquer pourquoi ça ne va pas marcher.
"It's true that today women have more rights, but before they had more power.",Les femmes ont certes aujourd'hui davantage de droits. Mais elles avaient auparavant davantage de pouvoir.
My stomach started growling right there in the meeting. It was embarrassing.,Mon estomac a commencé à grogner pendant le rendez-vous. C'était embarrassant.
"Nearly one billion people around the globe lack access to clean, safe water.",Près d'un milliard de personnes autour de la planète manque d'un accès à de l'eau propre et saine.
Never choose a vocation just because it permits the wearing of good clothes.,Ne choisissez jamais un emploi juste parce qu'il permet de porter de bons vêtements.
Primitive calculating machines existed long before computers were developed.,Il existait des machines à calculer primitives longtemps avant le développement des ordinateurs.
Scientists are debating his theory about the disappearance of the dinosaurs.,Les scientifiques débattent de sa théorie sur la disparition des dinosaures.
"She advised him to go there alone, but he didn't think that was good advice.",Elle lui recommanda d'y aller seul mais il ne pensa pas que c'était un bon conseil.
"She advised him to go there alone, but he didn't think that was good advice.",Elle lui a recommandé d'y aller seul mais il ne pensait pas que c'était un bon conseil.
She called to tell me that her husband would be out of town for the weekend.,Elle m'appela pour me dire que son mari ne serait pas en ville pour le week-end.
"She is likely to refuse to follow his advice, because she does not like him.","Il est probable qu'elle refuse de suivre ses conseils, car elle ne l'apprécie pas."
"Since the Industrial Revolution, the world population has more than tripled.","Depuis la Révolution Industrielle, la population mondiale a plus que triplé."
"Since the accident, Tom has given up hope of becoming a professional dancer.","Depuis l'accident, Tom a abandonné l'espoir de devenir un danseur professionnel."
Some children resort to suicide in order to escape from unbearable pressure.,Certains enfants ont recours au suicide afin d'échapper à une pression insupportable.
Sometimes a nod is enough to show someone that you're listening attentively.,Parfois un hochement de tête est suffisant pour montrer à quelqu'un que vous écoutez attentivement.
The Normans' conquest of England had a great effect on the English language.,La conquête normande de l'Angleterre eut beaucoup d'influence sur la langue anglaise.
The fire brigade was on the scene within five minutes of receiving the call.,Les pompiers étaient sur place moins de cinq minutes après avoir reçu l'appel.
"The girl was carrying several books, not textbooks but thick hardback books.","La fille portait plusieurs livres, pas des manuels mais d'épais livres reliés."
The machine was too complicated for us to find out the cause of the trouble.,La machine était trop compliquée pour que nous trouvions la cause du dérèglement.
The most valuable skill one can acquire is the ability to think for oneself.,La compétence la plus précieuse que l'on puisse acquérir est celle d'être capable de penser par soi-même.
The only reason Tom went to the party was that he expected Mary to be there.,La seule raison pour laquelle Tom est venu à la fête était qu'il espérait que Marie soit présente.
The president called on the people to unite in fighting poverty and disease.,Le président a appelé la population à s'unir pour combattre la pauvreté et la maladie.
"The statue of Hachiko, the faithful dog, stands in front of Shibuya Station.","La statue d'Hachiko, le chien fidèle, se dresse devant la gare de Shibuya."
The two gunshot victims are in the intensive care unit at a nearby hospital.,Les deux victimes de la fusillade se trouvent en unité de soins intensifs dans un hôpital des environs.
This old building isn't worth fixing up. It would be better to tear it down.,Ce vieil immeuble ne vaut pas la peine d'être rénové. Il serait mieux de le démolir.
"This paragraph is well written, but there is a mistake in the last sentence.","Ce paragraphe est bien écrit, mais il y a une faute dans la dernière phrase."
Tires wear down because of friction between the rubber and the road surface.,Les pneus s'usent à cause de la friction entre le caoutchouc et la route.
"To the best of my knowledge, this chemical will prevent germs from breeding.","Pour autant que je sache, ce composé chimique empêchera les germes de se multiplier."
"Tom eats mostly fruits and vegetables, and only eats meat about once a week.","Tom mange principalement des fruits et des légumes, et mange de la viande environ une fois par semaines seulement."
"Tom is still wearing his wedding ring, even though he's not married anymore.","Tom porte toujours sa bague de fiançailles, bien qu'il ne soit plus marié."
"Tom must've realized it was a rhetorical question, because he didn't answer.",Tom a dû se rendre compte que c'était une question rhétorique car il n'a pas répondu.
Tom wouldn't let me call an ambulance so I drove him to the hospital myself.,Tom a refusé que j'appelle une ambulance alors je l'ai amené à l'hôpital par moi-même.
"We're good friends now, but there was a time when we didn't like each other.","Nous sommes de bons amis maintenant, mais il fut un temps où nous ne nous aimions pas."
Whatever happened to acid rain? You don't hear about it in the news anymore.,Qu'est-il advenu des pluies acides ? On en entend plus parler dans les nouvelles.
"When applying to American universities, your TOEFL score is only one factor.","Lors de votre inscription dans les universités américaines, votre note au TOEFL n'est qu'un des facteurs pris en compte."
"When we got home last night, the others were already in bed and fast asleep.","Lorsque nous arrivâmes chez nous hier au soir, les autres étaient déjà au lit et dormaient à poings fermés."
"When your stomach is busy, digesting a big meal your brain takes a vacation.","Lorsque votre estomac est occupé à digérer un lourd repas, votre cerveau est en vacances."
Why don't you hang around a while after everyone else leaves so we can talk?,Pourquoi ne restes-tu pas un moment après que tout le monde soit parti de manière à ce que nous puissions discuter ?
Why don't you hang around a while after everyone else leaves so we can talk?,Pourquoi ne restez-vous pas un moment après que tout le monde soit parti de sorte que nous puissions discuter ?
"With all your money, you should be able to buy just about anything you want.","Avec tout ton argent, tu devrais pouvoir te payer à peu près tout ce que tu veux."
Would you like to learn to speak English like a native speaker in two weeks?,Aimeriez-vous apprendre l'anglais comme langue maternelle en deux semaines ?
You have to read between the lines to know the true intention of the author.,Il vous faut lire entre les lignes pour connaitre la véritable pensée de l'auteur.
You have to read between the lines to know the true intention of the author.,Il te faut lire entre les lignes pour connaitre la véritable pensée de l'auteur.
You should assume that we won't have enough money to buy everything we want.,Tu devrais supposer que nous n'aurons pas assez d'argent pour acheter tout ce que nous voulons.
You should have known better than to go out in the rain without an umbrella.,Tu aurais dû le savoir qu'il ne fallait pas aller sous la pluie sans parapluie.
You're the only person I know besides me who would prefer to live in a tent.,"Tu es la seule personne que je connaisse, à part moi, qui préférerais vivre dans une tente."
"How about a cup of coffee? ""I'd like to, but I have a previous engagement.""","« Un café ? » « J'aimerais bien, mais j'ai déjà un rendez-vous de prévu. »"
A person views things differently according to whether they are rich or poor.,Une personne voit les choses différemment selon qu'elle est riche ou pauvre.
"According to some scholars, a major earthquake could occur at any moment now.","D'après certains savants, un séisme majeur pourrait maintenant survenir à tout moment."
"After I graduated from college, I spent two years traveling around the world.","Après avoir été diplômé de l'Université, j'ai passé deux ans à voyager autour du monde."
"After I graduated from college, I spent two years traveling around the world.","Après avoir été diplômé de l'école, je passai deux ans à voyager autour du monde."
Are you aware you're being named in a lawsuit against the federal government?,Êtes-vous au courant que votre nom a été prononcé lors d'un procès contre le gouvernement fédéral ?
"Becoming a father isn't difficult, however, being a father is very difficult.","Devenir père n'est pas difficile, être père, en revanche, est très difficile."
Could you please reschedule the meeting at a time that is convenient for you?,"Pourriez-vous, je vous prie, re-programmer la réunion à une heure qui vous convienne ?"
Could you please reschedule the meeting at a time that is convenient for you?,"Pourrais-tu, je te prie, re-programmer la réunion à une heure qui te convienne ?"
Do not sign a delivery receipt unless it accurately lists the goods received.,Ne signez pas un bon de réception à moins qu'il ne liste précisément les marchandises réceptionnées.
"During my early teens, I was not always on the best of terms with my parents.","Au début de l'adolescence, je ne m'entendais pas toujours très bien avec mes parents."
Greater demand for high-quality coffee has helped drive coffee prices higher.,Une plus grande demande pour du café de haute qualité a contribué à tirer les prix vers le haut.
"Had they known what was about to happen, they would have changed their plans.","S'ils avaient su ce qui allait arriver, ils auraient changé leurs plans."
He can compress the most words into the smallest ideas of any man I ever met.,"De tous les hommes que j'ai rencontrés, il peut comprimer le plus de mots dans les plus petites idées."
Hikers need to carry a compass with them to find their way through the woods.,Les randonneurs doivent emporter une boussole avec eux pour trouver leur chemin à travers les bois.
His family circumstances were such that he became a teacher out of necessity.,La situation financière de sa famille était telle qu'il devint professeur par nécessité.
I don't think I'll ever sound like a native speaker no matter how much I try.,"Je ne pense pas que j'aurais jamais l'air d'un locuteur natif, aussi fort que j'essaie."
I entered the museum through the wrong gate. I should have been more careful.,J'ai pénétré dans le musée par la mauvaise porte. J'aurais dû faire plus attention.
I had to cancel that order because we didn't have enough money to pay for it.,J'ai dû annuler cette commande car nous ne disposions pas d'assez d'argent pour la payer.
I have something that belongs to you. Why don't you come over and pick it up?,J'ai quelque chose qui t'appartient. Pourquoi ne viens-tu pas ici le récupérer ?
I managed to catch the 8 o'clock train by running all the way to the station.,J'ai réussi à attraper le train de 8h en courant tout au long du chemin jusqu'à la gare.
I never for a moment imagined that I'd be able to meet so many famous people.,Je n'ai jamais imaginé un seul instant que je serais en mesure de rencontrer tant de personnalités.
I never for a moment imagined that I'd be singled out for a full body search.,Je n'ai jamais imaginé un seul instant que je serais désigné pour une fouille au corps complète.
I saw you out here by yourself and thought you might like someone to talk to.,Je vous ai vu seul ici et j'ai pensé que vous aimeriez peut-être quelqu'un à qui parler.
I saw you out here by yourself and thought you might like someone to talk to.,Je vous ai vu seule ici et j'ai pensé que vous aimeriez peut-être quelqu'un à qui parler.
I saw you out here by yourself and thought you might like someone to talk to.,Je t'ai vu seul ici et j'ai pensé que tu aimerais peut-être quelqu'un à qui parler.
I saw you out here by yourself and thought you might like someone to talk to.,Je t'ai vu seule ici et j'ai pensé que tu aimerais peut-être quelqu'un à qui parler.
"I used to use Twitter, but then found it a bit boring, so I stopped using it.","J'ai utilisé Twitter, mais j'ai ensuite trouvé ça ennuyeux alors j'ai arrêté de l'utiliser."
I want each of you to take out a piece of paper and write down what happened.,Je veux que chacun de vous prenne un morceau de papier et écrive ce qui s'est passé.
I want each of you to take out a piece of paper and write down what happened.,Je veux que chacun de vous prenne un morceau de papier et écrive ce qui s'est produit.
I want each of you to take out a piece of paper and write down what happened.,Je veux que chacun de vous prenne un morceau de papier et écrive ce qui est arrivé.
"I was unwilling to agree to the proposal, but it seemed that I had no choice.","Je ne voulais pas accepter la proposition, mais il apparut que je n'avais pas d'autres choix."
I'm beginning to realize that you don't really like me as much as I like you.,Je commence à réaliser que tu ne m'aimes pas vraiment autant que moi je t'aime.
I've heard that you can kill werewolves by shooting them with silver bullets.,J'ai entendu que l'on peut tuer les loups-garous en leur tirant dessus avec des balles en argent.
I've heard that you can kill werewolves by shooting them with silver bullets.,On m'a dit qu'on pouvait tuer les loups-garous avec des balles d'argent.
"If for some reason a man stopped thinking, that man would no longer be a man.","Si, pour une quelconque raison, un homme s'arrêtait de penser, il cesserait d'être un homme."
"If it had not been for your raincoat, I would have been drenched to the skin.","Si ce n'avait été pour votre imperméable, j'aurais été trempé jusqu'aux os."
"If there's anything at all that you don't understand, you can ask me anytime.","S'il y a quoi que ce soit que tu ne comprennes pas, tu peux me demander quand tu veux."
"If you are not satisfied with your share, I'll make it a bit more attractive.","Si tu n'es pas satisfait de ton lot, je le rendrai un peu plus attractif."
"If you are not satisfied with your share, I'll make it a bit more attractive.","Si tu n'es pas satisfait de ta part, je la rendrai un peu plus attractive."
"If you eat three square meals a day, your body will have the energy it needs.","Si tu manges trois repas complets par jour, ton corps aura l'énergie dont il a besoin."
"If you eat three square meals a day, your body will have the energy it needs.","Si vous mangez trois repas complets par jour, votre corps aura l'énergie dont il a besoin."
"If you eat three square meals a day, your body will have the energy it needs.","Si tu manges trois repas complets par jour, ton corps disposera de l'énergie dont il a besoin."
"If you eat three square meals a day, your body will have the energy it needs.","Si vous mangez trois repas complets par jour, votre corps disposera de l'énergie dont il a besoin."
"If you want something done right, sometimes you've just gotta do it yourself.","Si vous voulez que quelque chose soit fait correctement, il suffit parfois de le faire soi-même."
"If you want to master a foreign language, you must study as much as possible.","Si tu veux maîtriser une langue étrangère, il te faut étudier autant que possible."
"In the U.S., it is common for people to write a check instead of paying cash.","Aux USA, les gens rédigent couramment des chèques au lieu de payer en liquide."
It would be nice if you had a wedge of lime I could squeeze into my icewater.,Ça serait chouette si vous aviez un quartier de citron vert que je puisse presser dans mon eau glacée.
It's so hot outside that I want to spend all day in my air conditioned house.,Il fait si chaud dehors que je veux passer toute la journée dans ma maison qui a l'air conditionné.
It's so hot outside that I want to spend all day in my air conditioned house.,Il fait si chaud dehors que je veux passer toute la journée dans ma maison qui dispose de l'air conditionné.
"Last year, incomes rose for all races, all age groups, for men and for women.","L'année dernière, les revenus ont augmenté pour toutes les races, tous les groupes d'âge, pour les hommes et pour les femmes."
Millions of people across the world are mourning the death of Nelson Mandela.,Des millions de gens du monde entier pleurent la disparition de Nelson Mandela.
My bonus doesn't come close to covering all the loan payments I have to make.,Mon bonus ne permet même pas de couvrir tous les paiements d'emprunts que je dois effectuer.
My father believed that anyone who could not make a living in Japan was lazy.,Mon père pensait que celui qui ne pouvait gagner sa vie au Japon était un paresseux.
My friend has had three jobs in a year; he never sticks to anything for long.,Mon ami a eu trois emplois en un an ; il ne s'accroche jamais à quoi que ce soit très longtemps.
My grandfather on my mother's side is celebrating his 60th birthday tomorrow.,Mon grand-père maternel fête son soixantième anniversaire demain.
"No matter how hard you may study, you cannot master English in a year or two.","Tu auras beau étudier de toutes tes forces, tu n'arriveras pas à maîtriser l'anglais en un an ou deux."
"No matter how hard you may study, you cannot master English in a year or two.","Vous aurez beau étudier de toutes vos forces, vous n'arriverez pas à maîtriser l'anglais en un an ou deux."
"Of course, recognizing our common humanity is only the beginning of our task.","Bien sûr, reconnaître notre humanité commune est seulement le commencement de notre tâche."
People look at things differently depending on whether they are rich or poor.,Les gens voient les choses différemment selon qu'ils sont riches ou pauvres.
"Schools are expected to meet the needs of every child, regardless of ability.","Les écoles sont censées répondre aux besoins de tout enfant, peu importent ses capacités."
"Should you require further information, please do not hesitate to contact me.","Au cas où vous auriez besoin de plus d'information, veuillez ne pas hésiter à me contacter."
Somebody told me that today's test was identical to the one we had last year.,Quelqu'un m'a dit que le devoir surveillé d'aujourd'hui était identique à celui de l'année dernière.
That accident is a very good example of what happens when you're not careful.,Cet accident est un très bon exemple de ce qui arrive si on n'est pas prudent.
That accident is a very good example of what happens when you're not careful.,Cet accident est très bon exemple de ce qui arrive lorsque l'on n'est pas prudent.
The Royal Shakespeare Company is presenting The Merchant of Venice next week.,La Royal Shakespeare Company donne une représentation du Marchand de Venise la semaine prochaine.
The flowers don't look well. I'd like to water them. Is there a watering can?,Les fleurs n'ont pas l'air bien. Je voudrais les arroser. Est-ce qu'il y a un arrosoir ?
The heat turns off automatically when the room reaches a certain temperature.,Le chauffage s'éteint automatiquement quand la pièce atteint une certaine température.
The most important thing in the Olympic Games is not winning but taking part.,La chose la plus importante aux Jeux Olympiques n'est pas de gagner mais d'y prendre part.
The population of London is much greater than that of any other British city.,La population de Londres est beaucoup plus importante que celle de toute autre ville britannique.
There is an urgent need for a more effective method of treating this disease.,On a un besoin urgent d'une méthode plus efficace pour traiter cette maladie.
There was a suggestion that the general meeting should take place in October.,Il y a eu une proposition selon laquelle l'assemblée générale devrait être tenue en octobre.
"This book is written in simple English, so it should be easy for you to read.","Ce livre est écrit en anglais simple, il devrait être facile à lire."
This is what is called a 'present' in some countries and 'bribery' in others.,"C'est ce qu'on appelle un ""cadeau"" dans certains pays et ""un pot-de-vin"" dans d'autres."
Three out of four Americans believe in the existence of paranormal phenomena.,Trois Étasuniens sur quatre croient en l'existence de phénomènes paranormaux.
"Through his own efforts and a bit of luck, he won first prize in the contest.","Par ses propres efforts et un peu de chance, il gagna le premier prix du concours."
"Tickets are valid for just two days, including the day they are purchased on.","Les tickets sont valables seulement deux jours, inclus le jour de l'achat."
"Tickets are valid for just two days, including the day they are purchased on.","Les tickets ne sont valables que deux jours, en comptant le jour où ils sont achetés."
"Tom doesn't think it'll rain, but he plans to carry an umbrella just in case.","Tom ne pense pas qu'il va pleuvoir, mais il a l'intention de prendre un parapluie au cas où."
"Tom said Mary was tempted to eat the last piece of cake, but left it for him.",Tom a dit que Mary fut tentée de manger la dernière part de gâteau mais qu'elle la lui a laissé.
Tom said that he wanted to be alone and then he went upstairs to his bedroom.,"Tom a dit qu'il voulait être seul, et il est monté dans sa chambre ensuite."
Tom was wearing an orange jumpsuit and his hands were cuffed in front of him.,Tom portait une combinaison orange et ses mains étaient menottées devant lui.
"Tom won't be able to do it by himself, so we need to ask someone to help him.","Tom ne sera pas capable de le faire de lui-même, nous devons donc demander à quelqu'un de l'aider."
"Tom, Mary, John and Alice all went to the park to play on the merry-go-round.","Tom, Mary, John et Alice se rendirent tous au parc pour monter sur le manège."
Washing your hands regularly is a good way to prevent catching some diseases.,Se laver les mains régulièrement est un bon moyen de se prémunir de contracter certaines maladies.
"We are good friends now, but there was a time when we didn't like each other.","Nous sommes de bons amis maintenant, mais il fut un temps où nous ne nous aimions pas."
We keep having the same old problem of people not paying their bills on time.,Nous continuons à avoir le sempiternel problème des gens qui ne paient pas leurs factures à temps.
What happened to that friend of yours that you introduced me to last weekend?,Qu'est-il arrivé à cet ami à toi auquel tu m'as présenté le week-end dernier ?
What happened to that friend of yours that you introduced me to last weekend?,Qu'est-il advenu de cet ami à vous auquel vous m'avez présentée le week-end dernier ?
What they said to you is exactly the opposite of what they told me yesterday.,Ce qu'ils t'ont dit est exactement le contraire de ce qu'ils m'ont dit hier.
Why is it so hard for people to understand that I just want to be left alone?,Pourquoi les autres ont-il autant de mal à comprendre mon besoin d'être tout seul?
Would you please stop pacing around like that and just sit down for a second?,"Voudrais-tu, s'il te plaît, arrêter de faire ainsi les cent pas et juste t'asseoir une seconde ?"
Would you please stop pacing around like that and just sit down for a second?,"Voudrais-tu arrêter de faire ainsi les cent pas et juste t'asseoir une seconde, je te prie ?"
Would you please stop pacing around like that and just sit down for a second?,"Voudriez-vous arrêter de faire ainsi les cent pas et juste vous asseoir une seconde, je vous prie ?"
You need to stop complaining all the time about things that can't be changed.,Tu devrais arrêter de te plaindre sans cesse sur les choses qui ne peuvent être changées.
You're the only person I know besides me who really understands this problem.,Vous êtes la seule personne que je connaisse à part moi qui comprenne réellement ce problème.
An army of sheep led by a lion is better than an army of lions led by a sheep.,Une armée de moutons menée par un lion vaut mieux qu'une armée de lions menée par un mouton.
"As F. Scott Fitzgerald famously noted, the rich are different from you and me.","Comme l'avait noté Scott Fitzgerald, les riches sont différents de vous et moi."
"As a rule of thumb, you should plan on one pound of beef for every two guests.","À grosse maille, vous devriez prévoir une livre de bœuf pour deux invités."
"Because her parents got divorced, the girl had little contact with her father.","À cause du divorce de ses parents, la fille n'avait que peu de contacts avec son père."
"Because of the poor harvest, wheat prices have gone up in the last six months.","Du fait de la mauvaise récolte, les prix du blé ont grimpé dans les derniers six mois."
"Cucumbers, spinach, broccoli and onions are considered non-starchy vegetables.","Les concombres, épinards, brocolis et oignons sont considérés comme des légumes sans amidon."
He had been working in the factory for three years when the accident occurred.,Cela faisait trois ans qu'il travaillait dans l'usine lorsque l'accident s'est produit.
He made it known to his friends that he was unwilling to run for the election.,Il fit savoir à ses amis qu'il n'avait pas l'intention d'être candidat.
His speech went on for such a long time that some people began to fall asleep.,Son discours était si long que des gens ont commencé à s'endormir.
"I can help you chart the course, but you have to make the journey on your own.",Je peux vous aider à tracer la carte mais vous devez accomplir le périple par vous-même.
I can't figure out how to transfer MP3 files from my iPod back to my computer.,Je n'arrive pas à comprendre comment re-transférer mes fichiers MP3 depuis mon iPod vers mon ordinateur.
I can’t wait for the pond to freeze so that I can ice skate with my cousins.,J’ai hâte que l’étang gèle pour que je puisse patiner avec mes cousins.
"I don't play the clarinet very well, but I'm pretty good at playing the flute.","Je ne joue pas très bien de la clarinette, mais je suis plutôt bon à la flûte."
"I don't think that it'll rain, but I'll take an umbrella just in case it does.","Je ne pense pas qu'il va pleuvoir, mais je vais prendre un parapluie avec moi, juste au cas où."
I remember when we used to never eat vegetables that we didn't grow ourselves.,Je me rappelle quand nous ne mangions jamais de légumes que nous n'avions pas cultivés nous-mêmes.
I want to apologize to you for calling you a jerk in front of your girlfriend.,Je veux vous présenter mes excuses pour vous avoir traité de pauvre type devant votre petite amie.
I want to apologize to you for calling you a jerk in front of your girlfriend.,Je veux te présenter mes excuses pour t'avoir traité de pauvre type devant ta petite amie.
"I was the last one to start in the race, but I soon caught up with the others.","J'étais le dernier à démarrer dans la course, mais j'ai bientôt rattrapé les autres."
"I'll let you off this time, but I don't ever want to catch you stealing again.","Je te laisse filer pour cette fois, mais je ne veux plus jamais t'attraper en train de voler."
I'm sorry that I haven't been able to be here for you like I should have been.,"Je suis désolé d'avoir été dans l'incapacité d'être là pour toi, comme j'aurais dû l'être."
I'm sorry that I haven't been able to be here for you like I should have been.,"Je suis désolée d'avoir été dans l'incapacité d'être là pour toi, comme j'aurais dû l'être."
I'm sorry that I haven't been able to be here for you like I should have been.,"Je suis désolé d'avoir été dans l'incapacité d'être là pour vous, comme j'aurais dû l'être."
I'm sorry that I haven't been able to be here for you like I should have been.,"Je suis désolée d'avoir été dans l'incapacité d'être là pour vous, comme j'aurais dû l'être."
"I'm the type who gets nervous in front of people, so I'm bad at speech making.","Je suis du genre à devenir nerveux devant un public, donc je ne suis pas bon pour faire des discours."
I've had a scratchy throat since this morning. I wonder if I've caught a cold.,J'ai la gorge qui me gratte depuis ce matin. Je me demande si j'ai attrapé un coup de froid.
"If I'd taken time to brush my teeth after breakfast, I would've missed my bus.","Si j'avais pris le temps de me brosser les dents après le petit-déjeuner, j'aurais raté mon bus."
"If Tom had been wearing his seat belt, he wouldn't have been injured so badly.","Si Tom avait mis sa ceinture de sécurité, il n'aurait pas été si grièvement blessé."
"If you eat a light lunch, you're likely to avoid a mid-afternoon energy slump.","Si tu manges un déjeuner léger, tu éviteras probablement une baisse d'énergie en milieu d'après-midi."
"If you eat a light lunch, you're likely to avoid a mid-afternoon energy slump.","Si vous mangez un déjeuner léger, vous éviterez probablement une baisse d'énergie en milieu d'après-midi."
"If you want to get elected, you're going to have to improve your public image.","Si tu veux être élu, tu vas devoir soigner ton image."
"In my opinion, a well-designed website shouldn't require horizontal scrolling.","Selon mon opinion, un site web bien conçu ne devrait pas requérir de défilement horizontal."
"In the automotive industry of the 1970's, Japan beat the U.S. at its own game.","Dans l'industrie automobile des années soixante-dix, le Japon a battu les États-Unis d'Amérique à son propre jeu."
"In this course, we'll spend time helping you sound more like a native speaker.","Dans ce cours, nous consacrerons du temps à vous aider à vous exprimer en ayant plus l'air d'un locuteur natif."
Laser printers are generally less expensive to maintain than ink jet printers.,Les imprimantes laser sont généralement moins chères à entretenir que les imprimantes à jet d'encre.
No sooner had she caught sight of me than she started running in my direction.,À peine m'avait-elle aperçu qu'elle commença à courir dans ma direction.
Other scientists are debating his theory about the disappearance of dinosaurs.,D'autres scientifiques débattent de sa théorie à propos de la disparition des dinosaures.
People often refer to themselves in the third person when talking to children.,Les gens parlent souvent d'eux-mêmes à la troisième personne lorsqu'ils parlent aux enfants.
Please boil the eggs just a little so that even the whites are not quite hard.,"Veuillez faire bouillir juste un peu les œufs, de manière à ce que même les blancs ne soient pas tout à fait durs."
Some parents complained about the nude pictures in their children's textbooks.,Certains parents se plaignirent à propos des photos de nus dans les livres de cours de leurs enfants.
That's the only residential building in Boston that's been torn down recently.,C'est le seul immeuble d'habitation à Boston qui a été démoli récemment.
The ambulance went out of control and came close to running over a pedestrian.,L'ambulance a perdu le contrôle et a failli écraser un piéton.
They say that girls spend more time worrying about how they look than boys do.,On dit que les filles passent plus de temps à se préoccuper de leur apparence que les garçons.
"Tom knew deep down that it was all his fault, but he wasn't about to admit it.","Au fond, Tom savait que c'était de sa faute, mais il n'était pas prêt de le reconnaître."
Tom made a promise to himself that he would never make the same mistake again.,Tom s'est promis de ne plus jamais faire la même erreur.
Tom made a promise to himself that he would never make the same mistake again.,Tom s'est promis qu'il ne ferait plus jamais la même erreur.
"Tom never admits that he's wrong, because he thinks that's a sign of weakness.","Tom n'admet jamais qu'il a tort, parce qu'il pense que c'est un signe de faiblesse."
Would you please send me details of your products via e-mail as an attachment?,"S'il vous plaît, pourriez-vous m'envoyer les détails de vos produits en pièce jointe d'un courrier électronique ?"
"You could at least try to be a bit more polite, even though it's not like you.","Tu pourrais au moins essayer d'être un peu plus poli, même si ce n'est pas dans ta nature."
"You could at least try to be a bit more polite, even though it's not like you.","Vous pourriez au moins tâcher d'être un peu plus poli, même si ça ne vous ressemble pas."
"You may not agree with him, but at least he stands up for what he believes in.","Peut-être n'êtes-vous pas d'accord avec lui mais, au moins, il défend ce à quoi il croit."
"You may not agree with him, but at least he stands up for what he believes in.","Peut-être n'es-tu pas d'accord avec lui mais, au moins, il défend ce à quoi il croit."
You say you want to go to Boston? Why in the world would you want to go there?,Tu dis que tu veux aller à Boston ? Pourquoi mon Dieu veux-tu y aller ?
"A man with a watch knows what time it is, a man with two watches is never sure.","Un homme avec une montre sait quelle heure il est, un homme avec deux montres n'en est jamais sûr."
A passport is something you cannot do without when you go to a foreign country.,Un passeport est quelque chose d'indispensable quand on va dans un pays étranger.
"According to the weather forecast, the typhoon is likely to approach the coast.","Selon les prévisions météorologiques, le typhon s'approche probablement de la côte."
"As for me, I am not satisfied with the result of the examination the other day.","En ce qui me concerne, je ne suis guère satisfait du résultat du test de l'autre jour."
"By the way, did you have any spare time to go sightseeing while you were there?","Au fait, as-tu disposé du moindre temps restant pour aller visiter tandis que tu te trouvais là-bas ?"
"By the way, did you have any spare time to go sightseeing while you were there?","Au fait, avez-vous disposé du moindre temps restant pour aller visiter tandis que vous vous trouviez là-bas ?"
Charles Lindbergh made the first solo flight across the Atlantic Ocean in 1927.,Charles Lindbergh a effectué la première traversée en solitaire de l'océan Atlantique en 1927.
Do you spend most of your time worrying about things that don't matter so much?,Passez-vous la plupart de votre temps à vous soucier de choses qui n'ont pas tant d'importance ?
Do you spend most of your time worrying about things that don't matter so much?,Passes-tu la plupart de ton temps à te soucier de choses qui n'ont pas tant d'importance ?
"Even after twelve months, Tom can't accept that it's over between him and Mary.","Même après douze mois, Tom ne peut pas admettre que c'est fini entre lui et Marie."
"Given her interest in children, I am sure teaching is the right career for her.","Compte tenu de son intérêt pour les enfants, je suis certain que l'enseignement est la carrière idéale pour elle."
He argues that the administration must look for alternative sources of revenue.,Il soutient que l'administration doit proposer d'autres sources de revenus.
"He stayed in his hotel most of the next day, talking to friends and supporters.",Le lendemain il est surtout resté à l'hôtel et a parlé à des amis et sympathisants.
"I can't see what the two of them are doing, but they are making a lot of noise.","Je ne vois pas ce qu'ils font tous les deux, mais ils font beaucoup de bruit."
"I don't have a lot of work, but it's enough to keep me in the office this week.","Je n'ai pas beaucoup de travail, mais c'est assez pour me garder au bureau cette semaine."
I don't like sand. It's coarse and rough and irritating and it gets everywhere.,"Je n'aime pas le sable. C'est grossier, rugueux, irritant et ça se colle partout."
I don't like sand. It's coarse and rough and irritating and it gets everywhere.,"Je n'aime pas le sable. C'est grossier, rugueux, irritant et ça se met partout."
I don't like sand. It's coarse and rough and irritating and it gets everywhere.,"Je n'aime pas le sable. C'est grossier, rugueux, irritant et ça se fourre partout."
"I don't object to your going out to work, but who will look after the children?","Je ne m'oppose pas à ce que tu ailles travailler à l'extérieur, mais qui s'occupera des enfants ?"
"I don't think that it'll rain, but I'll take an umbrella with me, just in case.","Je ne pense pas qu'il va pleuvoir, mais je vais prendre un parapluie avec moi, juste au cas où."
I don't think that we're going to be able to catch the train you want to catch.,Je ne pense pas qu'on va pouvoir attraper le train que tu veux attraper.
I don't think that we're going to be able to catch the train you want to catch.,Je ne pense pas que nous allons pouvoir attraper le train que vous souhaitez attraper.
I don't think we're going to be able to catch the train that you want to catch.,Je ne pense pas qu'on va pouvoir attraper le train que tu veux attraper.
I don't think we're going to be able to catch the train that you want to catch.,Je ne pense pas que nous allons pouvoir attraper le train que vous souhaitez attraper.
I got it through my head that my parent's strict rules were for my own benefit.,Je me suis convaincu que les règles strictes de mes parents étaient pour mon propre bien.
I have a bottle of very good wine that I've been saving for a special occasion.,J'ai une bouteille de très bon vin que je garde pour une occasion spéciale.
I have been taking ballet lessons since I was three and hope to be a ballerina.,Je prends des leçons de ballet depuis l'âge de trois ans et j'espère devenir une ballerine.
"I intended to go straight back home, but I sort of wandered inside a bookstore.","J'avais l'intention de me rendre directement à la maison, mais j'ai plus ou moins erré dans une librairie."
I just don't understand what goes through the minds of people who troll forums.,Je n'arrive pas à comprendre les raisons qui poussent certaines personnes à parasiter les forums.
I like pigs. Dogs look up to us. Cats look down on us. Pigs treat us as equals.,J'aime les cochons. Les chiens nous admirent d'en bas. Les chats nous regardent de haut. Les cochons nous traitent en égaux.
"I like this picture, not because it is a masterpiece, but because it has charm.","J'aime cette peinture, non pas parce que c'est un chef-d'œuvre mais parce qu'elle a du charme."
I realize the effort you have put into this project and I really appreciate it.,Je prends conscience des efforts que vous avez consentis pour ce projet et je l'apprécie vraiment.
I realized that I didn't want to spend any more time dealing with that problem.,J'ai pris conscience que je ne voulais plus passer davantage de temps à traiter ce problème.
I realized that I didn't want to spend any more time dealing with that problem.,Je pris conscience que je ne voulais plus passer le moindre temps supplémentaire à traiter ce problème.
"I remember it as if it were yesterday, but in reality it was fifteen years ago.","Je m'en souviens comme si c'était hier mais en réalité, c'était il y a quinze ans."
"I returned the books I borrowed from the library, and I borrowed some new ones.",J'ai ramené les livres que j'avais empruntés à la bibliothèque et j'en ai emprunté des nouveaux.
I think someone stole all these things and planted them to make me look guilty.,Je pense que quelqu'un a volé toutes ces choses et les a placées là pour me faire accuser.
I think what impressed me most was the way Tom could talk to just about anyone.,"Je pense que ce qui m'a le plus impressionné, c'est la façon dont Tom pouvait parler à n'importe qui."
"I tried to do my homework, but I didn't really know how to do it, so I gave up.","J'ai essayé de faire mes devoirs, mais je ne savais pas vraiment comment faire, alors j'ai abandonné."
I want to be able to walk down this street without worrying about getting shot.,Je veux être en mesure de descendre à pied cette rue sans craindre de me faire tirer dessus.
I wish I could take back all those terrible things I said about you last night.,J'aimerais pouvoir retirer toutes ces choses terribles que j'ai dites sur vous hier soir.
I'm calling to see if you'd be interested in going to Boston with me next week.,Je t'appelle pour voir si tu serais intéressé d'aller à Boston avec moi la semaine prochaine.
"If you forget to take your pills for one day, take two pills the following day.","Si vous oubliez un jour de prendre votre pilule, prenez-en deux le jour suivant."
"If you forget to take your pills for one day, take two pills the following day.","Si tu oublies un jour de prendre ta pilule, prends-en deux le jour suivant."
Improved medical technology has been one of the spin-offs of the space program.,L'amélioration de la technologie médicale a été une des conséquences du programme spatial.
It doesn't matter whether the cat is black or white as long as it catches mice.,"Ça n'a pas d'importance si le chat est noir ou blanc, pour autant qu'il attrape des souris."
It is always difficult for a son to live up to the expectations of his parents.,Il est toujours difficile à un fils de satisfaire les espoirs de ses parents.
"It seems like yesterday, but it's actually nearly ten years since we first met.","J'ai l'impression que c'était hier, mais en fait, nous nous sommes rencontrés il y a presque 10 ans."
"It'll take some time, but I think I'll be able to learn how to play the guitar.","Ça prendra un peu de temps, mais je pense que je serai capable d'apprendre à jouer de la guitare."
Many people don't know that antibiotics are ineffective against viral diseases.,Beaucoup de gens ne savent pas que les antibiotiques sont inefficaces contre les maladies virales.
Oh my gosh! You're the last person I expected to meet in a situation like this.,Mon Dieu ! Tu es la dernière personne que je m'attendais à voir dans une telle situation.
"On behalf of the company, I would like to express our hearty thanks to you all.","Au nom de la société, je vous remercie tous chaleureusement."
Publication of the article was timed to coincide with the professor's birthday.,La publication de l'article a été programmée pour coïncider avec l'anniversaire du professeur.
She got the money from him even though he said that he wouldn't give it to her.,Elle a réussi à avoir l'argent par lui alors qu'il avait dit qu'il ne lui donnerait pas.
She got the money from him even though he said that he wouldn't give it to her.,Elle a réussi à obtenir l'argent de lui alors qu'il a dit qu'il ne lui donnerait pas.
"She sold all of her furniture, so she could afford to feed herself and her dog.",Elle vendit tout son mobilier de manière à être en mesure de se nourrir elle et son chien.
"She sold all of her furniture, so she could afford to feed herself and her dog.",Elle a vendu tout son mobilier de manière à être en mesure de se nourrir elle et son chien.
She was always trying to provoke me into saying something I would regret later.,Elle essayait constamment de m'inciter à dire quelque chose que je regretterais plus tard.
"Since you don't have anything to do, why not come fishing with me this weekend?","Puisque tu n'as rien à faire, pourquoi ne viendrais-tu pas à la pêche avec moi cette fin de semaine ?"
Spending time with your significant other should be high on your priority list.,Passer du temps avec votre bien-aimé devrait être en tête de votre liste de priorités.
Spending time with your significant other should be high on your priority list.,Passer du temps avec votre bien-aimée devrait être en tête de votre liste de priorités.
Spending time with your significant other should be high on your priority list.,Passer du temps avec ton bien-aimé devrait être en tête de ta liste de priorités.
Spending time with your significant other should be high on your priority list.,Passer du temps avec ta bien-aimée devrait être en tête de ta liste de priorités.
Spending time with your significant other should be high on your priority list.,Passer du temps avec votre bien-aimé devrait être en tête de la liste de vos priorités.
Spending time with your significant other should be high on your priority list.,Passer du temps avec ton bien-aimé devrait être en tête de la liste de tes priorités.
Spending time with your significant other should be high on your priority list.,Passer du temps avec ta bien-aimée devrait être en tête de la liste de tes priorités.
Spending time with your significant other should be high on your priority list.,Passer du temps avec votre bien-aimée devrait être en tête de la liste de vos priorités.
Suppressing one's romantic feelings is not the same as having no such feelings.,Réprimer ses sentiments romantiques n'est pas la même chose que de ne pas avoir de tels sentiments.
"The little girl, deeply moved by the old man's pitiful story, burst into tears.","La petite fille, profondément émue par la triste histoire du vieil homme, fondit en larmes."
The removal of the load-bearing beam compromised the structure of the building.,Le retrait de la poutre porteuse a fragilisé la structure du bâtiment.
The stock market crash of October 1987 in New York is still vividly remembered.,Le crash du marché boursier de New-York d'octobre 1987 est toujours bien vivant dans les mémoires.
"The whole company stood in silence for a few moments, as a tribute to the dead.",Toute l'entreprise a gardé le silence pendant un moment en hommage aux morts.
There are only five minutes left till the train leaves and she hasn't appeared.,Il ne reste que cinq minutes avant que le train ne parte et elle ne s'est pas montrée.
There is no comparison between the taste of a fresh apricot and one from a can.,Il n'y a aucune comparaison possible entre le goût d'un abricot frais et celui d'un abricot de boîte de conserve.
Those birds build their nests in the summer and fly to the south in the winter.,"Cette race d'oiseau construit son nid en été, et migre vers le sud à l'approche de l'hiver."
Those who use forks or chopsticks often think people who don't are uncivilized.,Ceux qui utilisent des fourchettes ou des baguettes pensent souvent que les gens qui ne le font pas ne sont pas civilisés.
"Tickets are $30, parking is free and children under ten receive free admission.","Les tickets sont à 30 dollars, le stationnement est gratuit et les enfants sont admis gratuitement."
Tom and Mary went to a fancy restaurant to celebrate their wedding anniversary.,Tom et Mary sont allés dans un restaurant chic pour célébrer leur anniversaire de mariage.
Tom converted about half of his yen into dollars and the other half into euros.,Tom a changé à peu près la moitié de ses yens en dollars et l'autre moitié en euros.
"Tom thought that Mary wanted him to kiss her, but he wasn't sure, so he didn't.","Tom pensait que Mary voulait qu'il l'embrasse, mais il n'était pas sûr, donc il ne l'a pas fait."
"Tom wanted to ask Mary how old she was, but he thought that maybe he shouldn't.","Tom voulait demander son âge à Mary, mais il a pensé qu'il devrait peut-être ne pas le faire."
Tom was horrified when he noticed that his daughter had had her tongue pierced.,Tom fut horrifié lorsqu'il se rendit compte que sa fille s'était fait faire un piercing dans la langue.
We don't have enough time to burn all these documents before the police arrive.,On n'a pas le temps de brûler tous ces documents avant que la police arrive.
We found one large footprint and a couple of different size smaller footprints.,"Nous trouvâmes une grande empreinte de pas et quelques unes plus petites, de différentes tailles."
We found one large footprint and a couple of different size smaller footprints.,"Nous avons trouvé une grande empreinte de pas et quelques unes plus petites, de différentes tailles."
"When my wife's friend comes to visit, I find it hard to get a word in edgeways.","Lorsque l'amie de ma femme vient lui rendre visite, j'ai du mal à en placer une."
"Which would you rather do, stay at home and watch TV or go out and see a movie?","Que préféreriez-vous faire, rester à regarder la télévision à la maison, ou sortir au cinéma ?"
"Without a moment's hesitation, they took drastic action against the conspiracy.","Sans un instant d'hésitation, ils prirent des mesures draconiennes contre la conspiration."
You had better read your teacher's comments on your compositions one more time.,Vous feriez mieux de relire les commentaires de votre professeur sur votre devoir.
"You might think I'm too old for you, but I don't think you're too young for me.","Vous pensez peut-être que je suis trop vieux pour vous, mais je ne pense pas que vous êtes trop jeune pour moi."
"You might think I'm too old for you, but I don't think you're too young for me.","Tu penses peut-être que je suis trop vieux pour toi, mais je ne pense pas que tu es trop jeune pour moi."
You'll never get ahead in this place unless you go through the proper channels.,Vous ne progresserez jamais à ce poste à moins de passer par les canaux appropriés.
You're speaking a little too fast for me. Would you speak a little more slowly?,Vous parlez un peu trop vite pour moi. Voudriez-vous parler un peu plus lentement ?
"Just go in and tell the boss you want a raise. ""That's easier said than done.""",«Entre seulement et dis au patron que tu veux une augmentation.» «Plus facile à dire qu'à faire.»
A good lawyer would leave no stone unturned in his efforts to defend his client.,Un bon avocat remuerait ciel et terre pour défendre son client.
All you had to do was ask and I would have lent you as much money as you needed.,Tout ce que tu avais à faire était de demander et je t'aurais prêté autant d'argent que tu en avais besoin.
Anything you could do in support of their effort would be very much appreciated.,Tout ce que vous pourriez faire à l'appui de leur effort serait très apprécié.
"As soon as the new teacher entered the classroom, the students began to applaud.","Sitôt le nouveau professeur entré dans la classe, les étudiants commencèrent à s'agiter."
Car accidents are the leading cause of death for teenagers in the United States.,Les accidents de voiture sont la cause principale de décès pour les adolescents aux États-Unis d'Amérique.
Do you think that any really smart person is inherently interested in languages?,Pensez-vous que n'importe quelle personne intelligente soit en soi intéressée par les langues ?
Do you think that any really smart person is inherently interested in languages?,Penses-tu que n'importe quelle personne intelligente soit en soi intéressée par les langues ?
"Having finished all her housework, she sat down on the sofa to watch television.","Après avoir fini le ménage, elle s'assit sur le canapé et regarda la télévision."
He believed that blacks could win their fight for equal rights without violence.,Il croyait que les noirs pouvaient gagner leur combat pour l'égalité des droits sans avoir recours à la violence.
"He says that he saw nothing. However, I don't believe what he says is the truth.","Il dit qu'il n'a rien vu. Cependant, je ne crois pas que ce qu'il dit est la vérité."
He soon grows tired of a thing regardless of how much he liked it to begin with.,"Il se fatigue vite d'une chose, indépendamment de l'intensité avec laquelle il l'aimait pour commencer."
How much time and energy do you spend on projects that don't make you any money?,Combien de temps et d'énergie consacres-tu à des projets qui ne te rapportent aucun argent ?
How much time and energy do you spend on projects that don't make you any money?,Combien de temps et d'énergie consacrez-vous à des projets qui ne vous rapportent aucun argent ?
"I admit he's smart, but does he have to talk over everyone's heads all the time?","Je reconnais qu'il est intelligent, mais doit-il convaincre tout le monde en permanence ?"
I asked Tom how much he thought it would cost to get someone to paint our house.,J'ai demandé à Tom combien il pensait que ça coûterait de trouver quelqu'un pour peindre notre maison.
I discouraged him from going swimming since it looked like it was going to rain.,Je l'ai découragé d'aller nager car on aurait dit qu'il allait pleuvoir.
I hope you know the last thing I want to do is go there without your permission.,J'espère que tu sais que la dernière chose que je veuille faire est de m'y rendre sans ta permission.
I hope you know the last thing I want to do is go there without your permission.,J'espère que vous savez que la dernière chose que je veuille faire est de m'y rendre sans votre permission.
"I tried Buddhist meditation once, but I fell asleep halfway through the session.","J'ai essayé une fois la méditation bouddhiste, mais je me suis endormi au milieu de la séance."
"I'd like to buy the car you're selling, but I don't have enough money right now.","J'aimerais acheter la voiture que vous vendez, mais je n'ai actuellement pas assez d'argent."
"I'd love to be able to spend more time with you, but I have to get back to work.","J'adorerais pouvoir passer plus de temps avec vous, mais je dois retourner au travail."
I've heard that it is best to always feed your dog at a specific time every day.,J'ai entendu dire qu'il serait mieux de nourrir son chien tous les jours à la même heure.
If he is in middle circumstances his clothes will be chosen chiefly for comfort.,"S'il se trouve en situation intermédiaire, il choisira ses vêtements principalement pour leur confort."
"If my house were a mansion, I would invite everyone I know to my birthday party.","Si ma maison était un grand appartement, j'inviterais tous ceux que je connais à mon anniversaire."
"If students today had more free time, they might show more interest in politics.","Si les étudiants avaient plus de temps libre de nos jours, ils se montreraient peut-être plus intéressés par la politique."
"If your schedule permits, let's tentatively plan on meeting tomorrow at 2:00 pm.","Si votre emploi du temps le permet, fixons la réunion à demain, 14 heures."
"In the winter, I like to stay at home near the fire and listen to the wind blow.","En hiver, j'aime rester à la maison, près du feu, et écouter le souffle du vent."
It isn't a question of what I want. It's a question of what's best for everyone.,Ce n'est pas une question de savoir ce que je veux. C'est une question de savoir ce qui est mieux pour tout le monde.
It isn't a question of what I want. It's a question of what's best for everyone.,Ce n'est pas une question de ce que je veux. C'est une question de ce qui est mieux pour tout le monde.
It will be a great pleasure for me to translate the story and to read it to you.,Ce me sera un grand plaisir de traduire cette histoire et de vous la lire.
It will be a great pleasure for me to translate the story and to read it to you.,Ce me sera un grand plaisir de traduire cette histoire et de te la lire.
It's not a question of what I want. It's a question of what's best for everyone.,Ce n'est pas une question de savoir ce que je veux. C'est une question de savoir ce qui est mieux pour tout le monde.
It's not a question of what I want. It's a question of what's best for everyone.,Ce n'est pas une question de ce que je veux. C'est une question de ce qui est mieux pour tout le monde.
"Last night there was still snow on the ground, but this morning it's all melted.","Hier soir, il y avait encore de la neige sur le sol mais ce matin, elle est toute fondue."
My band will perform this week at Chuck's Bar and Grill. Please come and see us.,Mon groupe se produira cette semaine à la brasserie «Chez Ginette». Venez nous voir nombreux.
My teacher told me that I should have spent more time preparing my presentation.,Mon professeur m'a dit que j'aurais dû passer davantage de temps à préparer mon exposé.
People with rheumatoid arthritis symptoms should be careful about what they eat.,Les gens présentant des symptômes de polyarthrite rhumatoïde devraient faire attention à ce qu'ils mangent.
She is looking for a job where she can make use of her foreign language ability.,Elle cherche un travail où elle puisse utiliser son talent pour les langues étrangères.
She was asked to convince him to get his son or someone else to paint the house.,On lui demanda de le convaincre de faire peindre la maison par son fils ou quelqu'un d'autre.
Some people only get married to prevent their wives from marrying somebody else.,Certains ne se marient que pour empêcher leurs femmes de se marier avec d'autres.
Something you should know about me is that I'm very much a country boy at heart.,"Une chose que tu devrais savoir, à mon sujet, est que je suis vraiment un garçon de la campagne, au fond du cœur."
Something you should know about me is that I'm very much a country boy at heart.,"Une chose que vous devriez savoir, à mon sujet, est que je suis vraiment un garçon de la campagne, au fond du cœur."
The athletes trained hard every day to be at their best for the Summer Olympics.,"Les athlètes se sont entrainés dur, tous les jours, pour être au mieux de leur forme pour les jeux olympiques d'été."
The bacteria that are transferred during a kiss help improve your immune system.,"Les bactéries, transférées lors d'un baiser, aident à améliorer votre système immunitaire."
The bacteria that are transferred during a kiss help improve your immune system.,"Les bactéries transférées lors d'un baiser, aident à améliorer ton système immunitaire."
The boss spoke in a condescending tone when addressing the female staff members.,Le directeur prit un ton condescendant quand il s'adressa aux membres féminins du personnel.
The buying and selling of peoples' personal information is becoming a big issue.,L'achat et la vente de données personnelles devient un problème sérieux.
The citizens of this small community don't condone public displays of affection.,Les citoyens de cette petite communauté désapprouvent les manifestations publiques d'affection.
The hour-long concert at the Kennedy Center was broadcast live on TV last night.,Le concert d'une heure au Kennedy Center a été retransmis en direct à la télévision hier soir.
The lock on my drawer had been tampered with and some of my papers were missing.,On avait bricolé la serrure de mon tiroir et certains de mes papiers étaient manquants.
"The more unique each person is, the more he contributes to the wisdom of others.","Plus une personne est unique, plus elle contribue à la sagesse des autres."
The part of an iceberg under the water is much larger than that above the water.,La partie immergée d'un iceberg est bien plus grosse que celle au dessus de l'eau.
The part of an iceberg under the water is much larger than that above the water.,La partie immergée d'un iceberg est bien plus grosse que la partie émergée.
"The press can't ignore us forever. Sooner or later, they'll do a story about us.","La presse ne peut pas nous ignorer éternellement. Tôt ou tard, ils feront un article à notre sujet."
Tom and his children spent all afternoon looking for the perfect Christmas tree.,Tom et ses enfants ont passé tout l'après-midi à chercher le parfait sapin de Noël.
Tom returned from the kitchen with two mugs of coffee and sat down next to Mary.,Tom revint de la cuisine avec deux tasses de café et s'assit à côté de Marie.
Tom usually plays a drum solo at least once every time his band gives a concert.,Tom joue en général au moins un solo de batterie chaque fois que son groupe donne un concert.
Tom's was the first name on the list of persons of interest after Mary's murder.,Le prénom de Tom était le premier nom sur la liste des personnes présentant un intérêt après l'assassinat de Marie.
"We don't have a lot of money, but we have enough to buy what we absolutely need.","Nous n'avons pas beaucoup d'argent, mais nous en avons assez pour acheter ce dont nous avons absolument besoin."
We got this chair for nothing because the lady next door didn't need it anymore.,Nous avons eu cette chaise pour rien car la dame d'à côté n'en avais plus besoin.
We got this chair for nothing because the lady next door didn't want it anymore.,Nous avons reçu cette chaise gratuitement car la dame d'à côté ne la voulait plus.
"While you are asleep, the bodily functions slow down and body temperature falls.","Quand on est endormi, l'activité corporelle ralentit et la température du corps chute."
You should spend less time complaining and more time doing something productive.,Tu devrais passer moins de temps à te plaindre et davantage à faire quelque chose de productif.
You should spend less time complaining and more time doing something productive.,Vous devriez passer moins de temps à vous plaindre et davantage à faire quelque chose de productif.
A good team is a group of individuals who work together to achieve a common goal.,Une bonne équipe est un groupe d'individus qui travaillent ensemble à atteindre un objectif commun.
"According to an estimate, steel production will reach 100 million tons this year.","Selon une estimation, la production d'acier atteindra 100 millions de tonnes cette année."
"According to my accountant, this isn't a good time to invest in the stock market.","Selon mon comptable, ce n'est pas le bon moment d'investir son argent dans la bourse."
"All people can become friends, even if their languages and customs are different.","Même si leurs langues et leurs coutumes sont différentes, tous les gens peuvent devenir amis."
All the sheep were huddled together in the shade of the only tree in the paddock.,Tous les moutons étaient entassés à l'ombre du seul arbre de l'enclos.
Anyone who can only think of one way to spell a word obviously lacks imagination.,Toute personne ne pouvant envisager qu'une seule manière d'orthographier un mot manque visiblement d'imagination.
"Being 25 letters long, 'anticonstitutionnellement' is the longest word in French.","Avec 25 lettres, « anticonstitutionnellement » est le mot français le plus long."
"By postponing what you have to do, you run the risk of never being able to do it.","En remettant à plus tard ce qu'on a à faire, on court le risque de ne jamais pouvoir le faire."
Diplomatic relations have not yet been established between Japan and North Korea.,Les relations diplomatiques entre le Japon et la Corée du Nord ne sont pas encore établies.
Do you think your parents spent enough time with you when you were in your teens?,Penses-tu que tes parents ont passé suffisamment de temps avec toi lorsque tu étais adolescent ?
Do you think your parents spent enough time with you when you were in your teens?,Penses-tu que tes parents ont passé suffisamment de temps avec toi lorsque tu étais adolescente ?
Do you think your parents spent enough time with you when you were in your teens?,Pensez-vous que vos parents ont passé suffisamment de temps avec vous lorsque vous étiez adolescent ?
Do you think your parents spent enough time with you when you were in your teens?,Pensez-vous que vos parents ont passé suffisamment de temps avec vous lorsque vous étiez adolescente ?
Do you think your parents spent enough time with you when you were in your teens?,Pensez-vous que vos parents ont passé suffisamment de temps avec vous lorsque vous étiez adolescents ?
Do you think your parents spent enough time with you when you were in your teens?,Pensez-vous que vos parents ont passé suffisamment de temps avec vous lorsque vous étiez adolescentes ?
"Eventually, someone is going to have to tell Tom that he needs to behave himself.","Un jour, quelqu'un devra dire à Tom qu'il doit se comporter correctement."
Everyone was silent as the teacher was announcing the results of the examination.,Tout le monde restait silencieux pendant que le professeur annonçait les résultats de l'examen.
Experts have failed to come up with an explanation of why the explosion happened.,Les experts ne sont pas parvenus à expliquer l'origine de l'explosion.
"He keeps his griefs, sorrows, ambitions and most of his real opinions to himself.","Il garde ses douleurs, ses chagrins, ses ambitions et la plupart de ses véritables opinions pour lui-même."
"His dress is that of gentleman, but his speech and behavior are those of a clown.",Il s'habille comme un gentleman mais il parle et agit comme un clown.
His mother prevented him from going out because she was anxious about his health.,Sa mère l'empêchait de sortir car elle s'inquiétait pour sa santé.
"I didn't know the city, and what's more, I couldn't speak a word of the language.","Je ne connaissais pas la ville, et qui plus est, je ne savais pas un mot de la langue."
"I didn't know where Tom was going, but I had a good idea where he might be going.","Je ne savais pas où allait Tom, mais j'avais une bonne idée d'où il allait."
"I didn't know where Tom was going, but I had a good idea where he might be going.","Je ne savais pas où allait Tom, mais j'avais une bonne idée de la direction qu'il pouvait prendre."
"I don't know if it will be fine tomorrow, but if it is fine we'll go on a picnic.","Je ne sais pas s'il fera beau demain, mais s'il fait beau nous irons pique-niquer."
I have to be honest. I was a little bit nervous the first time I had an MRI scan.,"Je dois être honnête, j'étais un peu nerveux la première fois que j'ai passé une IRM."
I promise I'll pay you back the money that I owe you before the end of the month.,Je promets que je te rembourserai l'argent que je te dois avant la fin du mois.
I promise I'll pay you back the money that I owe you before the end of the month.,Je te promets que je te rembourserai l'argent que je te dois avant la fin du mois.
I promise that I'll pay you back the money I owe you before the end of the month.,Je promets que je te rembourserai l'argent que je te dois avant la fin du mois.
I promise that I'll pay you back the money I owe you before the end of the month.,Je te promets que je te rembourserai l'argent que je te dois avant la fin du mois.
I was just wondering if you have any experiences you would like to share with us.,Je me demandais si tu as de quelconques expériences dont tu aimerais nous faire part.
I wouldn't have agreed to do that if I'd know how much time it was going to take.,Je n'aurais pas accepté de faire ça si j'avais su combien de temps ça allait prendre.
I've had a slight sore throat since this morning. I wonder if I've caught a cold.,J'ai un léger mal de gorge depuis ce matin. Je me demande si j'ai attrapé un coup de froid.
"If everything goes according to plan, I should be back home again tomorrow night.","Si tout se passe selon le plan, je devrais être de retour à la maison demain soir."
"In the first place, it's too expensive, and in the second place, I don't like it.","En premier lieu, c'est trop cher, et en second lieu, je ne l'aime pas."
It appears that the victim tried to write the murderer's name with his own blood.,Il semble que la victime a tenté d'écrire le nom de l'assassin de son propre sang.
It appears that the victim tried to write the murderer's name with his own blood.,Il semble que la victime ait tenté d'écrire le nom du meurtrier avec son propre sang.
It appears that the victim tried to write the murderer's name with his own blood.,Il semble que la victime ait essayé d'écrire le nom du meurtrier de son propre sang.
It goes without saying that it was supremely difficult to carry out this mission.,Il va sans dire qu'il fut extrêmement difficile d'exécuter cette mission.
It is better to be a coward for five minutes than dead for the rest of your life.,Il vaut mieux être lâche durant cinq minutes que mort durant toute une vie.
My brother makes it a rule to look over the newspaper before going to his office.,Mon frère a pour habitude de consulter le journal avant d'aller au bureau.
"Studies say that true happiness comes from giving back, not from material things.","Des études montrent que le bonheur véritable prend sa source dans le don en retour, pas dans les choses matérielles."
"Taking all things into consideration, I have made up my mind to give up the idea.","En prenant tous les facteurs en considération, j'ai décidé d'abandonner cette idée."
The ages of the two children put together was equivalent to that of their father.,L'âge des deux enfants additionné ensemble était égale à celui de leur père.
The average American living space is twice as large as the living space in Japan.,L'espace d'habitation moyen aux États-Unis est deux fois plus important que celui du Japon.
The changes resulting from the women's movement have affected both women and men.,Les changements résultants du mouvement des femmes ont affecté et les femmes et les hommes.
The most essential thing in the world to any individual is to understand himself.,"La chose la plus essentielle au monde, pour tout individu, est de se comprendre lui-même."
The radio warned us of the coming earthquake and we started gathering our things.,La radio nous a averti de la survenue d'un tremblement de terre et nous avons commencé à rassembler nos affaires.
"The restaurant where we ate yesterday was bad, but this restaurant is even worse.","Le restaurant où nous avons dîné hier était mauvais, mais celui-ci est encore pire."
There are big differences in broadband speed and quality from country to country.,Il y a de grosses différences de vitesse et de qualité de haut débit d'un pays à l'autre.
This experience will be invaluable as a way of improving the way I study English.,Cette expérience sera inestimable pour améliorer la manière dont j'étudie l'anglais.
This monument is dedicated to the soldiers who gave their lives to their country.,Ce monument est dédié aux soldats qui donnèrent leurs vies à leur pays.
"Tom is very busy every afternoon, but he often has some free time in the morning.","Tom est très occupé tous les après-midi, mais il a souvent du temps libre le matin."
Tom was normally very reliable and his absence from the meeting was inexplicable.,Tom était habituellement très fiable et son absence à la réunion était inexplicable.
We cannot rule out the possibility that civil war will break out in that country.,Nous ne pouvons pas écarter la possibilité qu'une guerre civile éclate dans ce pays.
We hope that you understand the difficult situation with which we are confronted.,Nous espérons que vous comprenez la situation difficile à laquelle nous sommes confrontés.
"We went to the theater early, so we could be sure that everyone could get a seat.","Nous nous rendîmes tôt au théâtre, de sorte que nous puissions être assurés que chacun pourrait avoir un fauteuil."
"We went to the theater early, so we could be sure that everyone could get a seat.","Nous allâmes tôt au théâtre, de sorte que nous puissions être assurés que chacun puisse disposer d'un fauteuil."
What scared Tom the most was the thought that he might not be able to walk again.,Ce qui effrayait le plus Tom était l'idée qu'il ne pourrait peut-être plus re-marcher.
"When Tom opened the door, he saw Mary standing there with a six-pack and a pizza.","Lorsque Tom ouvrit la porte, il vit Marie se tenant là, avec un pack de six et une pizza."
Why would you want to share this type of information with people you hardly know?,Pourquoi voudriez-vous partager ce type d'information avec des gens que vous connaissez à peine ?
Why would you want to share this type of information with people you hardly know?,Pourquoi voudrais-tu partager ce type d'information avec des gens que tu connais à peine ?
"How did Tom get in here? ""He came in through the window that you left unlocked.""",« Comment Tom est-il entré ici ? » « Il est entré par la fenêtre que tu as laissée ouverte. »
"How much did you pay for this? ""About 20 euros."" ""Wow! That's incredibly cheap.""",« Combien tu as payé pour ça ? » «Environ 20 euros. » « Whaouh ! Ce n'est pas cher du tout ! »
"A few years ago, in San Francisco, a young woman came to us for vocational advice.","Il y a quelques années, à San Francisco, une jeune femme vint à nous pour une orientation professionnelle."
A lie can travel halfway around the world while the truth is putting on its shoes.,Un mensonge peut voyager jusqu'aux antipodes pendant que la vérité en est encore à lacer ses chaussures.
Activist groups for the environment and food safety question the product's safety.,Les groupes d'activistes pour l'environnement et la sécurité alimentaire mettent en doute la sécurité du produit.
"After reflecting on my life up to now, I decided that I needed to change my goals.","Après avoir réfléchi sur ma vie jusqu'à présent, j'ai décidé que j'avais besoin de changer mes objectifs."
"After spending hours out in the cold winter wind, my skin got all chapped and dry.","Après avoir passé des heures au dehors dans le vent froid d'hiver, ma peau devint toute gercée et sèche."
"As is often the case with young men, he does not pay much attention to his health.","Comme c'est souvent le cas pour les jeunes gens, il ne fait pas beaucoup attention à sa santé."
"As is often the case with young men, he does not pay much attention to his health.","Comme c'est souvent le cas pour les jeunes gens, il ne fait pas beaucoup cas de sa santé."
"Because her parents got divorced, the girl had hardly any contact with her father.","À cause du divorce de ses parents, la fille n'avait que peu de contacts avec son père."
"Between 1820 and 1973, the United States admitted more than 46 million immigrants.",Entre mille huit cent vingt et mille neuf cent soixante-treize les États-Unis ont accueillis plus de quarante six millions d'immigrants.
CEO's of American corporations are paid several times their Japanese counterparts.,Les directeurs généraux des sociétés étasuniennes sont payés plusieurs fois l'équivalent de leurs homologues japonais.
Each chapter in the textbook is followed by about a dozen comprehension questions.,Chaque chapitre du livre de cours est suivi par une douzaine de questions de compréhension environ.
"He got up quickly, splashed cold water on his face, brushed his teeth, and shaved.","Il s'est vite levé, s'est aspergé le visage d'eau froide, s'est brossé les dents, et s'est rasé."
I discouraged him from going swimming because it looked like it was going to rain.,Je l'ai découragé d'aller nager parce qu'on aurait dit qu'il allait pleuvoir.
"I don't know when the meeting started, but it started at least thirty minutes ago.",J'ignore quand la réunion a commencé mais c'est il y a au moins trente minutes.
I figured you wouldn't want the teacher to know you hadn't done your homework yet.,J'ai songé que tu n'aurais pas voulu que le professeur sache que tu n'avais pas encore fait tes devoirs.
"I know it's not what you were hoping for, but here's all the money I can give you.","Je sais que ce n'est pas ce que tu espérais, mais c'est tout l'argent que je peux te donner."
"I know what time you said to be there, but I wasn't able to be there at that time.",Je sais à quelle heure vous avez dit d'être là mais je n'étais pas en mesure d'y être à cette heure-là.
"I know what time you said to be there, but I wasn't able to be there at that time.",Je sais à quelle heure tu as dit d'être là mais je n'étais pas en mesure d'y être à cette heure-là.
"I may not know a lot, but I do know that Tom doesn't know what he's talking about.","Je ne m'y connais peut-être pas beaucoup, mais je sais que Tom ne sait pas de quoi il parle."
I met an old man who says that he's never eaten at a restaurant in his whole life.,J'ai rencontré un vieil homme qui dit qu'il n'a jamais mangé dans un restaurant de toute sa vie.
I never for a moment imagined I'd be able to afford to live in such a fancy house.,À aucun moment n'ai-je imaginé que je serai en mesure de vivre dans une telle maison de rêve.
I saw a red car and a white one. The red one was nicer looking than the white one.,J'ai vu une voiture rouge et une blanche. La rouge était plus belle que la blanche.
"I wasn't planning on doing that, but now that you suggest it, I may give it a try.","Je n'avais pas prévu de faire ça, mais maintenant que tu le dis, je vais peut-être essayer."
"If Cleopatra's nose had been shorter, the history of the world would be different.","Le nez de Cléopâtre eût-il été plus court, l'histoire du monde en eût été changée."
"If it had not been for your foolishness, we would never have been in that trouble.","Si ce n'avait été par ta stupidité, nous n'aurions jamais eu tous ces ennuis."
"If it had not been for your foolishness, we would never have been in that trouble.","Si ce n'avait été par votre stupidité, nous n'aurions jamais eu tous ces ennuis."
"If my father had not been killed in the war, he would be over sixty years old now.","Si mon père n'avait pas été tué à la guerre, il aurait plus de soixante ans maintenant."
"If you listen to English programs on the radio, you can learn English for nothing.","En écoutant les programmes en anglais à la radio, tu peux apprendre l'anglais gratuitement."
It was obvious to everyone that the marriage would sooner or later end in divorce.,Il était évident pour tout le monde que le mariage finirait tôt ou tard par un divorce.
It'll take longer to tell you how to do it than to just go ahead and do it myself.,Ça prendra plus longtemps de t'expliquer comment faire que de simplement le faire moi-même.
It's no wonder Tom's sleeping poorly; he drinks up to twelve cups of coffee a day.,"Ce n'est pas surprenant que Tom dorme mal, il boit jusqu'à douze tasses de café par jour."
Japan's foreign aid is decreasing in part because of an economic slowdown at home.,L'aide internationale du Japon diminue en partie à cause d'un ralentissement de l'économie intérieure.
Manholes are round because that way they won't accidentally fall through the hole.,Les plaques d'égout sont rondes afin qu'elles ne puissent pas tomber accidentellement dans leur trou.
Never in my wildest dreams did I ever think that something like this would happen.,"Jamais, dans mes rêves les plus fous, n'ai-je pensé que quelque chose de tel surviendrait."
"Now that you know what the problem is, how long do you think it'll take to fix it?","Maintenant que tu sais quel est le problème, combien de temps penses-tu que ça prendra pour le résoudre ?"
"Of all the things Tom did last weekend, he says that windsurfing was the most fun.","De toutes les choses que Tom a faites le week-end dernier, il dit que la planche à voile était la plus amusante."
"Roger Miller was born on January 2, 1936 in the western city of Fort Worth, Texas.",Roger Miller est né le 2 janvier 1936 dans la ville occidentale de Forth Worth au Texas.
The first issue that we have to confront is violent extremism in all of its forms.,Le premier problème que nous devons affronter est l'extrémisme violent sous toutes ses formes.
"The more time I spend doing this, the less time I have to do things I enjoy doing.","Plus je passe de temps à faire ça, moins j'en ai pour faire des choses que j'aime faire."
The policeman said that it looked like a self-inflicted gunshot wound to the head.,L'agent de police indiqua que ça avait l'air d'une blessure par balle volontaire à la tête.
The policeman said that it looked like a self-inflicted gunshot wound to the head.,L'agent de police a indiqué que ça avait l'air d'une blessure par balle volontaire à la tête.
The search for alien life is one of humankind's greatest technological challenges.,La recherche de vie extra-terrestre est l'un des défis technologiques majeurs de l'humanité.
"The weather report said that it'll rain this afternoon, but I don't think it will.","Le bulletin météo a annoncé qu'il pleuvrait cette après-midi, mais je ne le pense pas."
There is so much pollution in New York that joggers often wear masks when running.,La pollution est telle à New York que les joggeurs portent souvent un masque quand ils courent.
Three quarters of the country's inhabitants live below the official poverty level.,Les trois quarts des habitants du pays vivent au-dessous du niveau officiel de pauvreté.
Tom certainly gave the impression that he wasn't planning on being there tomorrow.,Tom donnait certainement l'impression qu'il n'avait pas prévu d'être là demain.
"Tom knew that Mary couldn't swim, but he asked her to go swimming with him anyway.","Tom savait que Mary ne pouvait pas nager, mais il lui a quand même demander d'aller nager avec lui."
"What with good fortune, and his own effort, he won the first prize in the contest.","Avec la bonne fortune et son propre effort, il remporta le premier prix du concours."
"When I visited their apartment, the couple was right in the middle of an argument.","Comme je venais leur rendre visite à leur domicile, le couple était au milieu d'une dispute."
"When I was 10 years old, I thought that when I would be 16, my life would be cool.","Quand j'avais 10 ans, je pensais que quand j'en aurais 16, ma vie serait cool."
"You may be able to pass unnoticed in a city, but in a village that's not possible.","Tu serais peut-être capable de passer inaperçu en ville, mais dans un village, ce n'est pas possible."
"Would you like to have lunch with us? ""I'd love to, but only if it's no trouble.""","« Aimeriez-vous déjeuner avec nous ? » « J'aimerais beaucoup, mais seulement si ça ne pose pas de problème. »"
"As soon as I can get a decent video camera, I'll start making videos to put online.","Dès que je peux avoir une caméra digne de ce nom, je commencerai à faire des vidéos à mettre en ligne."
"As soon as they have collected the necessary funds, they can restart their project.","Au moment où ils auront collecté les fonds nécessaires, ils pourront relancer leur projet."
"At the time of the accident, almost all of the passengers on the bus were sleeping.","Au moment de l'accident, presque tous les passagers du bus étaient endormis."
Experts say coffee prices are rising mainly because people are willing to pay more.,Les experts disent que les prix du café augmentent principalement parce que les gens sont disposés à payer davantage.
"I can't tell you. It's a secret and if I told you, it wouldn't be a secret anymore.","Je ne peux pas te le dire. C'est un secret et si je te le disais, ce ne serait plus un secret."
"I didn't want to get married, but my parents really wanted me to, so I got married.","Je ne voulais pas me marier, mais mes parents le voulaient vraiment, alors je me suis marié."
"I don't believe in astrology, but that doesn't mean that I don't read my horoscope.",Je ne crois pas en l'astrologie mais ça ne veut pas dire que je ne lis pas mon horoscope.
"I had a lot of gumption when I was young, but now it seems to have all petered out.",Je jouissais de beaucoup de bon sens lorsque j'étais jeune mais cela semble s'être essoufflé.
"I have many friends who speak fluently, but still don't sound like native speakers.",J'ai de nombreux amis qui parlent couramment mais qui ne parlent toujours pas comme des locuteurs natifs.
I spend as much time working in the garden in one day as my brother does in a week.,Je passe autant de temps à travailler au jardin en un jour que ce que mon frère passe en une semaine.
"I wanted to discuss this with you yesterday, but you didn't seem to want to listen.","Je voulais en discuter avec toi, hier, mais tu ne semblais pas vouloir écouter."
"I wanted to discuss this with you yesterday, but you didn't seem to want to listen.","Je voulais en discuter avec toi, hier, mais tu ne semblais pas disposé à écouter."
"I wanted to discuss this with you yesterday, but you didn't seem to want to listen.","Je voulais en discuter avec vous, hier, mais vous ne sembliez pas vouloir écouter."
"I wanted to discuss this with you yesterday, but you didn't seem to want to listen.","Je voulais en discuter avec vous, hier, mais vous ne sembliez pas disposé à écouter."
"I wanted to discuss this with you yesterday, but you didn't seem to want to listen.","Je voulais en discuter avec vous, hier, mais vous ne sembliez pas disposée à écouter."
"I wanted to discuss this with you yesterday, but you didn't seem to want to listen.","Je voulais en discuter avec vous, hier, mais vous ne sembliez pas disposés à écouter."
"I wanted to discuss this with you yesterday, but you didn't seem to want to listen.","Je voulais en discuter avec vous, hier, mais vous ne sembliez pas disposées à écouter."
"I wanted to discuss this with you yesterday, but you didn't seem to want to listen.","Je voulais en discuter avec toi, hier, mais tu ne semblais pas disposée à écouter."
"I'm begging you, before freaking out on me listen to the end of what I have to say.","Je t'en supplie, écoute ce que j'ai à te dire jusqu'au bout avant de piquer une crise sur moi."
"I'm thinking of going somewhere for a change of air, since my doctor advises me to.","Je me demande si je n'irais pas quelque part pour changer d'air, puisque mon médecin me le conseille."
I've just spoken to your French teacher and he says you're doing well in his class.,Je viens juste de parler avec ton professeur de français et il dit que tu te débrouilles bien dans sa classe.
I've just spoken to your French teacher and he says you're doing well in his class.,Je viens juste de parler avec votre professeur de français et il dit que vous vous en sortez bien dans sa classe.
"If you are interested in studying English with a native speaker, please contact me.","Si vous souhaitez étudier l'anglais avec un locuteur natif, contactez-moi."
"If you want to sell your old sofa, why not put an advertisement in the local paper?","Si vous voulez vendre votre vieux canapé, pourquoi ne pas mettre une annonce dans le journal local ?"
"If you want to sell your old sofa, why not put an advertisement in the local paper?","Si tu veux vendre ton vieux canapé, pourquoi ne pas mettre une annonce dans le journal local ?"
"In our next class, we will study the days of the week, the months, and the seasons.","Dans notre prochain cours, nous allons étudier les jours de la semaine, les mois et les saisons."
"In the U.S., it is illegal to torture people in order to get information from them.","Aux États-Unis, il est illégal de torturer des gens pour en obtenir des informations."
Industrialization had a great influence on the development of the economy in Japan.,L'industrialisation a eu une grande influence sur le développement économique du Japon.
It took some 150 years of struggling for women to gain the freedom they have today.,Il prit aux femmes quelque 150 ans de lutte pour gagner la liberté qu'elles ont aujourd'hui.
It used to be that people thought it was necessary to eat three square meals a day.,Il était un temps où les gens pensaient qu'il était nécessaire de manger trois repas complets par jour.
It was only much later that I came to understand the importance of child education.,Ce n'est que bien plus tard que j'ai compris l'importance de l'éducation des enfants.
It's the dynamic interaction between the characters that makes this novel so great.,C'est l'interaction dynamique entre les personnages qui rend ce roman si bon.
Kissing one's spouse in public is considered acceptable behavior in some countries.,Embrasser son conjoint en public est considéré comme un comportement acceptable dans certains pays.
"Now you've mentioned it, I remember coming here with my parents when I was a child.","Maintenant que tu le mentionnes, je me souviens être venu ici avec mes parents lorsque j'étais enfant."
"Now you've mentioned it, I remember coming here with my parents when I was a child.","Maintenant que vous en faites mention, je me souviens être venu ici avec mes parents lorsque j'étais enfant."
She got so carried away listening to the Beatles that she missed the date with him.,Elle écoutait les Beatles et s'est tellement laissée emporter qu'elle a manqué son rendez-vous amoureux avec lui.
Sixty percent of Japanese adult males drink alcoholic beverages on a regular basis.,Soixante pourcents des hommes adultes japonais consomment de l'alcool régulièrement.
Sixty percent of Japanese adult males drink alcoholic beverages on a regular basis.,Soixante pourcents des hommes adultes japonais boivent régulièrement de l'alcool.
Some non-native speakers think they speak the language better than native speakers.,Certains locuteurs non-natifs pensent qu'ils parlent la langue mieux que les natifs.
"That's a funny thing about people like you, you don't want to get your hands dirty.",C'est marrant avec les gens comme vous : vous ne voulez pas vous salir les mains.
The cost of building the new hospital was considerably higher than first estimated.,Le coût de la construction du nouvel hôpital était très supérieur à l'estimation initiale.
"The grenade blew up before the terrorist could throw it, and his arm was blown off!","La grenade explosa avant que le terroriste ne puisse la jeter, et son bras fut déchiqueté !"
"The heart itself is nothing more nor less than a large, tough, leather-like muscle.","Le cœur lui-même n'est ni plus ni moins qu'un muscle gros et dur, ressemblant à du cuir."
"The more time you spend talking about what you do, the less time you have to do it.","Plus tu passes de temps à parler de ce que tu fais, moins de temps tu as pour le faire."
The rescue workers are going to hand out supplies to the victims of the earthquake.,Les sauveteurs vont distribuer des vivres aux victimes du tremblement de terre.
The restaurant owner allowed her to take table scraps home to feed all of her dogs.,Le propriétaire du restaurant l'autorisa à emmener les restes du repas chez elle pour nourrir tous ses chiens.
"The teacher wrote something on the blackboard, but it was too small for me to read.",L'instituteur a écrit quelque chose au tableau mais c'était trop petit pour que je le lise.
There is an urgent need for understanding how climate change will affect our lives.,Il faut d'urgence comprendre comment les changements climatiques affecteront nos vies.
Tom and Mary know each other so well that they often finish each other's sentences.,Tom et Mary se connaissent tellement bien qu'ils finissent souvent les phrases l'un l'autre.
Tom certainly had plenty of opportunities to go to concerts while he was in Boston.,Tom avait certainement de nombreuses opportunités pour aller aux concerts pendant qu'il était à Boston.
We found a glitch in the program that will have to be dealt with before we move on.,Nous avons trouvé un pépin dans le programme qui devra être traité avant que nous puissions procéder.
We'll need a head hunting agency to find the right man for this executive position.,Nous aurons besoin d'une agence de chasseurs de têtes pour trouver l'homme qui convient à ce poste de cadre.
"When I was in school, left-handed kids were forced to write with their right hands.","Lorsque j'étais à l'école, les enfants gauchers étaient forcés d'écrire de la main droite."
"When he reached the station, the train had already left almost half an hour before.","Quand il atteignit la gare, le train était déjà parti depuis presque une demi-heure."
A huge federal budget deficit has been plaguing the American economy for many years.,Un énorme déficit dans le budget fédéral empoisonne l'économie américaine depuis de nombreuses années.
"According to legend, those woods used to be haunted, so people would avoid entering.","Selon la légende, ces bois étaient hantés, aussi les gens évitaient d'y pénétrer."
"After she lost her job, she couldn't afford to feed her dogs, so she gave them away.","Après qu'elle eut perdu son travail, elle n'était plus en mesure de nourrir ses chiens, alors elle les donna."
All the houses in this neighborhood look so much alike that I can't tell them apart.,Toutes les maisons de ce voisinage se ressemblent tellement que je ne peux les différencier.
"Before you go hiking in the woods, find out what you should do when you meet a bear.","Avant de partir en randonnée dans les bois, apprenez ce que vous devriez faire lorsque vous rencontrez un ours."
"He came back not because he was homesick, but because he was running short of money.","Il est revenu non-pas parce qu'il avait le mal du pays, mais parce qu'il n'avait plus assez d'argent."
He doesn't want to leave the room because he's afraid that he'll catch another cold.,Il ne veut pas quitter la chambre parce qu'il a peur d'attraper un autre rhume.
He studied the scientists considered to be the most significant of the 19th century.,Il a étudié les scientifiques qui lui paraissaient important au 19e siècle.
"Her car might be more pleasant to drive, but it also costs her more for maintenance.","Sa voiture est peut-être plus agréable à conduire, mais elle lui coûte aussi plus cher en frais d'entretien."
"His wife now had to take care of his grandfather, not to mention their two children.","Sa femme devait maintenant prendre soin de son grand-père, pour ne rien dire de leur deux enfants."
"I didn't really want to leave the party early, but I had to go home to help my wife.","Je ne voulais pas vraiment quitter la fête tôt, mais j'ai dû rentrer chez moi pour aider ma femme."
I don't think that we're going to be able to catch the train that you want to catch.,Je ne pense pas qu'on va pouvoir attraper le train que tu veux attraper.
I don't think that we're going to be able to catch the train that you want to catch.,Je ne pense pas que nous allons pouvoir attraper le train que vous souhaitez attraper.
"I know you've been waiting a long time, but could you wait just a little bit longer?","Je sais que vous avez attendu pendant longtemps, mais pourriez-vous attendre juste un peu plus longtemps ?"
"I know you've been waiting a long time, but could you wait just a little bit longer?","Je sais que tu as attendu pendant longtemps, mais pourrais-tu attendre juste un peu plus longtemps ?"
I suppose you want to ask me how I was able to make so much money in so little time.,Je suppose que vous voulez me demander comment j'ai été en mesure de me faire tant d'argent en si peu de temps.
I suppose you want to ask me how I was able to make so much money in so little time.,Je suppose que vous voulez me demander comment j'ai été en mesure de me faire autant d'argent en si peu de temps.
I suppose you want to ask me how I was able to make so much money in so little time.,Je suppose que tu veux me demander comment j'ai été en mesure de me faire tant d'argent en si peu de temps.
I suppose you want to ask me how I was able to make so much money in so little time.,Je suppose que tu veux me demander comment j'ai été en mesure de me faire autant d'argent en si peu de temps.
"I thought we had eaten everything in the house, but I found another box of crackers.",Je pensai que nous avions tout mangé dans la maison mais je trouvai une autre boîte de biscuits.
"I thought we had eaten everything in the house, but I found another box of crackers.",J'ai pensé que nous avions tout mangé dans la maison mais j'ai trouvé une autre boîte de biscuits.
I'd like to ask you some questions about some of the people you've been working for.,J'aimerais vous poser quelques questions sur certaines des personnes pour lesquelles vous avez travaillé.
"I'm really looking forward to next March, when they roll out the new Play Station 2.","J'attends vraiment mars prochain, quand ils sortiront la nouvelle « Play Station 2 »."
"If my wife calls, just tell her I'm in an important meeting and cannot be disturbed.","Si ma femme appelle, dites-lui simplement que je suis en réunion importante et que je ne peux pas être dérangé."
"If my wife calls, just tell her I'm in an important meeting and cannot be disturbed.","Si ma femme appelle, dis-lui que je suis en pleine réunion importante et que je ne peux pas sortir."
"If my wife calls, just tell her I'm in an important meeting and cannot be disturbed.","Si ma femme appelle, dites-lui que je suis en pleine réunion importante et qu'il ne faut pas me déranger."
"If you want something to be done right, sometimes you've just got to do it yourself.","Si vous voulez que quelque chose soit fait correctement, il suffit parfois de le faire soi-même."
It'll take longer to tell you how to do that than to just go ahead and do it myself.,Ça prendra plus longtemps de t'expliquer comment faire que de simplement le faire moi-même.
New Year's cards provide us with the opportunity to hear from friends and relatives.,Les cartes de Bonne Année nous donnent l'occasion d'avoir des nouvelles des amis et de la famille.
New Year's cards provide us with the opportunity to hear from friends and relatives.,Les cartes de Bonne Année nous fournissent l'occasion d'avoir des nouvelles des amis et des parents.
Researchers say that it's easier to lose weight if you eat three square meals a day.,Les chercheurs disent qu'il est plus facile de perdre du poids si vous mangez trois repas complets par jour.
"She advised him to see the dentist, but he said he didn't have enough time to do so.",Elle lui recommanda de voir le dentiste mais il déclara qu'il ne disposait pas de suffisamment de temps pour le faire.
"She advised him to see the dentist, but he said he didn't have enough time to do so.",Elle lui a recommandé de voir le dentiste mais il a déclaré qu'il ne disposait pas de suffisamment de temps pour le faire.
"She bought him a dog. However, he was allergic to dogs, so they had to give it away.","Elle lui acheta un chien. Cependant, il était allergique aux chiens, ils durent donc le donner."
"She bought him a dog. However, he was allergic to dogs, so they had to give it away.","Elle lui a acheté un chien. Cependant, il était allergique aux chiens, ils ont donc dû le donner."
Sugary drinks have no nutritional value and contribute significantly to weight gain.,Les boissons sucrées n'ont aucune valeur nutritionnelle et contribuent de manière significative à la prise de poids.
The coach urged his team not to be complacent following their four consecutive wins.,L'entraîneur a demandé à son équipe de ne pas se reposer sur ses lauriers à la suite de leurs quatre victoires consécutives.
"The more guests there are, the more difficult it is to keep a surprise party secret.","Plus il y a d'invités, plus il est difficile de garder secrète une fête surprise."
"The more you look, the more you will see, and the more interesting they will become.","Plus tu regarderas et plus tu verras, et plus intéressant encore ils deviendront."
The rainforests are disappearing at the rate of tens of thousands of hectares a day.,Plusieurs milliers d'hectares de forêt tropicale sont détruits chaque jour.
"Tom and Mary were speaking in French, so I had no idea what they were talking about.",Tom et Marie parlaient en français. Je n'avais donc aucune idée de ce dont ils discutaient.
"Tom claims he doesn't watch much TV, but he watches more than three hours every day.","Tom prétend qu'il ne regarde pas beaucoup la télévision, mais il la regarde plus de trois heures par jour."
Tom hoped that the doctors would tell him that he didn't need the surgery after all.,Tom espérait que les médecins lui diraient qu'il n'aurait finalement pas besoin de se faire opérer.
"Tom is usually on time, but there have been times when he's been several hours late.","Tom est habituellement à l'heure, mais il lui est arrivé d'être en retard de plusieurs heures."
"Tom laughed at some of Mary's jokes, but he thought some of them weren't very funny.","Tom a ri à certaines blagues de Mary, mais il pensait que certaines d'entre elles n'étaient pas très drôles."
Visitors are usually asked to remove their shoes before they enter a Japanese house.,On demande usuellement aux visiteurs de retirer leurs chaussures avant de rentrer dans une maison japonaise.
"Whenever I talk to my father, I realize that he has a lot more experience than I do.","À chaque fois que je parle à mon père, je me rends compte qu'il a beaucoup plus d'expérience que moi."
"Whether you believe it or not, I want to get this thing over with as much as you do.","Que tu le croies ou non, je veux en finir autant que toi avec ça."
"Whether you believe it or not, I want to get this thing over with as much as you do.","Que vous le croyiez ou non, je veux en finir autant que vous avec ça."
You should always spend time doing things that help your children get ahead in life.,On devrait toujours passer du temps à faire des choses qui aident nos enfants à avancer dans la vie.
"Let's go to the movies next time. ""What makes you think there will be a next time?""","« On ira au cinéma, la prochaine fois. » « Qu'est-ce qui te fait penser qu'il y aura une prochaine fois ? »"
"Let's go to the movies next time. ""What makes you think there will be a next time?""","« Nous irons au cinéma, la prochaine fois. » « Qu'est-ce qui vous fait penser qu'il y aura une prochaine fois ? »"
A dance will be held in the school auditorium this Friday evening from 7:30 to 10:00.,On dansera dans l'auditorium de l'école ce vendredi soir de dix-neuf heures trente à vingt-deux heures.
A growing child who doesn't seem to have much energy perhaps needs medical attention.,Un enfant en pleine croissance qui n'a pas beaucoup d'énergie a peut-être besoin de soins médicaux.
"All at once, the Buddhist priest burst into laughter, spoiling the solemn atmosphere.","Soudain, le moine bouddhiste éclata de rire, gâchant ainsi l'atmosphère solennelle."
"All things considered, I think you should go back home and take care of your parents.","Tout bien considéré, je pense que tu devrais retourner chez toi pour t'occuper de tes parents."
"Although our universe is still young, theorists are busy exploring its ultimate fate.","Bien que l'univers soit encore jeune, les théoriciens sont occupés à explorer son destin ultime."
"Daddy, let's make faces at each other and see who can keep from laughing the longest.","Papa, faisons-nous des grimaces et on va voir qui peut se retenir de rire le plus longtemps."
"Everybody was obeying the speed limit, so I knew there was likely a speed trap ahead.","Tout le monde respectait la limite de vitesse, alors je savais qu'il y avait probablement un radar devant moi."
"He turned the bottle upside down and shook it, but still the honey wouldn't come out.","Il renversa la bouteille et la secoua, mais malgré tout le miel n'en sortait pas."
He was surprised to find the great artist's masterpiece hung on the wall upside down.,Il était surpris de voir que le chef-d'œuvre du grand artiste était suspendu au mur à l'envers.
His health gradually changed for the better after he went to live in the countryside.,Sa santé s'est améliorée progressivement après que nous soyons partis vivre à la campagne.
I am wondering if you would like to go and see Kabuki with me while staying in Japan.,Je me demande si tu voudrais venir voir une pièce de Kabuki avec moi pendant que tu es au Japon.
I finally have time to reply to the mail that I have received these past three weeks.,Je dispose enfin du temps pour répondre à la correspondance que j'ai reçue ces trois dernières semaines.
I have tried every diet that has ever been published and I still haven't lost weight.,J'ai essayé tous les régimes qui ont été publiés et je n'ai toujours pas perdu de poids.
I hope you know that the last thing I want to do is go there without your permission.,J'espère que tu sais que la dernière chose que je veuille faire est de m'y rendre sans ta permission.
I hope you know that the last thing I want to do is go there without your permission.,J'espère que vous savez que la dernière chose que je veuille faire est de m'y rendre sans votre permission.
"I know it's not true, but it definitely seems like the sun revolves around the Earth.","Je sais que ce n'est pas vrai, mais il semble vraiment que le Soleil tourne autour de la Terre."
I know that it's highly unlikely that I'll be able to convince you that you're wrong.,Je sais qu'il est très improbable que j'arrive à te convaincre que tu as tort.
I thought the little boy who was staring and pointing at the foreigner was very rude.,Je songeais que le petit garçon qui fixait et pointait l'étranger du doigt était très grossier.
I told you we should've gotten here earlier. Now there aren't any places left to sit.,Je t'avais dit qu'on aurait dû arriver plus tôt. Maintenant il n'y a plus de places où s'asseoir.
I'd like to ask you some questions about some of the people you have working for you.,J'aimerais vous poser des questions à propos de certaines des personnes qui travaillent pour vous.
I'm reading things like famous novels which have been rewritten in simplified French.,"Je lis par exemple des romans célèbres, réécrits en français simplifié."
"I've heard about it. Your parents disappeared, running out on their debt didn't they?","J'en ai entendu parler. Tes parents ont disparu en laissant tomber leur dette, c'est ça ?"
"If people who smoke are deprived of their cigarettes, they get nervous and irritable.","Si les gens qui fument sont privés de leurs cigarettes, ils deviennent nerveux et irritables."
"If you guys aren't doing anything later, why don't you come over for a cup of coffee?","Si vous ne faites rien plus tard, pourquoi ne venez-vous pas prendre une tasse de café ?"
In any case I just want to make clear that the fact that these are not normal people.,"Quoi qu'il en soit, je veux simplement souligner le fait que ces gens-là ne sont pas normaux."
It is important for a nation to have an adequate mix of monetary and fiscal policies.,Il est important pour une nation d'avoir un assemblage approprié de politiques monétaires et fiscales.
It turned out that the cards were stacked against her from the beginning of the game.,Il s'avéra que les cartes lui étaient contraires depuis le début de la partie.
It was after a meeting in America that he decided to write a book for non-scientists.,C'était après une réunion en Amérique qu'il décida d'écrire un livre pour les non-initiés.
It's not always possible to eat well when you're traveling in this part of the world.,Il n'est pas toujours loisible de bien manger lorsqu'on voyage dans cette partie du monde.
It's not always possible to eat well when you're traveling in this part of the world.,Il n'est pas toujours possible de bien manger lorsqu'on voyage dans cette partie du monde.
Make your airplane reservations early since flights fill up quickly around Christmas.,Réserve ton vol rapidement parce qu'il y a beaucoup de réservations à Noël.
Many native speakers of Japanese have trouble hearing the difference between B and V.,De nombreux locuteurs natifs de la langue japonaise ont des difficultés à entendre la différence entre B et V.
My father always speaks to me in French and my mother always speaks to me in English.,Mon père me parle toujours en français et ma mère me parle toujours en anglais.
Never make the mistake of arguing with people for whose opinions you have no respect.,Ne commettez jamais l'erreur de débattre avec des gens dont vous n'avez pas de respect pour les opinions.
One problem translators face is that sometimes the source document is poorly written.,Un problème que les traducteurs rencontrent est que parfois le document original est mal écrit.
Our fire alarm sometimes goes off when my mother is cooking something in the kitchen.,Notre alarme incendie se déclenche parfois lorsque ma mère prépare quelque chose dans la cuisine.
Our whole case hinges on whether the government's actions were constitutional or not.,Toute notre affaire dépend de si les actions du gouvernement étaient constitutionnelles ou pas.
Our whole case hinges on whether the government's actions were constitutional or not.,Toutes nos affaires dépendent de la constitutionnalité ou non des actions du gouvernement.
She spends a pretty good chunk of time just sitting there and looking out the window.,Elle passe un bon bout de temps juste assise là à regarder par la fenêtre.
"She was able to be ready early this morning, because she finished packing last night.","Elle a été en mesure d'être prête tôt, ce matin, parce qu'elle a terminé de faire ses bagages hier soir."
Some healthcare workers spend more time doing paperwork than taking care of patients.,Certains employés de santé passent davantage de temps à faire de la paperasse qu'à prendre soin de patients.
The antiques my father left when he died turned out to be nothing but worthless junk.,Les choses anciennes que mon père a laissées quand il est mort se révélèrent n'être qu'un bric-à-brac sans valeur.
The boss outlined a three-pronged approach to turn the fortune of the company around.,Le patron a exposé les grandes lignes d'une approche en trois parties pour inverser le sort de l'entreprise.
"The company, although with some exceptions, usually utilizes its resources very well.","L'entreprise, à quelques exceptions près, emploie habituellement ses moyens à bon escient."
The introduction of foreign plants and animals can cause severe damage to ecosystems.,L'introduction de plantes et animaux étrangers peut causer des dommages sévères aux écosystèmes.
"The less there is to justify a traditional custom, the harder it is to get rid of it.","Moins une coutume traditionnelle est justifiée, plus il est difficile de s'en débarrasser."
The loneliness and drabness of working away from people are fatal to his best effort.,La solitude et la monotonie du travail à l'écart des gens sont fatals à son meilleur effort.
There are two kinds of work in the world--head work and hand work; mental and manual.,Il y a deux sortes de travail dans le monde : celui de la tête et celui des mains ; intellectuel et manuel.
This movement from rural to urban areas has been going on for over two hundred years.,Ce mouvement des zones rurales vers les zones urbaines s'est poursuivi sur plus de deux-cents ans.
"Unless we find some way to drum up more business, bankruptcy will be our only option.","À moins que nous trouvions un moyen de réveiller les affaires, la liquidation sera notre seule option."
You should make sure that you have enough money in your pocket to pay for the ticket.,Tu devrais t'assurer que tu as assez d'argent en poche pour payer le billet.
"All happy families resemble each other, each unhappy family is unhappy in its own way.","Toutes les familles heureuses se ressemblent, mais les familles malheureuses le sont chacune à leur manière."
"American politics are interesting to watch, especially during a presidential election.","La politique étasunienne est intéressante à regarder, particulièrement durant une élection présidentielle."
"Democracy is the worst form of government, except all the others that have been tried.","La démocratie est la pire forme de gouvernement, mis à part toutes les autres que l'on a essayées."
Don't you want to put in another disc? We've been listening to this one for two hours.,Tu ne veux pas mettre un autre disque ? On écoute celui-là depuis deux heures.
Every person has a psychological need to feel that what he does is of some importance.,Toute personne a un besoin psychologique de sentir que ce qu'elle fait a une quelconque importance.
Global climatic changes may have been responsible for the extinction of the dinosaurs.,Un changement climatique global pourrait avoir été responsable de l'extinction des dinosaures.
Hundreds of people marry each year who have known each other only a few days or weeks.,Des centaines de gens se marient qui ne se sont connus l'un l'autre que quelques jours ou quelques semaines.
"I can go months without an alcoholic drink, but not even one hour without a cigarette.","Je peux passer des mois sans boire d'alcool, mais pas même une heure sans cigarette."
"I don't need to sound like a native speaker, I just want to be able to speak fluently.","Je n'ai pas besoin de parler comme un locuteur natif, je veux juste être en mesure de parler couramment."
I don't think that there is any better way to learn English than by living in America.,Je ne pense pas qu'il y ait de meilleure méthode pour apprendre l'anglais que de vivre aux États-Unis.
I don't understand and I'm not used to not understanding. Please explain it once more.,"Je ne comprends pas et je ne suis pas habitué à ne pas comprendre. Veuillez l'expliquer à nouveau, je vous prie."
I don't understand and I'm not used to not understanding. Please explain it once more.,"Je ne comprends pas et je ne suis pas habitué à ne pas comprendre. Merci de l'expliquer à nouveau, je te prie."
I don't understand and I'm not used to not understanding. Please explain it once more.,"Je ne comprends pas et je ne suis pas habitué à ne pas comprendre. Explique-le à nouveau, s'il te plait."
"I guess this is how things are going to be from now on, so we'd better get used to it.","J'imagine que c'est comme ça que les choses vont se passer à partir de maintenant, donc on ferait mieux de s'y habituer."
"I guess what I've said isn't all that clear, but that's the only way I can explain it.","J'imagine que ce que j'ai dit n'est pas si clair que ça, mais c'est la seule façon dont je peux l'expliquer."
"I guess what I've said isn't all that clear, but that's the only way I can explain it.","Je devine que ce que j'ai dit n'est pas très clair, mais c'est la seule façon que j'ai de l'expliquer."
I promise that I'll pay you back the money that I owe you before the end of the month.,Je promets que je te rembourserai l'argent que je te dois avant la fin du mois.
I promise that I'll pay you back the money that I owe you before the end of the month.,Je te promets que je te rembourserai l'argent que je te dois avant la fin du mois.
"I'm glad you told me about the meeting. If you hadn't, I wouldn't have known about it.","Je suis content que tu m'aies parlé de la réunion. Si tu ne l'avais pas fait, je n'aurais pas été au courant."
It seems that the policeman in this TV series is a dirty cop who abuses his authority.,Il semble que le flic de cette série télé soit un ripou qui abuse de son autorité.
It's recommended that you don't write your passwords down where others might see them.,Il est recommandé de ne pas écrire ses mots de passe là où d'autres pourraient les voir.
"It's very difficult to find a black cat in a dark room, especially if there is no cat.","Il est très difficile de trouver un chat noir dans une pièce sombre, surtout s'il n'y a pas de chat."
"Many, if not most, professional translators only translate into their native language.","Beaucoup, sinon la plupart des traducteurs professionnels traduisent seulement vers leur langue natale."
No news is good news. If you haven't heard from your son it's because he's doing well.,"Pas de nouvelle, bonne nouvelle. Si tu n'as pas de nouvelle de ton fils, c'est qu'il va bien."
"Now for my next number, I'd like to play a song for you that I learned from my father.","Alors, pour ma suivante, j'aimerais vous interpréter une chanson que j'ai apprise de mon père."
Opponents say genetically engineered crops can cross-pollinate and damage other crops.,Les opposants déclarent que les cultures génétiquement modifiées peuvent polliniser de manière croisée et endommager les autres cultures.
Plan for the future because that's where you are going to spend the rest of your life.,"Aménagez votre avenir, car c'est là que vous allez passer le reste de votre vie."
She asked him to give her some money so she could go to a restaurant with her friends.,Elle lui demanda de lui donner de l'argent pour pouvoir aller au restaurant avec ses amis.
She asked him to give her some money so she could go to a restaurant with her friends.,Elle lui a demandé de lui donner de l'argent pour pouvoir aller au restaurant avec ses amis.
"Sooner or later, someone is going to have to tell Tom that he needs to behave himself.","Tôt ou tard, quelqu'un devra dire à Tom qu'il doit se comporter correctement."
Thank you very much for lending me $500 when I was having difficulty making ends meet.,Merci vraiment de m'avoir prêté 500 dollars quand j'avais des difficultés à joindre les deux bouts.
The best way to learn a foreign language is to go live in a country where it's spoken.,La meilleure façon d'apprendre une langue étrangère est d'aller vivre dans un pays où elle est parlée.
The company provides health care and life insurance benefits for all of its employees.,L'entreprise offre des allocations de soins et assurance-vie à tous ses employés.
The discovery of a new food does more for the human race than the discovery of a star.,La découverte d'un mets nouveau fait plus pour le bonheur du genre humain que la découverte d'une étoile.
The girl had grown up without any money and when she married she became a spendthrift.,"Cette fille a grandi sans argent, et une fois mariée, elle est devenue très dépensière."
The hardest thing in life is knowing which bridges to cross and which bridges to burn.,La chose la plus difficile dans la vie est de savoir quels ponts traverser et lesquels brûler.
The research director had the department do a thorough job in testing the new product.,Le directeur de la recherche fit faire au département un travail complet de test du nouveau produit.
There's a chance that tap water may contain harmful substances like chlorine and lead.,Il y a un risque que l'eau du robinet puisse contenir des substances nocives comme du chlore et du plomb.
Tom was a very good banjo player before he had to have three of his fingers amputated.,Tom était un très bon joueur de banjo avant de devoir se faire amputer trois de ses doigts.
"When a native speaker tries to help me sound more like a native speaker, I'm thankful.","Lorsqu'un locuteur natif essaie de m'aider à parler davantage comme un natif, je lui en suis reconnaissant."
"When it comes to my supervisor, he's very inconsistent, so we never get any work done.","Quant à mon superviseur, il est très incohérent, du coup le travail n'est jamais fait."
"Whenever I go to a Japanese restaurant, I take the disposable chopsticks home with me.","À chaque fois que je vais au restaurant Japonais, j'emporte les baguettes chez moi."
Why don't we just reformat the hard disk? You've been having a lot of trouble with it.,Pourquoi ne pas ré-initialiser le disque dur ? Tu as eu plein de problèmes avec.
You could search the world over and never find another woman more beautiful than Mary.,"Tu pourrais chercher dans le monde entier, jamais tu ne trouveras une femme plus belle que Marie."
"According to a recent study, the average life span of the Japanese is still increasing.","Selon une étude récente, la durée de vie moyenne des Japonais est en constante augmentation."
"According to this magazine, my favorite actress will marry a jazz musician next spring.","Selon ce magazine, mon actrice favorite épousera un musicien de jazz au printemps prochain."
"Before it gets out in the media, I'd like to announce to all my fans that I'm pregnant.","Avant que cela n'apparaisse dans les médias, j'aimerais annoncer à tous mes fans que je suis enceinte."
Corporate borrowing from financial institutions is rising due to the low interest rate.,Les emprunts aux institutions financières par les entreprises sont en augmentation du fait du faible taux d'intérêt.
Governments usually resort to price control when inflation has reached a certain level.,Les gouvernements ont d'ordinaire recours au contrôle des prix lorsque l'inflation a atteint un certain niveau.
"He can't tell a cherry tree from a plum tree, but he can name them in twelve languages.",Il ne peut pas distinguer un cerisier d'un prunier mais il peut les nommer dans douze langues différentes.
He does not care for any sport involving team work or quick responses to other players.,Il n'a pas d'intérêt pour quelque sport impliquant un travail d'équipe ou des réponses rapides à d'autres joueurs.
"He was making a speech, but he abruptly stopped speaking when he heard a strange noise.","Il prononçait un discours, mais il s'arrêta brusquement de parler lorsqu'il entendit un bruit étrange."
I don't think I'll ever sound like a native speaker and I don't really think I need to.,Je ne pense pas que je m'exprimerai jamais comme un locuteur natif et je ne pense pas vraiment que j'en ai besoin.
I don't think I've ever done anything that would cause my parents to want to punish me.,Je ne pense pas avoir jamais fait quoi que ce soit qui aurait fait que mes parents veuillent me punir.
I have a brother and a sister. My brother lives in Tokyo and my sister lives in Nagano.,J'ai un frère et une sœur. Mon frère vit à Tokyo et ma sœur vit à Nagano.
I never for a moment imagined that I would still be doing this kind of thing at my age.,Je n'ai jamais imaginé un seul instant que je serais encore en train de faire ce genre de chose à mon âge.
I never for a moment imagined that I would still be doing this kind of thing at my age.,Je n'ai jamais imaginé un seul instant que je serais toujours en train de faire ce genre de chose à mon âge.
I talked to your doctor. He told me that you needed to stay in bed for at least a week.,J'ai parlé à votre docteur. Il m'a dit que vous aviez besoin de rester au lit au moins une semaine.
I talked to your doctor. He told me that you needed to stay in bed for at least a week.,J'ai parlé à ton docteur. Il m'a dit que tu avais besoin de rester au lit pendant au moins une semaine.
I think it's highly unlikely that we'll ever get any help from the national government.,Je pense qu'il est hautement improbable que nous obtenions jamais la moindre aide du gouvernement national.
I would like to drastically decrease the amount of time it takes me to clean the house.,J'aimerais diminuer de manière drastique la somme de temps que ça me prend de nettoyer la maison.
"If there is nothing near them that needs doing, they are sure to go and find something.","S'il n'y a rien à leur proximité qui doive être fait, il est garanti qu'ils s'en vont trouver quelque chose."
"If we don't have a solution, the least we can do is acknowledge that there's a problem.","Si nous n'avons pas de solution, le moins que l'on puisse faire c'est de reconnaître qu'il y a un problème."
"In Japan, we still sometimes see someone use an abacus, but not as often as we used to.","Au Japon, on voit toujours parfois quelqu'un utiliser un boulier, mais pas aussi souvent que nous en avions l'habitude."
"Last night, we heard sounds of gunshots and screaming on the street outside our window.","La nuit dernière, nous avons entendu des bruits de coups de feu et des cris dans la rue par notre fenêtre."
Nothing is as difficult as coming up with a simple explanation for something difficult.,Rien n'est plus difficile que de trouver une explication simple à quelque chose de compliqué.
People who are afraid of making mistakes will make no progress in English conversation.,Les gens qui ont peur de se tromper ne feront aucun progrès en conversation anglaise.
The eating of delicious food is one of the most intense and poignant pleasures of life.,La consommation de nourriture délicieuse est l'un des plaisirs de la vie les plus intenses et poignants.
"The first time you meet people, you should be careful about how near you stand to them.","La première fois que vous rencontrez une personne, vous devriez être attentif à la proximité avec laquelle vous vous tenez par rapport à elle."
"The first time you meet people, you should be careful about how near you stand to them.","La première fois que tu rencontres une personne, tu devrais être attentif à la proximité avec laquelle tu te tiens par rapport à elle."
"The first time you meet people, you should be careful about how near you stand to them.","La première fois que tu rencontres une personne, tu devrais être attentive à la proximité avec laquelle tu te tiens par rapport à elle."
"The first time you meet people, you should be careful about how near you stand to them.","La première fois que vous rencontrez une personne, vous devriez être attentive à la proximité avec laquelle vous vous tenez par rapport à elle."
"The first time you meet people, you should be careful about how near you stand to them.","La première fois que vous rencontrez une personne, vous devriez être attentifs à la proximité avec laquelle vous vous tenez par rapport à elle."
"The first time you meet people, you should be careful about how near you stand to them.","La première fois que vous rencontrez une personne, vous devriez être attentives à la proximité avec laquelle vous vous tenez par rapport à elle."
"To become a professional banjo player, you need to spend thousands of hours practicing.","Pour devenir un joueur professionnel de banjo, il faut passer des milliers d'heures à pratiquer."
Tom put his ear to the door in an effort to overhear what Mary was saying on the phone.,Tom mit son oreille contre la porte afin d'entendre ce que Marie disait au téléphone.
Tom was charged with drunken driving after he was involved in a car accident in Boston.,Tom a été accusé de conduite en état d'ébriété après avoir été impliqué dans un accident de voiture à Boston.
Tom's the kind of person who calls a spade a spade and a lot of people don't like that.,Tom est le genre de personne qui dit les choses comme elles sont et beaucoup de gens n'aiment pas ça.
Who am I? Where do I come from? Is there life after death? What is the meaning of life?,Qui suis-je ? D'où viens-je ? Y a-t-il une vie après la mort ? Quel est le sens de la vie ?
Would you mind leaving the room for a few minutes so I can ask your son some questions?,Vous voulez bien quitter la pièce pendant quelques minutes afin que je puisse poser quelques questions à votre fils ?
Amnesty International often organizes public protests in support of political prisoners.,Amnistie internationale organise souvent des manifestations en soutien aux prisonniers politiques.
"Before we get started, I'd just like to say a few words about how important this job is.","Avant de commencer, j'aimerais juste dire quelques mots sur l'importance de ce travail."
"Eat a live frog every morning, and nothing worse will happen to you the rest of the day.","Mangez une grenouille vivante chaque matin, et rien de pire ne vous arrivera le reste de la journée."
"I don't know exactly where I left my keys, but I think they're on the dining room table.","Je ne sais pas exactement où j'ai laissé mes clés, mais je pense qu'elles sont sur la table de la salle à manger."
I had to change clothes because what I was wearing wasn't appropriate for the situation.,J'ai dû changer de vêtements parce que ce que je portais ne convenait pas à la situation.
I haven't eaten anything unusual since I've returned home from my trip around the world.,Je n'ai rien mangé d'inhabituel depuis que je suis revenu de mon voyage autour du monde.
"I hope all but one of your dreams come true, so you always have something to strive for.","Je vous souhaite que tous vos rêves se réalisent sauf un, de sorte que vous ayez toujours un but à poursuivre."
"I said all along that he was not a person to be trusted, but you would not listen to me.","J'ai dit depuis le début qu'il n'était pas une personne digne de confiance, mais tu ne voulais rien entendre."
I saw many people who had no clothes and I saw many clothes which had no people in them.,J'ai vu beaucoup de personnes qui ne portaient pas d'habits sur eux et j'ai vu beaucoup d'habits qui n'étaient portés par personne.
"I used to think that only bears hibernate, but the teacher said that turtles do as well.","Je pensais que seuls les ours hibernaient, mais l'institutrice a dit que les tortues le font aussi."
"If everyone shouts at once, we won't be able to hear what the Prime Minister has to say.","Si tout le monde crie en même temps, nous ne pourrons pas entendre ce que le Premier Ministre a à dire."
"It hurt so much I could have screamed, but I gritted my teeth and bravely bore the pain.","C'était si douloureux que j'aurais pu hurler, mais j'ai serré les dents et courageusement supporter la douleur."
Japanese women marry at 26 on average. It is no mystery that the birthrate is declining.,Les femmes japonaises se marient en moyenne à 26 ans. Le déclin du taux de natalité n'est pas mystérieux.
"Laughter is like a windshield wiper. It can't stop the rain, but it lets you move ahead.","Le rire, c'est comme un essuie-glace. Il n'arrête pas la pluie, mais il permet d'avancer."
The Catholic Bible contains everything in the Protestant Bible plus several other books.,La Bible catholique contient tout de la Bible protestante additionné de plusieurs autres livres.
The U.S. Secretary of State is trying to broker a ceasefire between the warring parties.,Le Secrétaire d'État étasunien tente de négocier un cessez-le-feu entre les factions en guerre.
The identity of the boy who had been missing was verified by the clothes he was wearing.,L'identité du garçon qui avait disparu a été vérifiée grâce aux vêtements qu'il portait.
These three hours of driving have worn me out. Let's stop at the first rest area we see.,Ces trois heures au volant m'ont éreinté. Arrêtons-nous à la première aire de repos que nous verrons.
Tom got out of the bathtub and dried himself with the new towel that Mary had given him.,Tom sortit de la baignoire et se sécha avec la nouvelle serviette que Marie lui avait donnée.
"Tom shaved off his beard and dyed his hair blonde, hoping people wouldn't recognize him.",Tom s'est rasé la barbe et teint les cheveux en blond en espérant que les gens ne le reconnaîtraient pas.
What surprised me most about that accident is how fast the lawyers arrived on the scene.,"Ce qui m'a le plus surpris dans cet accident, c'est la rapidité avec laquelle les avocats sont arrivés sur place."
"When I study a foreign language, I like to study with a native speaker of that language.","Quand j'étudie une langue étrangère, j'aime étudier avec un locuteur natif de cette langue."
"You may not be in the mood to hear this now, but I need to tell you something important.","Peut-être n'es-tu pas d'humeur à entendre ça maintenant, mais je dois de dire quelque chose d'important."
You only really need to sound exactly like a native speaker if you want to become a spy.,On a vraiment besoin de parler exactement comme un natif que lorsque l'on veut devenir un espion.
"You're not as beautiful as my ex-girlfriend, but you're a lot more fun to hang out with.","Tu n'es pas aussi belle que mon ex-copine, mais sortir avec toi est bien plus amusant."
Almost the only time a fat man loses his temper is when he has been deprived of his food.,Presque la seule fois où un gros homme perd son sang-froid est lorsqu'on le prive de sa nourriture.
An anonymous benefactor bequeathed several hundred thousand dollars to an animal shelter.,Un bienfaiteur anonyme a fait don de plusieurs centaines de milliers de dollars à un refuge animalier.
"Because of modern communication and transportation systems, the world is getting smaller.","Grâce aux moyens de communication modernes et aux systèmes de transports, le monde a rétréci."
He has a reputation as being straight as an arrow. He'd never get involved in corruption.,Il a la réputation d'être intègre. Il ne serait jamais impliqué dans de la corruption.
I don't want to go anywhere today. It's cold outside and I have to get up early tomorrow.,Je veux aller nulle part aujourd'hui. Il fait froid dehors et je dois me lever tôt demain.
I got together with her mainly because we seemed to share the same feelings about things.,Je me suis mis avec elle principalement pour la raison qu'on semblait partager les mêmes sentiments sur la vie.
I shoot the rabbits in my garden with a squirt gun to keep them away from the vegetables.,Je tire sur les lapins dans mon jardin avec un pistolet à eau pour les tenir éloignés de mes légumes.
I'm getting little pimples on my face. I wonder if I've been getting enough sleep lately.,J'attrape des petits boutons sur le visage. Je me demande si je dors suffisamment ces temps-ci.
"If farmers don't make a decent living growing peanuts, they will try growing other crops.","Si les paysans ne retirent pas un revenu décent de la culture des cacahuètes, ils essayeront d'autres cultures."
"If the university doesn't have enough students, the administration will cancel the class.","Si l'université ne dispose pas de suffisamment d'étudiants, l'administration annulera le cours."
It's very unlikely that a serious art collector would ever buy anything from that source.,Il est très improbable qu'un collectionneur d'art achète jamais quoi que ce soit de cette origine.
"Louis Braille, who was blind from the age of three, invented a way for the blind to read.","Louis Braille, aveugle depuis l'âge de trois ans, inventa un moyen de lire pour les aveugles."
"People say that I dream every night, but if I do, I can't ever remember any of my dreams.","Les gens disent que je rêve toutes les nuits mais si je le fais, je n'arrive jamais à me rappeler aucun de mes rêves."
Please don't make me laugh. I did too many sit-ups yesterday and my stomach muscles hurt.,S'il te plait ne me fais pas rire. J'ai fait trop d'abdominaux hier et mes muscles ventraux me font mal.
"Since I have no children, I have more time to spend doing volunteer work than parents do.","Comme je n'ai pas d'enfants, je dispose de davantage de temps que les parents à consacrer à des travaux volontaires."
"That man asked me who I was, but I didn't think it was necessary to answer that question.","Cet homme m'a demandé qui j'étais, mais je n'ai pas pensé nécessaire de répondre à cette question."
"The flour was past its use-by date, so the cake only rose half as much as it should have.",La farine était périmée donc le gâteau n'a gonflé que de la moitié de ce qu'il aurait dû.
The government will provide interest-free loans to firms that participate in the program.,Le gouvernement allouera des prêts sans intérêts aux sociétés qui participent au programme.
The poor acoustics in the hall severely affected the audience's enjoyment of the concert.,La médiocre acoustique de la salle a sérieusement affecté le plaisir que le public a retiré du concert.
"They say that in America anyone can become president, but perhaps that's not really true.","On dit qu'aux États-Unis d'Amérique, n'importe qui peut devenir Président, mais ce n'est peut-être pas réellement vrai."
Tom certainly had a point when he said we should allow more time to complete the project.,Tom avait certainement un but quand il a dit que nous devrions permettre plus de temps pour compléter le projet.
Tom killed Mary because he found out she had started the fire that had killed his family.,Tom tua Mary parce qu'il a découvert qu'elle était à l'origine du feu qui ravagea sa famille.
Tom killed Mary because he found out she had started the fire that had killed his family.,Tom tua Mary parce qu'il a découvert qu'elle était à l'origine du feu qui tua sa famille.
Tom killed Mary because he found out she had started the fire that had killed his family.,Tom a tué Mary parce qu'il a découvert qu'elle était à l'origine de l'incendie qui a tué sa famille.
"When I got my driver's license renewed, I had to decide if I wanted to be an organ donor.","Quand j'ai fait renouvelé mon permis de conduire, j'ai dû décider si je voulais être donneur d'organe."
"Everything accomplished starts with the dream of it, is a saying we all know to be true.",« Tout ce qui est accompli commence par sa projection » est un dicton dont nous connaissons tous la vérité.
"Why have you started learning to play the piano? ""Because I want to be a music teacher.""",« Pourquoi avez-vous commencé à apprendre le piano ? » « Parce que je veux devenir professeur de musique. »
A brewery we finance has made a new sweet sake and brought some to us asking us to try it.,"Une brasserie que nous finançons a préparé un nouveau saké sucré, et nous en a apporté pour nous demander de l'essayer."
"Although most islands in the ocean have been mapped, the ocean floor is generally unknown.","Bien que la plupart des îles de l'océan aient été cartographiées, les fonds océaniques sont généralement inconnus."
Bodybuilding is his hobby so he has a very firm tight body with lots of muscle definition.,La musculation est son passe-temps c'est pourquoi il a un corps très ferme avec des muscles bien découpés.
"Drinking lots of water is good for you, sure, but one can't drink that much water at once.","Boire beaucoup d'eau est bon pour toi, c'est sûr, mais on ne peut pas boire autant d'eau d'un coup."
"He promised to bring new industries to the region, but politicians rarely keep their word.","Il a promis d'apporter de nouvelles industries à la région, mais les politiciens tiennent rarement leur parole."
I always thought that a stroke was one of nature's ways to tell you that it's time to die.,J'ai toujours pensé qu'un infarctus était la manière dont la nature t'indique qu'il est temps de mourir.
"I am staying with my uncle for the time being, but later I will move to a small apartment.","Je réside avec mon oncle pour le moment, mais plus tard j'emménagerai dans un petit appartement."
I began driving our tractor when I was 12 years old to help my father out at harvest time.,Je conduisais notre tracteur dès l'âge de 12 ans pour aider mon père pendant la moisson.
"I don't know how to play the clarinet very well, but I'm pretty good at playing the flute.","Je ne sais pas très bien jouer de la clarinette, mais je joue assez bien de la flûte."
"I don't know what went on last night, but they're not speaking to each other this morning.","Je ne sais pas ce qui s'est passé hier soir, mais ils ne s'adressent pas la parole ce matin."
I have just received a letter from a friend saying that she is coming to see me next week.,Je viens de recevoir une lettre d'une amie disant qu'elle vient me voir la semaine prochaine.
"I know some of you want to go back to the way things were, but that's not going to happen.",Je sais que certains d'entre vous veulent revenir aux choses telles qu'elles étaient mais ça ne va pas se produire.
"I know some of you want to go back to the way things were, but that's not going to happen.",Je sais que certaines d'entre vous veulent revenir aux choses telles qu'elles étaient mais ça ne va pas se produire.
"I know some of you want to go back to the way things were, but that's not going to happen.",Je sais que certains d'entre vous veulent revenir aux choses telles qu'elles étaient mais ça ne va pas arriver.
"I know some of you want to go back to the way things were, but that's not going to happen.",Je sais que certaines d'entre vous veulent revenir aux choses telles qu'elles étaient mais ça ne va pas arriver.
I'm a non-native speaker of English and realize there is a lot that I still need to learn.,Je suis un locuteur non-natif de l'anglais et je prends conscience que j'ai encore beaucoup à apprendre.
"If Cleopatra's nose had been shorter, the whole face of the world would have been changed.","Le nez de Cléopâtre, s'il eût été plus court, toute la face de la terre aurait changé."
"If I don't go to the supermarket, I won't be able to prepare anything to eat this evening.","Si je ne vais pas au supermarché, je ne pourrais pas préparer quoi que ce soit à manger ce soir."
"If I had eight hours to chop down a tree, I'd spend the first six hours sharpening the ax.","Si j'avais huit heures pour couper un arbre, je passerais les six premières heures à aiguiser la hache."
"Most of the time, he doesn't get to sleep before two or even three o'clock in the morning.","La plupart du temps, il ne s'endort pas avant deux voire trois heures du matin."
One out of 455 women doesn't realize she's pregnant until the twentieth week of pregnancy.,Un femme sur quatre-cent-cinquante-cinq ne prend pas conscience qu'elle est enceinte avant la vingtième semaine de grossesse.
She took advantage of our hospitality and stayed a whole month without paying us anything.,Elle profita de notre hospitalité et resta un mois entier sans rien nous payer.
"Sorry, but it all came about so suddenly that I haven't got a handle on the situation yet.","Désolé, mais tout cela s'est produit si soudainement que je n'ai pas encore pu me charger de la situation."
The cat is sitting on the chair and looking at the meat that's lying on the kitchen table.,Le chat est assis sur la chaise et regarde la viande posée sur la table de la cuisine.
The man who is constantly making decisions and being compelled to alter them gets nowhere.,L'homme qui prend constamment des décisions et est forcé de les altérer ne va nulle part.
The police told the demonstrators that they'd be arrested if they didn't move immediately.,La police indiqua aux manifestants qu'ils seraient arrêtés s'ils ne bougeaient pas immédiatement.
"To improve your fluency, you should try speaking with native speakers as often as you can.","Pour améliorer votre fluidité, vous devriez essayer de parler avec des locuteurs natifs le plus souvent possible."
To reduce misunderstandings we should learn the techniques for communicating successfully.,"Afin de diminuer les incompréhensions, nous devons apprendre les techniques pour communiquer avec succès."
"Tom doesn't like Mary. However, she doesn't particularly care whether he likes her or not.","Tom n'aime pas Mary. Cependant, elle ne se soucie pas particulièrement de savoir si il l'aime ou non."
Tom has enough money to buy any computer in this store. He just needs to decide which one.,Tom a assez d'argent pour acheter n'importe quel ordinateur de ce magasin. Il a seulement besoin de décider lequel.
Tom stole Mary's phone and took a bunch of selfies before sneaking it back into her purse.,Tom vola le téléphone de Mary et prit une série de selfies avant de le remettre discrètement dans son sac à main.
Tom stole Mary's phone and took a bunch of selfies before sneaking it back into her purse.,Tom a volé le téléphone de Marie et a pris un tas de selfies avant de le remettre en douce dans son sac à main.
"We've considered your proposal, and we've decided that we aren't able to reduce the price.",Nous avons pris votre proposition en considération et nous avons décidé que nous ne sommes pas en mesure de réduire le prix.
"When Tom was a kid, he became obsessed with the girl who lived across the street from him.","Lorsque Tom était gosse, il est devenu obsédé par la jeune fille qui habitait en face de chez lui."
You're the only person I know besides me who is actually interested in this kind of thing.,Vous êtes la seule personne que je connaisse à part moi qui soit réellement intéressée par ce genre de truc.
You're the only person I know who doesn't take some kind of medicine at least once a week.,Tu es la seule personne que je connaisse qui ne prend pas un médicament ou un autre au moins une fois par semaine.
"Do you know where this camera was made? ""I think it was made in China, but I'm not sure.""","« Savez-vous où cette caméra a été fabriquée ? » « Je pense qu'elle a été fabriquée en Chine, mais je n'en suis pas sûr. »"
A study found that almost 10% of men were obese in 2008. That was up from about 5% in 1980.,Une étude a montré que presque dix pour cent des hommes étaient obèses en deux-mille-huit. C'était en augmentation en partant d'environ cinq pour cent en mille-neuf-cent-quatre-vingt.
All of your accusations are without foundation. She's innocent and we're going to prove it.,"Toutes vos accusations sont sans fondement, elle est innocente et nous le prouverons !"
"As a rule, I prefer people who deal with matters of this kind directly with those involved.","En règle générale, je préfère les gens qui traitent ce genre de choses directement avec les personnes concernées."
"At the party, one of his political opponents humiliated him in the presence of many guests.","À la fête, un de ses opposants politiques l'a humilié en présence de nombreux invités."
Don't come to me now with that. You should have said something when it originally happened.,Ne viens pas me voir maintenant pour ça. Tu aurais dû en parler dès que c'est arrivé.
"Good friends are like stars. You don't always see them, but you know they are always there.","Les bons amis sont comme les étoiles : on ne les voit pas toujours, mais on sait qu'ils sont toujours là."
He is likely to have a book and a cracker at his meals--and then forget to eat the cracker!,Il a des chances d'avoir un livre et un biscuit pour ses repas...et puis d'oublier de manger le biscuit !
"I like this picture, not just because it is famous, but because it really is a masterpiece.","J'aime ce tableau, pas seulement pour sa renommée, mais parce que c'est vraiment un chef-d'œuvre."
I suggest you have a native speaker read over your report to make sure there are no errors.,"Je suggère que tu fasses relire ton rapport par un natif, pour t'assurer qu'il n'y a pas d'erreurs."
I thought that I could get to the airport on time if I drove a little over the speed limit.,Je pensais que je pourrais me rendre à l'aéroport à temps si je conduisais un peu plus vite que la limite autorisée.
"I'd like to ask you a question, but if this is a bad time, I can come back at another time.","J'aimerais vous poser une question mais si le moment n'est pas propice, je peux revenir à un autre moment."
"I'd like to ask you a question, but if this is a bad time, I can come back at another time.","J'aimerais te poser une question mais si le moment n'est pas propice, je peux revenir à un autre moment."
I'm afraid I'll have to disappoint you. I don't feel like participating in this discussion.,J'ai peur que je vais devoir vous décevoir. Je n'ai pas envie de participer à la discussion.
"If you take a close look, you'll find that your friends and you have similar personalities.","Si vous regardez attentivement, vous constaterez que vos amis et vous avez des personnalités similaires."
"My friend over there is really shy, but he thinks you're cute and he'd like to talk to you.","Mon ami là-bas est vraiment timide, mais il pense que tu es mignonne et il aimerait te parler."
The best parents of all are those who allow their children to follow their natural talents.,Les meilleurs de tous les parents sont ceux qui permettent à leurs enfants de suivre leurs talents naturels.
The important point to note is that both parties offered similar solutions to this problem.,Le point important à noter est que les deux groupes ont proposé des solutions similaires à ce problème.
"The rabbit stood in the middle of the road, mesmerized by the lights of the oncoming truck.","Le lapin se tenait au milieu de la route, hypnotisé par les phares du camion qui arrivait."
"There are times when you need to fight for what's right, even at the risk of your own life.","Il y a des moments où vous devez vous battre pour ce qui est juste, même si c'est au péril de votre vie."
"There were many things that needed my attention, so I didn't get home until after midnight.","Il y avait de nombreuses choses qui requéraient mon attention, je ne suis donc rentré chez moi qu'après minuit."
"There were many things that we wanted to do, but we never got around to doing many of them.","Il y avait de nombreuses choses que nous voulions faire, mais nous ne sommes pas parvenus à faire beaucoup d'entre elles."
"There were many things that we wanted to do, but we never got around to doing many of them.","Il y avait de nombreuses choses que nous voulions faire, mais nous ne sommes pas parvenues à faire beaucoup d'entre elles."
"This figure is supposed to represent Marilyn Monroe, but I don't think it does her justice.","Cette figurine est censée représenter Marilyn Monroe, mais je ne trouve pas qu'elle lui rende justice."
Tom compared a picture taken of Mary three years ago with one that had been taken recently.,Tom compara une photo de Marie d'il y a 3 ans avec une qui a été prise récemment.
67% of those who never smoked said they worried about the health effects of passive smoking.,67% de ceux qui n'ont jamais fumé ont dit qu'ils s'inquiétaient des effets sur la santé de la fumée passive.
"When poverty comes in the door, love flies out the window is a saying as old as it is sad.","« Lorsque la pauvreté passe la porte, l'amour s'envole par la fenêtre » est un adage aussi vieux que triste."
"A ""renovator's dream"" in real estate parlance generally means that the place is a real dump.","Dans le jargon de l'immobilier, un « rêve pour bricoleur » signifie généralement que l'endroit est une vraie décharge."
A slightly lower interest rate could save thousands of dollars over the life of a home loan.,Un taux d'intérêt un peu plus bas peut épargner des milliers de dollars au cours de la durée d'un prêt immobilier.
"According to legend, ghosts would appear in that forest, so people would not set foot there.","Selon la légende, cette forêt serait hantée, aussi les gens n'y mettaient pas les pieds."
"After I graduated from college, I moved back home and lived with my parents for three years.","Après avoir été diplômé de l'école, j'ai de nouveau emménagé chez moi et vécu avec mes parents pendant trois ans."
"After I graduated from college, I moved back home and lived with my parents for three years.","Après avoir été diplômée de l'école, j'ai de nouveau emménagé chez moi et vécu avec mes parents durant trois ans."
Children often want to do things that are dangerous without knowing that they are dangerous.,"Les enfants veulent souvent faire des choses qui sont dangereuses, sans savoir qu'elles sont dangereuses."
"Even though my friend was a vegetarian, I didn't tell him that the soup had some meat in it.","Bien que mon ami fut végétarien, je ne lui dis pas que la soupe contenait de la viande."
"Even though my friend was a vegetarian, I didn't tell him that the soup had some meat in it.","Bien que mon ami soit végétarien, je ne lui ai pas dit que la soupe contenait de la viande."
Hand washing is recommended to prevent the spread of contagious diseases like a coronavirus.,Le lavage des mains est recommandé pour prévenir la propagation de maladies contagieuses comme un coronavirus.
"He gave away his entire fortune to an old friend's daughter, and expected nothing in return.","Il a fait cadeau de toute sa fortune à la fille d'un vieil ami, et n'attendit rien en retour."
"He writes a daily journal, and that inspired me to try doing the same thing, but in English.","Il tient un journal intime, et cela m'a encouragé à faire pareil, mais en anglais."
I don't go to the movies alone because I like to talk to someone about the movie afterwards.,Je ne vais pas au cinéma tout seul parce que j'aime bien parler du film avec quelqu'un après l'avoir vu.
"If she expects them to give her five days off work with pay, she's going to be disappointed.","Si elle s'attend à ce qu'ils lui donnent cinq jours de congés payés, elle va être déçue."
It should be stressed that we are often influenced by advertising without being aware of it.,Il y a lieu de souligner que nous sommes souvent inconsciemment influencés par la publicité.
My sister will have been studying English for ten years when she graduates from her college.,Ma sœur aura étudié l'anglais durant dix ans quand elle obtiendra son diplôme de l'université.
Numbers that can be expressed as fractions of two whole numbers are called rational numbers.,On dit « rationnel » un nombre qui s'exprime en tant que fraction de deux entiers relatifs.
"She asked him to help her father clean the garage, but he said that he was too busy to help.",Elle lui demanda d'aider son père à nettoyer le garage mais il déclara qu'il était trop occupé pour le faire.
"She asked him to help her father clean the garage, but he said that he was too busy to help.",Elle lui a demandé d'aider son père à nettoyer le garage mais il a déclaré qu'il était trop occupé pour le faire.
The bank rate cut is expected to relieve the severe financial squeeze that has hit industry.,On espère que la baisse des taux bancaires soulagera le sévère resserrement financier qui a frappé l'industrie.
The cat was lying stretched out at full length in the sunlight streaming through the window.,"Le chat était étendu de tout son long dans la lumière du soleil, rayonnant par la fenêtre."
"The first time that you meet people, you should be careful about how near you stand to them.","La première fois que tu rencontres une personne, tu devrais être attentive à la proximité avec laquelle tu te tiens par rapport à elle."
Tom began reading that book three weeks ago and he still has only read less than half of it.,Tom a commencé à lire ce livre il y a trois semaines et il en a seulement lu moins de la moitié.
"When I got out of jail, the first thing I wanted to do was to eat at my favorite restaurant.","Quand je suis sorti de prison, la première chose que j'ai voulu faire était de manger dans mon restaurant préféré."
"When we started out, we realized that if we didn't have a good product, we wouldn't succeed.","Lorsque nous avons commencé, nous avons réalisé que si nous ne disposions pas d'un bon produit, nous ne réussirions pas."
"With your permission, I would like to leave the meeting to go pick up my daughter at school.","Avec votre permission, j'aimerais quitter la réunion pour aller chercher ma fille à l'école."
You probably eat genetically modified fruits and vegetables all the time without knowing it.,Vous mangez probablement tout le temps des fruits et des légumes génétiquement modifiés sans le savoir.
A little knowledge of Spanish will go a long way toward making your trip to Mexico enjoyable.,Avoir quelques notions d'espagnol contribuera largement à rendre ton séjour au Mexique plus agréable.
"After he came back from service in Afghanistan, Tom was plagued by flashbacks and nightmares.","Après son retour de services en Afghanistan, Tom était tourmenté par des flashbacks et des cauchemars."
"Certainly he is handsome and intelligent, but there is something about him that I can't like.",Il est certainement beau et intelligent mais il y a quelque chose en lui que je n'arrive pas à aimer.
I just want to let you know that I think you're the most beautiful woman that I've ever seen.,Je veux juste que tu saches que je pense que tu es la plus belle femme que j'ai jamais vue.
I never thought this rubber band would come in handy when I put it in my pocket this morning.,Je n'ai jamais pensé que cet élastique s'avérerait utile lorsque je l'ai mis dans ma poche ce matin.
"In Japan, it rains quite a bit during our rainy season which is from mid-June until mid-July.","Au Japon, il pleut pas mal pendant notre saison des pluies, qui dure de mi-juin à mi-juillet."
"Right now, we have blueberries, blackberries, cherries, strawberries, peaches and nectarines.","À l'heure actuelle, nous avons des myrtilles, des mûres, des cerises, des fraises, des pêches et des nectarines."
Rwandan rebels are pushing their offensive south as fighting continues in the capital Kigali.,"Alors que les combats continuent dans la capitale Kigali, les forces antigouvernementales rwandaises poussent leur offensive vers le sud."
"Since this is your neck of the woods, maybe you can tell us where to find a good pizza joint.","Comme c'est ton bled, peut-être peux-tu nous dire où trouver une bonne pizzeria."
"Since this is your neck of the woods, maybe you can tell us where to find a good pizza joint.","Comme c'est votre bled, peut-être pouvez-vous nous dire où trouver une bonne pizzeria."
The man in charge of the merry-go-round decided to make sure everything was working properly.,L'homme en charge du manège décida de s'assurer que tout fonctionnait correctement.
The only thing that matters is whether or not your teacher thinks your report is good enough.,La seule chose qui compte vraiment est si oui ou non ton professeur pense que ton exposé est assez bon.
The only thing that matters is whether or not your teacher thinks your report is good enough.,La seule chose qui compte vraiment est si oui ou non votre professeur pense que votre exposé est assez bon.
"To laugh at everything that is done or said is stupid, but not to laugh is even more foolish.",Rire de tout ce qui est dit ou fait est idiot mais ne pas rire est encore plus bête.
"Tom insisted he hadn't been drinking, but his slurred speech and unsteady gait gave him away.","Tom a insisté qu'il n'avait pas bu, mais son élocution et sa démarche instable le trahissait."
Tom wondered what Mary would say if she knew he had spent the past week in Boston with Alice.,Tom se demanda ce que Mary penserait si elle savait qu'il avait passé la semaine passée à Boston avec Alice.
We keep our most interesting thoughts and the most interesting side of ourselves hidden away.,Nous gardons secrètes nos pensées les plus intéressantes et la part la plus intéressante de nous-mêmes.
"When we started out, our band could only find small clubs in small cities that would hire us.","Quand nous avons démarré, notre groupe ne pouvait trouver que des petites salles dans de petites villes pour nous engager."
A business cycle is a recurring succession of periods of prosperity and periods of depression.,Le cycle d'une entreprise est une succession de périodes de prospérité et de dépression.
"Abraham Lincoln, the 16th president of the United States, was born in a log cabin in Kentucky.","Abraham Lincoln, le 16e Président des États-Unis, est né dans une fuste au Kentucky."
"Abraham Lincoln, the 16th president of the United States, was born in a log cabin in Kentucky.","Abraham Lincoln, le 16e Président des États-Unis, est né dans une cabane au Kentucky."
"Bear in mind that, under such circumstances, we have no alternative but to find another buyer.","Comprenez bien que dans de telles circonstances, nous n'avons pas d'autres alternatives que de trouver un autre acheteur."
"By the end of the century, the earth will have experienced a dramatic increase in temperature.","D'ici la fin du siècle, la terre aura fait l'expérience d'une alarmante augmentation de la température."
Don't open your mouth if you are not certain that what you want to say is better than silence.,N'ouvre pas la bouche si tu n'es pas certain que ce que tu veux dire vaut mieux que le silence.
"I can't help but feel that if we had gotten to know each other better, we'd have been friends.","Je ne peux pas m'empêcher de penser que si nous avions mieux fait connaissance, nous aurions été amis."
"I can't help but feel that if we had gotten to know each other better, we'd have been friends.","Je ne peux pas m'empêcher de penser que si nous avions mieux fait connaissance, nous aurions été amies."
"I just wanted to tell you that the cookies you made for me the other day were very, very good.","Je voulais juste vous dire que les cookies que vous m'avez préparés l'autre jour étaient très, très bons."
"I realize that this may sound crazy, but I think I've fallen in love with your younger sister.","Je me rends compte que ça a l'air fou, mais je pense que je suis tombé amoureux de votre sœur cadette."
"I realize that this may sound crazy, but I think I've fallen in love with your younger sister.","Je me rends compte que ça a l'air fou, mais je pense que je suis tombé amoureux de ta sœur cadette."
I still have a scar on my left leg from a car accident I was in when I was thirteen years old.,J'ai encore une cicatrice sur ma jambe gauche à la suite d'un accident de voiture dans lequel j'ai été impliqué quand j'avais treize ans.
"I think if I talked more often with a native speaker, my English skills would improve quickly.","Je pense que si je parlais plus souvent avec un locuteur natif anglais, mon niveau d'anglais s'améliorerait rapidement."
"I tried explaining the algebra homework to him, but it just went in one ear and out the other.","Je tentai de lui expliquer le devoir d'algèbre, mais ça rentra juste par une oreille et ça ressortit pas l'autre."
"If camping doesn't float your boat, then you probably don't want to spend the weekend with us.","Si camper n'est pas ton truc, alors tu ne veux probablement pas passer le week-end avec nous."
"If we were supposed to talk more than listen, we would have been given two mouths and one ear.","Si on était censé parler plus qu'on écoute, on serait doté de deux bouches et d'une seule oreille."
"If you want to lose weight, the best thing to do is to eat properly and get a lot of exercise.","Si vous voulez perdre du poids, la meilleure chose à faire est de manger proprement et faire beaucoup d'exercice."
"In conversation, one is likely to find out certain things about the other person quite easily.","Dans une conversation, il est probable que quelqu'un découvre assez facilement certaines choses à propos de l'autre personne."
"In the United States, it takes a minimum of eight years of college to become a medical doctor.","Aux USA, devenir médecin prend un minimum de huit années d'études universitaires."
"It looks like the question was too easy for you. Next time, I'll have to make it a bit harder.","Il semble que la question était trop facile pour toi. La prochaine fois, je devrai en faire une un peu plus difficile."
It's my fault that the cake was burned. I was talking on the phone and didn't notice the time.,Le gâteau a brûlé par ma faute. J'étais au téléphone et n'ai pas fait attention à l'heure.
No person achieves success or happiness when compelled to do what he naturally dislikes to do.,Personne n'atteint au succès ou au bonheur en étant forcé de faire ce qu'il répugne naturellement à faire.
The data cited in King's research is taken from UNESCO's 1970 white paper on world population.,Les données citées dans l'enquête de King proviennent du livre blanc de l'UNESCO de 1970 sur la population mondiale.
The expansion of the Roman empire wiped out a great number of the original European languages.,L'expansion de l'empire romain a pour ainsi dire annihilé une partie significative des langues européennes originelles.
"The wizened, old sorcerer took me under his wing and taught me everything he knew about magic.",Le vieux sorcier ratatiné me prit sous son aile et m'enseigna tout ce qu'il savait de la magie.
There's nothing more annoying than a group of young girls all trying to talk at the same time.,Il n'y a rien de plus embêtant qu'un groupe de jeunes filles qui essayent toutes de parler en même temps.
There's nothing more annoying than a group of young girls all trying to talk at the same time.,"Il n'y a rien de plus embêtant qu'un groupe de jeunes filles qui, toutes, essaient de parler en même temps."
Tom called Mary to tell her that he thought she should stay in Boston for another three weeks.,Tom appela Mary pour lui dire qu'il pensait qu'elle devrait rester trois semaines de plus à Boston.
We very often only come to appreciate someone or our relationship with them when we lose them.,Nous finissons très souvent par apprécier quelqu'un ou notre relation avec lui seulement lorsque nous le perdons.
"When you meet someone for the first time, be careful about how close you stand to that person.","Lorsque vous rencontrez une personne pour la première fois, soyez attentif à la distance à laquelle vous vous en tenez."
"When you meet someone for the first time, be careful about how close you stand to that person.","Lorsque tu rencontres une personne pour la première fois, sois attentif à la distance à laquelle tu te tiens d'elle."
"When you meet someone for the first time, be careful about how close you stand to that person.","Lorsque tu rencontres une personne pour la première fois, sois attentive à la distance à laquelle tu te tiens d'elle."
"When you meet someone for the first time, be careful about how close you stand to that person.","Lorsque vous rencontrez une personne pour la première fois, soyez attentifs à la distance à laquelle vous vous en tenez."
"When you meet someone for the first time, be careful about how close you stand to that person.","Lorsque vous rencontrez une personne pour la première fois, soyez attentive à la distance à laquelle vous vous tenez d'elle."
"When you meet someone for the first time, be careful about how close you stand to that person.","Lorsque vous rencontrez une personne pour la première fois, soyez attentives à la distance à laquelle vous vous en tenez."
You don't know until you've had a child what pain you can feel when something happens to them.,"Vous ne savez pas, jusqu'à ce que vous ayez un enfant, quelle douleur vous pouvez ressentir lorsque quelque chose leur arrive."
A motel is like a hotel only much smaller and is used mostly by people traveling by automobile.,"Un motel ressemble à un hôtel, mais c'est plus petit et utilisé principalement par des gens qui voyagent en voiture."
"As soon as I can get my son to scan our family photos, I'll upload some of them to our website.","Dès que je parviens à faire scanner nos photos de famille par mon fils, j'en téléchargerai sur notre site web."
"For some reason, people have been avoiding me like the plague ever since I got back from India.","Pour une raison quelconque, les gens m'ont évité comme la peste depuis que je suis revenu d'Inde."
"For some reason, people have been avoiding me like the plague ever since I got back from India.","Pour une raison quelconque, les gens m'ont évitée comme la peste depuis que je suis revenue d'Inde."
"I think that Tom and only Tom can do it. However, some people think that Mary could do it, too.","Je crois que Tom seul peut le faire. Toutefois, il y a ceux qui croient que Marie en est également capable."
It's customary for waiters and waitresses to introduce themselves using only their first names.,Il est usuel chez les serveurs et les serveuses de se présenter en n'employant que leur prénom.
"Mary likes to wear clothes with vertical stripes, because she heard they make you look thinner.","Marie aime porter des vêtements avec des rayures verticales, car elle a entendu dire que ça amincissait."
Never work on electrical wiring without unplugging it; it's a bad idea. I know from experience.,Ne jamais travailler sur le câblage électrique sans le débrancher ; c'est une mauvaise idée. Je le sais par expérience.
Never work on electrical wiring without unplugging it; it's a bad idea. I know from experience.,"Il est déconseillé de travailler sur un branchement électrique sans le débrancher, cela est une mauvaise idée. Je le sais de par mon expérience."
"Professional translators quite often specialize in just one field, for example law or medicine.","Les traducteurs professionnels se spécialisent souvent dans un seul domaine, par exemple le droit ou la médecine."
The U.S. Department of Health says people should exercise at least two and a half hours a week.,Le Département de la Santé des USA déclare que les gens devraient faire de l'exercice au moins deux heures et demie par semaine.
The world was on the very brink of nuclear war during the Cuban Missile Crisis in October 1962.,"Le monde était tout au bord d'une guerre nucléaire, lors de la crise des missiles de Cuba, en octobre dix-neuf-cent-soixante-deux."
Tom did not want to throw anything away because he thought that he might need it in the future.,Tom ne voulait rien jeter parce qu'il pensait qu'il pourrait en avoir besoin à l'avenir.
We humans have a great way of twisting facts to fit our conclusion as soon as we have made one.,Nous les humains avons une grande disposition à tordre les faits pour qu'ils s'ajustent à notre conclusion dès lors que nous en avons formé une.
What is considered impolite in one language may not be considered impolite in another language.,Ce qui est considéré comme impoli dans une langue peut ne pas l'être dans une autre.
"What matters in life is not where you are right now, but the direction in which you are headed.","L'important dans la vie, ce n'est pas où tu es maintenant, mais la direction dans laquelle tu te diriges."
"When out at sea, to keep the fish that is caught from spoiling, it is immediately refrigerated.","En mer, pour empêcher le poisson qui est capturé de se gâter, il est immédiatement réfrigéré."
"Acidification of the ocean will, in time, threaten the very existence of the Great Barrier Reef.","L'acidification de l'océan menacera, à un moment, l'existence même de la Grande Barrière de Corail."
Going to church doesn't make you a Christian any more than standing in a garage makes you a car.,Aller à l'église ne fait pas davantage de toi un Chrétien que te tenir dans un garage ne fait de toi une voiture.
"I thought a bunch of people would go water skiing with us, but absolutely no one else showed up.","Je pensais qu'une poignée de gens serait venue faire du ski-nautique avec nous, mais absolument personne ne se manifesta."
"I thought doing this would be easy, but we've been working all day and we're still not finished.","Je pensais que faire cela serait facile, mais nous avons travaillé toute la journée et nous n'avons pas encore terminé."
I'm not kidding you. Some people actually believe that the world is only six thousand years old.,Je ne me moque pas de vous. Certaines personnes croient vraiment que le monde n'a que six mille ans.
"If you went straight home like you said you did, how come I saw your car parked outside the pub?","Si tu es rentré directement à la maison comme tu l'as dit, comment ça se fait que j'ai vu ta voiture garée devant le pub ?"
It's not uncommon for people to give fake personal information when registering to use websites.,Ce n'est pas inhabituel pour les gens de donner de fausses informations quand ils s'inscrivent à des sites web.
It's often said that the best way to learn a foreign language is to learn from a native speaker.,On dit souvent que le meilleur moyen d'apprendre une langue étrangère est d'apprendre avec un locuteur natif.
"Most of the plain, simple, everyday things he desires can be secured by people of average means.","La plupart des choses ordinaires, simples et quotidiennes qu'il désire peut être obtenue par des gens au revenu moyen."
"Mozart wrote brilliant, complex musical compositions as easily as you or I would write a letter.",Mozart a écrit de brillantes et complexes compositions musicales aussi facilement que toi ou moi écririons une lettre.
"People can begin to love when they choose, but they have no choice when it comes to ending love.",Les gens peuvent se mettre à aimer lorsqu'ils le veulent mais ils n'ont pas de choix lorsqu'il s'agit d'arrêter d'aimer.
She would often bring home table scraps from the restaurant where she worked to feed to her dog.,Elle ramenait souvent des restes du restaurant où elle travaillait pour donner à manger à son chien.
"Since I haven't received an answer, I was wondering if maybe my mail never got delivered to you.","Étant donné que je n'ai reçu aucune réponse, je me demandais s'il était possible que mon courrier ne vous ait jamais été livré."
"To have more than one problem before him at one time makes him irritable, upset and exasperated.","Avoir devant lui plus d'un problème à la fois le rend irritable, contrarié et exaspéré."
You will receive a confirmation email after your account has been activated by an administrator.,Vous allez recevoir une confirmation par courriel après l'activation de votre compte par un administrateur.
Blood spatter analysis plays an important role in determining what has happened at a crime scene.,L'analyse des éclaboussures de sang joue un rôle important dans la détermination de ce qui s'est produit sur un lieu de crime.
Carbon monoxide is a poisonous substance formed by the incomplete combustion of carbon compounds.,Le monoxyde de carbone est une substance mortelle qui résulte de la combustion incomplète de composés carbonés.
"Culture plays a dynamic role in shaping an individual's character, attitude, and outlook on life.","La culture joue un rôle actif dans la formation chez un individu du caractère, de l'attitude et du regard sur la vie."
"Days turned into weeks, weeks turned into months and, before we knew it, another year had passed.","Les jours se sont transformés en semaines, les semaines en mois et, avant même que nous nous en rendions compte, une autre année s'était écoulée."
Did you know that the crane is a migratory bird and that it can lift up to one hundred kilograms?,Savais-tu que la grue était un oiseau migrateur et qu'elle pouvait porter jusqu'à cent kilogrammes ?
Fewer and fewer people are working to support more and more people living on government benefits.,De moins en moins de gens travaillent à assister de plus en plus de gens vivant des subsides du gouvernement.
Hackers were able to break into the company's computer system and undermine its network security.,Des pirates informatiques ont été en mesure de s'introduire dans le système informatique de l'entreprise et de saper la sécurité de son réseau.
He is usually straightforward and sincere and thereby gains the confidence of those who meet him.,Il est d'ordinaire direct et sincère et gagne ainsi la confiance de ceux qui le rencontrent.
"I have a lot to do today, so if you don't mind, I'd like to have this discussion at another time.","J'ai fort à faire aujourd'hui alors, si ça ne vous dérange pas, j'aimerais avoir cette discussion une autre fois."
"I have a lot to do today, so if you don't mind, I'd like to have this discussion at another time.","J'ai beaucoup à faire aujourd'hui alors, si ça ne te dérange pas, j'aimerais avoir cette discussion une autre fois."
"I have no strong opinion about the matter, so whatever the majority thinks is good is OK with me.","Je n'ai pas d'opinion tranchée sur la question, donc quoi que pense la majorité me convient."
"I tried to stay inside the house all day, but I ended up going outside and sitting in the garden.","J'ai essayé de rester dans la maison toute la journée, mais j'ai fini par sortir m'asseoir dans le jardin."
"If you calculate the electric field using this equation, the result comes out like the following.","En utilisant cette équation pour calculer le champ électrique, le résultat vient comme ci-après."
"If you want to achieve the kind of success that I think you do, then you'll have to study harder.","Si tu veux obtenir le genre de succès que je pense que tu veux, alors tu devras étudier davantage."
"Instead of focusing on the ways that we're different, let's focus on the ways that we're similar.","Au lieu de nous concentrer sur ce qui nous est différent, concentrons-nous sur ce qui nous est similaire."
"Monday, Tuesday, Wednesday, Thursday, Friday, Saturday and Sunday are the seven days of the week.","Lundi, mardi, mercredi, jeudi, vendredi, samedi et dimanche sont les sept jours de la semaine."
"When you have eliminated the impossible, whatever remains, however improbable, must be the truth.","Lorsque l'on a éliminé l'impossible, tout ce qui reste, quoiqu'improbable, doit être la vérité."
"Apart from a filing tray full of papers on the desk, everything else in the room was on the floor.","En dehors d'une classeur plein de papiers sur le bureau, tout le reste dans la pièce était par terre."
"From personal experience, I know that any encounter with him will leave a bad taste in your mouth.","Selon mon expérience personnelle, je sais que la moindre rencontre avec lui vous laisse un mauvais goût dans la bouche."
"From personal experience, I know that any encounter with him will leave a bad taste in your mouth.","Selon mon expérience personnelle, je sais que la moindre rencontre avec lui te laisse un mauvais goût dans la bouche."
"From personal experience, I know that any encounter with him will leave a bad taste in your mouth.","Selon mon expérience personnelle, je sais que la moindre rencontre avec lui laisse un mauvais goût dans la bouche."
He had gone there to help garbage workers strike peacefully for better pay and working conditions.,Il est allé là-bas pour aider les éboueurs à se mettre en grève pacifiquement pour réclamer un salaire plus élevé et de meilleures conditions de travail.
I heard that one way to stay healthy is to avoid eating any food with unpronounceable ingredients.,J'ai entendu dire qu'une manière de rester en bonne santé est d'éviter de manger de la nourriture contenant des ingrédients imprononçables.
I think it's unlikely that the next version of Windows will come out before the end of this month.,Je crois qu'il est improbable que la prochaine version de Windows sorte avant la fin de ce mois-ci.
I wanted to know if you'd heard anything about what's going to be discussed at tomorrow's meeting.,Je voulais savoir si vous aviez entendu quelque chose sur ce qui va être discuté à la réunion de demain.
"I wasn't really doing much of anything, so I decided it'd be a good idea to walk down to the cafe.","Je foutais pas grand-chose, alors j'ai décidé que ce serait une bonne idée de marcher jusqu'au café."
I've kept my weight down even though many of my friends have gained weight as they've grown older.,J'ai contenu mon poids alors même que beaucoup de mes amies en ont gagné tandis qu'elles prenaient de l'âge.
"It is said that Japanese people are kind to people they know, but rather cold to those they don't.","On dit que les Japonais sont gentils avec ceux qu'ils connaissent, mais plutôt froids avec ceux qu'ils ne connaissent pas."
"Sooner or later, every parent has to have a talk with their children about the birds and the bees.","Tôt ou tard, tous les parents doivent avoir une conversation avec leurs enfants au sujet des roses et des choux."
Tom told Mary that he thought a hippopotamus could run at a speed of about 30 kilometers per hour.,Tom a dit à Mary qu'il pensait qu'un hippopotame pouvait courir à une vitesse d'environ trente kilomètres par heure.
"When your friends begin to flatter you on how young you look, it's a sure sign you're getting old.","Quand vos amis commencent à vous dire que vous ne faites pas votre âge, c'est le signe infaillible que vous vieillissez."
You know that your English is good when people stop complimenting you on how good your English is.,Vous savez que votre anglais est bon lorsque les gens arrêtent de vous en complimenter.
Chinese officials say economic growth has dropped to a three-year low because of the world economy.,Les officiels chinois disent que la croissance économique est tombée à son plus bas niveau depuis trois ans en raison de l'économie mondiale.
"Girls begin puberty around the ages of ten to eleven, and boys around the ages of eleven to twelve.",Les filles commencent leur puberté aux environs de dix ou onze ans et les garçons autour de onze ou douze.
I can't believe that you aren't at least willing to consider the possibility of other alternatives.,Je n'arrive pas à croire que vous ne soyez pas au moins disposé à envisager d'autres possibilités.
I can't believe that you aren't at least willing to consider the possibility of other alternatives.,Je n'arrive pas à croire que vous ne soyez pas au moins disposée à envisager d'autres possibilités.
I can't believe that you aren't at least willing to consider the possibility of other alternatives.,Je n'arrive pas à croire que vous ne soyez pas au moins disposés à envisager d'autres possibilités.
I can't believe that you aren't at least willing to consider the possibility of other alternatives.,Je n'arrive pas à croire que vous ne soyez pas au moins disposées à envisager d'autres possibilités.
I can't believe that you aren't at least willing to consider the possibility of other alternatives.,Je n'arrive pas à croire que tu ne sois pas au moins disposé à envisager d'autres possibilités.
I can't believe that you aren't at least willing to consider the possibility of other alternatives.,Je n'arrive pas à croire que tu ne sois pas au moins disposée à envisager d'autres possibilités.
I can't believe that you aren't at least willing to consider the possibility of other alternatives.,Je n'arrive pas à croire que tu ne sois pas tout au moins disposé à envisager d'autres possibilités.
I can't believe that you aren't at least willing to consider the possibility of other alternatives.,Je n'arrive pas à croire que tu ne sois pas tout au moins disposée à envisager d'autres possibilités.
I can't believe that you aren't at least willing to consider the possibility of other alternatives.,Je n'arrive pas à croire que vous ne soyez pas tout au moins disposées à envisager d'autres possibilités.
I can't believe that you aren't at least willing to consider the possibility of other alternatives.,Je n'arrive pas à croire que vous ne soyez pas tout au moins disposés à envisager d'autres possibilités.
I can't believe that you aren't at least willing to consider the possibility of other alternatives.,Je n'arrive pas à croire que vous ne soyez pas tout au moins disposée à envisager d'autres possibilités.
I can't believe that you aren't at least willing to consider the possibility of other alternatives.,Je n'arrive pas à croire que vous ne soyez pas tout au moins disposé à envisager d'autres possibilités.
"I can't change the direction of the wind, but I can adjust my sails to always reach my destination.","Je ne peux pas changer la direction du vent, mais je peux ajuster mes voiles pour toujours atteindre ma destination."
"I don't like snack bars. They're expensive, noisy, and full of the smell of tobacco and fried food.","Je n'aime pas les snack-bars. C'est cher, bruyant, et ça pue le tabac et la friture."
"I told you not to play your cello late at night, but you did and now the neighbors have complained.","Je t'avais dit de ne pas jouer de violoncelle tard la nuit, mais tu l'as fait et maintenant les voisins se sont plaints."
I'm begging you. Don't make me laugh. I did too many sit-ups yesterday and my stomach muscles hurt.,Je t'en supplie. Ne me fais pas rire. J'ai fait trop d'abdominaux hier et mes muscles ventraux me font mal.
"If you were a spy trying to pass as a native speaker and said it that way, you'd likely get caught.","Si tu étais un espion essayant de te faire passer pour un natif et que tu le disais de cette manière, il est probable que tu te ferais prendre."
It never occurred to me to take a picture of how the garden looked before we started pulling weeds.,"Il ne m'est jamais venu à l'esprit de prendre une photo de ce que le jardin avait l'air, avant que nous ne commencions à arracher les mauvaises herbes."
It's difficult to remember how to speak a language if you don't have any opportunities to speak it.,C'est difficile de se rappeler comment parler une langue si vous n'avez pas d'occasion de la parler.
"No matter how busy Tom gets, he never forgets to write an email to his mother at least once a week.","Même si Tom est occupé, il n'oublie jamais d'écrire un courriel à sa mère au moins une fois par semaine."
"Since in this organization they're all chiefs and no Indians, it's a wonder any decisions get made.","Vu que dans cette organisation, il n'y a que des chefs et pas d'indiens, c'est un miracle que quelque décision soit effectuée."
Some people clung to tree branches for several hours to avoid being washed away by the floodwaters.,"Certaines personnes étaient accrochées à des branches d'arbres durant plusieurs heures, afin d'éviter d'être emportées par les eaux."
"The handyman was supposed to arrive at twelve noon, but got stuck in a traffic jam for a few hours.","Le réparateur devait arriver à midi, mais il s'est retrouvé coincé dans des bouchons pendant plusieurs heures."
The press has been hounding the president nonstop about reneging on his promise not to raise taxes.,La presse n'a eu de cesse de pourchasser le Président au sujet de son renoncement à sa promesse de ne pas augmenter les impôts.
Tom did everything within his power to save the children that were trapped in the burning building.,Tom fit tout ce qu'il put pour sauver les enfants pris au piège dans le bâtiment en flammes.
Tom had to sleep in the living room on the couch because Mary's dog didn't let him get in his room.,"Tom a dû dormir dans le salon sur le canapé, parce que le chien de Maria ne l'a pas laissé entrer dans la chambre."
"You can accelerate as much as you want, but since the car's in neutral, we won't be going anywhere.","Tu peux toujours accélérer, vu qu'on est au point mort, on va aller nulle part."
"You will never get far without the co-operation, confidence and comradeship of other men and women.","Vous n'irez jamais loin sans la coopération, la confiance et la camaraderie des autres hommes et femmes."
A high proportion of crime in any country is perpetrated by young males in their teens and twenties.,"Une proportion élevée des crimes, dans quelque pays que ce soit, est perpétrée par de jeunes individus mâles, avant leurs trente ans."
"Although I have studied English at school for the past six years, I'm still not good at speaking it.","Bien qu'ayant étudié l'anglais à l'école ces six dernières années, je ne le parle toujours pas bien."
"Despite the government's protection, he was the victim of an assassination attempt which killed him.","En dépit de la protection du gouvernement, il fut la victime d'une tentative d'assassinat qui le tua."
Giving up smoking is the easiest thing in the world. I know because I've done it thousands of times.,"S'arrêter de fumer, c'est ce qu'il y a de plus facile. Je le sais bien pour l'avoir fait moi-même des milliers de fois."
He insists on things being done in the most efficient way and he usually does them that way himself.,Il insiste pour que les choses soient réalisées de la manière la plus efficace et les réalise lui-même de cette façon.
I think all the coffee that I've been drinking in the afternoon is why I haven't been sleeping well.,Je pense que tout le café que j'ai bu dans l'après-midi est la raison pour laquelle je ne dors pas bien.
I think it's unlikely that aliens similar to what we see in the movies have ever visited our planet.,Je crois qu'il est improbable que des extraterrestres comme ceux que nous voyons dans les films aient jamais visité notre planète.
"If you spend too much time in the sun without putting on sunscreen, you are likely to get a sunburn.","Si tu passes trop de temps au soleil sans mettre de crème solaire, il est probable que tu attrapes un coup de soleil."
"If you spend too much time in the sun without putting on sunscreen, you are likely to get a sunburn.","Si vous passez trop de temps au soleil sans mettre de crème solaire, il est probable que vous attrapiez un coup de soleil."
"If you spend too much time in the sun without putting on sunscreen, you are likely to get a sunburn.","Si on passe trop de temps au soleil sans mettre de crème solaire, il est probable qu'on attrape un coup de soleil."
It took me a lot less time to housebreak my German shepherd than it took to housebreak my other dog.,Ça m'a pris beaucoup moins de temps pour domestiquer mon berger allemand que mon autre chien.
The bank had the gall to charge a late fee for a payment held up when their online services crashed.,La banque a eu le culot d'imputer des frais de retard pour un paiement retardé lorsque leur service en ligne s'est planté.
The judge asked the defendant if he knew the difference between telling the truth and telling a lie.,Le juge a demandé à l'accusé s'il connaissait la différence entre dire la vérité et dire un mensonge.
There have been a lot of complaints from consumers that our products don't last as long as we claim.,Il y a eu de nombreuses réclamations de consommateurs sur le fait que nos produits ne durent pas aussi longtemps que nous le prétendons.
"Unless you started learning English as a child, you're unlikely to ever sound like a native speaker.","À moins d'avoir commencé, enfant, à apprendre l'anglais, il est improbable de jamais passer pour un locuteur natif."
"When we started out designing web pages, we were the only ones doing it in this part of the country.","Quand nous avons commencé à concevoir des pages web, nous étions les seuls à le faire dans cette partie du pays."
You get tired of a beautiful woman after three days. You get used to an ugly woman after three days.,On se fatigue d'une belle femme après trois jours. On s'habitue à une femme laide au bout de trois jours.
"As an Englishman, he is particularly sensitive to the differences between English and American usage.","En tant qu'Anglais, il est particulièrement sensible aux différences entre les usages anglais et étasunien."
"Before I get out of bed, I spend a little time thinking about what I'll be doing the rest of the day.","Avant de sortir du lit, je passe un peu de temps à songer à ce que je vais faire le reste de la journée."
"From the position of the wounds on the body, the police could tell that the attacker was left-handed.","À partir de la position des blessures sur le corps, la police a pu déclarer que l'attaquant était gaucher."
"I can't give you the exact numbers off the top of my head, but I'll look into it and get back to you.","Je ne peux pas vous donner les nombres exacts de tête, mais je vais me renseigner et je vous recontacterai."
"I know it doesn't look like it, but I've actually gotten rid of a lot of stuff out of the spare room.","Je sais que ça n'y ressemble pas, mais je me suis vraiment débarrassé de nombreuses choses provenant de la pièce annexe."
"I looked in my closet for something to wear, but couldn't find anything appropriate for the occasion.","J'ai cherché dans ma garde-robe quelque chose à porter, mais je n'ai rien pu trouver qui convienne à l'occasion."
"I thought that doing this would be easy, but we've been working all day and we're still not finished.","Je pensais que ce serait facile à faire, mais nous avons travaillé dessus toute la journée et nous n'avons toujours pas fini."
I've heard that people who eat vegetables and fruit every day are less likely to have a heart attack.,J'ai entendu dire que les gens qui mangent des fruits et légumes tous les jours ont moins de chance d'avoir une attaque cardiaque.
"If you're tired of arguing with strangers on the Internet, try talking with one of them in real life.","Si vous êtes fatigué de débattre avec un inconnu sur Internet, essayez de parler à l'un d'entre eux dans la vraie vie."
"She advised him to take a long holiday, so he immediately quit work and took a trip around the world.","Elle lui recommanda de prendre de longues vacances, il quitta donc immédiatement le travail et partit en voyage autour du monde."
"She advised him to take a long holiday, so he immediately quit work and took a trip around the world.","Elle lui a recommandé de prendre de longues vacances, il a donc quitté immédiatement le travail et est parti en voyage autour du monde."
The natives of the North-West Pacific Coast of America were probably descendants of tribes from Asia.,Les indigènes de la côte américaine nord-ouest du Pacifique étaient probablement les descendants de tribus originaires d'Asie.
"Tom and Mary booked a room with two beds, but when they arrived at the hotel, there was only one bed.","Tom et Mary ont réservé une chambre avec deux lits, mais quand ils sont arrivés à l'hôtel, il n'y avait qu'un lit."
Tom was taking a selfie on the edge of the volcano when he lost his footing and fell into the crater.,Tom prenait un selfie au bord du volcan lorsqu'il a perdu l'équilibre et est tombé dans le cratère.
"If you're tired, why don't you go to sleep? ""Because if I go to sleep now I will wake up too early.""","« Si t'es fatigué, pourquoi ne vas-tu pas dormir ? » « Parce que si j'vais dormir tout de suite, je me réveillerai trop tôt. »"
"Tom gave Mary a box of chocolates and one long-stemmed rose for her birthday. ""That's really sweet.""",« Tom a offert à Marie une boite de pralines et une rose à longue tige pour son anniversaire. » « C'est vraiment mignon. »
"Every student of biology, anatomy, anthropology, ethnology or psychology is familiar with these facts.","Tout étudiant en biologie, anatomie, anthropologie, ethnologie ou psychologie est familier de ces faits."
I was just wondering if I could borrow three hundred dollars from you. I can pay you back next Monday.,Je me demandais juste si je pouvais t'emprunter trois cents dollars. Je peux te rembourser lundi prochain.
"Visible from space, the Great Barrier Reef is the largest structure on Earth made by living organisms.","Visible depuis l'espace, la Grande Barrière de Corail est la plus grande structure sur Terre construite par des organismes vivants."
"When you watch television or listen to the radio, the music which you hear is often African in origin.","Lorsque vous regardez la télévision ou écoutez la radio, la musique que vous entendez est souvent d'origine africaine."
"You say I should know him quite well, but as a matter of fact, I was introduced to him only last week.","Tu dis que je le connais bien, mais en réalité, on me l'a présenté la semaine dernière."
You should make sure that you get there on time. Tom won't wait more than ten minutes if you are late.,Tu devrais vérifier que tu seras à l'heure. Tom ne t'attendra pas plus de dix minutes.
"After the hatchet job my boss did on my proposal, I'm not sure how long I want to keep on working here.","Après le travail d'abattage que le patron a fait sur mes suggestions, je ne suis pas sûr de vouloir travailler encore longtemps ici."
Another interesting source of energy is the heat that can be recovered from radioactive waste material.,Une autre source intéressante d'énergie est la chaleur qui peut être récupérée dans les matériaux à déperdition radioactive.
"Disconnect the power cable from the modem, wait for approximately one minute, then reconnect the cable.","Déconnectez l'alimentation du modem, attendez environ une minute, puis connectez de nouveau le câble."
"Disconnect the power cable from the modem, wait for approximately one minute, then reconnect the cable.","Déconnecte l'alimentation du modem, attends environ une minute, puis connecte de nouveau le câble."
I never see a library without wishing I had time to go there and stay till I had read everything in it.,Je ne vois jamais une bibliothèque sans souhaiter avoir le temps de m'y rendre et d'y rester jusqu'à ce que j'y aie tout lu.
"If you'd listen a little more carefully to what the teacher says, you'd probably be able to understand.","Si tu écoutais un peu plus attentivement ce que dit le prof, tu serais probablement capable de comprendre."
"In retrospect, it may seem obvious that we shouldn't have been burning our trash so close to our house.","Rétrospectivement, il peut sembler évidemment que nous n'aurions pas dû brûler nos ordures si près de chez nous."
"Next time I switch jobs, I need work that will let me make use of the experience I've gained up to now.","La prochaine fois que je change d'emploi, j'ai besoin d'un travail qui me permettra de mettre à profit l'expérience que j'ai acquise jusqu'à maintenant."
The body and the mind of man are so closely bound together that whatever affects one affects the other.,Le corps et l'esprit de l'homme sont si étroitement liés l'un à l'autre que quoi qu'il arrive à l'un affecte l'autre.
The city library underwent extensive renovations and can now accommodate twice as many books as before.,La bibliothèque municipale a été complètement rénovée et offre désormais deux fois plus d'espace pour les livres qu'auparavant.
"When I visited my hometown this summer, I found the city different from what it had been ten years ago.","En visitant ma ville natale cet été, je l'ai trouvée différente de ce qu'elle était dix ans auparavant."
"Between meals, he usually manages to stow away a generous supply of candy, ice cream, popcorn and fruit.","Entre les repas, il s'arrange d'ordinaire pour mettre de côté une abondante réserve de sucreries, de crème glacée, de pop-corn et de fruits."
I think Tom and Mary will be able to buy ice skates their sizes at the sports store near the art museum.,Je pense que Tom et Mary pourront acheter des patins à glace à leur taille dans le magasin d'articles de sport près du musée d'art.
Poverty does more to bring out the worst in people and conceal the best than anything else in the world.,"La pauvreté contribue, plus que toute autre chose au monde, à faire ressortir le pire des gens et à dissimuler le meilleur."
"Some people think that it is difficult for a native speaker of English to learn Chinese, but I disagree.","Certains pensent qu'il est difficile pour un anglophone natif d'apprendre le chinois, mais je ne suis pas d'accord."
The world's greatest singers and most of its famous musicians have been fat or at least decidedly plump.,"Les plus grands chanteurs du monde et la plupart de ses musiciens renommés, ont été gros ou tout au moins vraiment enrobés."
"Tom thinks he knows how much money Mary makes, but Mary makes quite a bit more than Tom thinks she does.","Tom pense savoir combien d'argent Mary gagne, mais Mary se fait bien plus que ce que Tom pense."
"When I got out of prison, I couldn't find a job anywhere near my home since no one would hire an ex-con.","Lorsque je suis sorti de prison, je ne pouvais trouver un emploi où que ce soit près de chez moi, car personne ne voulait employer un ex-détenu."
"You may take photos of the outside of this museum, but you may not take pictures of the exhibits inside.","Vous pouvez prendre des photos de l'extérieur de ce musée, mais vous ne pouvez pas prendre de photos des objets exposés à l'intérieur."
"A lot of people would like to become famous. However, a lot of famous people wish they weren't so famous.","Beaucoup de gens voudraient être connus. Cependant, beaucoup de gens célèbres aimeraient ne pas être aussi connus."
"During hard times, people might not go on a trip, but they might be willing to pay extra for good coffee.","Quand les temps sont durs, les gens peuvent ne pas partir en voyage mais ils peuvent être disposés à payer davantage pour du café de bonne qualité."
"Her sewing basket, dresser drawers and pantry shelves are all systematically arranged in apple-pie order.","Son panier de couture, les tiroirs de son vaisselier et les étagères de son garde-manger sont tous systématiquement ordonnés de manière impeccable."
I'd love to be a fly on the wall at the meeting of the senior executives about the future of the company.,J'aimerais être une petite souris lors de la réunion des dirigeants sur l'avenir de la société.
"My friend likes to live in the city, but his wife prefers to live in their little cottage in the country.","Mon ami aime vivre en ville, mais sa femme préfère habiter dans leur petite maison de campagne."
"Since there are rice paddies near my house, I often hear frogs croaking all night long this time of year.","Comme il y a des rizières à côté de chez moi, j'entends souvent des grenouilles coasser toute la nuit, à cette époque de l'année."
"Some superstitious people in America believe that if a black cat crosses your path, you'll have bad luck.","Certaines personnes superstitieuses en Amérique, croient que si un chat noir croise votre chemin, vous aurez de la malchance."
Thomas A. Edison so loves his work that he sleeps an average of less than four hours of each twenty-four.,Thomas Edison adore tellement son travail qu'il dort en moyenne moins de quatre heures toutes les vingt-quatre heures.
"What's important isn't which university you've graduated from, but what you learned while you were there.","L'important, ce n'est pas l'université où tu as obtenu ton diplôme, mais ce que tu as appris lorsque tu y étais."
"I'd like to hold a staff meeting first thing tomorrow afternoon, so could you reserve the conference room?","J'aimerais organiser une réunion du personnel demain en début d'après-midi, donc pourriez-vous réserver la salle de conférence ?"
"If your spouse is a politician, then likely your name will also appear in the newspaper from time to time.","Si votre conjoint est un politicien, alors votre nom apparaîtra probablement dans le journal de temps en temps."
"It's a lot of trouble to write my name, because it takes 50 strokes to write both my first and last names.","C'est assez pénible d'écrire mon nom, parce que mon nom de famille et mon prénom comptent 50 traits au total."
"Last year, I spent so much time by myself that I almost forgot how to communicate effectively with others.","L'année passée, j'ai passé tant de temps tout seul que j'ai presque oublié comment communiquer de manière efficace avec les autres."
Nothing will determine our success as a nation in the 21st century more than how well we educate our kids.,Rien ne déterminera plus notre succès en tant que nation du 21e siècle que la façon dont nous éduquons nos enfants.
Tom wondered if Mary would think that eight in the morning was too early for him to open a bottle of wine.,Tom se demanda si Mary penserait que huit heures du matin était trop tôt pour qu'il ouvre une bouteille de vin.
"We can argue about how to best achieve these goals, but we can't be complacent about the goals themselves.","Nous pouvons débattre de la meilleure manière d'atteindre ces objectifs, mais nous ne pouvons pas être complaisants au sujet des objectifs même."
We still have more than halfway to go to get to the top of the mountain. Are you really already exhausted?,Nous avons encore plus de la moitié du chemin à parcourir pour atteindre le sommet. Es-tu vraiment déjà fatigué ?
We still have more than halfway to go to get to the top of the mountain. Are you really already exhausted?,Nous avons encore plus de la moitié du chemin à parcourir pour atteindre le sommet. Êtes-vous vraiment déjà fatiguée ?
We still have more than halfway to go to get to the top of the mountain. Are you really already exhausted?,Nous avons encore plus de la moitié du chemin à parcourir pour atteindre le sommet. Êtes-vous vraiment déjà fatiguées ?
We still have more than halfway to go to get to the top of the mountain. Are you really already exhausted?,Nous avons encore plus de la moitié du chemin à parcourir pour atteindre le sommet. Êtes-vous vraiment déjà fatigués ?
What is important is not which university you've graduated from but what you've learned in the university.,"Ce qui est important n'est pas de quelle université tu es diplômé, mais ce que tu as appris à cette université."
"When I woke up today, I yawned, stretched, rubbed the sleep out of my eyes, and put on a pair of slippers.","Lorsque je me suis réveillé ce matin, j'ai baillé, me suis étiré, j'ai frotté le sommeil de mes yeux et j'ai enfilé une paire de pantoufles."
"Cats are like girls. If they talk to you it's great, but if you try to talk to them, it doesn't go so well.","Les chats sont comme les filles. S'ils vous parlent, c'est super, mais si vous essayez de leur parler, ça ne se passe pas si bien."
"He got tired of being the devil's advocate and now agrees with every idea they suggest, no matter how dumb.","Il fut fatigué d'être l'avocat du diable et maintenant accepte chaque idée qu'ils proposent, peu importe qu'elle soit idiote."
"Incidentally, this room doesn't have anything like an air conditioner. All it has is a hand-held paper fan.","Du reste, cette pièce n'est pourvue de rien de tel qu'un climatiseur. Tout ce dont elle dispose est un éventail."
Providing energy to the poor without destroying the planet any further is this century's biggest challenge.,Fournir de l'énergie aux pauvres sans continuer à détruire la planète est le plus grand défi de ce siècle.
"The American news is reporting that Hurricane Irene is as big as Europe, which is a bit of an exaggeration.","Les nouvelles américaines rapportent que l'ouragan Irene est aussi gros que l'Europe, ce qui est un peu exagéré."
We're gonna make sure that no one is taking advantage of the American people for their own short-term gain.,Nous allons nous assurer que personne ne tire avantage du peuple étasunien pour son propre profit à court terme.
Give a man a fish and you feed him for a day. Teach a man to fish and you feed him for the rest of his life.,"Donne un poisson à un homme, il mangera un jour. Apprends-lui à pêcher, il mangera toute sa vie."
Tom is respected in the business community because he is always fair and square in his dealings with others.,Tom est respecté dans la communauté des affaires parce qu'il est toujours juste et honnête dans ses rapports avec les autres.
"Tom told me that Mary was good at playing the piano, but I didn't really believe him until I heard her play.","Tom m'a dit que Mary jouait bien du piano, mais je ne l'ai pas vraiment cru jusqu'à ce que je l'entende jouer."
"We can't leave our tents on the beach where they are now. If we do, they'll be under water during high tide.","Nous ne pouvons laisser nos tentes sur la plage où elles sont actuellement. Si nous le faisons, elles se trouveront sous l'eau à la marée haute."
"Eight years ago, we were in the early stages of what would become the worst economic crisis of our lifetimes.","Il y a huit ans, nous étions au début de ce qui allait devenir la pire crise économique de notre existence."
"I know it's kind of late, but would you mind if I came over now? I have something I need to discuss with you.",Je sais qu'il est assez tard mais cela te dérangerait-il que je vienne chez toi maintenant ? J'ai quelque chose qu'il me faut discuter avec toi.
"I know it's kind of late, but would you mind if I came over now? I have something I need to discuss with you.",Je sais qu'il est assez tard mais cela vous dérangerait-il que je vienne chez vous maintenant ? J'ai quelque chose qu'il me faut discuter avec vous.
"If you are a parent, don't allow yourself to set your heart on any particular line of work for your children.","Si vous êtes parent, ne vous laissez pas aller à pencher en direction d'une voie professionnelle particulière pour vos enfants."
"If you had to go live on a deserted island and could only take one book with you, which one would you choose?","Si vous deviez aller vivre sur une île déserte et ne pouviez emmener qu'un seul livre avec vous, lequel choisiriez-vous ?"
"If you want this marriage to work, you need to choose between spending time with me and working all the time.","Si tu veux que ce mariage marche, tu devras choisir entre passer du temps avec moi et travailler tout le temps."
"The best thing about working in a team is that, when something goes wrong, you can always blame someone else.","Le meilleur aspect du travail en équipe est que si quelque chose va de travers, on peut toujours le mettre sur le dos de quelqu'un d'autre."
"Though grammatically there is nothing wrong with this sentence, I doubt if anyone would actually ever use it.","Même si, grammaticalement, il n'y a pas de problème avec cette phrase, je doute que quelqu'un l'utilise vraiment."
"A person will have the face of an angel when borrowing something, but the face of the devil when returning it.","Une personne aura le visage d'un ange lorsqu'elle emprunte quelque chose, mais le visage du Diable en le rendant."
I can't believe that you aren't at least willing to consider the possibility that there's another explanation.,Je n'arrive pas à croire que tu ne sois pas disposé à au moins envisager la possibilité qu'il y ait une autre explication.
I can't believe that you aren't at least willing to consider the possibility that there's another explanation.,Je n'arrive pas à croire que vous ne soyez pas disposé à au moins envisager la possibilité qu'il y ait une autre explication.
I can't believe that you aren't at least willing to consider the possibility that there's another explanation.,Je n'arrive pas à croire que tu ne sois pas disposée à au moins envisager la possibilité qu'il y ait une autre explication.
I can't believe that you aren't at least willing to consider the possibility that there's another explanation.,Je n'arrive pas à croire que vous ne soyez pas disposée à au moins envisager la possibilité qu'il y ait une autre explication.
I can't believe that you aren't at least willing to consider the possibility that there's another explanation.,Je n'arrive pas à croire que vous ne soyez pas disposés à au moins envisager la possibilité qu'il y ait une autre explication.
I can't believe that you aren't at least willing to consider the possibility that there's another explanation.,Je n'arrive pas à croire que vous ne soyez pas disposées à au moins envisager la possibilité qu'il y ait une autre explication.
I honestly think it's better to be a failure at something you love than to be a success at something you hate.,Je pense sincèrement qu'il est préférable d'échouer à quelque chose que l'on adore plutôt que d'avoir du succès à quelque chose que l'on déteste.
President Barack Obama praised Poland as an example for aspiring democracies in the Middle East and elsewhere.,Le Président Barack Obama a loué la Pologne comme exemple pour les démocraties en devenir au Moyen-Orient et ailleurs.
"From the moment he arrived there, he kept on bothering his doctor to tell him when he would be able to go home.","Dès le moment où il est arrivé, il n'arrêtait pas de demander quand est-ce qu'il pourrait partir chez lui."
"I know that it's highly unlikely that you'd ever want to go out with me, but I still need to ask at least once.","Je sais qu'il est très improbable que tu veuilles jamais sortir avec moi, mais je dois quand même demander au moins une fois."
"I realize I may not be the most desirable man in the world, but I still hope you'll consider going out with me.",Je me rends compte que je ne suis peut-être pas l'homme le plus séduisant du monde mais j'espère quand même que vous envisagerez de sortir avec moi.
"I realize I may not be the most desirable man in the world, but I still hope you'll consider going out with me.",Je me rends compte que je ne suis peut-être pas l'homme le plus séduisant du monde mais j'espère quand même que tu envisageras de sortir avec moi.
I'm afraid that you didn't understand me correctly. I don't want to be alone with you. I just want to be alone.,J'ai bien peur que tu ne m'aies pas compris. Je ne veux pas être seul avec toi. Je veux juste être seul.
"People often lie about what they did on the weekend, so their friends won't realize how boring they really are.",Les gens mentent souvent à propos de ce qu'ils font de leur week-end pour que leurs amis ne réalisent pas combien leur vie est ennuyeuse.
The police suspected there was a connection between the abandoned car and the dead body found three miles away.,Les policiers soupçonnaient qu'il existait un lien entre la voiture abandonnée et le cadavre trouvé trois kilomètres plus loin.
The questions came fast and furious from the large number of reporters who had gathered outside the courthouse.,Les questions fusèrent de la part du grand nombre de journalistes qui s'étaient assemblés à l'extérieur du tribunal.
A few people mentioned they would like to attend some sessions later in the day on the Technical Session Agenda.,Certaines personnes ont mentionné qu'elles aimeraient assister à certaines sessions plus tard dans la journée sur l'Ordre du jour des Sessions Techniques.
"Consider the successes that have been achieved by tired, discouraged people who decided to give it one more try.",Regarde les succès qu'ont eu des gens fatigués et découragés qui ont pris la décision d'essayer une dernière fois.
"Consider the successes that have been achieved by tired, discouraged people who decided to give it one more try.",Regardez les succès qu'ont eu des gens fatigués et découragés qui ont pris la décision d'essayer une dernière fois.
"I know that it is highly unlikely that you'd ever want to go out with me, but I still need to ask at least once.","Je sais qu'il est hautement improbable que tu veuilles jamais sortir avec moi, mais j'ai tout de même besoin de demander au moins une fois."
The man who makes but one mistake a year because he makes but two decisions is wrong fifty per cent of the time.,"L'homme qui commet une erreur par an parce qu'il ne prend que deux décisions, se trompe cinquante pour cent du temps."
"I know you're upset about your car being totaled, but you weren't injured and you should be thankful to be alive.","Je sais que tu es contrarié que ta voiture soit bonne pour la casse, mais tu n'as pas été blessé et tu devrais être heureux d'être en vie."
I sometimes wish I could live a quiet retired sort of life but I doubt I could stand it for more than a few days.,Parfois je souhaiterais vivre une sorte de vie calme et retraitée mais je doute que je puisse la supporter plus de quelques jours.
"If you decide to answer questions now without a lawyer present, you have the right to stop answering at any time.","Si vous décidez de répondre à des questions maintenant, sans avocat présent, vous avez le droit d'arrêter de répondre à n'importe quel moment."
"Did you know that in Japan, if you have a tattoo, you won't be allowed to bathe in many of the hot spring resorts?","Saviez-vous qu'au Japon, si vous portez un tatouage, vous ne serez pas autorisé à vous baigner dans beaucoup des stations thermales ?"
Witnesses told police that the train was travelling way over the speed limit when it derailed going around a bend.,Des témoins ont déclaré à la police que le train roulait bien au-dessus de la limite de vitesse lorsqu'il a déraillé dans un virage.
He is inclined to look at everything from the standpoint of its practicality and is neither stingy nor extravagant.,Il a tendance à considérer toute chose sous un angle pratique et n'est ni avare ni prodigue.
"Someone told me that Albert Einstein said, ""Common sense is the collection of prejudices acquired by age eighteen.""",Quelqu'un m'a dit qu'Albert Einstein déclara : « Le bon sens est la collection des préjugés acquis à l'âge de dix-huit ans. »
"Every time I make a mistake, I learn something. The challenge is not to keep making the same mistakes over and over.","Chaque fois que je commets une erreur, j'apprends quelque chose. Le défi est de ne pas continuer à toujours commettre les mêmes erreurs."
Getting your message across is much more important than trying to say it exactly like a native speaker would say it.,Véhiculer votre message est bien plus important que d'essayer de le dire exactement comme un locuteur natif le dirait.
"I felt bad, so I was admitted into the hospital. However, it turned out that there was nothing really wrong with me.","Je me sentais mal, aussi je fus admis à l'hôpital. Cependant, il s'avéra qu'il n'y avait rien qui n'allait réellement pas chez moi."
"I was looking forward to seeing a scenic view of Mt. Fuji, but unfortunately it was completely hidden behind clouds.","J'avais hâte de voir une vue panoramique du mont Fuji mais, malheureusement, il était complètement caché par les nuages."
"I've made a reservation at a drinking place near Shinjuku Station. It's all you can drink for 2 hours for 2,500 yen.",J'ai fait une réservation dans un bar près de la gare de Shinjuku. C'est boisson à volonté pendant deux heures pour 2 500 yens.
"Not long ago we heard a father say in the presence of his large family, ""I don't want any of my boys to be lawyers.""","Il n'y a pas si longtemps, nous entendîmes un père, dire en présence de sa famille étendue : « Je veux qu'aucun de mes garçons ne soit avocat. »"
Notice the hands of the people you meet and you will be surprised to see how different and how interesting they are.,Remarquez les mains des gens que vous rencontrez et vous serez surpris de constater combien elles diffèrent et comme elles sont intéressantes.
"Over 100 tons of dust and sand-sized particles bombard the earth every day from space, most of which goes unnoticed.","Plus de 100 tonnes de poussière et de particules de la taille d'un grain de sable bombardent chaque jour la Terre depuis l'espace, la plupart d'entre-elles passant inaperçues."
The police drew an outline of a body at the scene of the crime to indicate how the body was lying when it was found.,"La police traça le contour d'un corps, sur le lieu du crime, pour indiquer comment le cadavre était étendu, lorsqu'il avait été trouvé."
This is a time of year when people get together with family and friends to observe Passover and to celebrate Easter.,C'est le moment de l'année auquel les gens se réunissent avec leur famille et leurs amis pour célébrer Pessa'h et fêter la Pâques.
A man touched down on the moon. A wall came down in Berlin. A world was connected by our own science and imagination.,Un homme a atterri sur la lune. Un mur a été abattu à Berlin. Un monde a été connecté par notre propre science et notre imagination.
"Being happy doesn't mean that everything is perfect, but rather that you've decided to look beyond the imperfections.","Être heureux ne signifie pas que tout est parfait, mais plutôt que vous avez décidé de regarder par-delà les imperfections."
Charles Moore created Forth in an attempt to increase programmer productivity without sacrificing machine efficiency.,Charles Moore a créé le Forth dans une tentative pour accroître la productivité du programmeur sans sacrifier l'efficacité de la machine.
Dr. Zamenhof believed that a language belongs to the people who speak it which is why he never copyrighted Esperanto.,"Le docteur Zamenhof croyait qu'une langue appartient à ceux qui la parlent, raison pour laquelle il n'a jamais déposé de copyright sur l'espéranto."
Every student who has graduated from our university has studied English with a native speaker for at least two years.,Tous les étudiants qui ont été diplômés de notre université ont étudié l'anglais avec un locuteur natif pendant au moins deux ans.
"If you don't want to put on sunscreen, that's your problem. Just don't come complaining to me when you get a sunburn.","Si tu ne veux pas mettre de crème solaire c'est ton problème, mais ne viens pas te plaindre quand t'auras des coups de soleil."
"Nobody has asked you to agree, but can't you at least accept that there are people who hold different views from you?","Personne ne t'a demandé d'être d'accord, mais ne peux-tu pas, au moins, accepter qu'il y a des gens qui ont un point de vue différent du tien ?"
"Nobody has asked you to agree, but can't you at least accept that there are people who hold different views from you?","Personne ne vous a demandé d'être d'accord, mais ne pouvez-vous pas, au moins, accepter qu'il y a des gens qui ont un point de vue différent du vôtre ?"
"The people crowded round the injured man, but they made way for the doctor when he reached the scene of the accident.","Les gens s'attroupèrent autour du blessé, mais firent place au médecin quand il atteignit le lieu de l'accident."
"When I was studying to become a lawyer, my teachers told me to never ask a question that I didn't know the answer to.","Quand j'étudiais pour devenir avocat, mes professeurs me disaient de ne jamais poser une question à laquelle je ne connaissais pas la réponse."
"A chance to do as we please, especially to do as little hard work as possible, is a secret desire of almost everybody.","Une occasion de faire ce qui nous plait, en particulier de faire aussi peu de travail pénible que possible, est le désir secret de presque tout le monde."
"Even though computer programmers may use semicolons every day, nowadays most people only use semicolons for emoticons.","Bien que les programmeurs utilisent quotidiennement les points-virgules, la plupart des gens les utilisent de nos jours seulement pour les émoticônes."
"I had never eaten any kind of Thai food, so I was pretty excited about going to a Thai restaurant with my grandmother.",Je n'avais jamais mangé aucune sorte de nourriture thaï alors j'étais assez excité d'aller dans un restaurant thaï avec ma grand-mère.
"Since I've been on this diet, my weight is down, my cholesterol is down and my sleep apnea has completely disappeared.","Depuis que je suis ce régime, j'ai perdu du poids, mon cholestérol a baissé et mon apnée du sommeil a complètement disparu."
"When does your sister come back from work? ""I don't know, but I think she'll arrive at home a few minutes before me.""","« Quand ta sœur rentre-t-elle du travail ? » « Je ne sais pas, mais je pense qu'elle arrivera à la maison quelques minutes avant moi. »"
A definite advantage of automatic doors is that people can't spread their contagious diseases by touching door handles.,Un avantage certain des portes automatiques est que les gens ne peuvent pas propager leurs maladies contagieuses en touchant les poignées de porte.
"Never choose a vocation just because your friends are in it, nor refuse another just because your worst enemy is in it.","Ne choisissez jamais une vocation juste parce que vos amis s'y trouvent, pas plus que n'en refusez une autre juste parce que s'y trouve votre pire ennemi."
"The color green is often associated with money and the world of finance, because banknotes in many countries are green.","La couleur verte est souvent associée à l'argent et au monde de la finance, parce que les billets de banque sont verts dans beaucoup de pays."
When we hear of a divorce we assume that it was caused by the inability of those two people to agree upon fundamentals.,"Lorsque nous entendons parler d'un divorce, nous supposons qu'il a été causé par l'incapacité de ces deux personnes à s'entendre sur les fondamentaux."
A friend I went with on our first trip abroad had his wallet pickpocketed. I don't think it left a very good impression.,Un ami avec qui j'étais parti pour mon premier voyage à l'étranger s'est fait voler son portefeuille. Je pense que ça ne lui a donc pas laissé une très bonne impression.
"Even now, I occasionally think I'd like to see you. Not the you that you are today, but the you I remember from the past.","Même maintenant, je pense parfois que j'aimerais te voir. Pas la personne que tu es aujourd'hui, mais celle dont je me rappelle."
"He seems like a softy on the surface, but at the core he's got an iron will that makes him an extremely tough negotiator.","Il paraît tendre en surface, mais au fond, il a une volonté de fer qui fait de lui un négociateur extrêmement coriace."
I've opened many Facebook and Twitter accounts since 2008. I now have six Facebook accounts and fifteen Twitter accounts.,J'ai ouvert beaucoup de comptes Facebook et Twitter depuis 2008. Je possède maintenant six comptes Facebook et quinze comptes Twitter.
Police are urging people not to pick up hitchhikers as they search for two prisoners on the run after escaping from jail.,La police exhorte les gens à ne pas prendre d'autostoppeurs car ils recherchent deux prisonniers en cavale après leur évasion.
We should spend our time creating content for our website rather than wasting time worrying about minor cosmetic details.,Nous devrions consacrer notre temps à créer du contenu pour notre site web plutôt que de gâcher du temps à nous préoccuper de détails esthétiques mineurs.
A lot of people who have up until now been spending money having a good time now need to be more careful with their money.,Beaucoup de gens qui ont jusqu'à présent dépensé de l'argent à passer du bon temps doivent être plus prudents avec leur argent.
"For the crime of first degree murder, this court hereby sentences you to life in prison without the possibility of parole.","Pour le crime de meurtre au premier degré, cette cour vous condamne à la prison à perpétuité, sans possibilité de remise de peine."
"It's very easy to sound natural in your own native language, and very easy to sound unnatural in your non-native language.",Il est très aisé d'avoir l'air naturel dans votre langue natale et très aisé d'avoir l'air de manquer de naturel dans une autre langue.
My mother always told me that I should put money in the bank every month so I'd have enough money in case of an emergency.,Ma mère m'a toujours dit que je devrais mettre de l'argent à la banque tous les mois pour en avoir assez en cas d'urgence.
The difference between the right word and almost the right word is the difference between lightning and the lightning bug.,La différence entre un « mot juste » et un « mot presque juste » est comme la différence entre la foudre et le foudre.
The difference between the right word and almost the right word is the difference between lightning and the lightning bug.,La différence entre un « mot juste » et un « mot presque juste » est comme la différence entre un éclair et un éclair au chocolat.
"We see with our eyes, we hear with our ears, we touch with our skin, we smell with our nose, and we taste with our tongue.","Nous voyons avec nos yeux, nous entendons avec nos oreilles, nous touchons avec notre peau, nous sentons avec notre nez, et nous goûtons avec notre langue."
"If you don't eat breakfast, you'll probably be hungry during the morning and won't be as efficient at work as you could be.","Si tu ne petit-déjeunes pas, tu auras probablement faim au cours de la matinée et tu ne seras pas aussi efficace au travail que tu pourrais l'être."
"If you don't eat breakfast, you'll probably be hungry during the morning and won't be as efficient at work as you could be.","Si vous ne petit-déjeunez pas, vous aurez probablement faim au cours de la matinée et vous ne serez pas aussi efficace au travail que vous pourriez l'être."
One advantage of being old is that you no longer desire all the things that you couldn't afford to buy when you were young.,"L'un des avantages d'être vieux, c'est que vous ne désirez plus tout ce que vous ne pouviez pas vous permettre d'acheter quand vous étiez jeune."
"I used to watch this anime a lot when I was a kid, but I can't quite remember what happened to the hero in the final episode.","J'avais l'habitude de beaucoup regarder ce dessin animé quand j'étais enfant, mais je ne peux plus trop me rappeler ce qui est arrivé au héros dans l'ultime épisode."
"In the same amount of time it would take me to correct all the mistakes in your report, I could write a better report myself.","Dans le même laps de temps que ça me prendrait de corriger toutes les erreurs de votre rapport, je pourrais écrire un meilleur rapport moi-même."
The English language is undoubtedly the easiest and at the same time the most efficient means of international communication.,La langue anglaise est indubitablement la plus facile et en même temps le moyen de communication internationale le plus efficace.
"I thought I had paid the monthly fee, but I received a phone call from the school saying that the bill still needs to be paid.","Je pensais avoir payé les frais mensuels, mais j'ai reçu un coup de téléphone de l'école disant que la facture devait encore être payée."
"A great relationship is based on two main principles. First, appreciate your similarities and second, respect your differences.","Une bonne relation est basée sur deux principes importants. Premièrement, appréciez vos similitudes, et deuxièmement, respectez vos différences."
"According to the contract you may take three days of bereavement leave for your uncle's funeral, but only one for your nephew's.","Conformément au contrat, vous pouvez prendre trois jours de congé de deuil pour les funérailles de votre oncle, mais un seul pour celles de votre neveu."
"According to the contract you may take three days of bereavement leave for your uncle's funeral, but only one for your nephew's.","Conformément aux closes du contrat, vous pouvez prendre trois jours de congé de deuil pour les funérailles de votre oncle, mais un seul pour celles de votre neveu."
"According to the contract you may take three days of bereavement leave for your uncle's funeral, but only one for your nephew's.","Conformément au contrat, vous pouvez prendre trois jours de congé de décès pour les funérailles de votre oncle, mais un seul pour celles de votre neveu."
Food prices are at their highest level since the United Nations Food and Agriculture Organization began keeping records in 1990.,Les prix de l'alimentation sont à leur plus haut niveau depuis que l'Organisation des Nations Unies pour l’alimentation et l’agriculture a commencé à les enregistrer en mille-neuf-cent-quatre-vingt-dix.
"If one has the right to live, then one should also have the right to die. If not, then living is not a right, but an obligation.","Si quelqu'un détient le droit de vivre, alors il devrait également détenir celui de mourir. Sinon, vivre n'est alors pas un droit mais une obligation."
"It was bad enough that he usually came to work late, but coming in drunk was the last straw, and I'm going to have to let him go.","C'était suffisamment grave qu'il ait l'habitude d'arriver en retard au travail, mais qu'il arrive soûl est un comble, et je vais devoir m'en séparer."
The teacher supervising the playground became concerned when she saw a man talking to some of the children over the school fence.,L'institutrice chargée de surveiller la cour s'inquiéta lorsqu'elle vit un homme parler à des enfants par-dessus la grille de l'école.
Cities and provinces along the Yangtze River in central China are grappling with the country's worst drought in more than 50 years.,"Les villes et les provinces le long du fleuve Yangtsé, au centre de la Chine, sont aux prises avec la pire sécheresse que le pays ait connu depuis plus de cinquante ans."
"That proposal may be a way to kill two birds with one stone, but we also have to be careful not to get greedy and spoil everything.","Cette proposition pourrait faire d'une pierre deux coups, mais nous devons aussi faire attention à ne pas devenir gourmands et ainsi tout gâcher."
"A committee is a group of people who individually can do nothing, but who, as a group, can meet and decide that nothing can be done.",Un comité est un groupe de gens qui ne peuvent rien faire individuellement mais qui peuvent tenir des réunions en tant que groupe et parvenir à la décision qu'on ne peut rien faire.
"My breakfast usually consists of coffee with milk, a piece of bread and jam, a small banana, a piece of orange and some dried plums.","Mon petit-déjeuner se compose généralement de café au lait, d'un morceau de pain avec de la confiture, d'une petite banane, d'un morceau d'orange et de prunes séchées."
One of the best ways to help us is to translate from a foreign language you know into your own native language or strongest language.,"L'une des meilleures manières de nous aider est de traduire d'une langue étrangère que vous connaissez vers votre propre langue natale, ou la plus forte de vos langues."
"Since it will be cold soon, it might be nice to enjoy doing something outdoors the final few warm days we have before winter sets in.","Puisqu'il fera bientôt froid, ça serait chouette de profiter des quelques derniers jours chauds dont nous disposons pour faire quelque chose à l'extérieur, avant que l'hiver ne s'installe."
People tend to only compliment you on your language ability when it's apparent that you still don't quite sound like a native speaker.,Les gens ont tendance à vous complimenter sur vos compétences linguistiques seulement lorsqu’il est évident que votre prononciation ne correspond pas tout à fait à celle d’un autochtone.
"A man who has never gone to school may steal from a freight car, but if he has a university education, he may steal the whole railroad.","Un homme qui n'a jamais été à l'école peut voler d'un wagon, mais s'il dispose d'un diplôme, il peut voler toute la ligne de chemin de fer."
"What is old age? First you forget names, then you forget faces, then you forget to pull your zipper up, then you forget to pull it down.","Qu'est l'âge ? D'abord on oublie les noms, et puis on oublie les visages, puis on oublie de remonter sa braguette, et puis on oublie de la descendre."
"What is old age? First you forget names, then you forget faces, then you forget to pull your zipper up, then you forget to pull it down.","Ce qu'est l'âge ? D'abord on oublie les noms, et puis on oublie les visages, puis on oublie de remonter sa braguette, et puis on oublie de la descendre."
He and I have a near-telepathic understanding of each other. No sooner does one of us say something than the other is already responding.,"Lui et moi avons une compréhension quasi-télépathique de chacun. Aussitôt que l'un de nous dit quelque chose, l'autre est déjà en train de répondre."
"Although rainforests make up only two percent of the earth's surface, over half the world's wild plant, animal and insect species live there.","Bien que les forêts tropicales ne couvrent que 2% de la surface de la terre, plus de la moitié des espèces animales, végétales et des insectes y vivent."
"She has a boyfriend she's been going out with since high school, but she feels their relationship has stagnated, so she's become dissatisfied.","Elle a un copain avec qui elle sort depuis le lycée, mais elle a le sentiment que leur relation stagne, alors elle est mécontente."
"If you take a child outside and point at the moon, the child will look at the moon. If you do the same with a dog, it will look at your finger.","Si vous emmenez un enfant dehors et pointez la lune, l'enfant regardera la lune. Si vous faites la même chose avec un chien, le chien regardera le doigt."
"If you translate from your second language into your own native language, rather than the other way around, you're less likely to make mistakes.","Si vous traduisez de votre seconde langue dans votre propre langue maternelle, plutôt que dans l'autre sens, il y a moins de chances que vous commettiez des fautes."
"I love trying out new things, so I always buy products as soon as they hit the store shelves. Of course, half the time I end up wishing I hadn't.","J'adore essayer de nouvelles choses, alors j'achète toujours des produits dès qu'ils sont en rayons. Bien sûr, la moitié du temps, je finis par souhaiter ne pas l'avoir fait."
A good theory is characterized by the fact that it makes a number of predictions that could in principle be disproved or falsified by observation.,"Une bonne théorie se caractérise par le fait de faire une série de prédictions qui, en principe, pourraient être réfutées ou mises en défaut par l'observation."
"An Earth-like planet, which is believed to have conditions which would support life as we know it, has been discovered 500 light years from earth.","Une planète semblable à la Terre, qui aurait des conditions favorables à la vie telle que nous la connaissons, a été découverte à 500 années-lumière de la Terre."
"The more time you spend speaking a foreign language, the better you get at guessing what non-native speakers are trying to say in your own language.","Plus l'on passe de temps à parler une langue étrangère, plus l'on s'améliore à devenir ce qu'un non-natif essaie de dire dans sa propre langue."
"The enquiry concluded that, despite his denials, the chief executive would have had to have known about the illegal practices occurring in the company.","L'enquête conclut qu'en dépit de ses dénégations, le directeur général aurait eu connaissance des pratiques illégales, en cours dans l'entreprise."
"Roger Miller's father died when he was only one year old and his mother became sick soon after, so he was sent to live with his uncle in Erick, Oklahoma.","Le père de Roger Miller est décédé lorsqu'il avait un an et sa mère est tombée malade peu après. Il a donc été envoyé vivre avec son oncle à Erick, dans l'Oklahoma."
"You may not learn to speak as well as a native speaker, but you should be able to speak well enough that native speakers will understand what you have to say.","Peut-être n'apprendrez-vous pas à parler comme un locuteur natif, mais vous devriez être en mesure de parler suffisamment bien pour que les natifs comprennent ce que vous avez à dire."
"And the good news is that today the economy is growing again. Wages, incomes, home values and retirement accounts are all rising again. Poverty is falling again.","Et la bonne nouvelle est qu'aujourd'hui l'économie se développe à nouveau. Salaire, revenus, valeurs immobilières et comptes de retraites sont tous à la hausse. La pauvreté retombe."
"E-cigarettes are being promoted as a healthy alternative to tobacco cigarettes, but health authorities are concerned about the long-term health effects on users.","La cigarette électronique est mise en avant comme une saine alternative aux cigarettes, mais les autorités sanitaires s'inquiètent des effets à long terme sur la santé des consommateurs."
"It's still too hard to find a job. And even if you have a job, chances are you're having a tougher time paying the rising costs of everything from groceries to gas.","C'est encore trop difficile de trouver un emploi. Et même quand on en a un, il y a des chances qu'on ait davantage de difficultés à payer le coût de tout, de l'épicerie au gaz."
"Even at the end of the nineteenth century, sailors in the British Navy were not permitted to use knives and forks because using them was considered a sign of weakness.","Même à la fin du dix-neuvième siècle, les marins de la marine britannique n'étaient pas autorisés à utiliser des couteaux et des fourchettes parce que c'était considéré comme un signe de faiblesse."
"Five tremors in excess of magnitude 5.0 on the Richter scale have shaken Japan just this week, but scientists are warning that the largest expected aftershock has yet to hit.","Cinq secousses dépassant la magnitude cinq sur l'échelle de Richter ont secoué le Japon précisément cette semaine, mais les scientifiques avertissent que la plus grande réplique est encore à venir."
"No matter how much you try to convince people that chocolate is vanilla, it'll still be chocolate, even though you may manage to convince yourself and a few others that it's vanilla.","Peu importe le temps que tu passeras à essayer de convaincre les gens que le chocolat est de la vanille, ça restera toujours du chocolat, même si tu réussis à convaincre toi et quelques autres que c'est de la vanille."
A child who is a native speaker usually knows many things about his or her language that a non-native speaker who has been studying for years still does not know and perhaps will never know.,Un enfant qui est un locuteur natif connaît habituellement de nombreuses choses sur son langage qu'un locuteur non-natif qui a étudié pendant des années ignore encore et peut-être ne saura jamais.
"There are four main causes of alcohol-related death. Injury from car accidents or violence is one. Diseases like cirrhosis of the liver, cancer, heart and blood system diseases are the others.","Il y a quatre causes principales de décès liés à l'alcool. Les blessures dans les accidents automobiles ou la violence en est une. Les maladies comme la cirrhose, le cancer, les maladies cardio-vasculaires en sont les autres."
"We need to uphold laws against discrimination — in hiring, and in housing, and in education, and in the criminal justice system. That is what our Constitution and our highest ideals require.","Nous devons faire respecter les lois contre la discrimination à l'embauche, au logement, à l'éducation et dans la justice pénale. C'est ce que notre Constitution et nos plus hauts idéaux exigent."
"Top-down economics never works, said Obama. ""The country does not succeed when just those at the very top are doing well. We succeed when the middle class gets bigger, when it feels greater security.""","« L'économie en partant du haut vers le bas, ça ne marche jamais, » a dit Obama. « Le pays ne réussit pas lorsque seulement ceux qui sont au sommet s'en sortent bien. Nous réussissons lorsque la classe moyenne s'élargit, lorsqu'elle se sent davantage en sécurité. »"
A carbon footprint is the amount of carbon dioxide pollution that we produce as a result of our activities. Some people try to reduce their carbon footprint because they are concerned about climate change.,Une empreinte carbone est la somme de pollution au dioxyde de carbone que nous produisons par nos activités. Certaines personnes essaient de réduire leur empreinte carbone parce qu'elles sont inquiètes du changement climatique.
"Death is something that we're often discouraged to talk about or even think about, but I've realized that preparing for death is one of the most empowering things you can do. Thinking about death clarifies your life.",La mort est une chose qu'on nous décourage souvent de discuter ou même de penser mais j'ai pris conscience que se préparer à la mort est l'une des choses que nous puissions faire qui nous investit le plus de responsabilité. Réfléchir à la mort clarifie notre vie.
"Since there are usually multiple websites on any given topic, I usually just click the back button when I arrive on any webpage that has pop-up advertising. I just go to the next page found by Google and hope for something less irritating.","Puisqu'il y a de multiples sites web sur chaque sujet, je clique d'habitude sur le bouton retour arrière lorsque j'atterris sur n'importe quelle page qui contient des publicités surgissantes. Je me rends juste sur la prochaine page proposée par Google et espère tomber sur quelque chose de moins irritant."
"If someone who doesn't know your background says that you sound like a native speaker, it means they probably noticed something about your speaking that made them realize you weren't a native speaker. In other words, you don't really sound like a native speaker.","Si quelqu'un qui ne connaît pas vos antécédents dit que vous parlez comme un locuteur natif, cela veut dire qu'il a probablement remarqué quelque chose à propos de votre élocution qui lui a fait prendre conscience que vous n'êtes pas un locuteur natif. En d'autres termes, vous ne parlez pas vraiment comme un locuteur natif."