English words/sentences,French words/sentences
I've come to the same conclusion.,J'en suis venu à la même conclusion.
I've come to the same conclusion.,Je suis arrivée à la même conclusion.
I've decided never to vote again.,J'ai décidé de ne plus jamais voter.
I've decided never to vote again.,J'ai pris la décision de ne plus jamais voter.
I've decided to agree to do that.,J'ai décidé d'accepter de le faire.
I've decided to buy the blue car.,J'ai décidé d'acheter la voiture bleue.
I've finally gotten over my cold.,J'ai finalement réussi à vaincre mon rhume.
I've finally gotten over my cold.,J'ai finalement réussi à surmonter mon rhume.
I've finished doing that already.,J'ai déjà fini de faire ça.
I've finished writing the letter.,J'ai fini d'écrire la lettre.
I've given this a lot of thought.,J'y ai consacré beaucoup de réflexion.
I've got 30 dollars in my wallet.,J'ai trente dollars dans mon portefeuille.
I've got as much money as he has.,J'ai autant d'argent que lui.
I've got no quarrel with you two.,Je n'ai pas de querelle avec vous deux.
I've got nothing to do with this.,Je n'ai rien à faire avec ceci.
I've got to get away for a while.,Il faut que je m'absente un peu.
I've got to get ready for school.,Il me faut me préparer pour l'école.
I've got to go to the men's room.,Il faut que j'aille aux toilettes.
I've got to learn some new songs.,Il me faut apprendre de nouvelles chansons.
I've got to learn some new songs.,Il faut que j'apprenne de nouvelles chansons.
I've got to learn some new songs.,Je dois apprendre de nouvelles chansons.
I've gotten used to living alone.,Je me suis habitué à vivre seul.
I've gotten used to living alone.,Je me suis habituée à vivre seule.
I've gotten used to this climate.,Je me suis habitué à ce climat.
I've had a lot on my mind lately.,"J'ai eu beaucoup de choses à l'esprit, ces derniers temps."
I've heard quite a lot about you.,J'ai entendu dire pas mal de choses sur toi.
I've just arrived at the station.,Je viens d'arriver à la gare.
I've just arrived at the station.,Je viens d’arriver à la gare.
I've just arrived at the station.,Je viens d’arriver à la station.
I've lived here for thirty years.,J'ai vécu ici pendant trente ans.
I've never even had a girlfriend.,Je n'ai jamais même eu de petite amie.
I've never even had a girlfriend.,Je n'ai jamais même eu de petite copine.
I've never even had a girlfriend.,Je n'ai jamais même eu de nana.
I've never felt like this before.,Je ne me suis jamais sentie comme ceci auparavant.
I've never felt like this before.,Je ne me suis jamais senti comme ceci avant.
I've never gone fishing at night.,Je ne suis jamais allé pêcher de nuit.
I've never had to work very hard.,Je n'ai jamais eu à travailler très dur.
I've never heard of such a thing.,Jamais je n'ai entendu une telle chose.
I've never hit anyone in my life.,Je n'ai jamais frappé qui que ce soit de ma vie.
I've never needed to carry a gun.,Je n'ai jamais eu besoin de porter une arme à feu.
I've never seen a whale that big.,Je n'ai jamais vu une aussi grosse baleine.
I've never seen a whale that big.,Je n'ai jamais vu une baleine aussi grosse.
I've never seen a whale that big.,Jamais n'ai-je vu baleine aussi grande.
I've never seen a whale that big.,Jamais n'ai-je vu baleine aussi grosse.
I've never seen anything like it.,Je n'ai encore jamais rien vu de tel.
I've never seen anything like it.,J'ai jamais rien vu d'pareil.
I've never seen anything like it.,Je n'ai jamais rien vu de pareil.
I've packed my suitcases already.,J'ai déjà bouclé mes valises.
I've told you not to call me Tom.,Je t'ai dit de ne pas m'appeler Tom.
"If I were free, I could help you.","Si j'avais été libre, j'aurais pu t'aider."
"If I were the boss, I'd fire you.","Si j'étais le patron, je te virerais."
"If I were the boss, I'd fire you.","Si j'étais la patronne, je vous virerais."
"If I were you, I would trust her.","Si j'étais vous, je lui ferais confiance."
"If I were you, I would trust her.","Si j'étais toi, je lui ferais confiance."
"If he comes, give him my regards.","S'il vient, saluez-le de ma part."
"If he comes, give him this paper.","S'il vient, remets-lui ce papier !"
"If he comes, give him this paper.","S'il vient, remettez-lui ce papier !"
"If it is worth doing, do it well.","Si ça vaut le coup, fais-le bien."
"If it rains tomorrow, I won't go.","S'il pleut demain, je n'y vais pas."
If only I had known this earlier.,Si seulement j'avais su ça plus tôt.
If only I'd been a little taller!,Si seulement j'avais été un peu plus grand !
If only I'd been a little taller!,Si seulement j'avais été un peu plus grande !
"If possible, I'd like to see him.","Si c'est possible, j'aimerais le voir."
"If you ask him, he will help you.","Si tu lui demandes, il t'aidera."
"If you came, that would be great.","Si tu venais, ce serait génial."
"If you don't go, I won't, either.","Si tu n'y vas pas, je n'irai pas moi non plus."
"If you don't go, I won't, either.","Si vous n'y allez pas, moi non plus."
"If you don't want to read, don't.","Si vous ne voulez pas lire, alors ne lisez pas."
"If you want to dance, then dance.","Si tu veux danser, alors danse."
"If you want to dance, then dance.","Si vous voulez danser, dansez."
"In Australia, they speak English.",En Australie on parle anglais.
"In a sense, life is only a dream.","En un sens, la vie n'est qu'un rêve."
In autumn the leaves turn yellow.,"En automne, les feuilles virent au jaune."
In autumn the leaves turn yellow.,"En automne, les feuilles deviennent jaunes."
In autumn the leaves turn yellow.,"En automne, le feuillage devient jaune."
"In case of fire, push the button.","En cas d'incendie, appuyez sur le bouton."
"In hindsight, this was a mistake.","Avec le recul, c'était une erreur."
"In spite of the rain, I went out.",Je suis sorti malgré la pluie.
Invite him over to watch a movie.,Invite-le à venir voir un film.
Invite him over to watch a movie.,Invitez-le à venir voir un film.
Is Tom supposed to be doing that?,Est-ce que Tom est censé faire ça ?
Is Tom supposed to be doing that?,Est-ce que Tom est censé faire cela ?
Is Tom supposed to be doing that?,Est-ce que Tom est censé le faire ?
Is Tom well enough to work today?,Est-ce que Tom est assez en forme pour travailler aujourd'hui ?
Is eating cockroaches a bad idea?,Manger des cafards est-il une mauvaise idée ?
Is everything all right in there?,"Tout va-t-il bien, là-dedans ?"
Is everything all right up there?,Est-ce que tout va bien là-haut ?
Is it always a sin to tell a lie?,Dire un mensonge est-il toujours un péché ?
Is it cheaper to call after 9:00?,Est-ce que c'est moins cher d'appeler après 9h ?
Is it cheaper to call after nine?,"Est-ce moins cher, d'appeler après neuf heures ?"
Is it possible that you're wrong?,Est-ce possible que tu aies tort ?
Is it possible that you're wrong?,Est-ce possible que vous vous trompiez ?
Is it safe to skate on this lake?,Est-ce sans risque de patiner sur ce lac ?
Is it safe to swim in this river?,Est-il raisonnable de nager dans cette rivière ?
Is it too late to change my mind?,Est-ce qu'il est trop tard pour changer d'avis ?
Is it true that Tom won the race?,Est-il vrai que Tom a gagné la course ?
Is that all you're worried about?,Est-ce tout ce qui t'inquiète ?
Is that all you're worried about?,Est-ce tout ce dont vous vous inquiétez ?
Is that seriously what you think?,Est-ce là sérieusement ce que vous pensez ?
Is that seriously what you think?,Est-ce là sérieusement ce que tu penses ?
Is that the train I have to take?,C'est celui-ci le train que je dois prendre ?
Is that your car in the driveway?,"Est-ce ta voiture, dans l'allée ?"
Is that your car in the driveway?,"Est-ce votre voiture, dans l'allée ?"
Is the meeting today or tomorrow?,La réunion se tient-elle aujourd'hui ou demain ?
Is the post office far from here?,Est-ce que la poste est loin d'ici ?
Is there a bank near the station?,Y a-t-il une banque proche de la gare ?
Is there a better way to do this?,Y a-t-il une meilleure façon de le faire ?
Is there a discount for children?,Y a-t-il une réduction pour les enfants ?
Is there a discount for students?,Y a-t-il une réduction pour les étudiants ?
Is there a flight in the morning?,Y a-t-il un vol le matin ?
Is there a gas station near here?,Y a-t-il une station-service dans les environs ?
Is there any danger of radiation?,Y a-t-il un danger de radiation ?
Is there anything you don't know?,Y a-t-il quelque chose que vous ignoriez ?
Is there anything you don't know?,Y a-t-il quelque chose que tu ne saches pas ?
Is there anywhere you want to go?,Y a-t-il un endroit quelconque où tu veuilles te rendre ?
Is there room for me in your car?,Est-ce qu'il y a de la place pour moi dans ta voiture ?
Is there room for me in your car?,Y a-t-il de la place pour moi dans votre voiture ?
Is there room in your car for me?,Y a-t-il de la place pour moi dans ta voiture ?
Is there something troubling you?,Quelque chose te trouble-t-il ?
Is there something wrong with me?,Y a-t-il un problème ?
Is there something wrong with me?,Je te pose un problème ?
Is there something wrong with me?,Je vous pose un problème ?
Is this your first investigation?,Est-ce votre première enquête ?
Is this your first time in Japan?,Est-ce la première fois que vous venez au Japon ?
Is this your idea of a good time?,Est-ce là votre conception d'un bon moment ?
Is this your idea of a good time?,Est-ce là ta conception d'un bon moment ?
It all depends how you handle it.,Cela dépend de comment vous le gérez.
It all depends how you handle it.,Cela dépend de ta manière de le gérer.
It appears that he is a musician.,Il semble qu'il soit musicien.
It doesn't bother me if you stay.,Ça ne me dérange pas que vous restiez.
It doesn't matter what I believe.,Ce que je crois n'a pas d'importance.
It gets dark earlier and earlier.,Il fait nuit de plus en plus tôt.
It happened right in front of us.,Ça s'est passé juste devant nous.
It has been snowing for two days.,Il neige depuis deux jours.
It is 5 miles from here to Tokyo.,Tokyo est à 5 miles d'ici.
It is Paris that I want to visit.,C'est Paris que je veux visiter.
It is about time we were leaving.,Il est grand temps que nous partions.
It is becoming warmer day by day.,Il fait de plus en plus chaud jour après jour.
It is dangerous to drive so fast.,C'est dangereux de conduire si vite.
It is expensive to live in Japan.,Vivre au Japon est très onéreux.
It is impossible for me to do so.,Il m'est impossible de le faire.
It is likely to be fine tomorrow.,Il est probable que le temps sera beau demain.
It is likely to be fine tomorrow.,Il est probable que ça conviendra demain.
It is no use asking me for money.,Ça ne sert à rien de me demander de l'argent.
It is obvious that that is a lie.,C'est clairement un mensonge.
It is probable that he will fail.,Il est probable qu'il échouera.
It is safe to skate on this lake.,On peut patiner de ce coté du lac en toute sécurité.
It is said that he was very rich.,On dit qu'il était très riche.
It is said that he was very rich.,On raconte qu'il était pété de tune.
It is two o'clock in the morning.,Il est deux heures du matin.
It is two o'clock in the morning.,Il est 2h du matin.
It isn't worth worrying about it.,Ça ne vaut pas la peine de s'en soucier.
It just was not my day yesterday.,Hier n'était juste pas mon jour.
It looks like it's going to rain.,Il semble qu'il se met à pleuvoir.
It looks like it's working again.,Ça semble fonctionner à nouveau.
It looks like you've been crying.,On dirait que tu as pleuré.
It looks like you've been crying.,On dirait que vous avez pleuré.
It may possibly be fine tomorrow.,Ça peut peut-être convenir demain.
It may possibly be fine tomorrow.,Le temps peut être beau demain.
It may well be that you're right.,Il se peut bien que tu aies raison.
It may well be that you're right.,Il se peut bien que vous ayez raison.
It rained hard yesterday morning.,Il a plu des cordes hier matin.
It seems obvious that he is sick.,Il semble évident qu'il est malade.
It seems that we've lost our way.,Il semble que nous nous sommes perdus.
It seems that we've lost our way.,Il semble que nous avons perdu notre chemin.
It seems to me that he is honest.,Il me semble qu'il est honnête.
It seems to me that you're wrong.,Il me semble que vous avez tort.
It seems we are in the same boat.,Il semble que nous soyons sur le même bateau.
It seems we are in the same boat.,Il semble que nous soyons dans le même bateau.
It sounds like someone is crying.,On dirait que quelqu'un est en train de pleurer.
It was an unexpected opportunity.,Ce fut une opportunité inattendue.
It was frustrating and confusing.,Ce fut frustrant et déroutant.
It was getting louder and louder.,Ça devenait de plus en plus fort.
It was less than fifteen dollars.,Ça coûtait moins de quinze dollars.
It was shorter than she expected.,Ce fut plus court que ce à quoi elle s'attendait.
It was shorter than she expected.,Ça a été plus court que ce à quoi elle s'attendait.
It was that dog that bit my hand.,C'est ce chien là-bas qui m'a mordu la main.
It was the best night of my life.,Ça a été la plus belle nuit de ma vie.
It was the best night of my life.,Ça a été la plus belle soirée de ma vie.
It was the calm before the storm.,C’était le calme avant la tempête.
It was very dark inside the mine.,Il faisait très sombre à l'intérieur de la mine.
It won't be difficult to do that.,Ce ne sera pas difficile de faire ça.
It won't do any good to complain.,Ça ne sert à rien de se plaindre.
It would be crazy not to do that.,Ce serait fou de ne pas faire cela.
"It would be interesting, I think.","Ce serait intéressant, je pense."
It would be nice to have a party.,Ce serait chouette d'organiser une fête.
It would break if you dropped it.,"Il serait rompu, si vous l'aviez laissé échapper."
It would only be a waste of time.,Ce serait juste une perte de temps.
It wouldn't have mattered anyway.,"De toute façon, ça n'aurait rien changé."
It'll cost around thirty dollars.,Ça coûtera environ trente dollars.
It'll cost at least five dollars.,Cela coûtera au moins cinq dollars.
It's a great night to go dancing.,C'est une belle nuit pour aller danser.
It's a great pleasure to be here.,C'est un grand plaisir d'être ici.
It's a great way to make friends.,C'est une super manière de se faire des amis.
It's a lot easier than I thought.,C'est beaucoup plus facile que je pensais.
It's a lot of fun to be with you.,C'est très amusant d'être avec vous.
It's a pleasure to see you again.,C'est un plaisir de vous revoir.
It's a pleasure to see you again.,C'est une joie de te revoir.
It's a question of life or death.,C'est une question de vie ou de mort.
It's a real pleasure to meet you.,C'est un véritable plaisir que de vous rencontrer.
It's a very demanding profession.,C'est une profession très exigeante.
It's about time I was going home.,Il est temps que je rentre chez moi.
It's about time I was going home.,Il est l'heure de rentrer chez moi.
It's actually not that difficult.,Ce n'est vraiment pas si difficile.
It's already time to go to sleep.,C'est déjà l'heure de dormir.
It's an idea whose time has come.,C'est une idée dont le moment est venu.
It's as much an art as a science.,C'est tout autant un art qu'une science.
It's been warm the last few days.,Il a fait chaud ces derniers jours.
It's completely incomprehensible.,C'est complètement incompréhensible.
It's dangerous to go there alone.,Y aller seul présente un danger.
It's difficult to peel chestnuts.,C'est difficile de décortiquer les châtaignes.
It's difficult to understand you.,C'est difficile de vous comprendre.
It's difficult to understand you.,C'est difficile de te comprendre.
It's easy to make and it's cheap.,C'est facile à faire et c'est simple.
It's easy to make and it's cheap.,C'est facile à faire et c'est bon marché.
It's essential that we find them.,Il est vital que nous les trouvions.
It's essential that we find them.,Il est essentiel que nous les retrouvions.
It's evident that you told a lie.,Il est évident que vous racontez un mensonge.
It's going to be a fun challenge.,Ça va être un défi amusant.
It's good that I have a daughter.,C'est une bonne chose que j'ai une fille.
It's impolite to stare at people.,C'est impoli de fixer les gens.
It's impossible to change it now.,C'est impossible de le changer maintenant.
It's impossible to change it now.,Il est impossible de la changer maintenant.
It's just as I hoped it would be.,C'est exactement comme je l'espérais.
It's like being in a candy store.,C'est comme être dans une confiserie.
It's like being in a candy store.,C'est comme être dans un magasin de bonbons.
It's natural for you to think so.,C'est naturel pour toi de penser ainsi.
It's not as easy as people think.,Ce n'est pas aussi simple qu'on le croit.
It's not clear when he came here.,Quand il est venu ici n'est pas clair.
It's not clear when he came here.,La date de son arrivée ici n'est pas claire.
It's not clear when he came here.,L'heure de son arrivée ici n'est pas claire.
It's not easy to thread a needle.,Ce n'est pas facile d'enfiler une aiguille.
It's not quite as simple as that.,Ce n'est pas aussi simple que ça.
It's not something anyone can do.,Ce n'est pas quelque chose que n'importe qui peut faire.
It's not supposed to be this way.,Ce n'est pas censé être comme ça.
It's not worth worrying about it.,Ça ne vaut pas la peine de s'en soucier.
It's nothing to be alarmed about.,Il n'y a là pas de quoi s'alarmer.
It's nothing to write home about.,Rien d'extraordinaire à raconter.
It's now time for you to go home.,Il est maintenant temps pour vous de rentrer chez vous.
It's now time for you to go home.,Il est maintenant l'heure pour toi de rentrer à la maison.
It's probably just a coincidence.,C'est probablement juste une coïncidence.
It's really not that interesting.,Ce n'est vraiment pas si intéressant.
It's right in front of your eyes.,C'est juste devant tes yeux.
It's right in front of your eyes.,C'est juste devant vos yeux.
It's so good to finally meet you.,Il est si bon de finalement te rencontrer.
It's so good to finally meet you.,Il est si bon de finalement vous rencontrer.
It's the best hotel in this town.,C'est le meilleur hôtel de cette ville.
"It's the rule, not the exception.","C'est la règle, pas l'exception."
"It's the rule, not the exception.","C'est la règle, non l'exception."
It's there someone you can trust?,Y a-t-il quelqu'un à qui vous puissiez vous fier ?
It's very kind of you to help me.,C'est très gentil de ta part de m'aider.
It's worth three hundred dollars.,Ça vaut trois cents dollars.
It's your duty to finish the job.,Il est de ton devoir de terminer ce travail.
It's your duty to finish the job.,Il est de ton devoir de terminer ce boulot.
It's your duty to finish the job.,Il est de ton devoir d'achever ce travail.
It's your duty to finish the job.,Il est de ton devoir d'achever ce boulot.
It's your duty to finish the job.,Il est de votre devoir de terminer ce travail.
It's your duty to finish the job.,Il est de votre devoir de terminer ce boulot.
It's your duty to finish the job.,Il est de votre devoir d'achever ce travail.
It's your duty to finish the job.,Il est de votre devoir d'achever ce boulot.
Just give us a couple of minutes.,Donnez-nous juste deux minutes.
Just put those packages anywhere.,"Tout simplement, déposez ces colis là où bon vous semble."
Just sit back and enjoy the show.,Appuie-toi sur ton dossier et prends plaisir au spectacle !
"Keep away from that pond, please.",Éloignez-vous de cet étang.
Keep children away from the pond.,Gardez les enfants loin de l'étang.
"Last night, I heard dogs howling.",La nuit dernière j'ai entendu des aboiements au loin.
Laughter is good for your health.,Le rire est bon pour la santé.
Let me ask you a stupid question.,Laisse-moi te poser une question stupide.
Let me ask you a stupid question.,Laissez-moi vous poser une question stupide.
Let me explain it with a diagram.,Je vous explique avec un schéma.
Let me explain it with a diagram.,Laissez-moi l'expliquer à l'aide d'un diagramme.
Let me explain it with a diagram.,Laisse-moi l'expliquer à l'aide d'un diagramme.
Let me finish eating my sandwich.,Laisse-moi finir mon sandwich.
Let me help you put on your coat.,Laissez-moi vous aider à mettre votre manteau.
Let me help you put on your coat.,Laissez-moi vous aider à enfiler votre manteau.
Let me help you put on your coat.,Laisse-moi t'aider à mettre ton manteau.
Let me help you put on your coat.,Laisse-moi t'aider à enfiler ton manteau.
Let me in. I have to talk to you.,Laisse-moi entrer. Je dois te parler.
Let me know when you've finished.,Préviens-moi quand tu as fini !
Let me know where you're staying.,Faites-moi savoir où vous restez.
Let me show you around our house.,Laissez-moi vous faire visiter notre maison.
"Let me treat you next time, then.","Laisse-moi t'inviter la prochaine fois, alors."
"Let me treat you next time, then.","Laissez-moi vous inviter la prochaine fois, alors."
Let them take care of themselves.,Laisse-les prendre soin d'eux-mêmes.
Let us know whether you can come.,Faites-nous savoir si vous pouvez venir.
Let us never speak of this again.,N'en parlons jamais plus !
Let's discuss that problem later.,Discutons de ce problème plus tard.
Let's do this before it gets hot.,Faisons ça avant qu'il fasse chaud.
"Let's forget the whole thing, OK?","Oublions toute l'affaire, d'accord ?"
Let's get this over with quickly.,Finissons-en rapidement !
Let's go before I change my mind.,Allons-y avant que je change d'avis.
Let's go to a Chinese restaurant.,Allons à un restaurant chinois.
Let's go to the theater together.,Allons ensemble au théâtre !
Let's go to the vegan restaurant.,Allons au restaurant végétarien.
Let's hear the rest of the story.,Écoutons la suite de l'histoire.
Let's mosey on down to the river.,Descendons en flânant jusqu'à la rivière.
Let's not get ahead of ourselves.,Ne mettons pas la charrue avant les bœufs !
Let's not think about it anymore.,N'y pensons plus.
Let's not waste this opportunity.,Ne gâchons pas cette occasion !
Let's play tennis this afternoon.,Jouons au tennis cet après-midi.
Let's see how Tom reacts to that.,Voyons comment Tom réagit à cela.
Let's see if I've got that right.,Voyons si j'ai compris.
Let's see if someone can help us.,Voyons si quelqu'un peut nous aider.
Let's see what happens this time.,Voyons ce qui se passe cette fois-ci.
Let's shake hands and be friends.,Serrons-nous la main et soyons amis.
Let's stop at the next rest stop.,Faisons une halte à la prochaine aire de repos.
Let's take an X-ray just in case.,Faisons une radio juste au cas où.
Let's take turns rowing the boat.,Relayons-nous pour ramer.
Let's talk about it after school.,Parlons-en après l'école.
Let's wait and see how things go.,Attendons de voir comment les choses tournent.
Let's wait for another 5 minutes.,Attendons 5 minutes de plus.
Life is full of confusing things.,La vie est pleine de choses déroutantes.
Life is not fair. Get used to it.,La vie est injuste. Habitues-y toi.
Life without love has no meaning.,La vie sans amour n'a pas de sens.
Life without love is meaningless.,"La vie, sans amour, est dépourvue de sens."
Liquor is not sold at this store.,On ne vend pas d'alcool dans ce magasin.
Listen attentively to what I say.,Écoute attentivement ce que je dis.
Listen attentively to what I say.,Écoutez attentivement ce que je dis.
Living on a small income is hard.,Vivre avec un petit revenu est difficile.
Look at that knight on the horse.,Regarde ce chevalier sur le cheval.
"Look at the blackboard, everyone.","Veuillez regarder le tableau, tous."
"Look at the blackboard, everyone.",Regardez tous le tableau noir.
Look on both sides of the shield.,Regarde des deux côtés du panneau.
Look out! There's a truck coming!,Attention ! Voici un camion qui arrive !
Look what I found under the sofa.,Regarde ce que j'ai trouvé sous le canapé.
Look what I found under the sofa.,Regardez ce que j'ai trouvé sous le canapé.
Look! The airplane is taking off.,Regarde ! L'avion est en train de décoller.
Look! There goes a shooting star.,Regarde ! Une étoile filante.
Lots of people make that mistake.,Beaucoup de gens commettent cette erreur.
"Luckily, he won the championship.","Par chance, il a gagné le championnat."
Malaria is a preventable disease.,Le paludisme est une maladie évitable.
Malaria is carried by mosquitoes.,La malaria est transmise par les moustiques.
Many boys and girls were present.,Beaucoup de garçons et de filles étaient présents.
Many languages use English words.,De nombreuses langues utilisent des mots anglais.
Many people were waiting in line.,Beaucoup de gens faisaient la queue.
Mary asked her family for a loan.,Marie a demandé un prêt à sa famille.
Mary asked her family for a loan.,Marie demanda un prêt à sa famille.
Mary claims you stole her pearls.,Marie prétend que tu lui as volé ses perles.
Mary is now studying in her room.,Marie étudie dans sa chambre.
Mary is now studying in her room.,"En ce moment, Marie est en train d'étudier dans sa chambre."
Mary is prettier than her sister.,Mary est plus jolie que sa sœur.
Mary is the kind of woman I like.,Mary est le genre de femme que j'aime.
Mary loves shoes with high heels.,Marie aime les chaussures à talons hauts.
Mary married a man twice her age.,Mary s'est mariée avec un homme qui a deux fois son age.
"Mary wants kids, but Tom doesn't.","Marie veut des enfants, mais Tom, non."
May I accompany you on your walk?,Puis-je vous accompagner dans votre promenade ?
May I accompany you on your walk?,Puis-je t'accompagner dans ta promenade ?
May I ask what you're working on?,Puis-je demander sur quoi vous travaillez ?
May I ask what you're working on?,Puis-je demander à quoi tu travailles ?
May I have a look at your ticket?,Puis-je voir votre ticket ?
May I have a look at your ticket?,Puis-je voir ton ticket ?
May I have another piece of cake?,Puis-je avoir une autre part de gâteau ?
May I have your name and address?,Puis-je avoir votre nom et adresse ?
May I move to the other side now?,Puis-je me déplacer de l'autre côté maintenant ?
May I see your invitation please?,"Puis-je voir votre invitation, s'il vous plaît ?"
May I see your invitation please?,"Puis-je voir votre invitation, je vous prie ?"
Maybe I shouldn't have done that.,Peut-être que je n'aurais pas dû faire ça.
Maybe I shouldn't have done that.,Peut-être n'aurais-je pas dû faire cela.
Maybe Tom will help us find Mary.,Peut-être que Tom nous aidera à trouver Mary.
Maybe he has lots of girlfriends.,Peut-être a-t-il plein de petites amies.
Maybe we shouldn't do that today.,Peut-être ne devrions-nous pas faire cela aujourd'hui.
Maybe you should call the police.,Peut-être devrais-tu appeler la police ?
Maybe you should call the police.,Peut-être devriez-vous appeler la police ?
Maybe you should turn off the TV.,Peut-être devrais-tu éteindre la télé.
Maybe you'd like to come with us.,Peut-être aimeriez-vous venir avec nous.
Maybe you'd like to come with us.,Peut-être aimerais-tu venir avec nous.
Maybe you're right and I'm wrong.,Peut-être que tu as raison et que j'ai tort.
Men don't drive as well as women.,Les hommes ne conduisent pas aussi bien que les femmes.
Money cannot compensate for life.,L'argent ne peut constituer une compensation à la vie.
Money is the last thing he wants.,L'argent est la dernière chose qu'il veuille.
More than twenty boys went there.,Plus de vingt garçons sont venus ici.
Most Englishmen are conservative.,La plupart des Anglais sont conservateurs.
Most Japanese eat rice every day.,La plupart des Japonais mangent du riz tous les jours.
Mother has not cooked dinner yet.,Mère n'a pas encore préparé le dîner.
Mother is cooking in the kitchen.,Mère fait à manger dans la cuisine.
Motivation is the key to success.,La motivation est la clé du succès.
Muammar Kaddafi escaped unharmed.,Mouammar Kadhafi s'en est sorti indemne.
My baby has a hereditary disease.,Mon bébé souffre d'une maladie héréditaire.
My boss turned down his proposal.,Mon patron a rejeté sa proposition.
My brother and I shared the room.,Mon frère et moi partagions la même chambre.
My brother and I were very close.,Mon frère et moi étions très proches.
My brother is washing the dishes.,Mon frère lave la vaisselle.
My brother sends you his regards.,Mon frère vous envoie ses amitiés.
My brother took me to the museum.,Mon frère m'a emmené au musée.
My car is parked down the street.,Ma voiture est garée en bas de la rue.
My cat is hiding under the stove.,Mon chat se cache sous la cuisinière.
My cat is hiding under the stove.,Mon chat se cache sous le poêle.
My coat is missing three buttons.,Il manque trois boutons sur mon manteau.
My colleague doctored the report.,Mon collègue a trafiqué le rapport.
My dad is not home at the moment.,Mon père n'est pas à la maison pour le moment.
My daughter is in her late teens.,Ma fille va sur ses vingt ans.
My dog and my cat get along fine.,Mon chien et mon chat s'entendent bien.
My explanation may sound strange.,Mon explication peut sembler étrange.
My father bought this hat for me.,Mon père m'a acheté ce chapeau.
My father died before I was born.,Mon père est mort avant ma naissance.
My father doesn't waste his time.,Mon père ne gaspille pas son temps.
My father fixes broken armchairs.,Mon père répare les fauteuils cassés.
My father gave me a lot of money.,Mon père m'a donné beaucoup d'argent.
My father is a bit old-fashioned.,Mon papa est un peu démodé.
My father is free this afternoon.,Mon père est libre cette après-midi.
My father is in the hospital now.,Mon père est maintenant à l'hôpital.
My father is sweeping the garage.,Mon père balaie le garage.
My father is very strict with me.,Mon père est très sévère avec moi.
My father likes traveling by air.,Mon père aime voyager par avion.
My father stretched after dinner.,Mon père s'est étendu après le déjeuner.
My father takes a walk every day.,Mon père se promène tous les jours.
My father won't be busy tomorrow.,Mon père ne sera pas occupé demain.
My father would often go fishing.,Mon père allait souvent à la pêche.
My friend only eats organic food.,Mon ami ne mange que de la nourriture bio.
My friends and I want to do that.,Mes amis et moi voulons le faire.
My friends and I want to do that.,Mes amies et moi voulons le faire.
My friends don't know where I am.,Mes amis ignorent où je me trouve.
My friends don't know where I am.,Mes amies ignorent où je me trouve.
My girlfriend often cuts my hair.,Ma copine me coupe souvent les cheveux.
My grandmother has a green thumb.,Ma grand-mère a la main verte.
My hobby is collecting old coins.,Mon passe-temps est la collection de pièces anciennes.
My house is a long way from here.,Ma maison est loin d'ici.
My house is covered by insurance.,Ma maison est couverte par l'assurance.
My house is north of the library.,Ma maison est au nord de la bibliothèque.
"My husband earns $100,000 a year.",Mon mari gagne 100.000$ par an.
My job is to anticipate problems.,Mon travail est d'anticiper les problèmes.
My joints ache when it gets cold.,Mes articulations me font mal quand il se met à faire froid.
My little brother is watching TV.,Mon petit frère regarde la télé.
My little sister is kind of lazy.,Ma petite sœur est un peu paresseuse.
My mother almost never complains.,Ma mère ne se plaint presque jamais.
My mother died during my absence.,Ma mère est morte durant mon absence.
My mother died during my absence.,Ma mère est morte au cours de mon absence.
My mother is busy cooking dinner.,Ma mère est occupée à cuisiner le déjeuner.
My mother is busy cooking dinner.,Ma mère est occupée à cuire le dîner.
My mother is busy in the kitchen.,Ma mère est occupée à la cuisine.
My mother is in the hospital now.,"Ma mère est à l'hôpital, en ce moment."
My mother is preparing breakfast.,Ma mère est en train de préparer le petit déjeuner.
My opinion doesn't really matter.,Mon opinion n'a pas vraiment d'importance.
My parent's house is comfortable.,La maison de mes parents est confortable.
My parents and I drove all night.,Mes parents et moi avions roulé toute la nuit.
My parents aren't home right now.,Mes parents ne sont pas chez eux en ce moment.
My parents got divorced long ago.,Mes parents sont divorcés depuis longtemps.
My parents live outside the city.,Mes parents habitent hors de la ville.
My parents should be proud of me.,Mes parents devraient être fiers de moi.
My remarks were not aimed at you.,Mes remarques ne vous étaient pas destinées.
My remarks were not aimed at you.,Mes remarques ne t'étaient pas destinées.
My sister always makes fun of me.,Ma sœur se fout toujours de ma gueule.
My sister always makes fun of me.,Ma sœur se moque toujours de moi.
My sister is also my best friend.,Ma sœur est aussi ma meilleure amie.
My sister will prepare breakfast.,Ma sœur préparera le petit-déjeuner.
My son likes books about animals.,Mon fils aime les livres sur les animaux.
My uncle gave me a pair of shoes.,Mon oncle m'a donné une paire de chaussures.
My watch is different from yours.,Ma montre est différente de la tienne.
My watch loses ten minutes a day.,Ma montre perd dix minutes par jour.
My watch loses two minutes a day.,Ma montre retarde de deux minutes par jour.
My wife was pregnant at the time.,Ma femme était enceinte à l'époque.
"Nanako is really cute, isn't she?","Nakano est très mignonne, n'est ce pas ?"
Neither of those things happened.,Aucune de ces choses ne s'est produite.
Never be afraid to make mistakes.,N'ayez jamais peur de faire des erreurs.
Never be afraid to make mistakes.,N'aie jamais peur de faire des erreurs.
Never forget to put out the fire.,N'oublie jamais d'éteindre le feu.
Never hesitate to tell the truth.,N'ayez aucune hésitation à dire la vérité.
Never hesitate to tell the truth.,N'hésitez jamais à dire la vérité.
Never mix business with pleasure.,Ne mélangez jamais les affaires et les plaisirs !
Newspapers carry weather reports.,Les journaux font circuler les bulletins météo.
"Next time, you won't be so lucky.","La prochaine fois, tu ne seras pas aussi chanceux."
"Next time, you won't be so lucky.","La prochaine fois, tu ne seras pas aussi chanceuse."
"Next time, you won't be so lucky.","La prochaine fois, vous ne serez pas aussi chanceux."
"Next time, you won't be so lucky.","La prochaine fois, vous ne serez pas aussi chanceuses."
"Next time, you won't be so lucky.","La prochaine fois, vous ne serez pas aussi chanceuse."
"Next year, I'll return to Boston.","L'année prochaine, je retournerai à Boston."
No complaints have been reported.,Aucune plainte n'a été rapportée.
No doubt she will win in the end.,Elle finira assurément par gagner.
"No matter where I go, I get lost.","Où que j'aille, je m'égare."
"No matter where I go, I get lost.","Où que je me rende, je me perds."
No one I know goes there anymore.,Personne que je connaisse n'y va plus.
No one comes to visit me anymore.,Personne ne vient plus me rendre visite.
No one is asking you to eat that.,Personne ne vous demande de manger cela.
No one is asking you to eat that.,Personne ne te demande de manger ça.
No one knows his address but Tom.,Personne à part Tom ne connaît son adresse.
No one knows his address but Tom.,Il n'y a que Tom qui connaît son adresse.
No one listens to me when I talk.,Personne ne m'écoute quand je parle.
No one loves you as much as I do.,Je t'aime comme personne ne t'a jamais aimée.
No students went there yesterday.,Aucun étudiant ne s'est rendu là-bas hier.
No students went there yesterday.,Aucun étudiant n'est allé là-bas hier.
Nobody but you can make me happy.,Aucun autre que toi peut me rendre heureuse.
Nobody comes to visit us anymore.,Personne ne nous rend plus visite.
Nobody has a landline these days.,Plus personne n'a de téléphone fixe de nos jours.
Nobody is forcing you to do this.,Personne ne te force à faire ça.
Nobody is forcing you to do this.,Personne ne vous force à faire ceci.
Nobody told me Tom would be here.,Personne ne m'avait dit que Tom serait là.
None of this was meant to happen.,Rien de tout cela n'était censé arriver.
Not a single person arrived late.,Pas une seule personne n'arriva en retard.
Not all of the staff was present.,Tout le personnel n'était pas présent.
Not every community was affected.,Toutes les communautés n'ont pas été affectées.
Nothing is as important as peace.,Rien n'est aussi important que la paix.
Nothing is as simple as it seems.,Rien n'est aussi simple que ça en a l'air.
"Nothing ventured, nothing gained.",Il n'y a pas de profit sans risque.
"Nothing ventured, nothing gained.","À vaincre sans péril, on triomphe sans gloire."
Nothing was to be seen but water.,On ne voyait rien d'autre que l'eau.
Now I'll add the finishing touch.,Je vais maintenant ajouter la touche finale.
Now tell us what we want to know.,Maintenant dites-nous ce que nous voulons savoir !
Now tell us what we want to know.,Maintenant dis-nous ce que nous voulons savoir !
"Now, tell me what I want to know.","Maintenant, dis-moi ce que je veux savoir."
"Now, tell me what I want to know.","Maintenant, dites-moi ce que je veux savoir."
"Obviously, Tom didn't want to go.","Visiblement, Tom ne voulait pas y aller."
One cannot make dogs out of cats.,On ne fait pas des chiens avec des chats.
"One is new, and the other is old.","L'un est neuf, l'autre est ancien."
One of my friends died last week.,Un de mes amis est mort la semaine dernière.
One of my friends died last week.,Une amie est décédée la semaine dernière.
One of my friends died last week.,Un ami à moi est décédé la semaine dernière.
One of the girls was left behind.,L'une des filles fut laissée en arrière.
One of the girls was left behind.,L'une des filles a été laissée en arrière.
One of your neighbors complained.,Un de tes voisins s'est plaint.
One of your neighbors complained.,Une de tes voisines s'est plainte.
One of your neighbors complained.,Un de vos voisins s'est plaint.
One of your neighbors complained.,Une de vos voisines s'est plainte.
Only you can answer the question.,Seul toi peut répondre à cette question.
Open the door and let in the dog.,Ouvrez la porte et laissez rentrer le chien.
Open the door and let the dog in.,Ouvrez la porte et laissez rentrer le chien.
Opinion is divided on this point.,L'opinion est partagée sur cette question.
Ouch!! I've been stung by a bee!!,Aïe !! J'ai été piqué par une abeille !!
Our cow doesn't give us any milk.,Notre vache ne nous donne pas de lait.
Our debt is more than we can pay.,Notre dette est supérieure à ce que nous pouvons payer.
Our only daughter died of cancer.,Notre fille unique est morte d'un cancer.
Our only daughter died of cancer.,Notre fille unique est décédée d'un cancer.
Our opinions are quite different.,Nos opinions sont assez différentes.
Our passports were all we needed.,Nos passeports étaient tout ce dont nous avions besoin.
Our plane is thirty minutes late.,Notre avion est en retard de trente minutes.
Our refrigerator is out of order.,Notre réfrigérateur est en panne.
Our school is larger than theirs.,Notre école est plus grande que les leurs.
Over 30 people committed suicide.,Plus de trente personnes se sont suicidées.
Peace talks will begin next week.,Les pourparlers de paix commenceront la semaine prochaine.
People like Tom lie all the time.,Les gens comme Tom mentent tout le temps.
People say that he's still alive.,Les gens disent qu'il est encore en vie.
People thought that she was dead.,Les gens pensaient qu'elle était morte.
People thought that she was dead.,Les gens la croyaient morte.
Perhaps Tom doesn't speak French.,Peut-être que Tom ne parle pas français.
"Personally, I think you're right.","Personnellement, je pense que vous avez raison."
"Personally, I think you're right.","Personnellement, je pense que tu as raison."
Pizza is the kid's favorite meal.,La pizza est le plat préféré de l'enfant.
Please breathe through your nose.,Veuillez respirer par le nez !
Please breathe through your nose.,"Respire par le nez, je te prie !"
Please call me at my hotel later.,"S'il vous plaît, appelez-moi plus tard à mon hôtel."
Please close the door behind you.,"S'il te plaît, ferme la porte derrière toi."
Please close the door behind you.,Veuillez refermer la porte derrière vous.
Please close the door behind you.,Prière de refermer la porte derrière soi.
Please close the door behind you.,"Refermez la porte derrière vous, s'il vous plaît."
Please close the door behind you.,"Referme la porte derrière toi, s'il te plaît."
Please cut along the dotted line.,Veuillez découper le long des pointillés.
Please excuse my bad handwriting.,Veuillez excuser mon écriture illisible.
Please forgive me for being late.,S'il vous plaît excusez-moi d'être en retard.
Please give me a little more tea.,"Donnez-moi encore un peu de thé, s'il vous plaît."
Please hand me the bottle opener.,"Passe-moi le décapsuleur, s'il te plaît."
Please help me take this lid off.,S'il te plait aide-moi à retirer ce couvercle.
Please help yourself to the cake.,"Je t'en prie, prends du gâteau."
Please help yourself to the cake.,Sers-toi un bout de gâteau.
Please help yourself to the cake.,Vous pouvez vous servir du gâteau.
Please help yourself to the cake.,Servez-vous du gâteau je vous prie.
Please let me know what you want.,Dites-moi de quoi vous avez envie.
Please make yourself comfortable.,Mettez-vous à l'aise.
Please make yourself comfortable.,Détendez-vous.
Please move the desk to the left.,"S'il vous plaît, déplacez le bureau vers la gauche."
Please pardon me for coming late.,Désolé de venir si tard.
Please pardon me for coming late.,Veuillez m'excuser d'être venu en retard.
Please refrain from smoking here.,Merci de vous abstenir de fumer ici.
Please refrain from smoking here.,Veuillez vous abstenir de fumer ici.
Please refrain from smoking here.,Merci de t'abstenir de fumer ici.
Please refrain from smoking here.,"Abstiens-toi de fumer ici, je te prie."
Please refrain from smoking here.,"Abstenez-vous de fumer ici, je vous prie."
Please reserve this table for us.,"S'il vous plaît, réservez cette table pour nous."
Please say hello to your parents.,Merci de saluer tes parents.
Please say hello to your parents.,Merci de dire bonjour à tes parents.
Please tell Tom that Mary called.,"Tu peux dire à Tom que Mary a appelé, s'il te plait?"
Please tell Tom that Mary called.,"Dis à Tom que Marie a appelé, s'il te plaît."
Please tell me what you saw then.,Dites-moi ce que vous avez vu à ce moment-là.
Please tell me which one to take.,"S'il vous plaît, dites-moi lequel prendre."
Please tell us about your family.,Veuillez nous parler de votre famille.
Please wait outside of the house.,Veuillez attendre à l'extérieur de la maison.
Prices have been rising steadily.,Les prix ont augmenté de manière stable.
Production of rice has decreased.,La production du riz a diminué.
Put the book on the bottom shelf.,Pose le livre sur l'étagère du bas.
Relationships involve compromise.,Les relations impliquent des compromis.
Remember what happened last time.,Souviens-toi de ce qui s'est passé la dernière fois.
Remind me to never do that again.,Rappelle-moi de ne jamais refaire cela.
Remind me to never do that again.,Rappelez-moi de ne jamais refaire cela.
Rules are important for everyone.,Les règles sont valables pour tous.
"Sadly, many Japanese people died.","Malheureusement, de nombreux Japonais moururent."
Saudi Arabia is very rich in oil.,L'Arabie saoudite est très riche en pétrole.
School begins at half past eight.,L'école commence à huit heures et demie.
School begins on April the tenth.,L'école commence le 10 avril.
School violence is a big problem.,La violence à l'école est un gros problème.
Schools are closed for Christmas.,Les écoles sont fermées pour Noël.
Sea turtles have a long lifespan.,Les tortues marines ont une haute espérance de vie.
"Seeing me, the baby began to cry.","En me voyant, le bébé commença à pleurer."
Send it to me when you have time.,Envoyez-le moi quand vous aurez le temps.
Send it to me when you have time.,Envoie-la moi quand tu auras le temps.
She accompanied him on the piano.,Elle l'accompagna au piano.
She accompanied him on the piano.,Elle l'a accompagné au piano.
She acted as if she knew nothing.,Elle a fait comme si elle ne savait rien.
She advised him about what to do.,Elle lui conseilla quoi faire.
She advised him against doing it.,Elle le dissuada de le faire.
She advised him against doing it.,Elle l'a dissuadé de le faire.
She advised him to go by bicycle.,Elle lui conseilla de s'y rendre en vélo.
She advised him to go by bicycle.,Elle lui a conseillé de s'y rendre en vélo.
She advised him to go home early.,Elle lui conseilla de rentrer tôt chez lui.
She advised him to go home early.,Elle lui a conseillé de rentrer tôt chez lui.
She advised him to leave earlier.,Elle lui conseilla de partir plus tôt.
She advised him to leave earlier.,Elle lui a conseillé de partir plus tôt.
She advised him to stop drinking.,Elle lui conseilla d'arrêter de boire.
She advised him to stop drinking.,Elle lui a conseillé d'arrêter de boire.
She advised him to use a bicycle.,Elle lui conseilla d'utiliser un vélo.
She advised him to use a bicycle.,Elle lui a conseillé d'utiliser un vélo.
She always cared about my health.,Elle se souciait toujours de ma santé.
She and I are brother and sister.,Elle et moi sommes frère et sœur.
She appears to have many friends.,Elle semble avoir beaucoup d'amis.
She appears to have many friends.,On dirait qu'elle a beaucoup d'amis.
She appears to have many friends.,Elle semble avoir beaucoup d'amies.
She asked him to open the window.,Elle lui a demandé d'ouvrir la fenêtre.
She became a true friend of mine.,J'ai trouvé en elle une amie sincère.
She began to like him right away.,Elle commença à l'aimer immédiatement.
She began to like him right away.,Elle a commencé à l'aimer immédiatement.
She bolted the doors and windows.,Elle verrouilla les portes et fenêtres.
She came to like the new teacher.,Elle se mît à aimer la nouvelle institutrice.
She came to like the new teacher.,Elle se mît à apprécier le nouvel instituteur.
She came to see me the other day.,Elle est venue me voir l'autre jour.
She can play the piano very well.,Elle sait très bien jouer du piano.
She cast an eye in his direction.,Elle jeta un regard dans sa direction.
She closely resembles her mother.,Elle ressemble beaucoup à sa mère.
She cooked us a delicious dinner.,Elle nous a cuisiné un déjeuner délicieux.
She could feel her knees shaking.,Elle pouvait sentir ses genoux trembler.
She cried as she read the letter.,Elle pleura en lisant la lettre.
She cried as she read the letter.,Elle a pleuré en lisant la carte.
She decided to take legal advice.,Elle décida de prendre conseil auprès d'un expert juridique.
She did her best to persuade him.,Elle fit de son mieux pour le convaincre.
She did nothing all day but read.,Elle n'a fait que lire toute la journée.
She did nothing all day but read.,Elle n'a rien fait de la journée à part lire.
She didn't exactly agree with me.,Elle n'était pas vraiment d'accord avec moi.
She didn't give me back my money.,Elle ne m'a pas rendu mon argent.
She didn't mind doing the dishes.,Ça lui était égal de faire la vaisselle.
She didn't want to sell the book.,Elle n'a pas voulu vendre le livre.
She didn't want to sell the book.,Elle ne voulut pas vendre le livre.
She didn't want to sell the book.,Elle n'a pas voulu vendre l'ouvrage.
She didn't want to sell the book.,Elle ne voulut pas vendre l'ouvrage.
She dived into the swimming pool.,Elle plongea dans la piscine.
She doesn't care how she dresses.,Elle se fiche de comment elle s'habille.
She doesn't care how she dresses.,Comment elle s'habille lui est indifférent.
She doesn't like the way I speak.,Elle n'aime pas ma manière de parler.
She drowned herself in some lake.,Elle se noya dans quelque lac.
She dumped him for a younger man.,Elle le laissa tomber pour un homme plus jeune.
She dumped him for a younger man.,Elle l'a laissé tomber pour un homme plus jeune.
She earns her living by teaching.,Elle gagne sa vie en enseignant.
She felt herself being lifted up.,Elle se sentait remontée.
She found employment as a typist.,Elle a trouvé un emploi de dactylo.
She gave birth to a healthy baby.,Elle a mis au monde un bébé bien portant.
She gave birth to a healthy baby.,Elle donna naissance à un bébé en bonne santé.
She gave me a book for Christmas.,Elle m'a offert un livre pour Noël.
She gave me a nice pair of shoes.,Elle me donna une belle paire de chaussures.
She gladly accepted his proposal.,Elle accepta sa proposition avec joie.
She glanced through the magazine.,Elle parcourut le magazine.
She got married at the age of 17.,Elle s'est mariée à l'âge de dix-sept ans.
She got married at the age of 17.,Elle s'est mariée à dix-sept ans.
She got married at the age of 25.,Elle s'est mariée à 25 ans.
She grows tomatoes in her garden.,Elle fait pousser des tomates dans son jardin.
She grows tomatoes in her garden.,Elle cultive des tomates dans son jardin.
She had a vague feeling of guilt.,Elle éprouvait un vague sentiment de culpabilité.
She had the decency to apologize.,Elle a eu la décence de présenter ses excuses.
She happened to have the day off.,Elle avait justement ce jour-là de libre.
She happened to know his address.,Il se trouvait qu'elle connaissait son adresse.
She has a little money put aside.,Elle a un peu d'argent de côté.
She has an eye for the beautiful.,Elle a l'œil pour le beau.
She has broken the toaster again.,Elle a encore cassé le grille-pain.
She has brought up five children.,Elle a élevé cinq enfants.
She has had quite a lot to drink.,Elle a pas mal bu.
She has no more than 100 dollars.,Elle n'a que 100 dollars.
She has the same bag as you have.,Elle a le même sac que toi.
She has the same bag as you have.,Elle a le même sac que vous.
She has to look after her mother.,Il lui faut s'occuper de sa mère.
She hasn't done her homework yet.,Elle n'a pas encore fait ses devoirs.
She informed me of her departure.,Elle m'a informé de son départ.
She introduced her sister to him.,Elle lui présenta sa sœur.
She introduced her sister to him.,Elle lui a présenté sa sœur.
She introduced me to her brother.,Elle m'a présenté à son frère.
She introduced me to her brother.,Elle me présenta à son frère.
She is almost as tall as you are.,Elle est presque aussi grande que toi.
She is beautiful like her mother.,Elle est belle comme sa mère.
She is convinced of my innocence.,Elle est convaincue de mon innocence.
She is familiar with the subject.,Elle est familière du sujet.
She is fond of singing old songs.,Elle adore chanter de vieilles chansons.
She is getting better day by day.,Elle va mieux de jour en jour.
"She is not a nurse, but a doctor.","Elle n'est pas infirmière, mais docteur."
She is not a poet but a novelist.,Elle n'est pas poète mais romancière.
She is partial to chocolate cake.,Elle a un faible pour les gâteaux au chocolat.
"She is poor, but she looks happy.","Elle est pauvre, mais elle a l'air heureuse."
She is practicing the violin now.,Elle est actuellement en train de pratiquer le violon.
She is saving money to go abroad.,Elle économise de l'argent pour aller à l'étranger.
She is the one who feeds our dog.,C'est elle qui nourrit notre chien.
She is two years younger than me.,Elle est deux ans plus jeune que moi.
She is two years younger than me.,Elle a deux ans de moins que moi.
She is very much like her mother.,Elle ressemble beaucoup à sa mère.
She kept on talking while eating.,Elle ne cessait de parler tout en mangeant.
She knitted her father a sweater.,Elle a tricoté un pull à son père.
She likes cooking for her family.,Elle aime cuisiner pour sa famille.
She likes to cook for her family.,Elle aime cuisiner pour sa famille.
She likes to dress up as a nurse.,Elle aime se déguiser en infirmière.
She lived there about five years.,Elle a vécu là-bas environ cinq années.
She lived up to our expectations.,Elle s'est montrée à la hauteur de nos espérances.
She lives in quite a big mansion.,Elle vit dans une demeure plutôt grande.
She looked back on her childhood.,Elle songea à son enfance.
She looked better than last time.,Elle avait l'air mieux que la dernière fois.
She looked him right in the eyes.,Elle le regarda droit dans les yeux.
She loved him with all her heart.,Elle l'aima de tout son cœur.
She loved him with all her heart.,Elle l'a aimé de tout son cœur.
She married him at the age of 20.,Elle s'est mariée avec lui à 20 ans.
She may be proud of her daughter.,Elle peut être fière de sa fille.
She might have met him yesterday.,Elle pourrait l'avoir rencontré hier.
She nodded her head in agreement.,Elle hocha la tête en signe d'approbation.
She ordered the book from London.,Elle a commandé le livre à Londres.
She ordered the book from London.,Elle a commandé le livre depuis Londres.
She picked flowers in the garden.,Elle a cueilli des fleurs dans le jardin.
She picked flowers in the garden.,Elle cueillit des fleurs dans le jardin.
She picked him up at the station.,Elle le prit à la gare.
She picked him up at the station.,Elle l'a pris à la gare.
She played the piano beautifully.,Elle a magnifiquement joué au piano.
She pretty much keeps to herself.,Elle reste plutôt dans son coin.
She promised not to go out alone.,Elle promit de ne pas sortir seule.
She promised not to go out alone.,Elle a promis de ne pas sortir seule.
She quit her job for some reason.,Elle a démissionné pour je ne sais quelle raison.
She refused my offer to help her.,Elle déclina mon offre d'assistance.
She refuses to say more about it.,Elle refuse d'en dire plus.
She refuses to say more about it.,Elle refuse d'en dire davantage.
She remained single all her life.,Elle a fini vieille fille.
She remained single all her life.,Elle resta toute sa vie célibataire.
She rented a four-room apartment.,Elle loua un appartement de quatre pièces.
She reproached me for being lazy.,Elle m'a reproché d'être feignant.
She ripped her dress on a branch.,Elle a déchiré sa robe à une branche.
She said that she had been happy.,Elle a dit qu'elle avait été heureuse.
She said that she had been happy.,Elle disait qu'elle avait été heureuse.
She says she will call you later.,Elle dit qu'elle t'appellera plus tard.
She showed up early for practice.,Elle est venue tôt pour pratiquer.
She showed up early for practice.,Elle est arrivée tôt pour l'entraînement.
She solved the problem with ease.,Elle a résolu le problème facilement.
She spent the weekend by herself.,Elle a passé le week-end seule.
She spoke through an interpreter.,Elle s'est exprimée par l'intermédiaire d'un interprète.
She still depends on her parents.,Elle dépend encore de ses parents.
She stopped to smoke a cigarette.,Elle s'arrêta pour fumer une cigarette.
She succeeded in opening the box.,Elle parvint à ouvrir la caisse.
She suffocated him with a pillow.,Elle l'étouffa avec un oreiller.
She suffocated him with a pillow.,Elle l'a étouffé avec un oreiller.
She takes a shower every morning.,Elle prend une douche chaque matin.
She takes everything for granted.,Elle prend tout pour argent comptant.
She thanked him for all his help.,Elle l'a remercié pour toute son aide.
She told me an interesting story.,Elle me raconta une histoire intéressante.
She told me an interesting story.,Elle m'a raconté une histoire intéressante.
She told us an interesting story.,Elle nous a raconté une histoire intéressante.
She took a pen out of her pocket.,Elle a pris un stylo dans sa poche.
She took a walk before breakfast.,Elle s'est promenée avant le petit-déjeuner.
She took a walk before breakfast.,Elle se promena avant le petit-déjeuner.
She turned away and began to cry.,Elle se détourna et se mit à pleurer.
She urged him to drive carefully.,Elle l'exhorta à conduire prudemment.
She urged him to drive carefully.,Elle l'a exhorté à conduire prudemment.
She used to enjoy being with him.,Elle prenait plaisir à être avec lui.
She used to play tennis with him.,Elle jouait au tennis avec lui.
She waited for him for two hours.,Elle l'a attendu deux heures.
She waited for you for two hours.,Elle vous a attendu pendant deux heures.
She wants a serious relationship.,Elle veut une relation sérieuse.
She wants to marry a millionaire.,Elle veut épouser un millionnaire.
She wants to marry a millionaire.,Elle veut épouser une millionnaire.
She was about to leave the house.,Elle allait partir de la maison.
She was accused of telling a lie.,Elle a été accusée d'avoir menti.
She was advised by him not to go.,Il lui conseilla de ne pas y aller.
She was advised by him not to go.,Il lui a conseillé de ne pas y aller.
She was advised by him not to go.,Il lui conseilla de ne pas partir.
She was advised by him not to go.,Il lui a conseillé de ne pas partir.
She was alone on Valentine's Day.,Elle était seule le jour de la Saint-Valentin.
She was already in love with him.,Elle était déjà amoureuse de lui.
She was anxious about his health.,Elle était préoccupée par sa santé.
She was busy with household work.,Elle était occupée au ménage.
She was heard playing the violin.,On l'a entendue jouer du violon.
"She was poor, but she was honest.","Elle était pauvre, mais elle était honnête."
She was very proud of her father.,Elle était très fière de son père.
She was wearing dark brown shoes.,Elle portait des chaussures brun foncé.
She wasn't dancing with him then.,Elle ne dansait alors pas avec lui.
She went down to the fifth floor.,Elle descendit au cinquième étage.
She went to Italy to study music.,Elle est partie en Italie pour étudier la musique.
She went to Italy to study music.,Elle est allée en Italie pour étudier la musique.
She went to Paris to study music.,Elle se rendit à Paris pour étudier la musique.
She went to the hospital by taxi.,Elle se rendit à l'hôpital en taxi.
She will have a child next month.,Elle va avoir un bébé le mois prochain.
She will leave the hospital soon.,Elle quittera bientôt l'hôpital.
She will leave the hospital soon.,Elle va bientôt sortir de l'hôpital.
She wrapped the present in paper.,Elle enveloppa le cadeau dans du papier.
She wrapped the present in paper.,Elle a emballé le cadeau dans du papier.
She's a successful businesswoman.,C'est une femme d'affaire à succès.
She's a violinist of some renown.,C'est une violoniste d'une certaine renommée.
She's a violinist of some renown.,Elle est une violoniste d'un certain renom.
She's about the same age as I am.,Elle est à peu près du même âge que moi.
She's an intelligent young woman.,C'est une jeune fille intelligente.
She's asking how that's possible.,Elle demande comment c’est possible.
She's completely crazy about him.,Elle est raide dingue de lui.
She's five years younger than me.,Elle a cinq ans de moins que moi.
She's pleased with her new dress.,Sa nouvelle robe lui plaît.
She's promised to give me a ring.,Elle a promis qu'elle allait m'appeler.
She's two years younger than him.,Elle est deux ans plus jeune que lui.
She's two years younger than him.,Elle a deux ans de moins que lui.
Should I have my tooth extracted?,Faut-il que je me fasse extraire ma dent ?
Should we add a little more salt?,Ajoutons-nous un peu plus de sel ?
Shouldn't you be telling us that?,Ne devrais-tu pas nous le dire ?
"Since I was tired, I went to bed.","Comme j'étais fatigué, je suis allé au lit."
Skating on the pond is dangerous.,Faire du patin à glace sur la mare est dangereux.
Sleeping in class is not allowed.,Dormir en classe n'est pas permis.
"Smiling sadly, she began to talk.","Avec un sourire triste, elle se mit à parler."
Snow completely covered the town.,La neige recouvrait complètement la ville.
Some animals are active at night.,Certains animaux vivent la nuit.
Some even accused him of treason.,Quelques-uns l'accusèrent même de trahison.
Some people pursue only pleasure.,Certaines personnes ne recherchent que le plaisir.
Some voters waited hours to vote.,Certains électeurs ont attendu des heures pour voter.
Someday you should give it a try.,"Tu devrais essayer, un de ces jours."
Someday you should give it a try.,"Vous devriez essayer, un de ces jours."
Someday you should give it a try.,"Vous devriez vous y essayer, un de ces jours."
Someday you should give it a try.,"Tu devrais t'y essayer, un de ces jours."
Someday you should give it a try.,"Tu devrais le tenter, un de ces jours."
Somehow I thought you'd say that.,Je pensais bien que tu dirais ça.
Something has happened to my car.,Quelque chose est arrivé à ma voiture.
Something is wrong with my watch.,Il y a quelque chose qui ne va pas dans ma montre.
Something's wrong with my e-mail.,Quelque chose cloche avec mon courrier électronique.
Something's wrong with my e-mail.,Quelque chose ne va pas dans mon courriel.
"Sorry, I don't think I can do it.","Désolé, je ne crois pas que je puisse le faire."
"Sorry, I wasn't paying attention.","Désolé, je ne faisais pas attention."
"Sorry, I wasn't paying attention.","Désolé, j'étais ailleurs."
Spring is just around the corner.,C’est bientôt le printemps.
Spring is just around the corner.,Le printemps est bientôt là.
Stand up when I'm talking to you!,Levez-vous lorsque je vous parle !
Start reading where you left off.,Commence à lire là où tu t'es arrêté.
Start reading where you left off.,Commence à lire là où tu t'es arrêtée.
Start reading where you left off.,Commencez à lire là où vous vous êtes arrêté.
Start reading where you left off.,Commencez à lire là où vous vous êtes arrêtée.
Start reading where you left off.,Commencez à lire là où vous vous êtes arrêtés.
Start reading where you left off.,Commencez à lire là où vous vous êtes arrêtées.
Stop acting like a spoiled child.,Arrête de te conduire comme un enfant gâté.
Stop me if you've heard this one.,Arrête-moi si tu as déjà entendu celle-là.
Stop taking things so personally.,Arrête de prendre les choses personnellement.
Stop talking and start listening.,Arrête de parler et écoute maintenant.
Stop talking and start listening.,Arrête de parler et commence par écouter.
Stories often have happy endings.,Les histoires ont souvent une fin heureuse.
Study hard and learn all you can.,Étudie sérieusement et apprends tout ce que tu peux.
Success depends mostly on effort.,Le succès dépend principalement de l'effort.
"Suddenly, he changed the subject.","Soudain, il changea de sujet."
Sugar isn't good for your health.,Le sucre n'est pas bon pour la santé.
Suicide is an act of desperation.,Le suicide est un acte désespéré.
Summer is the season I like best.,L'été est la saison que je préfère.
Supplies of oil are not infinite.,Les ressources de pétrole ne sont pas infinies.
Swimming in the sea is great fun.,C'est un grand plaisir de nager dans la mer.
Swimming is good for your health.,"Nager, c'est bon pour la santé."
Switzerland is a neutral country.,La Suisse est un pays neutre.
Take as many cookies as you want.,Prends autant de biscuits que tu veux.
Take as many cookies as you want.,Prenez autant de biscuits que vous voulez.
Take as many peaches as you like.,Prends autant de pêches que tu veux.
Take this medicine between meals.,Prends ce médicament entre les repas.
Take whichever of these you want.,"Prends n'importe lequel que tu veux, parmi ceux-ci."
Take whichever of these you want.,"Prends n'importe laquelle que tu veux, parmi ceux-ci."
Take your time. There's no hurry.,Prends ton temps. Il n'y a pas d'urgence.
Taking a taxi is a luxury for me.,C'est du luxe pour moi que de prendre un taxi.
Talking during a concert is rude.,Bavarder pendant un concert est grossier.
Tell me what else is on the list.,Dis-moi ce qu'il y a d'autre sur la liste.
Tell me what happened that night.,Dites-moi ce qui s'est passé cette nuit-là.
Tell me what happened that night.,Dis-moi ce qui est arrivé cette nuit-là.
Tell me when you want me to come.,Dis-moi quand tu veux que je vienne.
Tell me where to put these books.,Dites-moi où mettre ces livres !
Tell me where to put these books.,Dis-moi où mettre ces livres !
Tell me why I shouldn't fire you.,Dites-moi pourquoi je ne devrais pas vous renvoyer.
Tell me why I shouldn't fire you.,Dis-moi pourquoi je ne devrais pas te virer.
Tell me why you want to go there.,Dis-moi pourquoi tu veux aller là-bas.
Tell them what you're doing here.,Dites-leur ce que vous êtes en train de faire ici !
Tell them what you're doing here.,Dis-leur ce que tu es en train de faire ici !
Tell us how to solve the problem.,Dites-nous comment résoudre le problème.
Tell us how to solve the problem.,Dis-nous comment résoudre le problème.
Tell us what happened last night.,Dis-nous ce qui s'est passé la nuit dernière.
Tell us what happened last night.,Dites-nous ce qui s'est passé la nuit dernière.
Telling lies is a very bad habit.,"Raconter des mensonges, est une très vilaine habitude."
Ten years is a long time to wait.,10 ans est une longue période à attendre.
Thank you all for your attention.,Merci à tous pour votre attention.
Thank you for the Christmas gift.,Merci pour le cadeau de Noël !
Thank you for the wonderful meal.,Merci pour ce merveilleux repas.
Thank you for your encouragement.,Je te remercie pour tes encouragements.
Thank you for your understanding.,Merci de votre compréhension.
Thanks for adding me as a friend.,Merci de m'avoir ajouté comme ami.
Thanks for adding me as a friend.,Merci de m'ajouter en tant qu'ami.
"Thanks to him, I could get a job.","Grâce à lui, je pourrais avoir un emploi."
"Thanks to you, I arrived on time.","Grâce à toi, je suis arrivé à l'heure."
"Thanks to you, I arrived on time.","Grâce à vous, je suis arrivée à l'heure."
That almost sounds like a threat.,Cela sonne presque comme une menace.
That box is bigger than this one.,Cette boîte-là est plus grande que celle-ci.
That bridge is anything but safe.,Ce pont est tout sauf sûr.
That company produces microchips.,Cette société produit des circuits intégrés.
That day will go down in history.,Ce jour entrera dans l'histoire.
"That doesn't bother you, does it?","Ça ne t'embête pas, n'est-ce pas?"
That doesn't interest me anymore.,Cela ne m'intéresse plus.
That doesn't sound so good to me.,Ça ne me semble pas si bien.
That doesn't sound too dangerous.,Ça n'a pas l'air trop dangereux.
That dress looks stunning on you.,Cette robe a l'air éblouissante sur toi.
That dress looks stunning on you.,Cette robe a l'air éblouissante sur vous.
That flower has a powerful smell.,Cette fleur exhale un parfum entêtant.
That happened to me this morning.,Cela m'est arrivé ce matin.
That has nothing to do with this.,Ça n'a rien à voir avec ça.
That hat is very much in fashion.,Ce chapeau est très à la mode.
That hotel is very near the lake.,Cet hôtel est très proche du lac.
That is a very interesting story.,C'est une histoire très intéressante.
That is the house where he lives.,C'est la maison où il réside.
That isn't going to be a problem.,Cela ne sera pas un problème.
That man didn't give me his name.,Cet homme ne m'a pas donné son nom.
That meeting was a waste of time.,Cette réunion était une perte de temps.
That might be a little difficult.,Cela pourrait être un peu difficile.
That movie was a real tearjerker.,Ce film est une vraie pleurnicherie.
That nickname fits him perfectly.,Ce pseudo lui convient parfaitement.
That patient may die at any time.,Ce patient peut mourir à tout moment.
That plane will take off at five.,Cet avion s'envolera à cinq heures.
That play was an immense success.,La pièce de théâtre a été un immense succès.
That shouldn't be too hard to do.,Ça ne devrait pas être trop difficile à faire.
That small star is the brightest.,Cette petite étoile est la plus brillante.
That small star is the brightest.,Cette petite étoile est la plus lumineuse.
"That sounds credible, doesn't it?","Ça semble crédible, n'est-ce pas ?"
That was a new experience for me.,Ce fut une nouvelle expérience pour moi.
That was completely unacceptable.,C'était complètement inacceptable.
That was only a figure of speech.,Ce n'était que manière de style.
That was some pretty good advice.,C'était un assez bon conseil.
That was what I was going to say.,C'est ce que j'allais dire.
"That wasn't so difficult, was it?","Ce n'était pas si difficile, n'est-ce pas ?"
That wasn't something I expected.,Ce n'est pas une chose à laquelle je m'attendais.
That word describes it perfectly.,Ce mot le décrit parfaitement.
That would be a really good idea.,Ça serait vraiment une bonne idée.
That would be really interesting.,Ce serait vraiment intéressant.
"That'll be seven dollars, please.","Cela fera sept dollars, s'il vous plaît."
That's a beautiful piece of meat.,C'est une belle pièce de viande.
That's a constructive suggestion!,C'est une suggestion constructive !
That's a frightening possibility.,C'est une possibilité effrayante.
That's a hard question to answer.,C'est une question à laquelle il est difficile de répondre.
That's a nice rack of pork chops.,C'est un beau travers de porc.
That's a nice tie you're wearing.,C'est une belle cravate que tu portes !
That's a secret I can't tell you.,C'est un secret que je ne peux pas te dire.
That's a very beautiful painting.,C'est un superbe tableau.
That's a very beautiful painting.,C'est une superbe toile.
That's a very beautiful painting.,C'est une superbe peinture.
That's a very difficult question.,Cette question est très difficile.
That's a very interesting theory.,C'est une théorie vraiment intéressante.
That's a waste of time and money.,C'est un gaspillage de temps et d'argent.
That's a waste of time and money.,Il s'agit d'un gaspillage de temps et d'argent.
That's an interesting hypothesis.,C'est une hypothèse intéressante.
That's certainly one possibility.,C'est assurément une possibilité.
That's exactly what you need now.,C'est exactement ce dont vous avez besoin maintenant.
That's exactly what you need now.,C'est juste ce dont tu as besoin maintenant.
That's happened to me many times.,Cela m'est arrivé de nombreuses fois.
That's just what I'm going to do.,C'est justement ce que je vais faire.
That's not going to be a problem.,Cela ne va pas être un problème.
That's not how you spell my name.,Mon nom ne s'écrit pas comme ça.
That's one of my favorite movies.,C'est un de mes films préférés.
That's only a temporary solution.,C'est juste une solution temporaire.
That's something I can't control.,C'est quelque chose que je ne peux pas contrôler.
That's the last thing I remember.,C'est la dernière chose dont je me souvienne.
That's the last thing I remember.,C'est la dernière chose dont je me souviens.
That's the last thing I would do.,C'est la dernière chose que je ferais.
That's the one thing I'm sure of.,C'est l'unique chose dont je sois certain.
That's the one thing I'm sure of.,C'est l'unique chose dont je sois certaine.
That's the other reason I'm here.,C'est l'autre raison pour laquelle je suis ici.
"That's the tricky part, isn't it?","C'est la partie délicate, n'est-ce pas ?"
That's what I want to understand.,C'est ce que je veux comprendre.
That's what I wanted to find out.,C'est ce que je voulais découvrir.
That's what I was hoping to hear.,C'est ce que j'espérais entendre.
That's what I'm asking you to do.,C'est ce que je vous demande de faire.
That's what I'm asking you to do.,C'est ce que je te demande de faire.
That's what the government wants.,C'est ce que souhaite le gouvernement.
That's what you don't understand.,C'est ce que tu ne comprends pas.
That's what you don't understand.,C'est ce que vous ne comprenez pas.
"That's what you wanted, isn't it?","C'est ce que tu voulais, non ?"
"That's what you wanted, isn't it?","C'est ce que vous souhaitiez, n'est-ce pas ?"
That's what you've always wanted.,C'est ce que vous avez toujours voulu.
That's what you've always wanted.,C'est ce que tu as toujours voulu.
That's what's supposed to happen.,C'est ce qui est censé se produire.
That's when I went to the police.,C'est alors que je suis allé à la police.
"That's why you're here, isn't it?","C'est pour ça que vous êtes ici, n'est-ce pas ?"
The Confederate flag was lowered.,Le drapeau des confédérés fut amené.
The Inca were a religious people.,Les Incas étaient un peuple religieux.
The Japanese live mainly on rice.,Les Japonais mangent principalement du riz.
The United States borders Canada.,Les États-Unis bordent le Canada.
The appendix is about 10 cm long.,L'appendice est long d'à peu près dix centimètres.
The appendix is about 10 cm long.,L'appendice fait environ dix centimètres de long.
The atmospheric pressure is high.,La pression atmosphérique est élevée.
The atomic number for iron is 26.,Le numéro atomique du fer est le 26.
The audience was deeply affected.,L'audience fut profondément affectée.
The audience were all foreigners.,L'assistance n'était composée que d'étrangers.
The ball bounced high in the air.,La balle rebondit haut dans les airs.
The barn was struck by lightning.,Un éclair est tombé sur la grange.
The bill amounted to 100 dollars.,La facture se montait à 100 dollars.
The birds were flying in a group.,Les oiseaux volaient en groupe.
The birds were flying in a group.,Les oiseaux volaient en formation.
The blood stain can't be removed.,La tache de sang ne peut être ôtée.
The blood stain can't be removed.,La tache de sang ne peut être retirée.
The boat drifted down the stream.,Le bateau dériva au gré du courant.
The boy complained of a headache.,Le garçon s'est plaint de mal de tête.
The boys played cops and robbers.,Les garçons jouaient aux gendarmes et aux voleurs.
The bridge is under construction.,Le pont est en construction.
The bullet cut through an artery.,La balle sectionna une artère.
The bullet went through his body.,La balle traversa son corps.
The bus leaves every ten minutes.,Il y a un bus qui part toutes les dix minutes.
The bus stopped in every village.,Le bus s'est arrêté dans chaque village.
The bus turned around the corner.,Le bus tourna à l'angle.
The bus turned around the corner.,Le bus a tourné à l'angle.
The buses left one after another.,Les cars partirent l'un après l'autre.
The cash machine is out of order.,Le distributeur d'argent est en panne.
The cat is sleeping on the table.,Le chat est en train de dormir sur la table.
The cat lay hidden in the bushes.,Le chat se tapit dans les buissons.
The cat sleeps next to the couch.,Le chat dort à côté du canapé.
The cause of the fire is unknown.,La cause de l'incendie est inconnue.
The children are asleep upstairs.,Les enfants dorment à l'étage.
The children are playing outside.,Les enfants jouent dehors.
The children were skinny dipping.,Les enfants se baignaient tout nu.
The children were swimming naked.,Les enfants nageaient nus.
The city was blanketed with snow.,La ville était recouverte de neige.
The clock is made in Switzerland.,L'horloge est fabriquée en Suisse.
The cold weather kept us indoors.,Le temps froid nous a cloués à l'intérieur.
The company stopped losing money.,La compagnie a arrêté de perdre de l'argent.
The computer repair took all day.,La réparation de l'ordinateur a pris toute la journée.
The conference will end tomorrow.,La conférence finira demain.
The cops are keeping tabs on him.,Les flics l'ont à l'œil.
The cost of living has gone down.,Le coût de la vie a baissé.
The customer is not always right.,Le client n'a pas toujours raison.
The day we arrived was a holiday.,Le jour où nous arrivâmes était férié.
The day we arrived was a holiday.,Le jour où nous sommes arrivés était férié.
The day we arrived was a holiday.,Le jour où nous sommes arrivées était férié.
The differences were substantial.,Les différences étaient importantes.
The distance is hard to estimate.,La distance est difficile à estimer.
The doctor is taking care of Tom.,Le docteur prend soin de Tom.
The doctor she visited is famous.,Le médecin qu'elle a été voir est célèbre.
The dog follows me wherever I go.,Le chien me suit où que j'aille.
The dogs howled at the full moon.,Les chiens hurlaient à la pleine Lune.
The door of the office is yellow.,La porte du bureau est jaune.
The door remained closed all day.,La porte est restée fermée toute la journée.
The fire was put out immediately.,L'incendie fut immédiatement éteint.
The floor was covered with blood.,Le sol était couvert de sang.
The food was finger-licking good.,La nourriture était bonne à s'en lécher les doigts.
The frost killed all the flowers.,Le gel a tué toutes les fleurs.
The fuel tank in the car is full.,Le réservoir d'essence de la voiture est plein.
The future will come soon enough.,Le futur adviendra bien assez tôt.
The general inspected the troops.,Le général passa les troupes en revue.
The girl was aware of the danger.,La fille était consciente du danger.
The girl was trembling with fear.,La fille tremblait de peur.
The hat costs less than the coat.,Le chapeau coûte moins que le manteau.
The heat kept me awake all night.,La chaleur m'a tenu éveillé toute la nuit.
The hills were covered with snow.,Les collines étaient recouvertes de neige.
The history class starts at nine.,Le cours d'histoire commence à neuf heures.
The horse ran through the fields.,Le cheval traversait les champs au galop.
The hotel has a homey atmosphere.,L'hôtel a une atmosphère accueillante.
The house burned down completely.,La maison était en cendres.
The house collapsed a week later.,La maison s'écroula une semaine plus tard.
The house is built of red bricks.,La maison est faite de briques rouges.
The ice cracked under the weight.,La glace craqua sous le poids.
The implications are frightening.,Les implications en sont effrayantes.
The installation is now complete.,L'installation est maintenant terminée.
The job isn't anywhere near done.,Le travail est loin d'être terminé.
The king reigned over the island.,Le roi a régné sur l'île.
The lady came from a good family.,La dame venait d'une bonne famille.
The lake is a long way from here.,Le lac est loin d'ici.
The lake is deepest at this spot.,Le lac est le plus profond à cet endroit.
The land had never been ploughed.,La terre n'avait jamais été labourée.
The leaves blew away in the wind.,Les feuilles s'envolèrent au vent.
The letter was wrongly addressed.,La lettre était mal adressée.
The locking mechanism has jammed.,Le mécanisme de fermeture s'est coincé.
The locking mechanism has jammed.,Le mécanisme de verrouillage s'est bloqué.
The mail is delivered once a day.,Le courrier est distribué une fois par jour.
The man took the boy by the hand.,L'homme prit le garçon par la main.
The market should be deregulated.,Le marché devrait être dérégulé.
The medicine made me feel better.,Les médicaments m'ont fait me sentir mieux.
The meeting took place yesterday.,La réunion a eu lieu hier.
The meeting took place yesterday.,La réunion s'est tenue hier.
The middle finger is the longest.,Le majeur est le plus long doigt.
The moment he saw me he ran away.,"Au moment où il me vit, il s'enfuit en courant."
The mouse ran underneath the bed.,La souris a couru sous le lit.
The movie received mixed reviews.,Le film a été accueilli de manière mitigée par la critique.
The movie was a whopping success.,Le film a été un énorme succès.
The murderer confessed his crime.,Le meurtrier confessa son crime.
The museum is not open on Monday.,Le musée n'est pas ouvert le lundi.
The museum is open to the public.,Le musée est ouvert au public.
The museum isn't open on Sundays.,Le musée n'est pas ouvert les dimanches.
The new film was a great success.,Le nouveau film fut un grand succès.
The new museum is worth visiting.,La visite du nouveau musée vaut le coup.
The news confirmed my suspicions.,Les nouvelles ont confirmé mes soupçons.
The old castle is in a sad state.,Le vieux château est en piteux état.
The old lady stepped off the bus.,La vieille dame descendit du bus.
The old man was starved to death.,Le vieil homme fut affamé jusqu'à la mort.
The owners appointed him manager.,Les propriétaires l'ont nommé directeur.
The painting is all but finished.,Le tableau est presque terminé.
The paper didn't carry the story.,Le journal n'a pas publié l'histoire.
The patient is out of danger now.,Le patient est hors de danger à présent.
The peace talks ended in failure.,Les négociations de paix se soldèrent par un échec.
The phone doesn't work right now.,Le téléphone ne fonctionne pas actuellement.
The place is apparently deserted.,L'endroit est apparemment désert.
The plan was discussed in detail.,Le plan fut discuté en détail.
The plane crashed into the house.,L'avion s'est écrasé sur la maison.
The plane flew over the mountain.,L'avion survola la montagne.
The plane made a perfect landing.,L'avion a effectué un atterrissage parfait.
The plane still hasn't taken off.,L'avion n'a toujours pas décollé.
The plane was approaching London.,L'avion approchait Londres.
The planes flew over the village.,Les avions volèrent au-dessus du village.
The plot twists were predictable.,Les péripéties de l'intrigue étaient prévisibles.
The police accused him of murder.,La police l'a accusé de meurtre.
The police chased the stolen car.,La police poursuivit la voiture volée.
The police have arrested someone.,La police a arrêté quelqu'un.
The police lowered their weapons.,La police baissa ses armes.
The police think that Tom did it.,La police pense que Tom a fait ça.
The policeman arrested the thief.,Le policier a arrêté le voleur.
The president appeared powerless.,Le président apparaissait impuissant.
The prince was lost in the woods.,Le prince était perdu dans les bois.
The prisoner escaped from prison.,Le prisonnier s'échappa de prison.
The prisoners have been released.,Les prisonniers ont été relâchés.
The problem remains to be solved.,Le problème reste à résoudre.
The problem was under discussion.,Le problème était en discussion.
The process is totally automated.,Le processus est complètement automatisé.
The ring was nowhere to be found.,Nulle part on ne trouvait la bague.
The road turns a bit to the west.,La route vire légèrement vers l'ouest.
The room is being painted by him.,Il est en train de peindre la pièce.
The rule holds good in this case.,Dans ce cas la règle s'applique dans toute sa rigueur.
The rule holds good in this case.,La règle reste valide en ce cas.
The rumor is true to some extent.,La rumeur est vraie dans une certaine mesure.
The rumor is true to some extent.,La rumeur est vraie jusqu'à un certain point.
The rumor turned out to be false.,La rumeur se révéla fausse.
The rumor turned out to be false.,La rumeur s'avéra infondée.
The rumor was not based on facts.,La rumeur ne reposait pas sur des faits.
The rumor was without foundation.,La rumeur était sans fondement.
The sales of this model took off.,Les ventes de ce modèle se sont envolées.
The ship appeared on the horizon.,Le navire apparut à l'horizon.
The ship wasn't ready for battle.,Le navire n'était pas en ordre de bataille.
The sign indicates the way to go.,Le panneau indique le chemin.
The situation is growing serious.,La situation devient sérieuse.
The situation left him perplexed.,La situation l'a laissé perplexe.
The situation there was critical.,La situation là-bas était critique.
The sky became darker and darker.,Le ciel devenait de plus en plus sombre.
The sky became darker and darker.,Le ciel devint de plus en plus sombre.
The snow was several meters deep.,La neige était profonde de plusieurs mètres.
"The sooner you leave, the better.","Le plus tôt tu partiras, le mieux ce sera."
"The sooner you leave, the better.","Le plus tôt vous partirez, le mieux ce sera."
The stars are shining in the sky.,Les étoiles brillent dans le ciel.
The station is not far from here.,La gare n'est pas loin d'ici.
The storm caused a lot of damage.,La tempête occasionna beaucoup de dommage.
The story begins a long time ago.,L'histoire commence il y a longtemps.
The streets aren't safe at night.,"De nuit, les rues ne sont pas sûres."
The students made her life happy.,Les élèves ont rendu sa vie heureuse.
The sun always rises in the east.,Le Soleil se lève toujours à l'Est.
The swimmers were numb with cold.,Les nageurs étaient transis de froid.
The table was covered with paper.,La table était recouverte de papier.
The tablecloth is in the cabinet.,La nappe est dans l'armoire.
The talks continued for two days.,Les pourparlers se sont poursuivis pendant deux jours.
The telephone rang several times.,Le téléphone a sonné plusieurs fois.
The tenor sang very well tonight.,Le ténor a très bien chanté ce soir.
The tower is fifteen metres tall.,La tour fait quinze mètres de haut.
The town has many tall buildings.,Il y a de nombreux bâtiments de grande taille dans cette ville.
The town has many tall buildings.,Cette ville comporte de nombreux bâtiments de grande taille.
The town is packed with tourists.,La ville est pleine de touristes.
The traffic light changed to red.,Le feu de circulation est passé au rouge.
The train is thirty minutes late.,Le train a trente minutes de retard.
The train should be here on time.,Le train devrait être là à l'heure.
The tree was struck by lightning.,L'arbre a été frappé par la foudre.
The troops advanced twenty miles.,Les troupes progressèrent de vingt milles.
The truck cut in front of my car.,Le poids lourd traversa devant ma voiture.
The two answers are both correct.,Les deux réponses sont correctes.
The two brothers are still alive.,Les deux frères sont toujours vivants.
The two of us split up last year.,Nous nous sommes tous deux séparés l'année dernière.
The water flows under the bridge.,L'eau s'écoule sous le pont.
The water was calm and very blue.,L'eau était calme et très bleue.
The weather was bad this weekend.,Il a fait mauvais temps ce week-end.
The whole family was sick in bed.,Toute la famille était malade au lit.
The word is not in my dictionary.,Ce mot n'est pas dans mon dictionnaire.
The work is practically finished.,Le travail est pratiquement terminé.
The world is full of dumb people.,Le monde est plein d’idiots.
The wound left a scar on her arm.,La blessure lui laissa une cicatrice sur le bras.
The young adapt to change easily.,Les jeunes s'adaptent facilement.
The young girl lost her bracelet.,La fillette a perdu son bracelet.
The young should respect the old.,Les jeunes devraient respecter les vieux.
Their friendship moved us deeply.,Leur amitié nous a profondément touchés.
There are 50 members in the club.,Il y a 50 membres dans le club.
There are few houses around here.,Il y a peu de maisons dans le coin.
There are four seasons in a year.,Il y a quatre saisons dans une année.
There are many fish in this lake.,Il y a beaucoup de poisson dans ce lac.
There are many islands in Greece.,Il y a beaucoup d'îles en Grèce.
There are many mysteries in life.,Il y a de nombreux mystères dans la vie.
There are many parks in our town.,Il y a de nombreux parcs dans notre ville.
There are no chairs in this room.,Il n'y a pas de chaises dans cette salle.
There are no signs of any damage.,Il n'y a aucun signe de dégâts.
There are some books on the desk.,Il y a quelques livres sur le bureau.
There are some flies on the wall.,Il y a des mouches posées sur le mur.
There is a television in my room.,Il y a une télévision dans ma chambre.
There is an apple under the desk.,Il y a une pomme en dessous du bureau.
There is no chance of rain today.,Il n'y a aucun risque de pluie aujourd'hui.
There is no hope of his recovery.,Il n'y a pas d'espoir pour son rétablissement.
There is no need for him to work.,Il n'a pas besoin de travailler.
There is no need for him to work.,Il n'est pas nécessaire qu'il travaille.
There is no need for us to hurry.,Il n'est pas nécessaire de nous dépêcher.
There is no reason for this fear.,Il n'y a pas de raison à cette crainte.
There is no school during August.,Il n'y a pas cours en août.
There is nothing wrong with this.,Il n'y a rien de mauvais à cela.
There is something you must know.,Il y a quelque chose que vous devez savoir.
There is something you must know.,Il y a quelque chose que tu dois savoir.
There may be a problem with that.,Il pourrait y avoir un problème avec ça.
There must be a misunderstanding.,Il doit y avoir un malentendu.
There must be something in there.,Il doit y avoir quelque chose là-dedans.
There was a good reason for this.,Il y avait une bonne raison à cela.
There was a heavy rain yesterday.,Il y avait une grosse pluie hier.
There was a light rain yesterday.,Il est tombé une légère pluie hier.
There was no question about that.,Il n'en était pas question.
There was only one small problem.,Il y avait juste un petit problème.
There's a church behind my house.,Il y a une église derrière chez moi.
There's ice cream in the freezer.,Il y a de la glace dans le congélateur.
There's no need for you to study.,Vous n'avez pas besoin d'étudier.
There's no need for you to study.,Tu n'as pas besoin d'étudier.
There's no need to call a doctor.,Il n'y a pas besoin d'appeler un médecin.
There's no need to speak so loud.,Il n'est pas nécessaire de parler si fort.
There's no one to look after her.,Il n'y a personne qui prendra soin d'elle.
There's no reason not to do that.,Il n'y a aucune raison de ne pas faire cela.
There's nothing better than that.,Il n'y a rien de mieux que cela.
There's nothing else for us here.,Il n'y a rien d'autre pour nous ici.
There's nothing funny about that.,Il n'y a là rien d'amusant.
There's nothing left for me here.,"Il ne reste rien pour moi, ici."
There's something fishy going on.,Il se passe quelque chose de louche.
There's something fishy going on.,Quelque chose de suspect est en train de se passer.
There's still so much left to do.,Il reste encore tant à faire.
There's still so much left to do.,Il y a encore tellement à faire.
Thermometers often go below zero.,Le thermomètre descend souvent en dessous de zéro.
These gloves kept her hands warm.,Ces gants gardaient ses mains au chaud.
These houses were dark and dirty.,Ces maisons étaient sombres et sales.
These people hate all foreigners.,Ces gens détestent tous les étrangers.
These shoes are very comfortable.,Ces chaussures sont très confortables.
These shoes don't fit me anymore.,Ces chaussures ne me vont plus.
These trees were planted by them.,Ce sont eux qui ont planté ces arbres.
They appointed him as a director.,Ils le nommèrent directeur.
They are both colleagues of mine.,Ce sont tous deux des collègues à moi.
They are expected any minute now.,Ils devraient venir d'un moment à l'autre.
They are going to look after him.,Ils vont s'occuper de lui.
They are looking to you for help.,Ils attendent que vous les aidiez.
They are looking to you for help.,Ils attendent que tu les aides.
They are the ones who want to go.,Ce sont ceux qui veulent y aller.
They are the ones who want to go.,Ce sont celles qui veulent y aller.
They are the ones who want to go.,Ce sont ceux qui veulent partir.
They are the ones who want to go.,Ce sont celles qui veulent partir.
They are the ones who want to go.,Ce sont ceux qui veulent s'y rendre.
They are the ones who want to go.,Ce sont celles qui veulent s'y rendre.
They aren't telling us the truth.,Ils ne nous disent pas la vérité.
They charge too much for parking.,Ils demandent beaucoup trop d'argent pour un stationnement.
They could not find work at home.,Ils ne pouvaient trouver de travail par chez eux.
They could not get there quickly.,Ils n'ont pas pu y aller rapidement.
They did not have good equipment.,Ils n'avaient pas de bon matériel.
They don't take care of that dog.,Ils ne prennent pas soin de ce chien.
They don't take care of that dog.,Elles ne prennent pas soin de ce chien.
They don't usually take hostages.,"D'habitude, ils ne prennent pas d'otages."
They elected her to be the mayor.,Ils l'ont choisie pour être maire.
They enjoy one another's company.,Ils apprécient la compagnie de l'autre.
They fed a black and a white dog.,Ils ont nourri un chien noir et un chien blanc.
They fell into each other's arms.,Ils tombèrent dans les bras l'un de l'autre.
They fell into each other's arms.,Ils tombèrent dans les bras les uns des autres.
They fell into each other's arms.,Elles tombèrent dans les bras l'une de l'autre.
They fell into each other's arms.,Elles tombèrent dans les bras les unes des autres.
They fit each other so perfectly.,Ils vont tellement bien l'un avec l'autre.
They fit each other so perfectly.,Ils conviennent parfaitement l'un à l'autre.
They gave a piece of cake to Tom.,Ils donnèrent un bout de gâteau à Tom.
They gave us very little trouble.,Il nous ont fait très peu de difficultés.
They go into town every Saturday.,Ils se rendent en ville tous les samedis.
They had great fun at my expense.,Ils se sont bien amusés à mes dépens.
They have very little to live on.,Ils ont très peu pour vivre.
They have very little to live on.,Ils disposent de très peu pour vivre.
They hurried by without a glance.,"Ils passèrent en se hâtant, sans un regard."
They hurried by without a glance.,"Elles passèrent en se hâtant, sans un regard."
They kept me waiting for an hour.,Ils m'ont fait attendre une heure.
They looked as if they would cry.,Ils semblaient être sur le point de pleurer.
They looked as if they would cry.,Elles semblaient être sur le point de pleurer.
They mistook him for his brother.,Ils le confondirent avec son frère.
They mistook him for his brother.,Elles le confondirent avec son frère.
They moved in just the other day.,Ils ont emménagé juste l'autre jour.
They refused to think of leaving.,Ils refusèrent de songer à partir.
They relaxed around the campfire.,Ils se détendirent autour du feu de camp.
They relaxed around the campfire.,Elles se sont détendues autour du feu de camp.
They rushed towards their mother.,Ils se précipitèrent vers leur mère.
They rushed towards their mother.,Elles se précipitèrent vers leur mère.
They shouldn't have written that.,Ils n'auraient pas dû écrire ça.
They shouldn't have written that.,Elles n'auraient pas dû écrire cela.
They stayed at a five-star hotel.,Ils ont séjourné dans un hôtel cinq étoiles.
They stood up for what was right.,Ils se dressèrent pour ce qui était juste.
They stood up for what was right.,Elles se dressèrent pour ce qui était juste.
They were better than I expected.,Ils étaient meilleurs que ce à quoi je m'attendais.
They were better than I expected.,Elles étaient meilleures que ce à quoi je m'attendais.
They were in a hurry to get home.,Ils étaient pressés de rentrer à la maison.
They were not listening to music.,Ils n'écoutaient pas de musique.
They were not listening to music.,Elles n'écoutaient pas de musique.
They were scolded by the teacher.,Ils furent grondés par l'instituteur.
They were scolded by the teacher.,Elles furent grondées par l'instituteur.
They were scolded by the teacher.,Ils furent grondés par l'institutrice.
They were scolded by the teacher.,Elles furent grondées par l'institutrice.
They were scolded by the teacher.,Elles ont été grondées par l'instituteur.
They were scolded by the teacher.,Elles ont été grondées par l'institutrice.
They were scolded by the teacher.,Ils ont été grondés par l'instituteur.
They were scolded by the teacher.,Ils ont été grondés par l'institutrice.
They will get married next month.,Ils vont se marier le mois prochain.
They wouldn't have done anything.,Ils n'auraient rien fait.
They wouldn't have done anything.,Elles n'auraient rien fait.
They're barely paid minimum wage.,Ils sont à peine payés le SMIC.
They're giving away samples free.,Ils distribuent des échantillons gratuits.
They're not telling us the truth.,Ils ne nous disent pas la vérité.
They're treating me like a child.,Ils me traitent comme une enfant.
They're treating me like a child.,Elles me traitent comme un enfant.
Think carefully before answering.,Réfléchis bien avant de répondre.
Think carefully before answering.,Réfléchissez bien avant de répondre.
Thirty-four of them were lawyers.,Trente cinq d'entre eux étaient avocats.
This T-shirt is too small for me.,Ce T-shirt est trop petit pour moi.
This ball is that boy's treasure.,Ce ballon est le trésor de ce garçon.
This beach is dangerous at night.,Cette plage est dangereuse la nuit.
This bed is too hard to sleep on.,Ce lit est trop dur pour y dormir.
This blue sweater is very pretty.,Ce pull bleu est très beau.
This boat is no longer seaworthy.,Le bateau n'est plus en état de naviguer.
This book belongs to the library.,Ce livre appartient à la bibliothèque.
This book contains many pictures.,Ce livre contient de nombreuses images.
This book could be useful to you.,Ce livre pourrait t'être utile.
This book could be useful to you.,Ce livre pourrait vous être utile.
This book is easy for me to read.,C'est très facile pour moi de lire ce livre.
This book is hard for me to read.,Ce livre m'est d'une lecture difficile.
This book is worth reading again.,Ce livre vaut la peine d'être relu.
This book is worth reading twice.,Ce livre vaut la peine d'être relu.
This building has five elevators.,Cet immeuble a cinq ascenseurs.
This building is near completion.,Ce bâtiment est bientôt terminé.
This can't be what I think it is.,Ça ne peut pas être ce que je pense que c'est.
This can't be what it looks like.,Ça ne peut pas être ce que ça paraît.
This can't be what it looks like.,Ça ne peut pas être ce que ça semble.
This car has no air conditioning.,Cette voiture ne dispose pas d'air conditionné.
This car is bigger than that one.,Cette voiture-ci est plus grande que celle-là.
"This computer is yours, isn't it?","Cet ordinateur est le tien, n'est-ce pas ?"
This conversation never happened.,Cette conversation n'a jamais eu lieu.
This day will go down in history.,Ce jour entrera dans l'histoire.
This desk is a little low for me.,Ce bureau est un peu bas pour moi.
This desk takes up too much room.,Ce bureau prend trop de place.
This doll costs only sixty cents.,Cette poupée ne coûte que soixante centimes.
This doll is a gift from my aunt.,Cette poupée est un cadeau de ma tante.
This food does not agree with me.,Cette nourriture ne me convient pas.
This has nothing to do with that.,Ceci n'a rien à voir avec ça.
This hut is a very special place.,Cette cabane est un endroit très spécial.
This hut is a very special place.,Cette cabane est un lieu très particulier.
This ink stain will not wash out.,Cette tache d'encre ne veut pas s'en aller.
This is a rather unusual request.,C'est une demande plutôt inhabituelle.
"This is a real diamond, isn't it?","C'est un authentique diamant, n'est-ce pas ?"
This is a very interesting story.,C'est une histoire très intéressante.
This is all that is known so far.,C'est tout ce qu'on sait jusqu'à maintenant.
This is an exception to the rule.,C'est une exception à la règle.
This is how I solved the problem.,C'est ainsi que j'ai résolu le problème.
"This is kind of sudden, isn't it?","C'est en quelque sorte soudain, n'est-ce pas ?"
This is more expensive than that.,C'est plus cher que ça.
This is my letter of resignation.,Ceci est ma lettre de démission.
This is probably the wrong place.,C'est probablement le mauvais endroit.
This is the house he was born in.,C'est la maison où il est né.
This is the letter for my friend.,C'est la lettre pour mon ami.
This is the reason why he did it.,C'est la raison pour laquelle il le fit.
This is the very book you wanted.,C'est précisément le livre que vous vouliez.
This is the very book you wanted.,C'est exactement le livre que tu voulais.
This is what I found in the cave.,C'est ce que j'ai trouvé dans la grotte.
This isn't everyone's cup of tea.,Ce n'est pas du goût de tout le monde.
This isn't exactly what I wanted.,Ce n'est pas exactement ce que je voulais.
This isn't the time or the place.,"Ce n'est ni le moment, ni l'endroit."
This isn't where I parked my car.,Ce n'est pas là que j'ai garé ma voiture.
This key doesn't fit in the lock.,Cette clef ne rentre pas dans la serrure.
This knife was very useful to me.,Ce couteau m'a beaucoup servi.
This lawn mower runs on gasoline.,Cette tondeuse à gazon fonctionne à l'essence.
This letter is wrongly addressed.,Cette lettre porte une mauvaise adresse.
This milk will keep for two days.,Ce lait peut se garder deux jours.
This offer is good for five days.,Cette offre est valable cinq jours.
This offer is good for five days.,Cette offre vaut pour cinq jours.
This packaging is hard to remove.,Cet emballage est difficile à retirer.
This painting isn't complete yet.,Ce tableau n'est pas encore terminé.
This plant grew little by little.,Cette plante a poussé petit à petit.
This problem is worth discussing.,Ce problème est digne d'être discuté.
This problem is worth discussing.,Ce problème vaut le coup d'être discuté.
This restaurant is badly managed.,Ce restaurant est mal géré.
This sentence doesn't make sense.,Cette phrase n'a pas de sens.
This sentence doesn't make sense.,Cette peine n'a pas de sens.
This shop carries men's clothing.,Ce magasin propose des vêtements pour homme.
This shop is a rental video shop.,Ce magasin est un magasin de location de vidéo.
This should be clear to everyone.,Ça devrait être clair pour tout le monde.
This story has an unhappy ending.,Cette histoire se termine mal.
This sword has a strange history.,Cette épée a une étrange histoire.
This textbook is too hard for me.,Ce manuel scolaire est trop dur pour moi.
This train stops at all stations.,Ce train s'arrête à toutes les stations.
This tree is about 300 years old.,Cet arbre a environ 300 ans.
This tree is older than that car.,Cet arbre est plus vieux que cette voiture.
This tree is three meters around.,Cet arbre a une circonférence de trois mètres.
This will be a great opportunity.,Ce sera une excellente occasion.
Those men are armed to the teeth.,Ces hommes sont armés jusqu'aux dents.
Three beers and a tequila please.,Trois bières et une tequila s'il vous plaît !
Three beers and a tequila please.,Trois bières et une téquila s'il vous plaît !
"To put it bluntly, he's mistaken.","Pour le dire brutalement, il se trompe."
"To tell the truth, I don't agree.","À vrai dire, je ne suis pas d'accord."
"To tell the truth, I felt lonely.","À dire vrai, je me sentais seul."
"To tell the truth, I felt lonely.","En vérité, je me sentais seule."
Tom accused Mary of being a liar.,Tom a accusé Mary d'être une menteuse.
Tom admired Mary for her bravery.,Tom admirait Marie pour son courage.
Tom also likes to play the flute.,Tom aime aussi jouer de la flûte.
Tom always gets up at six-thirty.,Tom se lève toujours à six heures et demie.
Tom and I have nothing in common.,Tom et moi n'avons rien en commun.
Tom and I've just gotten married.,Tom et moi venons de nous marier.
Tom and John are brothers-in-law.,Tom et John sont beaux-frères.
Tom and Mary are both professors.,Tom et Mary sont tous les deux professeurs.
Tom and Mary are looking for you.,Tom et Marie sont en train de te chercher.
Tom and Mary are looking for you.,Tom et Marie sont en train de vous chercher.
Tom and Mary are older than John.,Tom et Mary sont plus vieux que John.
Tom and Mary are the same height.,Tom et Marie font la même taille.
Tom and Mary both work full time.,Tom et Marie travaillent tous les deux à temps plein.
Tom and Mary can't both be right.,Tom et Marie ne peuvent pas avoir raison tous les deux.
Tom and Mary seem happy together.,Tom et Marie ont l'air heureux ensemble.
Tom and Mary value their privacy.,Tom et Mary donnent de la valeur à leur vie privée.
Tom and Mary won't go without me.,Tom et Mary n'iront pas sans moi.
Tom asked Mary several questions.,Tom posa plusieurs questions à Mary.
Tom asked Mary several questions.,Tom a posé plusieurs questions à Mary.
Tom asked Mary where the dog was.,Tom a demandé à Mary où était le chien.
Tom asked me what the matter was.,Tom m'a demandé quel était le problème.
Tom borrowed a car from a friend.,Tom a emprunté une voiture d'un ami.
Tom bought a bottle of olive oil.,Thomas a acheté une bouteille d'huile d'olive.
Tom bought a camera and a tripod.,Tom acheta un appareil de photo et un trépied.
Tom bought some land near Boston.,Tom a acheté un terrain près de Boston.
Tom called Mary before breakfast.,Tom appela Marie avant le petit-déjeuner.
Tom came out of his hiding place.,Tom est sorti de sa cachette.
"Tom can play the guitar, I think.","Tom sait jouer de la guitare, je pense."
Tom can ski just as well as Mary.,Tom peut skier tout aussi bien que Mary.
Tom can't do anything about that.,Tom ne peut rien y faire.
Tom can't do anything about that.,Tom ne peut rien faire à cela.
Tom can't give you an answer now.,Tom ne peut pas vous donner une réponse maintenant.
Tom can't give you an answer now.,Tom ne peut pas te donner une réponse maintenant.
Tom can't sleep without a pillow.,Tom n’arrive pas à dormir sans oreiller.
Tom can't take his eyes off Mary.,Tom ne peut pas cesser de contempler Marie.
Tom carried the suitcases for me.,Tom a porté les valises pour moi.
Tom could have told me the truth.,Tom aurait pu me dire la vérité.
Tom could hear the phone ringing.,Tom pouvait entendre le téléphone sonner.
Tom could tell Mary wasn't happy.,Tom voyait bien que Marie n'était pas heureuse.
Tom couldn't help but feel happy.,Tom ne pouvait s'empêcher de se sentir heureux.
Tom couldn't walk without a cane.,Tom ne pouvait pas marcher sans canne.
Tom crossed the border illegally.,Tom a traversé la frontière illégalement.
Tom decided not to smoke anymore.,Tom a décidé de ne plus fumer.
Tom desperately needs a vacation.,Tom a désespérément besoin de vacances.
Tom did everything I told him to.,Tom a fait tout ce que je lui ai dit.
"Tom did that not once, but twice.",Tom ne l'a pas fait une fois mais deux fois.
Tom didn't ask me for permission.,Tom ne m'a pas demandé la permission.
Tom didn't even know it was here.,Tom ne savait même pas qu'il était ici.
Tom didn't even know it was here.,Tom ne savait même pas qu'elle était ici.
Tom didn't even say he was sorry.,Tom n'a même pas dit qu'il était désolé.
Tom didn't even say he was sorry.,Tom ne dit même pas qu'il était désolé.
Tom didn't give me back my money.,Tom ne m'a pas rendu mon argent.
Tom didn't give me what I needed.,Tom ne m'a pas donné ce dont j'avais besoin.
Tom didn't know what else to say.,Tom ne savait pas quoi dire d'autre.
Tom didn't know what to say next.,Tom ne savait pas quoi dire ensuite.
Tom didn't know what to say next.,Tom n'a pas su quoi dire après.
Tom didn't listen to what I said.,Tom ne m'écoutait pas.
Tom didn't look as bored as Mary.,Tom n'avait pas l'air aussi ennuyé que Mary.
Tom didn't look as happy as Mary.,Tom n'avait pas l'air aussi heureux que Mary.
Tom didn't look as happy as Mary.,Tom ne semblait pas aussi heureux que Mary.
Tom didn't need to come so early.,Tom n'avait pas besoin de venir si tôt.
Tom died before his son was born.,Tom est mort avant que son fils naisse.
Tom died in prison ten years ago.,Tom est mort en prison il y a dix ans.
Tom does nothing but read comics.,Tom ne fait rien à part lire des bandes dessinées.
Tom doesn't have anything to eat.,Tom n'a rien à manger.
Tom doesn't know much about guns.,Tom ne connaît pas grand-chose aux armes à feu.
Tom doesn't know the whole story.,Tom ne connaît pas toute l'histoire.
Tom doesn't know what he's doing.,Tom ne sait pas ce qu'il fait.
Tom doesn't like Mary's attitude.,Tom n'aime pas l'attitude de Mary.
Tom doesn't like mashed potatoes.,Tom n'aime pas la purée de pommes de terre.
Tom doesn't like poker very much.,Tom n'aime pas beaucoup le poker.
Tom doesn't like to speak French.,Tom n'aime pas parler français.
Tom doesn't like to stay at home.,Tom n'aime pas rester chez lui.
Tom doesn't like to stay at home.,Tom n'aime pas rester à la maison.
Tom doesn't look troubled at all.,Tom n'a pas du tout l'air inquiet.
Tom doesn't owe anybody anything.,Tom ne doit rien à personne.
Tom doesn't read books in French.,Tom ne lit pas de livres en français.
Tom doesn't seem very interested.,Tom ne semble pas très intéressé.
Tom doesn't speak French at home.,Tom ne parle pas français chez lui.
Tom doesn't talk to Mary anymore.,Tom ne parle plus à Marie.
Tom doesn't think it's his fault.,Tom ne pense pas que ce soit sa faute.
Tom doesn't understand the rules.,Tom ne comprend pas les règles.
Tom doesn't want to go with Mary.,Tom ne veut pas y aller avec Mary.
Tom doesn't want you to get hurt.,Tom ne veut pas que tu te blesses.
Tom doesn't want you to get hurt.,Tom ne veut pas que vous soyez blessée.
Tom drives everybody up the wall.,Tom rend tout le monde dingues.
Tom eats the same food every day.,Tom mange la même nourriture tous les jours.
Tom enjoys watching sports on TV.,Tom aime regarder le sport à la télévision.
"Tom enjoys working here, I think.","Tom apprécie de travailler ici, je pense."
Tom fell asleep waiting for Mary.,Tom s'endormit en attendant Mary.
Tom fell asleep waiting for Mary.,Tom s'est endormi en attendant Mary.
Tom felt helpless and frightened.,Tom se sentait impuissant et effrayé.
Tom forgot his trumpet at school.,Tom a oublié sa trompette à l'école.
Tom forgot his trumpet at school.,Tom oublia sa trompette à l'école.
Tom forgot the keys on the table.,Tom a oublié les clés sur la table.
Tom forgot to bring a flashlight.,Tom a oublié d'apporter une lampe torche.
Tom gets up at six every morning.,Tom se lève à 6h tous les matins.
Tom gets up early in the morning.,Tom se lève tôt le matin.
Tom had to do everything himself.,Tom a dû tout faire lui-même.
Tom had to spend a night in jail.,Tom a dû passer une nuit en prison.
Tom has a new girlfriend already.,Tom a déjà une nouvelle petite amie.
Tom has a tattoo on his left arm.,Tom a un tatouage sur son bras gauche.
Tom has a tendency to exaggerate.,Tom a tendance à exagérer.
Tom has an aunt who is in prison.,Tom a une tante qui est en prison.
Tom has an incredible vocabulary.,Tom a un incroyable vocabulaire.
Tom has an opinion on everything.,Tom a un avis sur tout.
Tom has been a very good manager.,Tom a été un très bon gestionnaire.
Tom has been a very good manager.,Tom a été un très bon manager.
Tom has been married a long time.,Tom est marié depuis longtemps.
Tom has been quite busy recently.,Tom est très occupé récemment.
Tom has been watching TV all day.,Tom a regardé la télé toute la journée.
Tom has begun writing a new book.,Tom a commencé à écrire un nouveau livre.
Tom has changed a lot since then.,Tom a beaucoup changé depuis.
Tom has done other stupid things.,Tom a fait d'autres choses stupides.
Tom has lost both of his parents.,Tom a perdu ses deux parents.
Tom has made up his mind already.,Tom s'est déjà décidé.
Tom has more free time than I do.,Tom a plus de temps libre que moi.
Tom has more free time than I do.,Tom dispose de plus de temps libre que moi.
Tom has more money than he needs.,Tom a plus d'argent qu'il n'en a besoin.
Tom has never asked me for money.,Tom ne m'a jamais demandé d'argent.
Tom has no prior criminal record.,Tom n'a pas d'antécédents judiciaires.
Tom has no prior criminal record.,Tom n'a pas de casier judiciaire.
Tom has scored 30 points already.,Tom a déjà marqué 30 points.
Tom has sold his house in Boston.,Tom a vendu sa maison à Boston.
Tom has sold his house in Boston.,Tom a vendu sa maison de Boston.
Tom has the experience necessary.,Tom a l'expérience nécessaire.
Tom has the necessary experience.,Tom a l'expérience nécessaire.
Tom has traveled all over Europe.,Tom a voyagé à travers toute l'Europe.
Tom hasn't been living here long.,Tom n'habite pas ici depuis longtemps.
Tom hasn't bought his ticket yet.,Tom n'a pas encore acheté son ticket.
Tom hasn't violated his contract.,Tom n'a pas violé son contrat.
Tom hates it when Mary does that.,Tom déteste quand Mary fait ça.
Tom helped Mary with her luggage.,Tom aida Mary avec ses bagages.
Tom helped Mary with her luggage.,Tom a aidé Mary avec ses bagages.
Tom insisted that he acted alone.,Tom a insisté pour qu'il agisse seul.
Tom is a better singer than Mary.,Tom est meilleur chanteur que Mary.
Tom is a member of the SWAT team.,Tom est un membre de l'équipe du GIGN.
Tom is afraid it'll happen again.,Tom a peur que ça arrive encore.
Tom is afraid of making mistakes.,Tom a peur de faire des fautes.
Tom is an air traffic controller.,Tom est contrôleur aérien.
Tom is apparently a truck driver.,Tom est apparemment chauffeur de camion.
Tom is coming back home tomorrow.,Tom rentre à la maison demain.
"Tom is competent, but Mary isn't.",Tom est compétent mais Mary ne l'est pas.
Tom is determined to lose weight.,Tom est déterminé à perdre du poids.
Tom is driving without a license.,Tom conduit sans permis.
Tom is environmentally conscious.,Tom est respectueux de l'environnement.
"Tom is growing a beard, isn't he?","Tom se laisse pousser la barbe, non ?"
Tom is in charge of this project.,Tom est chargé de ce projet.
Tom is in his office at his desk.,Tom est à son bureau dans son bureau.
Tom is in reasonably good health.,Tom est en bonne santé.
Tom is interested in mathematics.,Tom s'intéresse aux mathématiques.
Tom is never at a loss for words.,Tom n'est jamais à court de mots.
Tom is not welcome in this house.,Tom n'est pas le bienvenu dans cette maison.
"Tom is older than I am, isn't he?","Tom est plus vieux que moi, n'est-ce pas ?"
Tom is on his way back to Boston.,Tom est sur le chemin du retour pour Boston.
Tom is on his way back to Boston.,Tom est en train de rentrer à Boston.
"Tom is quite organized, isn't he?","Tom est plutôt organisé, n'est-ce pas ?"
Tom is refusing to pay his bills.,Tom refuse de payer ses factures.
Tom is someone I'll never forget.,Tom est quelqu'un que je n'oublierai jamais.
Tom is still living in Australia.,Tom vit toujours en Australie.
Tom is supposed to arrive today.,Tom est censé arriver aujourd'hui.
Tom is taller and fatter than me.,Tom est plus grand et plus gros que moi.
Tom is the fattest person I know.,Tom est la plus grosse personne que je connais.
Tom is the one I gave the key to.,C'est à Tom que j'ai donné la clef.
Tom is the one I gave the key to.,Tom est celui à qui j'ai donné la clé.
Tom is the right man for the job.,Tom est le bon choix pour ce travail.
Tom is the right man for the job.,Tom est l'homme qu'il faut pour ce travail.
Tom is the tallest in his family.,Tom est le plus grand de sa famille.
Tom is three years older than me.,Tom a trois ans de plus que moi.
Tom is too stubborn to apologize.,Tom est trop têtu pour s'excuser.
Tom is too young to go to school.,Tom est trop jeune pour aller à l'école.
Tom is too young to go to school.,Tom est trop petit pour aller à l'école.
Tom is too young to travel alone.,Tom est trop jeune pour voyager seul.
Tom is usually not very reliable.,Tom n'est généralement pas très fiable.
Tom is writing on the blackboard.,Tom est en train d'écrire sur le tableau.
Tom is writing on the blackboard.,Tom écrit sur le tableau.
Tom isn't ashamed of what he did.,Tom n'a pas honte de ce qu'il a fait.
Tom isn't doing it the right way.,Tom ne le fait pas de la bonne façon.
Tom isn't going to let you drive.,Tom ne te laissera pas conduire.
Tom isn't going to let you drive.,Tom ne vous laissera pas conduire.
Tom isn't qualified for that job.,Tom n'est pas qualifié pour ce travail.
"Tom isn't really that old, is he?","Tom n'est pas si vieux que ça, n'est-ce pas ?"
Tom isn't sure he has to do that.,Tom n'est pas sûr de devoir faire ça.
Tom just doesn't know what to do.,Tom ne sait simplement pas quoi faire.
Tom killed the rat with his cane.,Tom a tué le rat avec son bâton.
Tom knew he needed to leave town.,Tom savait qu'il devait quitter la ville.
Tom knew that Mary was a teacher.,Tom savait que Mary était professeur.
Tom knew that Mary was a teacher.,Tom savait que Mary était institutrice.
Tom knew that Mary was a teacher.,Tom savait que Mary était maîtresse d'école.
Tom knew that Mary was in Boston.,Tom savait que Marie était à Boston.
Tom knew that Mary was in danger.,Tom savait que Mary était en danger.
Tom knew what Mary wanted to buy.,Tom savait ce que Marie voulait acheter.
Tom knew what Mary wanted to eat.,Tom savait ce que Marie voulait manger.
Tom knows exactly how Mary feels.,Tom sait exactement ce que ressent Mary.
Tom knows he did something wrong.,Tom sait qu'il a fait quelque chose de mal.
Tom knows the man Mary came with.,Tom connaît l'homme avec qui Mary est venue.
Tom knows the police suspect him.,Tom sait que la police le suspecte.
Tom leaned back against the wall.,Tom s'est adossé au mur.
Tom leaned back against the wall.,Tom s'adossa au mur.
Tom left the lights on all night.,Tom a laissé la lumière allumée toute la nuit.
Tom likes Mary's long black hair.,Tom aime les longs cheveux noirs de Marie.
Tom likes listening to Mary sing.,Tom aime écouter Mary chanter.
Tom likes making paper airplanes.,Tom aime faire des avions en papier.
Tom lives all alone in the woods.,Tom vit tout seul dans les bois.
Tom lives in a poor neighborhood.,Tom habite dans un quartier pauvre.
Tom looked a little disappointed.,Tom avait l'air un peu déçu.
Tom looks a little uncomfortable.,Tom a l'air un peu mal à l'aise.
Tom looks a little uncomfortable.,Tom semble un peu mal à l'aise.
Tom looks just like a guy I know.,Tom ressemble exactement à un gars que je connais.
Tom looks like he's going to cry.,On dirait que Tom est sur le point de pleurer.
Tom loosened the knot on his tie.,Tom desserra le nœud de sa cravate.
Tom made good money on that deal.,Tom s'est fait beaucoup d'argent avec cette affaire.
Tom married a much younger woman.,Tom s'est marié à une femme beaucoup plus jeune.
Tom may eat whatever he wants to.,Tom peut manger tout ce qu'il veut.
Tom may eat whatever he wants to.,Tom a droit de manger tout ce dont il a envie.
Tom may know Mary's phone number.,Tom connaît peut-être le numéro de téléphone de Mary.
Tom needed his parents' approval.,Tom avait besoin de l'accord de ses parents.
Tom needed his parents' approval.,Tom avait besoin de l'approbation de ses parents.
Tom needs us to show him the way.,Tom a besoin que nous lui montrions la route.
Tom never listens to the teacher.,Tom n'écoute jamais le professeur.
Tom never stays more than a week.,Tom ne reste jamais plus d'une semaine.
Tom never talks about his family.,Tom ne parle jamais de sa famille.
Tom never told me he was married.,Tom ne m'a jamais dit qu'il était marié.
Tom no longer goes out with Mary.,Tom ne sort plus avec Mary.
Tom noticed Mary's hands shaking.,Tom remarqua que les mains de Mary tremblaient.
Tom offered Mary a slice of cake.,Tom a offert une tranche de gâteau à Mary.
Tom offered Mary a slice of cake.,Tom offrit une tranche de gâteau à Mary.
Tom often quarrels with his wife.,Tom se dispute souvent avec sa femme.
Tom often sings with his friends.,Tom chante souvent avec ses amis.
Tom opened his eyes and saw Mary.,Tom ouvra les yeux et vit Mary.
Tom opened his eyes and saw Mary.,Tom a ouvert les yeux et a vu Mary.
Tom poured Mary a glass of water.,Tom servit un verre d'eau à Marie.
Tom poured a cup of tea for Mary.,Tom versa du thé pour Mary.
Tom prefers not to talk about it.,Tom préfère ne pas en parler.
Tom probably thought I was happy.,Tom croyait probablement que j'étais heureux.
Tom put a flea collar on his dog.,Tom a mis un collier anti-puces à son chien.
Tom put oil on the bicycle chain.,Tom a mis de l'huile sur la chaîne du vélo.
Tom refused to sign the document.,Tom refusa de signer le document.
Tom refused to sign the document.,Tom a refusé de signer le document.
Tom reminded Mary not to be late.,Tom rappela à Mary de ne pas être en retard.
Tom said he needed to take a nap.,Tom a dit qu'il avait besoin de faire une sieste.
Tom said he wanted to take a nap.,Tom a dit qu'il voulait faire une sieste.
Tom said he wanted to talk to me.,Tom a dit qu'il voulait me parler.
Tom said he wants to talk to you.,Tom a dit qu'il voulait te parler.
Tom said he wants to talk to you.,Tom a dit qu'il voulait vous parler.
Tom said that Mary was beautiful.,Tom a dit que Mary était magnifique.
Tom said that Mary won't do that.,Tom a dit que Mary n'allait pas faire ça.
Tom said that he didn't know you.,Tom a dit qu'il ne te connaissait pas.
Tom said that he didn't know you.,Tom a dit qu'il ne vous connaissait pas.
Tom sat on a stool in the corner.,Tom s'assit sur un tabouret dans un coin.
Tom says he can wait a long time.,Tom dit qu'il peut attendre longtemps.
Tom says he's too tired to study.,Tom dit qu'il est trop fatigué pour réviser.
Tom seems to be an honest person.,Tom semble être une personne honnête.
Tom seems to be hyperventilating.,Tom semble faire de l'hyperventilation.
Tom sees this in a different way.,Tom voit ça d'une manière différente.
Tom seldom wears his black shirt.,Tom porte rarement sa chemise noire.
Tom sensed Mary's disappointment.,Tom perçut la déception de Marie.
Tom shared a jail cell with John.,Tom partageait une cellule de prison avec John.
Tom shot at Mary with a crossbow.,Tom a tiré sur Mary avec une arbalète.
Tom should ask Mary how to do it.,Tom devrait demander à Mary comment le faire.
Tom should never have to do that.,Tom ne devrait jamais avoir à faire ça.
Tom should've told us about this.,Tom aurait dû nous le dire.
Tom shouldn't have left so early.,Tom n'aurait pas dû partir si tôt.
Tom speaks two foreign languages.,Tom parle deux langues étrangères.
Tom stamped his foot three times.,Tom tapa du pied trois fois.
Tom started packing his suitcase.,Tom a commencé à préparer sa valise.
Tom still doesn't look too tired.,Tom n'a toujours pas l'air trop fatigué.
Tom still owes me a lot of money.,Tom me doit encore beaucoup d'argent.
Tom stopped reading for a moment.,Tom arrêta de lire un moment.
Tom stopped reading for a moment.,Tom a arrêté de lire un moment.
Tom stopped reading for a moment.,Tom cessa de lire pendant un moment.
Tom stopped reading for a moment.,Tom a cessé de lire pendant un moment.
Tom takes everything for granted.,Tom prend tout pour acquis.
Tom takes good care of his horse.,Tom prend grand soin de son cheval.
Tom takes good care of the birds.,Tom s'occupe bien des oiseaux.
Tom thanked everyone for waiting.,Tom remercia tout le monde d'avoir attendu.
Tom thanked everyone for waiting.,Tom a remercié tout le monde pour leur attente.
Tom thinks that the answer is no.,Tom pense que la réponse est non.
Tom thinks the plan may backfire.,Tom pense que le plan pourrait se retourner contre nous.
Tom thinks we should leave early.,Tom pense que nous devrions partir tôt.
Tom thought about what Mary said.,Tom pensa à ce que Mary avait dit.
Tom thought it was a stupid plan.,Tom pensait que c'était un plan idiot.
Tom thought that Mary was asleep.,Tom pensait que Mary était endormie.
Tom threatened Mary with a knife.,Tom a menacé Marie avec un couteau.
Tom told me he wasn't happy here.,Tom m'a dit qu'il n'était pas heureux ici.
Tom told me he's getting married.,Tom m'a dit qu'il allait se marier.
Tom told me not to lock the door.,Tom m'a dit de ne pas verrouiller la porte.
Tom told me that he spoke French.,Tom m'a dit qu'il parlait français.
Tom told us a whole pack of lies.,Tom nous a raconté tout un tas de mensonges.
Tom took the ring off his finger.,Tom retira la bague de son doigt.
Tom tried climbing the tall tree.,Tom essaya de grimper le grand arbre.
Tom waited for more than an hour.,Tom a attendu pendant plus d'une heure.
Tom waited for more than an hour.,Tom a attendu plus d'une heure.
Tom wants to make everyone happy.,Tom veut rendre tout le monde heureux.
Tom wants us to examine his case.,Tom veut que l'on examine son cas.
Tom was afraid to cross the road.,Tom avait peur de traverser la route.
Tom was appointed superintendent.,Tom a été nommé surintendant.
Tom was complaining of back pain.,Tom se plaignait d'un mal de dos.
Tom was expecting you to say yes.,Tom s'attendait à ce que tu lui dises oui.
Tom was lying in bed watching TV.,"Tom regardait la télé, allongé dans son lit."
Tom was married to Mary's sister.,Tom était marié à la sœur de Mary.
Tom was pardoned by the governor.,Tom a été gracié par le gouverneur.
Tom was surprised by what he saw.,Tom a été surpris par ce qu'il a vu.
Tom was the only one who laughed.,Tom fut le seul à rire.
Tom was the only one who laughed.,Tom a été le seul à rire.
Tom was throwing rocks at my dog.,Tom était en train de jeter des pierres à mon chien.
Tom was unsure what he should do.,Tom n'était pas certain de ce qu'il devait faire.
Tom was very pleased to see Mary.,Tom fut très heureux de voir Mary.
Tom was wearing a ridiculous hat.,Tom portait un chapeau ridicule.
Tom was worried about his grades.,Tom était inquiet au sujet de ses notes.
Tom was worried about his grades.,Tom était inquiet à propos de ses notes.
Tom wasn't the first person here.,Tom ne fut pas la première personne ici.
Tom wasn't wearing his seat belt.,Tom n'avait pas sa ceinture.
Tom wasn't wearing his seat belt.,Tom n'avait pas mis sa ceinture.
Tom wasn't wearing his seat belt.,Tom n'avait pas mis sa ceinture de sécurité.
Tom weighs himself every morning.,Tom se pèse tous les matins.
Tom went to the circus with Mary.,Tom est allé au cirque avec Marie.
Tom went to the museum with Mary.,Tom est allé au musée avec Mary.
Tom went to the museum with Mary.,Tom alla au musée avec Mary.
Tom will be delighted to see you.,Tom sera ravi de te voir.
Tom will be delighted to see you.,Tom sera enchanté de vous voir.
Tom will be in Boston for a week.,Tom sera à Boston pendant une semaine.
Tom will be surprised to see you.,Tom sera surpris de te voir.
Tom will be surprised to see you.,Tom sera surpris de vous voir.
Tom will do that sooner or later.,Tom fera ça tôt ou tard.
Tom woke up at the crack of dawn.,Tom se réveilla à l'aube.
Tom woke up at the crack of dawn.,Tom s'est réveillé aux aurores.
Tom won a free trip to Australia.,Tom a gagné un séjour gratuit en Australie.
Tom works at a nearby restaurant.,Tom travaille dans un restaurant des environs.
Tom wrote a very detailed report.,Tom a écrit un rapport très détaillé.
Tom's grandfather was illiterate.,Le grand-père de Tom était illettré.
Tom's mother is a very good cook.,La mère de Tom est une très bonne cuisinière.
Tom's nervousness was noticeable.,La nervosité de Tom était perceptible.
Tom's parents are both murderers.,Les parents de Tom sont tous les deux des assassins.
Tom's password was easy to guess.,Le mot de passe de Tom était facile à deviner.
Tom's question was an accusation.,La question de Tom était une accusation.
"Tom, I've got a surprise for you.","Tom, j'ai une surprise pour toi."
Tomorrow is my first day of work.,Demain est mon premier jour de travail.
Traffic is a major urban problem.,La circulation est un problème urbain majeur.
Traffic lights work all the time.,Les feux tricolores fonctionnent en continu.
"Trust me, you don't want to know.","Fais-moi confiance, tu ne veux pas savoir."
"Trust me, you don't want to know.","Faites-moi confiance, vous ne voulez pas savoir."
Try putting yourself in my shoes.,Essayez de vous mettre à ma place.
"Two tickets to San Diego, please.","Deux billets pour San Diego, s'il vous plaît."
Uncle Tom is my mother's brother.,Oncle Tom est le frère de ma mère.
Unfortunately he refused to come.,Malheureusement il a refusé de venir.
Unfortunately he refused to come.,"Malheureusement, il refusa de venir."
"Unfortunately, I'll have to pass.","Malheureusement, je vais devoir passer."
"Unfortunately, it's not possible.","Malheureusement, ce n'est pas possible."
"Unfortunately, that won't happen.","Malheureusement, cela n'arrivera pas."
"United we stand, divided we fall.",L'union fait la force.
Until now I've never used an axe.,"Jusqu'à maintenant, je n'ai jamais utilisé de hache."
Very few fat men have long noses.,Très peu d'hommes gros ont de longs nez.
Wait until your father gets home.,Attends que ton père rentre à la maison.
Wait until your father gets home.,Attends que ton père rentre chez lui.
Wait until your father gets home.,Attendez que votre père rentre à la maison.
Wait until your father gets home.,Attendez que votre père rentre chez lui.
Walking is an excellent exercise.,Marcher est une excellente activité.
War must be avoided at all costs.,Une guerre doit être évitée à tout prix.
War must be avoided at all costs.,La guerre doit être évitée à tout prix.
Was I supposed to just ignore it?,Étais-je supposé simplement l'ignorer ?
Was Tom the one who brought this?,Est-ce Tom qui a apporté ça ?
Was Tom worried about his grades?,Tom était-il inquiet au sujet de ses notes?
Was anybody here while I was out?,Y avait-il quelqu'un ici pendant que j'étais dehors ?
Was anybody here while I was out?,Est-ce qu'il y avait quelqu'un ici pendant que j'étais sorti ?
We accept all major credit cards.,Nous acceptons toutes les principales cartes de crédit.
We adopted an alternative method.,Nous adoptâmes une méthode alternative.
We adopted an alternative method.,Nous avons adopté une méthode alternative.
We all breathed a sigh of relief.,Nous soupirâmes tous de soulagement.
We all learned the poem by heart.,Nous avons toutes appris le poème par cœur.
We all learned the poem by heart.,On a tous appris la poésie par cœur.
We always have to obey the rules.,Nous devons toujours obéir aux règlements.
We appreciate your understanding.,Nous vous sommes reconnaissants pour votre compréhension.
We are all in the same situation.,Nous sommes tous dans la même situation.
We are all in the same situation.,Nous sommes toutes dans la même situation.
We are talking about our friends.,Nous parlons de nos amis.
We arrived at the office on time.,Nous arrivâmes à temps au bureau.
We arrived at the office on time.,Nous sommes arrivés à temps au bureau.
We arrived at the office on time.,Nous sommes arrivées à temps au bureau.
We buy a lot of things from them.,Nous leur achetons beaucoup de choses.
We came back to camp before dark.,Nous revînmes au camp avant la nuit.
We came back to camp before dark.,Nous sommes revenus au camp avant la nuit.
We came back to camp before dark.,Nous sommes revenues au camp avant la nuit.
We can solve this problem easily.,Nous pouvons facilement résoudre ce problème.
We can't afford to buy a new car.,Nous ne pouvons pas nous permettre d'acheter une nouvelle voiture.
We can't force people to do that.,Nous ne pouvons pas forcer les gens à faire cela.
We can't have you working for us.,Nous ne pouvons pas vous avoir à travailler avec nous.
We can't just do nothing all day.,Nous ne pouvons pas juste ne rien faire de toute la journée.
We chose a hotel near the subway.,Nous avons choisi un hôtel près du métro.
We climbed up the steep mountain.,Nous gravissions la montagne abrupte.
We couldn't understand her logic.,Nous ne pûmes comprendre sa logique.
We discussed a number of options.,Nous avons discuté de nombre de possibilités.
We discussed the topic at length.,Nous avons amplement discuté du sujet.
We don't have a landline anymore.,Nous n'avons plus de ligne fixe.
We don't live in a perfect world.,Nous ne vivons pas dans un monde parfait.
We find the defendant not guilty.,Nous jugeons l'accusé non coupable.
We gain more knowledge every day.,Nous acquérons chaque jour davantage de connaissances.
We got behind the car and pushed.,Nous nous plaçâmes derrière la voiture et poussâmes.
We got behind the car and pushed.,Nous nous sommes placés derrière la voiture et avons poussé.
We got behind the car and pushed.,Nous nous sommes placées derrière la voiture et avons poussé.
We got up at four in the morning.,Nous nous sommes levés à quatre heures du matin.
We grow vegetables in our garden.,Nous cultivons des légumes dans notre jardin.
We had a good time playing chess.,On a passé un bon moment à jouer aux échecs.
We had a lot of snow last winter.,Nous avons eu beaucoup de neige l'hiver dernier.
We had lots of fun at the picnic.,Nous nous sommes beaucoup amusés lors du pique-nique.
We had lots of fun at the picnic.,Nous nous sommes beaucoup amusées lors du pique-nique.
We have a party tomorrow evening.,Nous faisons une fête demain soir.
We have all the evidence we need.,Nous avons toutes les preuves dont nous avons besoin.
We have an obligation to do that.,Nous avons une obligation de faire cela.
We have another decision to make.,Nous avons une autre décision à prendre.
We have breakfast in the kitchen.,Nous prenons notre petit déjeuner à la cuisine.
We have different points of view.,Nous avons des points de vue différents.
We have little chance of winning.,Nous avons peu de chances de gagner.
We have nothing to be ashamed of.,Nous n'avons aucune raison d'avoir honte.
We have something else in common.,Nous avons quelque chose d'autre en commun.
We have the same problems as you.,Nous avons les mêmes problèmes que toi.
We have the whole summer to play.,Nous disposons de tout l'été pour jouer.
We have the whole summer to play.,Nous avons tout l'été pour jouer.
We have to do this the right way.,Il nous faut faire cela de la manière correcte.
We have to do this the right way.,Il nous faut faire cela de la bonne manière.
We have to draw a line somewhere.,Nous devons tracer une ligne quelque part.
We have to find out who did this.,Nous devons découvrir qui a fait ça.
We have to get you to a hospital.,Nous devons t'emmener à un hôpital.
We have to get you to a hospital.,On doit vous emmener à un hôpital.
We have to respect local customs.,Nous devons respecter les coutumes locales.
We haven't been around that long.,Nous n'avons pas été par ici aussi longtemps.
We haven't been there in a while.,Nous n'y avons pas été depuis un moment.
We heard gunshots from next door.,Nous entendîmes une détonation en provenance d'à côté.
We heard gunshots from next door.,Nous avons entendu une détonation en provenance d'à côté.
We heard gunshots from next door.,Nous entendîmes un coup de feu en provenance d'à côté.
We heard gunshots from next door.,Nous avons entendu un coup de feu en provenance d'à côté.
We helped them out when we could.,Nous les avons aidés lorsque nous le pouvions.
We helped them out when we could.,Nous les avons aidées lorsque nous le pouvions.
We hold an exhibition every year.,Nous organisons une exposition chaque année.
We hope this never happens again.,Nous espérons que ça n'arrivera plus jamais.
We intend to do better next year.,Nous avons l'intention de faire mieux l'année prochaine.
We just found it a half hour ago.,Nous venons de le trouver il y a une demi-heure.
We just want Tom to keep working.,Nous voulons seulement que Tom continue de travailler.
We knew something had to be done.,Nous savions qu'il y avait quelque chose à faire.
We know that you're a vegetarian.,Nous savons que vous êtes végétarien.
We know that you're a vegetarian.,On sait que tu es végétarienne.
We leave for Australia on Monday.,On part en Australie lundi.
We leave for Australia on Monday.,On part pour l'Australie lundi.
We left Boston at 2:30 yesterday.,Nous avons quitté Boston à 2 h 30 hier.
We left Boston at 2:30 yesterday.,Nous avons quitté Boston à 14 h 30 hier.
We like doing things our own way.,Nous aimons faire les choses à notre manière.
We listened to her for some time.,Nous l'écoutâmes quelque temps.
We listened to her for some time.,Nous l'avons écoutée quelque temps.
We look up to him as our teacher.,Nous l'admirons en tant que notre professeur.
We met in Europe a few years ago.,Nous nous sommes rencontrés en Europe il y a quelques années.
We must cancel our trip to Japan.,Nous devons annuler notre voyage pour le Japon.
We must not speak in the library.,Nous ne devons pas parler dans la bibliothèque.
We must take care of the elderly.,On doit prendre soin des personnes âgées.
We need to burn all these leaves.,Nous devons brûler toutes ces feuilles.
We need to clarify a few details.,Nous avons besoin de clarifier quelques détails.
We need to evacuate the building.,Nous devons évacuer le bâtiment.
We need to find a new babysitter.,Nous devons trouver une nouvelle baby-sitter.
We need to get you to a hospital.,Nous devons t'emmener à l'hôpital.
We need to get you to a hospital.,Nous devons vous emmener à l'hôpital.
We need to make up for lost time.,Il nous faut rattraper le temps perdu.
We need to make up for lost time.,Il nous faut refaire le retard.
We need to prepare for the worst.,Nous avons besoin de nous préparer au pire.
We never talked about that again.,Nous n'en avons jamais reparlé.
We never talked about that again.,On n'a jamais reparlé de ça.
"We protested, but it was in vain.",Nous avons protesté en vain.
We regret that you have to leave.,Nous regrettons que vous deviez partir.
We saw a funny movie last Sunday.,"Nous avons vu un film drôle, dimanche dernier."
We saw the tower in the distance.,Nous vîmes la tour au loin.
We should have been more careful.,Nous aurions dû faire plus attention.
We should look after our parents.,Nous devrions nous occuper de nos parents.
We should probably ask Tom first.,Nous devrions probablement demander à Tom d'abord.
We should probably ask Tom first.,Nous devrions probablement demander à Tom en premier.
We solved that problem in a week.,Nous avons résolu ce problème en une semaine.
We solved that problem last week.,Nous avons résolu ce problème la semaine dernière.
We spent a lot of time with them.,Nous avons passé beaucoup de temps avec eux.
We spent a lot of time with them.,Nous avons passé beaucoup de temps avec elles.
We spent the day in the open air.,Nous passâmes la journée en plein air.
We spent the day in the open air.,Nous avons passé la journée au grand air.
We spoke to each other in French.,Nous nous sommes parlés en français.
We spoke to each other in French.,Nous nous sommes parlées en français.
We stayed at a hotel by the lake.,Nous sommes restés dans un hôtel au bord du lac.
We stayed there for three months.,Nous sommes restés là-bas pendant trois mois.
We still have a lot of food left.,Nous avons encore beaucoup de nourriture de reste.
We stood on the brink of a cliff.,Nous étions au bord du précipice.
We talked about what we could do.,Nous avons parlé de ce que nous pourrions faire.
We talked about yesterday's test.,Nous avons parlé du test d'hier.
We talked over the plan with him.,Nous avons parlé du plan avec lui.
We thought that you were married.,Nous pensions que vous étiez mariés.
We took turns in washing the car.,Nous lavions la voiture à tour de rôle.
We traveled all over the country.,Nous avons voyagé à travers tout le pays.
We used to talk about our future.,Nous discutions souvent de notre futur.
We want to buy a house in Boston.,Nous voulons acheter une maison à Boston.
"We want to do that, but we can't.","Nous voulons le faire, mais nous ne pouvons pas."
We watched the soccer game on TV.,Nous avons vu le match de football à la télévision.
We went for a walk in the forest.,Nous sommes allés nous promener dans la forêt.
We went to Australia last summer.,Nous sommes allés en Australie l'été dernier.
We were all present at the party.,Nous étions tous présents à la fête.
We were destined to meet one day.,Nous étions destinés à nous rencontrer un jour.
We were destined to meet one day.,Nous étions destinées à nous rencontrer un jour.
We were supposed to meet at 2:30.,Nous étions censés nous rencontrer à 14 h 30.
We weren't the ones who did that.,Ce n'est pas nous qui avons fait ça.
We'd like you to sing some songs.,Nous aimerions que vous chantiez quelques chansons.
We'd like you to sing some songs.,Nous aimerions que tu chantes quelques chansons.
We'll be there in plenty of time.,Nous y serons suffisamment à l'avance.
We'll be there in thirty minutes.,Nous serons là dans trente minutes.
We'll have to find Tom ourselves.,Nous devrons trouver Tom nous-mêmes.
We'll have to separate the wires.,Nous devrons séparer les fils.
We'll know the truth before long.,Avant peu nous connaîtrons la vérité.
We'll look into the case at once.,Nous allons immédiatement enquêter sur l'affaire.
We'll never forget your kindness.,Nous n'oublierons pas votre gentillesse.
We'll never forget your kindness.,Nous n'oublierons pas ta gentillesse.
We'll only wait three more hours.,Nous n'attendrons que trois heures de plus.
We'll see who has the last laugh.,Nous verrons qui rira le dernier.
We'll start again in the morning.,Nous reprendrons dans la matinée.
We're all very worried about you.,Nous sommes tous très inquiets pour toi.
We're choosing among those ideas.,Nous choisissons parmi ces idées.
We're flying to Boston on Monday.,Nous prenons l'avion pour Boston lundi.
We're from the same neighborhood.,Nous sommes du même voisinage.
We're getting married in October.,Nous nous marions en octobre.
We're going to have a test today.,Nous aurons un examen aujourd'hui.
We're not really friends anymore.,Nous ne sommes plus vraiment amies.
We're not that far from my place.,Nous ne sommes pas si loin de chez moi.
We're not the only ones doing it.,Nous ne sommes pas les seuls à le faire.
We're not the only ones doing it.,Nous ne sommes pas les seules à le faire.
We're people like everybody else.,Nous sommes des gens comme les autres.
We're trying to find an antidote.,Nous essayons de trouver un antidote.
We're waiting for the right time.,Nous attendons le bon moment.
We're wasting valuable time here.,Nous gâchons un temps précieux.
We've already accomplished a lot.,Nous avons déjà accompli beaucoup.
We've already wasted enough time.,On a déjà assez perdu de temps.
We've been wasting a lot of time.,On a perdu beaucoup de temps.
We've been wasting a lot of time.,Nous avons perdu beaucoup de temps.
We've decided to adopt your idea.,Nous avons décidé d'adopter ton idée.
We've decided to adopt your idea.,Nous avons décidé d'adopter votre idée.
We've got a little time to relax.,Nous avons un peu de temps pour nous détendre.
We've got to get you out of here.,On doit te sortir d'ici.
We've got to get you out of here.,Nous devons vous sortir d'ici.
We've had this discussion before.,Nous avons déjà eu cette discussion.
We've just spent two weeks apart.,Nous venons de passer deux semaines séparés.
We've just spent two weeks apart.,Nous venons de passer deux semaines séparées.
We've known each other for years.,Nous nous connaissons depuis des années.
We've known each other for years.,On se connaît depuis des années.
We've known this for a long time.,Cela fait longtemps que nous le savons.
We've still got a couple of days.,On a encore deux jours devant nous.
We've still got a long way to go.,Nous avons encore un long chemin à parcourir.
We've walked all around the lake.,Nous avons marché tout autour du lac.
We've walked all around the lake.,Nous nous sommes promenés tout autour du lac.
Were your mother and father home?,Vos parents étaient-ils chez eux ?
Whales are classified as mammals.,Les baleines sont classifiées comme mammifères.
What an interesting book this is!,Quel livre intéressant !
What are the rules of engagement?,Quelles sont les règles de combat ?
What are you doing for Christmas?,Qu'est-ce que tu fais pour Noël ?
What are you doing for Christmas?,Que faites-vous pour Noël ?
What are you going to do tonight?,Qu'est-ce que tu fais ce soir ?
What are you going to do tonight?,Que fais-tu ce soir ?
What are you going to do tonight?,Qu'est-ce que tu vas faire ce soir ?
What are you going to do tonight?,Qu'allez-vous faire cette nuit ?
What are you going to do tonight?,Que vas-tu faire ce soir ?
What are you going to do tonight?,Qu'allez-vous faire ce soir ?
What are you going to do with it?,Qu'allez-vous en faire ?
What are you going to do with it?,Que vas-tu en faire ?
What did Tom tell Mary not to do?,Qu'est-ce que Tom a dit à Marie de ne pas faire?
What did Tom tell you about that?,Que vous a dit Tom à propos de cela ?
What did Tom tell you about that?,Qu'est-ce que Tom t'a dit sur ça ?
What did the other guy look like?,À quoi ressemblait l'autre type ?
What did you do on your vacation?,Qu'as-tu fait de tes vacances ?
What did you do on your vacation?,Qu'avez-vous fait de vos vacances ?
What did you do with those books?,Qu'as-tu fait de ces livres ?
What did you eat for lunch today?,Qu’as-tu mangé au déjeuner aujourd'hui ?
What did you eat for lunch today?,Qu’avez-vous mangé au déjeuner aujourd'hui ?
What did you eat for lunch today?,Qu’as-tu mangé pour le déjeuner aujourd'hui ?
What did you eat for lunch today?,Qu’as-tu mangé à déjeuner aujourd'hui ?
What did you eat for lunch today?,Qu’avez-vous mangé à déjeuner aujourd'hui ?
What did you eat for lunch today?,Qu’avez-vous mangé pour le déjeuner aujourd'hui ?
What did you throw into the fire?,Qu'avez-vous jeté au feu ?
What do you do in your free time?,Que faites-vous de votre temps libre ?
What do you do in your free time?,Que fais-tu pendant ton temps libre ?
What do you do in your free time?,Que faites-vous pendant votre temps libre ?
What do you eat on Christmas Day?,Qu'est-ce que vous mangez à Noël ?
What do you say to playing cards?,Que dites-vous de jouer aux cartes ?
What do you say to taking a rest?,Et si on faisait une pause ?
What do you say we go for a swim?,Que dis-tu d'aller nager ?
What do you say we go for a swim?,Que dites-vous d'aller nager ?
What do you think I should write?,Que penses-tu que je devrais écrire ?
What do you think I should write?,Que pensez-vous que je devrais écrire ?
What do you think about all this?,Que pensez-vous de tout ça?
What do you think about that now?,Qu'en pensez-vous maintenant ?
What do you think of my new coat?,Qu'est-ce que tu penses de mon nouveau manteau ?
What do you think of these shoes?,Que penses-tu de ces chaussures ?
What do you think of these shoes?,Que pensez-vous de ces chaussures ?
What do you think of these shoes?,Que penses-tu de ces chaussures?
What do you think you'll do next?,Que pensez-vous faire ensuite ?
What do you think you'll do next?,Que penses-tu faire après ?
What does Tom want for Christmas?,Que veut Tom pour Noël ?
What does this hat remind you of?,Que vous rappelle ce chapeau ?
What exactly are you looking for?,Que cherches-tu exactement ?
What exactly are you looking for?,Que cherchez-vous exactement ?
What exactly does this button do?,"Que fait ce bouton, exactement ?"
What happened to Tom? Is he dead?,Qu'est-il arrivé à Tom ? Est-il mort ?
What happened to Tom? Is he dead?,Qu'est-ce qui est arrivé à Tom ? Est-ce qu'il est mort ?
What have you done with your car?,Qu'as-tu fait de ta voiture ?
What have you done with your car?,Qu'avez-vous fait de votre voiture ?
What he needs most is a good job.,Ce dont il a le plus besoin est un bon travail.
What is the purpose of education?,Quel est le but de l'éducation ?
What is your idea of a good time?,Quelle est votre conception d'un bon moment ?
What is your idea of a good time?,Quelle est ta conception d'un bon moment ?
What is your registration number?,Quel est votre numéro d'inscription ?
What is your registration number?,Quel est ton numéro d'inscription ?
What kind of a sick joke is this?,Qu'est-ce que c'est que cette blague de malade ?
What kind of books does Tom read?,Quel genre de livres Tom lit-il ?
What kind of camera does Tom own?,Quel type d'appareil photo Tom possède ?
What kind of car are you driving?,Quel genre de voiture conduis-tu ?
What kind of car are you driving?,Quel genre de voiture conduisez-vous ?
What kind of flowers do you like?,Quelle sorte de fleurs aimes-tu ?
What kind of flowers do you like?,Quelle sorte de fleurs aimez-vous ?
What kind of funeral do you want?,Quel genre d'enterrement veux-tu ?
What kind of funeral do you want?,Quel genre d'enterrement souhaitez-vous ?
What kind of games do you create?,Quel genre de jeu créez-vous ?
What kind of music does Tom like?,Quelle sorte de musique aime Tom ?
What kind of sick weirdo are you?,Quelle sorte de dingue es-tu ?
What kind of wine should I bring?,Quelle sorte de vin devrais-je amener ?
What language is spoken in Egypt?,Quelle langue parle-t-on en Égypte ?
What language were they speaking?,Quelle langue parlaient-ils ?
What language were they speaking?,Quelle langue parlaient-elles ?
What made you come here so early?,Qu'est-ce qui t'a fait venir ici si tôt ?
What on earth are you doing here?,Que faites-vous diable là ?
What on earth are you doing here?,Que fais-tu diable ici ?
What other reason could there be?,Quelle autre raison pourrait-il y avoir ?
What season do you like the best?,Quelle est votre saison préférée ?
What season do you like the best?,Quelle est ta saison préférée ?
What season do you like the best?,Quelle saison préférez-vous ?
What season do you like the best?,Quelle saison préfères-tu ?
What should I do in the meantime?,Que devrais-je faire en attendant ?
What should I do to stop hiccups?,Que devrais-je faire pour arrêter le hoquet ?
What time does the concert start?,À quelle heure commence le concert ?
What time does your plane depart?,À quelle heure votre avion part-il ?
What time does your plane depart?,À quelle heure ton avion part-il ?
What time will you go home today?,À quelle heure rentreras-tu aujourd'hui ?
What time's our meeting tomorrow?,À quelle heure est notre rendez-vous demain ?
What time's our meeting tomorrow?,À quelle heure est notre réunion demain ?
What train you are going to take?,Quel train allez-vous prendre ?
What train you are going to take?,Quel train vas-tu prendre ?
What were you doing at that time?,Qu'étiez-vous donc en train de faire à cet instant là ?
What were you doing at that time?,Que faisiez-vous au juste à ce moment-là ?
What were you doing at that time?,Qu'étiez-vous en train de faire à ce moment-là ?
What were you doing at that time?,Que faisiez-vous à cette époque ?
What were you doing in that cave?,Que faisiez-vous dans cette caverne ?
What were you doing in that cave?,Que faisais-tu dans cette grotte ?
What were you doing in the attic?,Qu'est-ce que tu faisais dans le grenier ?
What were you doing in the attic?,Que faisiez-vous dans le grenier ?
What would you like to be called?,Comment aimeriez-vous qu'on vous appelle ?
What would you like to be called?,Comment aimerais-tu qu'on t'appelle ?
What would you suggest that I do?,Que me suggéreriez-vous de faire ?
What would you suggest that I do?,Que me suggérerais-tu de faire ?
What you decided to do is insane.,Ce que vous avez décidé de faire est insensé.
What you're saying isn't logical.,Ce que vous dites n'est pas logique.
What'll you be doing this summer?,Qu'allez-vous faire cet été ?
What'll you be doing this summer?,Que vas-tu faire cet été ?
What'll you do back in Australia?,Que ferez-vous à votre retour d'Australie?
What're you going to do about it?,Que vas-tu y faire ?
What're you going to do about it?,Qu'allez-vous y faire ?
What's the forecast for tomorrow?,Quelles sont les prévisions météorologiques pour demain ?
What's the name of your pharmacy?,Quel est le nom de ta pharmacie ?
What's the purpose of your visit?,Quel est le but de votre venue ?
What's your favorite French word?,Quel est ton mot français préféré ?
What's your favorite racing game?,Quel est ton jeu de course préféré ?
What's your favorite racing game?,Quel est votre jeu de course préféré ?
What's your favorite web browser?,Quel est ton navigateur Internet préféré ?
Whatever we find in here is mine.,Tout ce que nous trouverons ici est à moi.
When I phone them nobody answers.,"Quand je leur téléphone, personne ne répond."
"When I was your age, I had a job.","Lorsque j'avais ton âge, j'avais un boulot."
"When I was your age, I had a job.","Lorsque j'avais votre âge, j'avais un boulot."
When are you getting out of here?,Quand te barres-tu d'ici ?
When are you getting out of here?,Quand vous barrez-vous d'ici ?
When did she leave the classroom?,Quand a-t-elle quitté la salle de classe ?
When did the accident take place?,Quand l'accident a-t-il eu lieu ?
When did the accident take place?,Quand l'accident est-il arrivé ?
When did you change your address?,Quand avez-vous changé d'adresse ?
When did you change your address?,Quand as-tu changé d'adresse ?
When did you last see my brother?,Quand avez-vous vu mon frère pour la dernière fois ?
When did you last see my brother?,Quand as-tu vu mon frère pour la dernière fois ?
When did you learn to make pizza?,Quand as-tu appris à faire des pizzas ?
When did you learn to make pizza?,Quand avez-vous appris à faire des pizzas ?
When did you open your new store?,Quand avez-vous ouvert votre nouveau magasin ?
When did you start writing songs?,Quand avez-vous commencé à écrire des chansons ?
When did you start writing songs?,Quand as-tu commencé à écrire des chansons ?
When did you start writing songs?,Quand vous êtes-vous mis à écrire des chansons ?
When did you start writing songs?,Quand vous êtes-vous mise à écrire des chansons ?
When did you start writing songs?,Quand vous êtes-vous mises à écrire des chansons ?
When did you start writing songs?,Quand t'es-tu mis à écrire des chansons ?
When did you start writing songs?,Quand t'es-tu mise à écrire des chansons ?
When do you usually get off work?,Quand quittes-tu habituellement ton travail ?
When do you usually get off work?,Quand quittez-vous habituellement votre travail ?
"When ice melts, it becomes water.","Quand la glace fond, elle se transforme en eau."
When is the next train to Boston?,À quelle heure est le prochain train pour Boston ?
When was the last time you slept?,À quand remonte la dernière fois que tu as dormi ?
When was this university founded?,Quand cette université fut-elle fondée ?
When will you harvest your wheat?,Quand allez-vous moissonner les blés ?
When will your book be published?,Quand votre livre sera-t-il publié ?
When will your book be published?,Quand ton livre sera-t-il publié ?
"When you come back, I'll be gone.","Quand tu reviendras, je serai parti."
"Whenever they meet, they quarrel.",Ils se disputent chaque fois qu'ils se rencontrent.
Where are you having lunch today?,Où déjeunez-vous aujourd'hui ?
Where did you buy these cherries?,Où as-tu acheté ces cerises ?
Where did you buy these cherries?,Où avez-vous acheté ces cerises ?
Where did you find this evidence?,Où as-tu trouvé cette preuve ?
Where did you find this evidence?,Où avez-vous trouvé cette preuve ?
Where did you get all those keys?,Où vous êtes-vous procuré toutes ces clés ?
Where did you get all those keys?,Où t'es-tu procuré toutes ces clés ?
Where did you get your hair done?,Où vous êtes-vous fait coiffer ?
Where did you get your hair done?,Où t'es-tu fait coiffer ?
Where did you have the suit made?,Où avez-vous fait faire le costume ?
Where did you have the suit made?,Où as-tu fait faire le costume ?
Where do I have to change trains?,Où dois-je changer de train ?
Where do we know each other from?,D'où nous connaissons-nous ?
Where do you get your ideas from?,Où piochez-vous vos idées ?
Where do you get your ideas from?,Où prenez-vous vos idées ?
Where do you get your ideas from?,Où pioches-tu tes idées ?
Where do you want to go tomorrow?,Où veux-tu aller demain ?
Where do you want to go tomorrow?,Où voulez-vous aller demain ?
Where does your friend come from?,D'où vient ton ami ?
Where is he going to settle down?,Où est-ce qu'il va s'installer ?
"Where there's life, there's hope.","Tant qu'il y a de la vie, il y a de l'espoir."
Where there's smoke there's fire.,Il n'y a pas de fumée sans feu.
Where were you when I needed you?,Où étais-tu quand j'avais besoin de toi ?
Where were you when I needed you?,Où étiez-vous quand j'avais besoin de vous ?
Where were you yesterday at 2:30?,Où étiez-vous hier à 14 h 30 ?
Where were you yesterday at 2:30?,Où étais-tu hier à 14 h 30 ?
Where were you yesterday evening?,Où étais-tu hier soir ?
Where would you like to go first?,Où aimerais-tu aller en premier ?
Where's the red tie I bought you?,Où est la cravate rouge que je t'ai achetée ?
Where's the source of this river?,Où se situe la source de ce fleuve ?
Where's the source of this river?,Où se situe la source de cette rivière ?
Where's the source of this river?,Où cette rivière prend-elle sa source ?
Which beach do you like to go to?,À quelle plage aimes-tu aller ?
Which meat dishes do you propose?,Quels plats de viande proposez-vous ?
Which newspaper would you prefer?,Quel journal préféreriez-vous ?
Which one of us do you like best?,Lequel d'entre nous préfères-tu ?
Which one of us do you like best?,Laquelle d'entre nous aimes-tu le plus ?
Which sport do you like the most?,Quel sport préfères-tu ?
Which sport do you like the most?,Quel sport préférez-vous ?
"While driving, mind the potholes.","En voiture, faites attention aux nid-de-poules."
White makes the room look bigger.,Le blanc agrandit la pièce.
Who are those men in white suits?,Qui sont ces hommes en costume blanc ?
Who are you and what do you want?,Qui es-tu et qu'est-ce que tu veux ?
Who are you and what do you want?,Qui êtes-vous et que voulez-vous ?
Who are you and why are you here?,Qui êtes-vous et pourquoi êtes-vous ici ?
Who did you bring the flowers to?,À qui avez-vous apporté les fleurs ?
Who did you want to do that with?,Avec qui voulais-tu faire ça ?
Who did you want to do that with?,Avec qui vouliez-vous faire cela ?
Who do you think the murderer is?,"Qui, pensez-vous, est le meurtrier ?"
Who do you think will come first?,"Qui, penses-tu, viendra le premier ?"
Who do you think will come first?,"Qui, pensez-vous, viendra le premier ?"
Who does this suitcase belong to?,À qui appartient cette valise ?
Who else knows about your secret?,Qui d'autre connaît votre secret ?
Who else knows about your secret?,Qui d'autre connaît ton secret ?
Who is the woman dressed in pink?,Qui est la femme vêtue de rose ?
Who is the woman dressed in pink?,Qui est la femme habillée de rose ?
Who knows what's going to happen?,Qui sait ce qui va advenir ?
Who knows what's going to happen?,Qui sait ce qui va arriver ?
Who knows what's going to happen?,Qui sait ce qui va avoir lieu ?
Who knows when Tom's birthday is?,Qui sait quand est l'anniversaire de Tom ?
Who left this mess in the toilet?,Qui a laissé ce bordel dans les chiottes ?
Who left this mess in the toilet?,Qui a laissé ce bazar dans les toilettes ?
Who wants to go shopping with me?,Qui veut aller faire les courses avec moi ?
Who was that man waiting outside?,Qui était l'homme qui attendait dehors ?
Who will compensate for the loss?,Qui compensera la perte ?
Who would you like to speak with?,Avec qui aimeriez-vous vous entretenir ?
Who would you like to speak with?,Avec qui désireriez-vous vous entretenir ?
Who would you like to speak with?,Avec qui aimerais-tu t'entretenir ?
Who would you like to speak with?,Avec qui désirerais-tu t'entretenir ?
Who would've thought it possible?,Qui aurait pensé que ce fut possible ?
Who's able to explain this to me?,Qui peut m'expliquer ça ?
Who's chairing the meeting today?,Qui préside la réunion aujourd'hui ?
Who's the man playing the violin?,Qui est cet homme qui joue du violon ?
Who's the oldest person you know?,Qui est la personne la plus âgée que tu connais ?
Who's the woman with the red hat?,Qui est la femme au chapeau rouge ?
Whose house is across from yours?,À qui est la maison en face de la vôtre ?
Whose house is across from yours?,À qui est la maison en face de la tienne ?
Why are people always so cynical?,Pourquoi les gens sont-ils toujours aussi cyniques ?
Why are you always so aggressive?,Pourquoi es-tu tout le temps si agressif ?
Why are you always so aggressive?,Pourquoi es-tu tout le temps si agressive ?
Why are you always so aggressive?,Pourquoi êtes-vous tout le temps si agressif ?
Why are you always so aggressive?,Pourquoi êtes-vous tout le temps si agressive ?
Why are you building a wall here?,Pourquoi y construis-tu un mur ?
Why are you so busy all the time?,Pourquoi êtes-vous tout le temps si occupés ?
Why are you so busy all the time?,Pourquoi es-tu tout le temps si occupée ?
Why are you so busy all the time?,Pourquoi es-tu tout le temps si occupé ?
Why are you so busy all the time?,Pourquoi êtes-vous tout le temps si occupé ?
Why are you so busy all the time?,Pourquoi êtes-vous tout le temps si occupées ?
Why are you so interested in him?,Pourquoi lui portez-vous autant d'intérêt ?
Why are you so interested in him?,Pourquoi lui portes-tu autant d'intérêt ?
Why aren't you looking for a job?,Pourquoi ne recherches-tu pas un boulot ?
Why aren't you looking for a job?,Pourquoi est-ce que vous ne cherchez pas un travail ?
Why can't I play with my friends?,Pourquoi ne puis-je pas jouer avec mes amis ?
Why can't I play with my friends?,Pourquoi ne puis-je pas jouer avec mes amies ?
Why did Tom want to talk to Mary?,Pourquoi Tom voulait-il parler à Mary ?
Why did you let me sleep so late?,Pourquoi m'as-tu laissé dormir si tard ?
Why did you let me sleep so late?,Pourquoi m'avez-vous laissé dormir si tard ?
Why did you name your dog Cookie?,Pourquoi as-tu appelé ton chien Cookie ?
Why did you name your dog Cookie?,Pourquoi avez-vous appelé votre chienne Cookie ?
Why did you use up all the money?,Pourquoi as-tu dépensé tout l'argent ?
Why didn't you apply for the job?,Pourquoi n'avez-vous pas postuler pour le poste ?
Why didn't you apply for the job?,Pourquoi n'as-tu pas postulé pour le travail ?
Why didn't you come to the party?,Pourquoi n'êtes-vous pas venu à la fête ?
Why didn't you come to the party?,Pourquoi n'êtes-vous pas venue à la fête ?
Why didn't you come to the party?,Pourquoi n'êtes-vous pas venus à la fête ?
Why didn't you come to the party?,Pourquoi n'êtes-vous pas venues à la fête ?
Why didn't you come to the party?,Pourquoi n'es-tu pas venu à la fête ?
Why didn't you come to the party?,Pourquoi n'es-tu pas venue à la fête ?
Why didn't you read the magazine?,Pourquoi n'avez-vous pas lu le magazine ?
Why didn't you read the magazine?,Pourquoi n'as-tu pas lu le magazine ?
Why didn't you tell me the truth?,Pourquoi ne m'as-tu pas dit la vérité ?
Why didn't you tell me the truth?,Pourquoi ne m'avez-vous pas dit la vérité ?
Why didn't you tell us about Tom?,Pourquoi ne vous nous avez rien dit au sujet de Tom ?
Why do I have to know this stuff?,Pourquoi dois-je savoir ce genre de choses ?
Why do I have to know this stuff?,Pourquoi faut-il que je sache ces trucs ?
Why do people kneel down to pray?,Pourquoi est-ce que les gens s'agenouillent pour prier ?
Why do we need to keep it secret?,Pourquoi devons-nous le garder secret ?
Why do you keep giving him money?,Pourquoi ne cesses-tu de lui donner de l'argent ?
Why do you keep giving him money?,Pourquoi lui donnes-tu sans cesse de l'argent ?
Why do you keep giving him money?,Pourquoi ne cessez-vous de lui donner de l'argent ?
Why do you keep giving him money?,Pourquoi lui donnez-vous sans cesse de l'argent ?
Why do you keep giving him money?,Pourquoi continues-tu à lui donner de l'argent ?
Why do you want to join the navy?,Pourquoi veux-tu rejoindre la Marine ?
Why does Tom not want to do that?,Pourquoi Tom ne veut-il pas faire ça ?
Why does everything happen to me?,Pourquoi est-ce à moi que tout arrive ?
Why don't we take a little break?,Pourquoi ne pas prendre une petite pause ?
Why don't we take a little break?,Pourquoi est-ce qu'on ne prendrait pas une petite pause ?
Why don't we talk in your office?,Pourquoi ne parlons-nous pas dans ton bureau ?
Why don't we talk in your office?,Pourquoi ne parlons-nous pas dans votre bureau ?
Why don't you admit your mistake?,Pourquoi n'admets-tu pas ton erreur ?
Why don't you admit your mistake?,Pourquoi n'admettez-vous pas votre erreur ?
Why don't you ask your boyfriend?,Pourquoi ne demandes-tu pas à ton petit ami ?
Why don't you just buy a new one?,Pourquoi n'en achètes-tu pas simplement un nouveau ?
Why don't you just buy a new one?,Pourquoi n'en achètes-tu pas simplement une nouvelle ?
Why don't you just buy a new one?,Pourquoi n'en achetez-vous pas simplement un nouveau ?
Why don't you just buy a new one?,Pourquoi n'en achetez-vous pas simplement une nouvelle ?
Why don't you let me take a look?,Pourquoi ne me laissez-vous pas y jeter un œil ?
Why don't you let me take a look?,Pourquoi ne me laisses-tu pas y jeter un œil ?
Why don't you let us go with you?,Pourquoi ne nous laissez-vous pas y aller avec vous ?
Why don't you let us go with you?,Pourquoi ne nous laisses-tu pas y aller avec toi ?
Why don't you repaint your house?,Pourquoi ne repeignez-vous pas votre maison ?
Why don't you repaint your house?,Pourquoi ne repeins-tu pas ta maison ?
Why don't you take a closer look?,Pourquoi ne t'y penches-tu pas plus en détail ?
Why don't you take a closer look?,Pourquoi n'y regardes-tu pas de plus près ?
Why don't you take a closer look?,Pourquoi n'y regardez-vous pas de plus près ?
Why don't you take off your coat?,Pourquoi n'ôtez-vous pas votre manteau ?
Why don't you take off your coat?,Pourquoi n'ôtes-tu pas ton manteau ?
Why don't you take off your coat?,Pourquoi ne retirez-vous pas votre manteau ?
Why don't you take off your coat?,Pourquoi ne retires-tu pas ton manteau ?
Why don't you take your coat off?,Pourquoi n'ôtez-vous pas votre manteau ?
Why don't you take your coat off?,Pourquoi n'ôtes-tu pas ton manteau ?
Why don't you take your coat off?,Pourquoi ne retirez-vous pas votre manteau ?
Why don't you take your coat off?,Pourquoi ne retires-tu pas ton manteau ?
Why don't you tell me what to do?,Pourquoi ne me dites-vous pas quoi faire ?
Why don't you tell me what to do?,Pourquoi ne me dis-tu pas quoi faire ?
Why is life so full of suffering?,Pourquoi la vie est-elle si remplie de souffrance ?
Why isn't anybody doing anything?,Pourquoi personne ne fait-il rien ?
Why was everybody yelling at you?,Pourquoi est-ce que tout le monde te criait dessus ?
Why won't anyone talk about this?,Pourquoi personne ne veut-il en parler ?
Why won't anyone talk about this?,Pourquoi quiconque refuse-t-il d'en parler ?
Why would anyone do such a thing?,Pourquoi quiconque ferait une telle chose ?
Why would anyone want to kill me?,Pourquoi quelqu'un voudrait me tuer ?
Why would that make a difference?,Pourquoi cela ferait-il une différence ?
Why wouldn't you go out with him?,Pourquoi ne sortiriez-vous pas avec lui ?
Why wouldn't you go out with him?,Pourquoi ne sortirais-tu pas avec lui ?
Will he be able to come tomorrow?,Est-ce qu'il pourra venir demain ?
Will he be able to come tomorrow?,Sera-t-il en mesure de venir demain ?
Will you go to the dance with me?,Viendras-tu au bal avec moi ?
Will you go to the dance with me?,Veux-tu venir au bal avec moi ?
Will you go to the dance with me?,Viendrez-vous au bal avec moi ?
Will you go to the dance with me?,Voulez-vous venir au bal avec moi ?
Will you have another cup of tea?,Veux-tu encore une tasse de thé ?
Will you lend me your dictionary?,Veux-tu me prêter ton dictionnaire ?
Will you lend me your dictionary?,Me prêterez-vous votre dictionnaire ?
"Will you please wait on me, miss?","Pourriez-vous me servir, Mademoiselle, je vous prie ?"
Will you show me what you bought?,Me montres-tu ce que tu as acheté ?
Will you try to play the trumpet?,Vas-tu essayer de jouer de la trompette ?
Winter has gone. Spring has come.,L'hiver s'en est allé. Le printemps est venu.
"Without your help, he would fail.","Sans ton aide, il aurait échoué."
Women don't drive as well as men.,Les femmes ne conduisent pas aussi bien que les hommes.
Women today drink as much as men.,"Les femmes, de nos jours, boivent autant que les hommes."
Worrying never does you any good.,Se faire du souci ne fait jamais de bien.
Would you be happier if I stayed?,Serais-tu davantage contente si je restais ?
Would you be happier if I stayed?,Serais-tu davantage contenté si je restais ?
Would you be happier if I stayed?,Seriez-vous davantage contentée si je restais ?
Would you be happier if I stayed?,Seriez-vous davantage contenté si je restais ?
Would you be happier if I stayed?,Seriez-vous davantage contentés si je restais ?
Would you be happier if I stayed?,Seriez-vous davantage contentées si je restais ?
Would you care for a little wine?,Un peu de vin vous dirait-il ?
Would you care for a little wine?,Un peu de vin te dirait-il ?
Would you ever go skinny dipping?,Irais-tu jamais nager nu ?
Would you ever go skinny dipping?,Irais-tu jamais nager nue ?
Would you like me to call a taxi?,Voudriez-vous que j'appelle un taxi ?
Would you like me to take a look?,Voudrais-tu que je jette un œil ?
Would you like me to take a look?,Aimeriez-vous que je jette un coup d'œil ?
Would you like something smaller?,Aimeriez-vous quelque chose de plus petit ?
Would you like something smaller?,Aimerais-tu quelque chose de plus petit ?
Would you like to drink anything?,Voulez-vous boire quoi que ce soit ?
Would you like to drink anything?,Veux-tu boire quoi que ce soit ?
Would you like to see my new car?,Aimeriez-vous voir ma nouvelle voiture ?
Would you like to see my new car?,Aimerais-tu voir ma nouvelle voiture ?
Would you like to see that again?,Aimerais-tu revoir ça ?
Would you like to see that again?,Aimeriez-vous revoir cela ?
Would you like to visit the city?,Aimeriez-vous visiter la ville ?
Would you mind if I took a break?,Verrais-tu un inconvénient à ce que je fasse une pause ?
Would you mind if I took a break?,Verriez-vous un inconvénient à ce que je fasse une pause ?
Would you mind shutting the door?,Veux-tu bien fermer la porte ?
Would you mind shutting the door?,Cela vous dérangerait-il de fermer la porte ?
Would you mind shutting the door?,Cela te dérangerait-il de fermer la porte ?
Would you please open the window?,"Voudriez-vous ouvrir la fenêtre, je vous prie ?"
Would you please open the window?,"Voudrais-tu ouvrir la fenêtre, je te prie ?"
Would you please shut the window?,"Pourriez-vous fermer la fenêtre, s'il vous plait ?"
Would you please take my picture?,"Voudrais-tu me prendre en photo, s'il te plait ?"
Would you please take my picture?,"Voudriez-vous me prendre en photo, je vous prie ?"
Would you please tell me the way?,"M'indiqueriez-vous le chemin, je vous prie ?"
Would you please tell me the way?,"M'indiquerais-tu le chemin, je te prie ?"
Would you want to live like that?,Voudriez-vous vivre comme cela ?
Would you want to live like that?,Voudrais-tu vivre comme ça ?
Wow! You've lost a lot of weight.,Waouh ! Tu as perdu beaucoup de poids.
Wow! You've lost a lot of weight.,Waouh ! Vous avez perdu beaucoup de poids.
Yesterday morning I ate a waffle.,"Hier matin, j'ai mangé une gaufre."
"Yesterday, I put honey in my tea.","Hier, j'ai mis du miel dans mon thé."
You all know what you have to do.,Vous savez tous ce que vous avez à faire.
You and I'll be working together.,Vous et moi travaillerons ensemble.
You and I'll be working together.,Toi et moi travaillerons ensemble.
You are entitled to your opinion.,Vous avez droit à votre opinion.
You are entitled to your opinion.,Tu as droit à ton opinion.
You are exactly like your father.,Tu es exactement comme ton père.
You are watching TV all the time.,Tu regardes tout le temps la télé.
You aren't allowed to park there.,Tu n'es pas autorisé à stationner là.
You aren't allowed to park there.,Vous n'êtes pas autorisés à stationner là.
"You aren't going to cry, are you?","Tu ne vas pas te mettre à pleurer, si ?"
"You aren't going to cry, are you?","Vous n'allez pas vous mettre à pleurer, si ?"
You aren't supposed to swim here.,Tu n'es pas censé nager ici.
You aren't supposed to swim here.,Vous n'êtes pas censés nager ici.
You aren't supposed to swim here.,Vous n'êtes pas censé nager ici.
You aren't supposed to swim here.,Vous n'êtes pas censées nager ici.
You aren't supposed to swim here.,Vous n'êtes pas censée nager ici.
You aren't supposed to swim here.,Tu n'es pas censée nager ici.
You can call me anytime you like.,Tu peux m'appeler quand tu veux.
You can call me anytime you like.,Tu peux m'appeler quand ça te plait.
You can call me anytime you like.,Tu peux m'appeler quand ça te chante.
You can do whatever you want now.,Vous pouvez faire ce que vous voulez maintenant.
You can do whatever you want now.,Tu peux faire ce que tu veux maintenant.
You can go to the station by bus.,Tu peux aller à la gare en bus.
You can go to the station by bus.,Tu peux te rendre à la gare en bus.
You can go to the station by bus.,Vous pouvez vous rendre à la gare en bus.
You can go to the station by bus.,Vous pouvez aller à la gare en bus.
You can go to the station by bus.,Vous pouvez vous rendre à la gare par le bus.
You can go to the station by bus.,Vous pouvez aller à la gare par le bus.
You can go to the station by bus.,Tu peux te rendre à la gare par le bus.
You can go to the station by bus.,Tu peux aller à la gare par le bus.
"You can make 4, 6 or 12 payments.","Vous pouvez payer en quatre, six ou douze fois."
"You can run very fast, can't you?","Tu peux courir très vite, non ?"
You can say whatever you want to.,Tu peux dire tout ce que tu veux.
You can say whatever you want to.,Tu peux dire ce qui te chante.
You can say whatever you want to.,Vous pouvez dire tout ce que vous voulez.
You can say whatever you want to.,Vous pouvez dire ce qui vous chante.
You can stay as long as you like.,Tu peux rester aussi longtemps que tu veux.
You can't believe a word he says.,On ne peut pas croire un mot de ce qu'il dit.
You can't believe a word he says.,On ne peut pas croire à un mot de ce qu'il dit.
You can't do anything about that.,Tu ne peux rien y faire.
You can't do anything about that.,Vous ne pouvez rien y faire.
You can't give up on your dreams.,Vous ne pouvez pas renoncer à vos rêves.
You can't give up on your dreams.,Tu ne peux pas abandonner tes rêves.
You can't tell anyone about this.,On ne peut parler de ça à quiconque.
You can't tell anyone about this.,Tu ne peux parler de ça à quiconque.
You can't tell anyone about this.,Tu ne peux raconter ça à personne.
You can't tell anyone about this.,Vous ne pouvez parler de ça à quiconque.
You can't tell anyone about this.,Vous ne pouvez en parler à quiconque.
You can't tell anyone about this.,Tu ne peux en parler à quiconque.
You can't trust anything he says.,On ne peut pas se fier à quoi que ce soit qu'il dise.
You can't trust anything he says.,Tu ne peux pas te fier à quoi que ce soit qu'il dise.
You can't trust anything he says.,Vous ne pouvez pas vous fier à quoi que ce soit qu'il dise.
You could at least take a shower.,Tu pourrais au moins prendre une douche.
You could at least take a shower.,Vous pourriez au moins prendre une douche.
You couldn't possibly understand.,"Tu ne pourrais pas comprendre, de toutes manières."
You couldn't possibly understand.,"Vous ne pourriez pas comprendre, de toutes manières."
You did it in front of the staff.,Tu l'as fait au vu et au su du personnel.
You did it in front of the staff.,Vous l'avez fait au vu et au su du personnel.
You didn't give me what I wanted.,Tu ne m'as pas donné ce que je voulais.
You didn't have to come so early.,Tu n'étais pas obligé de venir si tôt.
You didn't need to come so early.,Tu n'avais pas besoin de venir si tôt.
You didn't need to come so early.,Vous n'aviez pas besoin de venir si tôt.
You didn't turn in your homework.,Tu n'as pas rendu tes devoirs.
You didn't turn in your homework.,Vous n'avez pas rendu vos devoirs.
You don't even know who they are.,Tu ne sais même pas qui ils sont.
You don't even know who they are.,Vous ne savez même pas qui ils sont.
You don't even know who they are.,Tu ne sais même pas qui elles sont.
You don't even know who they are.,Vous ne savez même pas qui elles sont.
You don't even know why I'm here.,Tu ne sais même pas pourquoi je suis ici.
You don't even know why I'm here.,Vous ne savez même pas pourquoi je suis ici.
You don't have enough experience.,Tu n'as pas suffisamment d'expérience.
You don't have enough experience.,Vous n'avez pas suffisamment d'expérience.
You don't have enough experience.,Tu ne disposes pas de suffisamment d'expérience.
You don't know how lucky you are.,Tu te rends pas compte de la chance que t'as.
You don't know how lucky you are.,Tu ne sais pas à quel point tu peux être chanceux.
You don't know what you're doing.,Tu ne sais pas ce que tu fais.
You don't know what you're doing.,Vous ne savez pas ce que vous faites.
"You don't like chocolate, do you?","Tu n'aimes pas le chocolat, n'est-ce pas ?"
You don't look pleased to see me.,Tu n'as pas l'air content de me voir.
You don't look pleased to see me.,Vous n'avez pas l'air ravi de me voir.
"You don't really mean it, do you?","Vous ne le pensez pas sérieusement, n'est-ce pas ?"
You get out only what you put in.,C'est l'auberge espagnole.
You get out only what you put in.,On n'en ressort que ce qu'on y a introduit.
You get out only what you put in.,Tu n'en ressors que ce que tu y as introduit.
You get out only what you put in.,Vous n'en ressortez que ce que vous y avez introduit.
You get out only what you put in.,Vous n'en ressortez que ce que vous y avez mis.
You get out only what you put in.,Tu n'en ressors que ce que tu y as mis.
You get out only what you put in.,On n'en ressort que ce qu'on y a mis.
You get out only what you put in.,On n'en ressort que ce qu'on y met.
You get out only what you put in.,Tu n'en ressors que ce que tu y mets.
You get out only what you put in.,Vous n'en ressortez que ce que vous y mettez.
You get out only what you put in.,Vous n'en retirez que ce que vous y avez mis.
You get out only what you put in.,Vous n'en retirez que ce que vous y mettez.
You get out only what you put in.,Tu n'en retires que ce que tu y mets.
You get out only what you put in.,On n'en retire que ce qu'on y met.
You get out only what you put in.,On n'en retire que ce qu'on y a mis.
You had better go to the dentist.,Tu ferais mieux d'aller chez le dentiste.
You have good reason to be angry.,Vous avez une bonne raison d'être en colère.
You have good reason to be angry.,Tu as une bonne raison d'être en colère.
You have nothing to be afraid of.,Vous n'avez rien à craindre.
You have nothing to be afraid of.,Tu n'as rien à craindre.
You have only to watch what I do.,Il faut juste que tu regardes ce que je fais.
You have only to watch what I do.,Tu n'as qu'à regarder ce que je fais.
You have only to watch what I do.,Vous n'avez qu'à regarder ce que je fais.
You have only to watch what I do.,Il faut juste que vous regardiez ce que je fais.
You have the same camera as mine.,Tu as le même appareil photo que moi.
You have the same camera as mine.,Vous avez le même appareil photo que le mien.
You have to choose your own path.,Il vous faut choisir votre propre voie.
You have to choose your own path.,Il te faut choisir ta propre voie.
You have to see it to believe it.,Vous devez le voir pour le croire.
You have to see it to believe it.,Tu dois le voir pour le croire.
You have to tighten those screws.,Il te faut resserrer ces vis.
You have to tighten those screws.,Il vous faut resserrer ces vis.
You hit the center of the target.,Tu as touché au centre de la cible.
You just don't know how it feels.,Tu ignores complètement comme ça fait.
You know Tom better than anybody.,Tu connais Tom mieux que quiconque.
"You know what this is, don't you?","Tu sais ce que c'est, n'est-ce pas ?"
"You know what this is, don't you?","Vous savez ce dont il s'agit, n'est-ce pas ?"
"You liked that movie, didn't you?","Tu as aimé ce film, non ?"
"You liked that movie, didn't you?","Vous avez aimé ce film, n'est-ce pas ?"
You look a lot like your brother.,Tu ressembles beaucoup à ton frère.
You look familiar. Do I know you?,Vous me semblez familier. Est-ce que je vous connais ?
You look familiar. Do I know you?,Vous me semblez familière. Est-ce que je vous connais ?
You look familiar. Do I know you?,Vous me semblez familiers. Est-ce que je vous connais ?
You look familiar. Do I know you?,Vous me semblez familières. Est-ce que je vous connais ?
You look familiar. Do I know you?,Tu me sembles familière. Est-ce que je te connais ?
You look familiar. Do I know you?,Tu me sembles familier. Est-ce que je te connais ?
You may choose any book you like.,Tu peux choisir n'importe quel livre que tu aimes.
You may stay here if you want to.,Vous pouvez rester ici si vous voulez.
You may stay here if you want to.,Tu peux rester ici si tu veux.
You may talk as much as you like.,Tu peux parler tant que tu veux.
You may talk as much as you like.,Vous pouvez parler tant que vous voulez.
You might need professional help.,Vous avez peut-être besoin d'une aide professionnelle.
You must always do what is right.,On doit toujours faire ce qui est juste.
You must be very busy these days.,Tu dois être très occupé ces jours-ci.
You must be very busy these days.,Tu dois être très occupée ces temps-ci.
You must be very busy these days.,Vous devez être très occupé ces jours-ci.
You must be very busy these days.,Vous devez être très occupés en ce moment.
You must be very busy these days.,Vous devez être très occupées ces jours-ci.
You must be very busy these days.,Vous devez être très occupée ces jours-ci.
You must get up a little earlier.,Tu dois te lever un peu plus tôt.
You must get up a little earlier.,Vous devez vous lever un peu plus tôt.
You must make your parents happy.,Tu dois rendre tes parents heureux.
You must not indulge in drinking.,Tu ne dois pas t'adonner à la boisson.
You must not jump to conclusions.,Tu ne dois pas sauter aux conclusions.
You must not jump to conclusions.,Vous ne devez pas sauter aux conclusions.
You must not smoke while working.,Tu ne dois pas fumer pendant que tu travailles.
You must not touch the paintings.,Vous ne devez pas toucher les tableaux.
You must not touch the paintings.,Vous ne devez pas toucher les toiles.
You must not touch the paintings.,Vous ne devez pas toucher les peintures.
You must not touch the paintings.,Tu ne dois pas toucher les peintures.
You must not touch the paintings.,Tu ne dois pas toucher les tableaux.
You must not touch the paintings.,Tu ne dois pas toucher les toiles.
You must not yield to temptation.,Tu ne dois pas céder à la tentation.
You must not yield to temptation.,Vous ne devez pas céder à la tentation.
You must respect senior citizens.,On doit respecter les personnes âgées.
You must teach me how to do that.,Tu dois m'apprendre comment faire ça.
You need to call Tom immediately.,Tu dois appeler Tom immédiatement.
You need to lower your standards.,Tu dois abaisser tes exigences.
You need to lower your standards.,Vous devez abaisser vos exigences.
You need to reboot your computer.,Vous avez besoin de redémarrer votre ordinateur.
You need to reboot your computer.,Tu as besoin de redémarrer ton ordinateur.
You need to redecorate your room.,Il vous faut redécorer votre chambre.
You need to redecorate your room.,Il te faut redécorer ta chambre.
You need to take care of the dog.,Vous devez vous occuper du chien.
You need to take care of the dog.,Tu dois t'occuper du chien.
You ought not to stay up so late.,Tu ne dois pas veiller si tard.
You ought not to stay up so late.,Vous ne devez pas veiller si tard.
You ought to love your neighbors.,On doit aimer ses voisins.
You really don't need to do that.,Vous n'avez vraiment pas besoin de faire cela.
You really don't need to do that.,Tu n'as vraiment pas besoin de faire ça.
You really have an ear for music.,Tu as vraiment l'oreille musicale.
You really have an ear for music.,Vous avez vraiment l'oreille musicale.
You reason like a three-year-old.,Vous raisonnez comme une enfant de trois ans.
You reason like a three-year-old.,Tu raisonnes comme un enfant de trois ans.
You remember it better than I do.,Tu t'en souviens mieux que moi.
"You saw the pictures, didn't you?","Tu as vu les photos, non ?"
"You saw the pictures, didn't you?","Vous avez vu les photos, n'est-ce pas ?"
You seem to know all the answers.,Vous semblez connaître toutes les réponses.
You seem to know all the answers.,Tu sembles connaître toutes les réponses.
You should always keep your word.,On devrait toujours tenir ses promesses.
You should always tell the truth.,Tu devrais toujours dire la vérité.
You should always tell the truth.,On devrait toujours dire la vérité.
You should always tell the truth.,Vous devriez toujours dire la vérité.
You should ask Tom what happened.,Tu devrais demander à Tom ce qu'il s'est passé.
You should ask Tom what happened.,Vous devriez demander à Tom ce qu'il s'est passé.
You should fulfill your promises.,Tu devrais remplir tes promesses.
You should fulfill your promises.,Vous devriez remplir vos promesses.
You should get your eyes checked.,Tu devrais faire contrôler tes yeux.
You should get your eyes checked.,Vous devriez faire contrôler vos yeux.
You should go to mass more often.,Vous devriez aller à la messe plus souvent.
You should know better than that.,Tu devrais en savoir davantage.
You should make up your own mind.,Tu devrais te décider par toi-même !
You should make up your own mind.,Vous devriez vous décider par vous-même !
You should make up your own mind.,Vous devriez vous décider par vous-mêmes !
You should obey all traffic laws.,Vous devriez respecter toutes les règles de circulation.
You should prepare for the worst.,Vous devriez vous préparer au pire.
You should prepare for the worst.,Tu devrais te préparer au pire.
You should rewrite this sentence.,Vous devriez récrire cette phrase.
You should take care of yourself.,Tu devrais prendre soin de toi.
You should take care of yourself.,Vous devriez prendre soin de vous.
You should take the number 5 bus.,Vous devez prendre le bus numéro 5.
You should've started without me.,Tu aurais dû commencer sans moi.
You should've started without me.,Vous auriez dû commencer sans moi.
You shouldn't cancel the meeting.,Vous ne devriez pas annuler la réunion.
You shouldn't cancel the meeting.,Tu ne devrais pas annuler la réunion.
You shouldn't have paid the bill.,Tu n'aurais pas dû payer l'addition.
You shouldn't have paid the bill.,Vous n'auriez pas dû régler la note.
You shouldn't have paid the bill.,Vous n'auriez pas dû payer la facture.
You shouldn't make fun of others.,Tu ne devrais pas te moquer des autres.
You shouldn't make fun of others.,Vous ne devriez pas vous moquer des autres.
You sure have a beautiful garden!,Vous avez vraiment un beau jardin !
You talk as if you were the boss.,Tu parles comme si tu étais le chef.
"You understand Korean, don't you?","Tu comprends le coréen, non ?"
"You were pretending, weren't you?","Tu faisais semblant, n'est-ce pas ?"
"You were pretending, weren't you?","Vous faisiez semblant, n'est-ce pas ?"
You weren't even there yesterday.,Vous n'étiez même pas là hier.
You weren't even there yesterday.,Tu n'étais même pas là hier.
You will know the truth some day.,Tu connaîtras la vérité un jour.
You will know the truth some day.,"Vous connaîtrez la vérité, un jour."
You won't regret this. I promise.,"Vous ne le regretterez pas, je vous le promets !"
You won't regret this. I promise.,"Tu ne le regretteras pas, je te le promets !"
You work harder than anyone here.,Tu travailles plus dur que quiconque ici.
You work harder than anyone here.,Vous travaillez plus dur que quiconque ici.
You wouldn't have won without me.,Tu n'aurais pas gagné sans moi.
You wouldn't have won without me.,Vous ne l'auriez pas emporté sans moi.
You'd be better off staying home.,Tu ferais mieux de rester à la maison.
You'll be missed by your friends.,Vous allez manquer à vos amis.
You'll be missed by your friends.,Tu manqueras à tes amis.
"You'll find a solution, I'm sure.","Tu trouveras une solution, j'en suis sûr."
"You'll find a solution, I'm sure.","Vous trouverez une solution, j'en suis sûr."
"You'll find a solution, I'm sure.","Tu trouveras une solution, j'en suis sûre."
"You'll find a solution, I'm sure.","Vous trouverez une solution, j'en suis sûre."
You'll have to ask somebody else.,Tu devras demander à quelqu'un d'autre.
You'll never want what they want.,Tu ne voudras jamais ce qu'ils veulent.
You'll never want what they want.,Tu ne voudras jamais ce qu'elles veulent.
You'll never want what they want.,Vous ne voudrez jamais ce qu'ils veulent.
You'll never want what they want.,Vous ne voudrez jamais ce qu'elles veulent.
You'll thank me for this someday.,Tu m'en remercieras un jour.
You'll thank me for this someday.,Vous m'en remercierez un jour.
"You're a bodybuilder, aren't you?","Tu es culturiste, n'est-ce pas ?"
"You're a bodybuilder, aren't you?","Vous êtes culturiste, n'est-ce pas ?"
You're acting like a small child.,Tu te comportes comme un petit enfant.
You're going to have to call Tom.,Tu vas devoir appeler Tom.
You're going to have to call Tom.,Vous allez devoir appeler Tom.
You're going to miss your flight.,Tu vas rater ton vol.
You're going to miss your flight.,Vous allez rater votre vol.
You're going to want to see this.,Vous allez vouloir voir ça.
You're in better shape than I am.,Tu es en meilleure forme que moi.
You're in better shape than I am.,Vous êtes en meilleure forme que moi.
You're in no position to bargain.,Tu n'es pas en position de négocier.
You're in no position to bargain.,Vous n'êtes pas en position de négocier.
You're lucky that you have a job.,Tu es chanceux d'avoir un travail.
You're lucky that you have a job.,Tu es chanceuse d'avoir un travail.
You're lucky that you have a job.,Vous êtes chanceux d'avoir un travail.
You're lucky that you have a job.,Vous êtes chanceuse d'avoir un travail.
You're making a terrible mistake.,Vous faites une grossière erreur.
You're making a terrible mistake.,Tu fais une grave erreur.
You're not being very supportive.,Tu ne me soutiens pas beaucoup.
You're not being very supportive.,Vous ne me soutenez pas beaucoup.
You're not even paying attention.,Tu ne prêtes même pas attention.
You're not even paying attention.,Vous ne prêtez même pas attention.
You're not going to believe this.,Tu ne vas pas le croire.
You're not going to believe this.,Vous n'allez pas le croire.
You're not interrupting anything.,Vous n'interrompez rien.
You're not interrupting anything.,Vous n'interrompez rien du tout.
"You're not staying here, are you?","Vous ne restez pas ici, si ?"
"You're not staying here, are you?","Tu ne restes pas ici, si ?"
You're old enough to know better.,Tu es assez vieux pour savoir mieux.
You're old enough to know better.,Tu devrais le savoir à ton âge.
You're out of touch with reality.,Tu n'es plus en prise avec la réalité.
You're out of touch with reality.,Vous n'êtes plus en prise avec la réalité.
You're putting words in my mouth.,Vous me mettez les mots dans la bouche.
You're really hard to understand.,Tu es vraiment difficile à comprendre.
You're really hard to understand.,Vous êtes vraiment difficile à comprendre.
You're the laziest person I know.,Tu es la personne la plus paresseuse que je connaisse.
You're the laziest person I know.,Vous êtes la personne la plus paresseuse que je connaisse.
You're the only one who can help.,Tu es le seul qui puisse m'aider.
You're the only one who can help.,Vous êtes le seul qui puisse m'aider.
You're the only one who can help.,Vous êtes la seule qui puisse m'aider.
You're the only one who can help.,Tu es la seule qui puisse m'aider.
You've always been so good to me.,T'as toujours été si gentil avec moi.
"You've forgotten me, haven't you?","Vous m'avez oublié, n'est-ce pas ?"
"You've forgotten me, haven't you?","Vous m'avez oubliée, n'est-ce pas ?"
"You've forgotten me, haven't you?","Tu m'as oublié, pas vrai ?"
"You've forgotten me, haven't you?","Tu m'as oubliée, pas vrai ?"
You've got a busy week coming up.,Ta semaine à venir va être chargée.
You've never told me that before.,Tu ne m'as jamais dit ça avant.
You've never told me that before.,Vous ne m'avez jamais dit cela auparavant.
You've still got a place to live.,Tu as toujours un endroit où vivre.
You've still got a place to live.,Vous avez encore un endroit où vivre.
You've told me this story before.,Vous m'avez déjà raconté cette histoire.
Young people often make mistakes.,Les jeunes gens commettent souvent des erreurs.
Your bicycle is better than mine.,Votre vélo est meilleur que le mien.
Your bicycle is better than mine.,Ton vélo est meilleur que le mien.
Your composition is the best yet.,Ta dissertation est la meilleure jusqu'à présent.
Your composition is the best yet.,Ta rédaction est la meilleure jusqu'à présent.
Your composition is the best yet.,Votre dissertation est la meilleure jusqu'à présent.
Your composition is the best yet.,Votre rédaction est la meilleure jusqu'à présent.
Your friends are waiting for you.,Tes amis t'attendent.
Your friends are waiting for you.,Tes amies t'attendent.
Your friends are waiting for you.,Vos amis vous attendent.
Your friends are waiting for you.,Vos amies vous attendent.
Your garden needs some attention.,Votre jardin a besoin d'un peu d'attention.
Your idea sounds like a good one.,Ton idée semble être une bonne idée.
Your plan seems better than mine.,Votre plan semble meilleur que le mien.
Your secret will be safe with me.,Ton secret sera bien gardé.
Your smile always makes me happy.,Ton sourire me rend toujours heureux.
Your smile always makes me happy.,Votre sourire me rend toujours heureux.
Your suggestion seems reasonable.,Ta suggestion semble raisonnable.
Your troubles are just beginning.,Tes problèmes ne font que commencer.
Your troubles are just beginning.,Vos problèmes ne font que commencer.
1980 was the year that I was born.,1980 est l'année où je suis né.
"Anything else? ""No, that's all.""","« Autre chose ? » « Non, c'est tout. »"
"Are you students? ""Yes, we are.""","«Êtes-vous étudiants ?» «Oui, en effet.»"
"Are you tired? ""No, not at all.""","« Es-tu fatigué ? » « Non, pas du tout. »"
"Are you tired? ""No, not at all.""","« Tu es fatigué ? » « Non, absolument pas. »"
"Does Tom love you? ""I think so.""",« Est-ce que Tom t'aime ? » « Je pense que oui. »
"How are you? ""I can't complain.""",« Comment vas-tu ? » « Je ne peux pas me plaindre. »
"May I come in? ""Yes, certainly.""","« Puis-je entrer ? » « Oui, bien sûr ! »"
"Who's that person? ""That's Tom.""",« Qui est cette personne ? » « C'est Tom. »
A DNA test showed he was innocent.,Un test A.D.N. prouva son innocence.
A ball is floating down the river.,Un ballon descend la rivière en flottant.
A ball is floating down the river.,Une balle descend la rivière en flottant.
A bear will not touch a dead body.,Un ours ne touchera pas un cadavre.
A closed fist can indicate stress.,Un poing fermé peut être une indication de stress.
A convict has escaped from prison.,Un détenu s'est échappé de prison.
A crazy thing just happened to me.,Il vient de m’arriver un truc de fou.
A crazy thing just happened to me.,Un truc dingue vient de m'arriver.
A customs declaration is required.,Une déclaration en douanes est requise.
A fallen tree obstructed the road.,Un arbre tombé obstruait la rue.
A fallen tree obstructed the road.,Un arbre tombé obstruait la chaussée.
A few days' rest will do you good.,Quelques jours de repos vous feront du bien.
A few days' rest will do you good.,Quelques jours de repos te feront du bien.
A few were drunk most of the time.,Quelques-uns étaient soûls la plupart du temps.
A fire broke out during the night.,Un feu démarra durant la nuit.
A laptop is better than a desktop.,Un portable est mieux qu'un ordinateur de bureau.
A lot has happened this past week.,Il s'est passé beaucoup de choses cette semaine.
A man stood waving his hand to me.,"Un homme se tenait là, agitant la main dans ma direction."
A mustache grows on the upper lip.,Une moustache pousse sur la lèvre supérieure.
A new student came into the class.,Un nouvel étudiant est entré dans la classe.
A rack of lamb makes a great meal.,Un travers d'agneau constitue un repas de choix.
A rainbow is a natural phenomenon.,Un arc-en-ciel est un phénomène naturel.
A rose's petals are very delicate.,Les pétales d'une rose sont très délicats.
A sleeping child is like an angel.,Un enfant endormi est comme un ange.
A small company employs 50 people.,Une petite entreprise emploie 50 personnes.
A smell of lilies filled the room.,Un parfum de lys emplit la chambre.
A smell of lilies filled the room.,Un parfum de lys emplit la pièce.
A squirrel hid among the branches.,Un écureuil se cachait parmi les branches.
A stranger came into the building.,Un étranger entra dans l'immeuble.
A stranger spoke to me on the bus.,Un étranger m'a parlé dans le bus.
A stranger spoke to me on the bus.,Un inconnu m'a parlé dans le bus.
A thief believes everybody steals.,Un voleur croit que tout le monde vole.
A traffic accident happened there.,Il y a eu un accident de la route ici.
A treatment will cure the disease.,Un traitement permettra de guérir la maladie.
A war may break out at any moment.,Une guerre peut éclater à tout moment.
"Actually, I was born in Australia.","En fait, je suis né en Australie."
"After I watched TV, I went to bed.","Après avoir regardé la télévision, je suis allé me coucher."
"After dinner, I walk on the beach.","Après le dîner, je marche sur la plage."
"After supper, I washed the dishes.","Après avoir dîné, j'ai lavé les plats."
"After the storm, the sea was calm.","Après la tempête, la mer était calme."
Air is a mixture of several gases.,L'air est un mélange de plusieurs gaz.
Air is a mixture of various gases.,L'air est un mélange de différents gaz.
All I found is a pair of scissors.,"Tout ce que j'ai trouvé, c'est une paire de ciseaux."
All I want is for you to be happy.,"Tout ce que je veux, c'est que tu sois heureuse."
All I want is for you to be happy.,"Tout ce que je veux, c'est que tu sois heureux."
All I want is for you to be happy.,"Tout ce que je veux, c'est que vous soyez heureuses."
All I want is for you to be happy.,"Tout ce que je veux, c'est que vous soyez heureuse."
All I want is for you to be happy.,"Tout ce que je veux, c'est que vous soyez heureux."
"All of a sudden, it became cloudy.","Tout à coup, le temps devint nuageux."
"All of a sudden, it began raining.","Tout à coup, il se mit à pleuvoir."
All of my children live in Boston.,Tous mes enfants vivent à Boston.
All sorts of people live in Tokyo.,Toutes sortes de gens vivent à Tokyo.
All the boys in class worked hard.,Tous les garçons de la classe ont travaillé dur.
All the boys in class worked hard.,Tous les garçons de la classe travaillèrent dur.
All the other boys laughed at him.,Tous les autres garçons riaient de lui.
All took part in the negotiations.,Tous prirent part aux négociations.
All you have to do is to meet her.,Tout ce que tu as à faire c'est de la rencontrer.
Almost all the leaves have fallen.,Presque toutes les feuilles sont tombées.
Am I supposed to be afraid of you?,Suis-je censée avoir peur de vous ?
Am I supposed to be afraid of you?,Suis-je censé avoir peur de toi ?
Am I supposed to be afraid of you?,Suis-je censée avoir peur de toi ?
Am I supposed to be afraid of you?,Suis-je censé avoir peur de vous ?
An elephant is an enormous animal.,Un éléphant est un animal énorme.
An investigation is still pending.,Une enquête est toujours en cours.
Anarchy can happen during wartime.,L'anarchie peut survenir en temps de guerre.
Another ten years went by quickly.,Une nouvelle décennie est passée en un clin d'œil.
Any chance of us getting approved?,Y a-t-il la moindre chance que nous soyons approuvés ?
Any chance of us getting approved?,Y a-t-il la moindre chance que nous soyons approuvées ?
Anyone else want to give it a try?,Quiconque d'autre veut-il le tenter ?
"Apparently, Tom doesn't like Mary.","Apparemment, Tom n'aime pas Mary."
Apples were served as the dessert.,On servit des pommes comme dessert.
Arabic is read from right to left.,L'arabe se lit de droite à gauche.
Are Mary and Alice really sisters?,Mary et Alice sont-elles vraiment sœurs ?
Are eggs a good source of protein?,Les œufs sont-ils une bonne source de protéines ?
Are the police going to arrest me?,La police va-t-elle m'arrêter ?
Are they able to read these words?,Sont-ils capables de lire ces mots ?
Are we expecting any other guests?,Attendons-nous d'autres invités ?
Are we talking about the same Tom?,Parlons-nous du même Tom ?
Are you Tom Jackson by any chance?,Es-tu Tom Jackson par hasard ?
Are you allergic to any medicines?,Es-tu allergique à des médicaments ?
Are you allergic to anything else?,Est-ce que tu es allergique à quelque chose d'autre ?
Are you allergic to anything else?,Est-ce que vous êtes allergiques à quelque chose d'autre ?
Are you being paid for doing this?,Est-ce que tu es payé pour faire ça ?
Are you being paid for doing this?,Êtes-vous payées pour faire ceci ?
Are you being paid for doing this?,Es-tu payée pour faire ça ?
Are you feeling under the weather?,Te sens-tu indisposé ?
Are you feeling under the weather?,Te sens-tu indisposée ?
Are you feeling under the weather?,Vous sentez-vous indisposé ?
Are you feeling under the weather?,Vous sentez-vous indisposée ?
Are you going to buy a dictionary?,Vas-tu acheter un dictionnaire ?
Are you going to work until 10:00?,Vas-tu continuer ton travail jusqu'à dix heures ?
Are you going to work until 10:00?,Allez-vous continuer votre travail jusqu'à dix heures ?
Are you going to work until 10:00?,Vas-tu travailler jusqu'à dix heures ?
Are you going to work until 10:00?,Vas-tu travailler jusqu'à vingt-deux heures ?
Are you going to work until 10:00?,Allez-vous travailler jusqu'à dix heures ?
Are you going to work until 10:00?,Allez-vous travailler jusqu'à vingt-deux heures ?
Are you married or are you single?,Êtes-vous marié ou célibataire ?
Are you pleased with your new job?,Votre nouveau travail vous plaît-il ?
Are you responsible for this mess?,Es-tu responsable de cette pagaille ?
Are you responsible for this mess?,Êtes-vous responsable de cette pagaille ?
Are you satisfied or dissatisfied?,Es-tu satisfait ou mécontent ?
Are you satisfied with the result?,Es-tu satisfait du résultat ?
Are you still playing the bassoon?,Jouez-vous encore du basson ?
Are you still playing the bassoon?,Jouez-vous toujours du basson ?
Are you still playing the bassoon?,Joues-tu encore du basson ?
Are you still playing the bassoon?,Joues-tu toujours du basson ?
Are you still waiting for the bus?,Est-ce que tu attends toujours le bus ?
Are you still waiting for the bus?,Êtes-vous encore en train d'attendre le bus ?
Are you suggesting another theory?,Suggérez-vous une autre théorie ?
Are you talking to yourself again?,Te parles-tu encore à toi-même ?
Are you talking to yourself again?,Converses-tu encore avec toi-même ?
Are you talking to yourself again?,Vous parlez-vous encore à vous-même ?
Are you talking to yourself again?,Conversez-vous encore avec vous-même ?
Aren't you contradicting yourself?,Tu n'es pas en train de te contredire ?
Aren't you contradicting yourself?,N'êtes-vous pas en train de vous contredire ?
Aren't you going to say something?,Ne vas-tu pas dire quelque chose ?
Aren't you going to say something?,N'allez-vous pas dire quelque chose ?
Aren't you supposed to be at work?,N'es-tu pas censé être au travail ?
Aren't you supposed to be at work?,N'êtes-vous pas supposée être au travail ?
Aren't you too young for that job?,N'êtes-vous pas trop jeune pour ce travail ?
Arguing never got anyone anywhere.,Se disputer n'a jamais conduit qui que ce soit où que ce soit.
"As far as I know, he's a nice guy.","Pour autant que je sache, c'est un chic type."
"As long as you're here, I'll stay.","Tant que tu seras là, je resterai."
"As soon as he saw me, he ran away.","Dès qu'il m'a vu, il s'est enfui."
"As was expected, he won the prize.","Comme on s'y attendait, il a gagné le prix."
"At first, he sounded very sincere.","Au début, il semblait très sincère."
"At first, they didn't believe him.","Au début, ils ne le crurent pas."
"At last, he realized his mistakes.","Finalement, il s'est rendu compte de ses erreurs."
"At last, the gem was in his hands.","Enfin, la pierre précieuse était dans ses mains."
At least we're still in one piece.,"Au moins, on est toujours en un seul morceau."
"At this point, I don't need money.","Pour l'instant, je n'ai pas besoin d'argent."
Australia is abundant in minerals.,Les minéraux sont abondants en Australie.
Be careful. The floor is slippery.,Fais attention. Le sol est glissant.
Be careful. The floor is slippery.,Faites attention. Le sol est glissant.
Bears hibernate during the winter.,Les ours hibernent durant l'hiver.
Behave yourself during my absence.,Tenez-vous bien pendant mon absence.
Belgrade is the capital of Serbia.,Belgrade est la capitale de la Serbie.
Bigger doesn't always mean better.,Plus grand ne veut pas toujours dire meilleur.
Blood circulates through the body.,Le sang circule dans le corps.
Both Tom and Mary are left-handed.,Tom et Marie sont tous deux gauchers.
Both Tom and Mary are very hungry.,Tom et Mary ont tous les deux très faim.
Both of them said they would come.,Ils ont tous les deux dit qu'ils viendraient.
Both of them said they would come.,Elles ont toutes les deux dit qu'elles viendraient.
Both of us knew that would happen.,Nous savions tous les deux que cela arriverait.
"Bring me a glass of water, please.","Apportez-moi un verre d'eau, s'il vous plaît."
"Bring me a sheet of paper, please.","Apporte-moi une feuille de papier, s'il te plaît."
Brush your teeth after every meal.,Brosse-toi les dents après chaque repas.
Brush your teeth after every meal.,Brosse-toi les dents à l'issue de chaque repas.
But I don't think it's at all odd.,Mais je ne pense pas que ce soit du tout curieux.
"By then, however, it was too late.","À ce moment-là, cependant, c'était trop tard."
Can I ask you a personal question?,Puis-je vous poser une question personnelle ?
Can I ask you a personal question?,Puis-je te poser une question personnelle ?
Can I be of any assistance to you?,En quoi puis-je vous aider ?
Can I get an advance on my salary?,Pourrais-je avoir une avance sur mon salaire ?
"Can I have some more rice, please?","Puis-je avoir plus de riz, s'il vous plaît?"
Can I make a reservation for golf?,Puis-je faire une réservation pour un golf ?
Can I ride this horse for a while?,Puis-je monter ce cheval un moment ?
Can we just not talk for a minute?,Pouvons-nous juste ne pas parler pendant une minute ?
"Can we stick to the facts, please?","Peut-on en rester aux faits, s'il vous plaît ?"
Can you give me your phone number?,Pouvez-vous me donner votre numéro de téléphone?
Can you go to the office by train?,Peux-tu aller au bureau en train ?
Can you guys tell us where we are?,"Eh les mecs, pouvez-vous nous dire où nous nous trouvons ?"
Can you help me wash these dishes?,Pouvez-vous m'aider à faire la vaisselle ?
Can you help me wash these dishes?,Peux-tu m'aider à laver cette vaisselle ?
Can you help me wash these dishes?,Tu peux m'aider à laver ces plats ?
"Can you hold the elevator, please?","Peux-tu retenir l'ascenseur, s'il te plaît ?"
Can you listen to me for a minute?,Est-ce que tu peux m'écouter une minute ?
Can you listen to me for a minute?,Pouvez-vous m'écouter une minute ?
Can you meet me in the auditorium?,Pouvez-vous me rejoindre dans la salle ?
Can you meet me in the auditorium?,Peux-tu me retrouver dans l'auditorium ?
Can you narrow that down a little?,Tu peux être un peu plus précis?
Can you pick me up at the station?,Peux-tu me prendre à la gare ?
Can you pick me up at the station?,Pouvez-vous me prendre à la gare ?
Can you please look the other way?,"Peux-tu détourner le regard, je te prie ?"
Can you please look the other way?,"Pouvez-vous détourner le regard, je vous prie ?"
Can you please look the other way?,"Peux-tu regarder de l'autre côté, s'il te plaît ?"
Can you please look the other way?,"Pouvez-vous regarder de l'autre côté, je vous prie ?"
Can you really predict the future?,Peux-tu vraiment prédire l'avenir?
Can you see where I'm coming from?,Tu vois où je veux en venir ?
Can you supply me with all I need?,Est-ce que tu peux me fournir tout ce dont j'ai besoin ?
Can you supply me with all I need?,Est-ce que vous pouvez me fournir tout ce dont j'ai besoin ?
Can you supply me with all I need?,Peux-tu me fournir tout ce dont j'ai besoin ?
Can you supply me with all I need?,Pouvez-vous me fournir tout ce dont j'ai besoin ?
Can you take the lid off this box?,Peux-tu retirer le couvercle de cette boîte ?
Can you take the lid off this box?,Pouvez-vous retirer le couvercle de cette boîte ?
Can you tell me what is happening?,Pourriez-vous me dire ce qui se passe ?
Can you tell silver and tin apart?,Sais-tu différencier l'argent de l'étain ?
Can you tell what's wrong with it?,Pouvez-vous dire ce qui ne va pas ?
Can you tell what's wrong with it?,Peux-tu dire ce qui ne va pas ?
"Can you turn on the light, please?",Pourriez-vous allumer la lumière s'il vous plaît !
Can't you do something to help me?,Ne peux-tu pas faire quelque chose pour m'aider ?
Can't you do something to help me?,Ne pouvez-vous pas faire quelque chose pour m'aider ?
Careless driving causes accidents.,Une conduite insouciante est cause d'accidents.
Careless driving causes accidents.,Conduire nonchalamment provoque des accidents.
Careless driving causes accidents.,Une conduite imprudente génère des accidents.
Carrots are good for the eyesight.,Les carottes sont bonnes pour la vue.
Central Park is near where I work.,Central Park est proche de mon lieu de travail.
Change trains at the next station.,Changez de train à la gare suivante.
Children and fools tell the truth.,Les fous et les enfants disent la vérité.
Children like watching television.,Les enfants aiment regarder la télévision.
Choose either of the two T-shirts.,Choisissez l'un de ces deux tee-shirts.
Christmas is only a few days away.,Noël n'est qu'à quelques jours d'ici.
Christmas is only three weeks off.,Noël est seulement dans trois semaines.
Clocks used to be wound every day.,L'horloge devait être remontée chaque jour.
Close the window before you leave.,Ferme la fenêtre avant de partir.
Close your eyes for three minutes.,Ferme tes yeux trois minutes.
"Close your eyes, and count to ten.","Ferme les yeux, et compte jusqu'à 10."
Come and see me any time you like.,Passe me voir quand tu veux.
Come and see me at eleven o'clock.,Viens me voir à 11 heures.
Come and see me whenever you like.,Venez me voir quand vous le désirez.
Compare your translation with his.,Compare ta traduction à la sienne.
Compare your translation with his.,Comparez votre traduction à la sienne.
Complaining won't change anything.,Se plaindre ne changera rien.
Copper and silver are both metals.,Le cuivre et l'argent sont deux métaux.
Correct my spelling if it's wrong.,Corrigez mon orthographe si elle est incorrecte.
Correct my spelling if it's wrong.,Corrige mon orthographe si elle est inexacte.
"Could I get one more beer, please?","Pourrais-je avoir une bière supplémentaire, s'il vous plait ?"
"Could I get one more beer, please?","Pourrais-je avoir une bière supplémentaire, s'il te plait ?"
"Could I get one more beer, please?","Pourrais-je avoir une bière supplémentaire, je vous prie ?"
Could I have a pillow and blanket?,Puis-je avoir un oreiller et une couverture ?
Could I see your driver's license?,Pourrais-je voir votre permis de conduire ?
Could we have a minute of silence?,Pourrions-nous avoir une minute de silence ?
"Could you call me tonight, please?",Est-ce que tu peux m'appeler ce soir s'il te plaît ?
Could you check the tire pressure?,Pourriez-vous vérifier la pression des pneus ?
Could you check the tire pressure?,Pourrais-tu vérifier la pression des pneumatiques ?
Could you get me some cough drops?,Pourrais-tu aller me chercher du sirop pour la toux ?
Could you get me some cough drops?,Pourriez-vous aller me chercher du sirop pour la toux ?
Could you help me wash the dishes?,Peux-tu m'aider à laver la vaisselle ?
Could you please repeat it slowly?,"Pourriez-vous le répéter lentement, je vous prie ?"
Could you please stop saying that?,"Pourrais-tu, je te prie, cesser de dire cela ?"
Could you please stop saying that?,"Pourriez-vous, je vous prie, cesser de dire cela ?"
Could you send it to this address?,Pouvez-vous l'envoyer à cette adresse ?
Could you tell me what time it is?,Pourrais-tu me donner l'heure ?
Could you tell me what time it is?,Pourriez-vous me donner l'heure ?
Could you tell me what's going on?,Pourrais-tu me dire ce qu'il se passe ?
Could you tell me what's going on?,Pourriez-vous me dire ce qui est en train de se passer ?
Could you tell me your name again?,Pourriez-vous me redire votre nom ?
Could you tell me your name again?,Pourriez-vous me dire à nouveau votre nom ?
Could you tell me your name again?,"Pourriez-vous me dire votre nom, à nouveau ?"
Could you tell me your name again?,"Pourriez-vous, de nouveau, me dire votre nom ?"
Could you tell me your name again?,Pourrais-tu me répéter ton nom ?
Could you translate this sentence?,Pourriez-vous traduire cette phrase ?
Could you type this letter for me?,Pourriez-vous taper cette lettre pour moi ?
Could you wrap them up separately?,Peux-tu les emballer séparément ?
Crossing that desert is dangerous.,Traverser ce désert est dangereux.
Cut the chit-chat and get to work.,Cesse les jacasseries et mets-toi au travail.
Dad extended his legs on the sofa.,Père a étendu ses jambes sur le canapé.
Dad extended his legs on the sofa.,Papa allongea ses jambes sur le sofa.
Dancing makes me feel young again.,Danser me fait me sentir à nouveau jeune.
Death is an integral part of life.,La mort est une part intégrante de la vie.
Did I hear you talking to someone?,T'ai-je entendu parler à quelqu'un ?
Did I hear you talking to someone?,Vous ai-je entendu parler à quelqu'un ?
Did I hear you talking to someone?,T'ai-je entendue parler à quelqu'un ?
Did I hear you talking to someone?,Vous ai-je entendue parler à quelqu'un ?
Did I hear you talking to someone?,Vous ai-je entendus parler à quelqu'un ?
Did I hear you talking to someone?,Vous ai-je entendues parler à quelqu'un ?
Did I miss something this morning?,"Ai-je manqué quelque chose, ce matin ?"
Did anybody call on you yesterday?,Personne n'est venu prendre de tes nouvelles hier ?
Did you actually see the accident?,Avez-vous réellement vu l'accident ?
Did you buy it today or yesterday?,L'as-tu acheté aujourd'hui ou hier ?
Did you drive her home last night?,L'as-tu reconduite chez elle la nuit dernière ?
Did you enjoy the party yesterday?,T'es-tu amusé hier à la fête ?
Did you enjoy the party yesterday?,T'es-tu amusée hier à la fête ?
Did you enjoy the party yesterday?,Vous êtes-vous amusé hier à la fête ?
Did you enjoy the party yesterday?,Vous êtes-vous amusée hier à la fête ?
Did you enjoy the party yesterday?,Vous êtes-vous amusés hier à la fête ?
Did you enjoy the party yesterday?,Vous êtes-vous amusées hier à la fête ?
Did you enjoy the party yesterday?,As-tu aimé la soirée d'hier ?
Did you feed the dog this morning?,As-tu nourri le chien ce matin ?
Did you find anything of interest?,Avez-vous trouvé quelque chose d'intéressant ?
Did you find anything of interest?,As-tu trouvé quelque chose d'intéressant ?
Did you have fun over the weekend?,Tu t'es bien amusé ce weekend ?
Did you know this was coming down?,Savais-tu que ça allait nous tomber dessus ?
Did you know this was coming down?,Saviez-vous que ça allait nous tomber dessus ?
Did you know this was coming down?,Savais-tu que ça allait te tomber dessus ?
Did you know this was coming down?,Saviez-vous que ça allait vous tomber dessus ?
Did you make friends in Australia?,Vous êtes-vous fait des amis en Australie?
Did you see the eclipse yesterday?,"As-tu vu l'éclipse, hier ?"
Did you see the eclipse yesterday?,"Avez-vous vu l'éclipse, hier ?"
Did you think I wouldn't tell Tom?,Pensais-tu que je ne le dirais pas à Tom ?
Did you think I wouldn't tell Tom?,Pensiez-vous que je n'en informerais pas Tom ?
Did you visit the Tower of London?,As-tu visité la Tour de Londres ?
Did you vote in the last election?,As-tu voté à la dernière élection ?
Did you vote in the last election?,Avez-vous voté à la dernière élection ?
Did you watch the Winter Olympics?,Tu as regardé les Jeux olympiques d'hiver ?
Didn't you have the flu last week?,N'aviez-vous pas la grippe la semaine dernière ?
Didn't you have the flu last week?,Tu n'as pas eu la grippe la semaine dernière ?
Didn't you know I was from Boston?,Ne savais-tu que j'étais de Boston?
Do I have to stay in the hospital?,Dois-je rester à l'hôpital ?
Do I look like a policeman to you?,"Ai-je l'air d'un policier, selon vous ?"
Do I look like a policeman to you?,"Ai-je l'air d'un policier, selon toi ?"
Do I really have to give a speech?,Dois-je vraiment faire un discours ?
Do not oversleep tomorrow morning.,Ne dors pas trop demain matin.
Do you believe in guardian angels?,Crois-tu aux anges gardiens ?
Do you believe in guardian angels?,Croyez-vous aux anges gardiens ?
Do you ever think about that girl?,Penses-tu jamais à cette fille ?
Do you ever think about that girl?,Pensez-vous jamais à cette fille ?
Do you feel like eating something?,Avez-vous envie de manger quelque chose ?
Do you feel like eating something?,As-tu envie de manger quelque chose ?
Do you have a non-smoking section?,Avez-vous un coin non-fumeur ?
Do you have a shovel I can borrow?,Avez-vous une pelle que je peux emprunter ?
Do you have an English dictionary?,As-tu un dictionnaire d'anglais ?
Do you have an English dictionary?,Est-ce que vous avez un dictionnaire d'anglais ?
Do you have any French newspapers?,Avez-vous de quelconques journaux français ?
Do you have any French newspapers?,As-tu de quelconques journaux français ?
Do you have any further questions?,Avez-vous d'autres questions ?
Do you have any idea what that is?,As-tu une idée de ce que c'est ?
Do you have any idea what that is?,Avez-vous une idée de quoi il s'agit ?
Do you have any idea who did this?,Avez-vous la moindre idée de qui l'a fait ?
Do you have any idea who did this?,As-tu la moindre idée de qui l'a fait ?
Do you have any plans for tonight?,As-tu quelque chose de prévu pour ce soir ?
Do you have any plans for tonight?,Avez-vous des projets pour la soirée ?
Do you have any plans for tonight?,As-tu des plans pour ce soir ?
Do you have any travelers' checks?,As-tu des chèques de voyage ?
Do you have any travelers' checks?,Avez-vous des chèques de voyage ?
Do you have any trouble with that?,As-tu un problème avec ça ?
Do you have anything hot to drink?,Qu'est-ce que vous avez de fort à boire ?
Do you have anything hot to drink?,"Comme boisson, qu'est-ce que vous avez de fort ?"
Do you have anything to say to us?,As-tu quelque chose à nous dire ?
Do you have anything to say to us?,Avez-vous quelque chose à nous dire ?
Do you have renaissance paintings?,Auriez-vous des peintures de la Renaissance ?
Do you have to do this every time?,Dois-tu faire ça à chaque fois ?
Do you have to do this every time?,Devez-vous faire ceci à chaque fois ?
Do you have to do this very often?,Dois-tu faire ça très souvent ?
Do you have to do this very often?,Devez-vous faire ceci très souvent ?
Do you have to go there every day?,Devez-vous y aller tous les jours ?
Do you have your driver's license?,As-tu ton permis de conduire ?
Do you have your driver's license?,Avez-vous votre permis de conduire ?
Do you know how dangerous that is?,Savez-vous combien cela est dangereux ?
Do you know how dangerous that is?,Sais-tu combien cela est dangereux ?
Do you know how to cook rice well?,Savez-vous bien cuisiner le riz ?
Do you know how to play the piano?,Savez-vous jouer du piano ?
Do you know how to play the piano?,Sais-tu jouer du piano ?
Do you know how to read and write?,Savez-vous lire et écrire ?
Do you know how to tie your shoes?,Sais-tu comment attacher tes chaussures?
Do you know how to use a computer?,Savez-vous utiliser un ordinateur ?
Do you know how to use a computer?,Savez-vous comment utiliser un ordinateur ?
Do you know how to use a computer?,Sais-tu utiliser un ordinateur ?
Do you know how to use a computer?,Savez-vous utiliser un ordinateur ?
Do you know how to use a computer?,Sais-tu te servir d'un ordinateur ?
Do you know how to use a computer?,Est-ce que tu sais comment on se sert d'un ordinateur ?
Do you know that boy who's crying?,Connais-tu ce garçon qui pleure ?
Do you know that boy who's crying?,Connaissez-vous ce garçon qui pleure ?
Do you know what's going on there?,Savez-vous ce qu'il se passe là-bas?
Do you know when they will arrive?,Sais-tu quand ils arriveront ?
Do you know when they will arrive?,Sais-tu quand elles arriveront ?
Do you know where the bathroom is?,Sais-tu où sont les toilettes ?
Do you know where the bathroom is?,Savez-vous où sont les toilettes ?
Do you know where the bus stop is?,Sais-tu où est l'arrêt de bus ?
Do you like looking in the mirror?,Aimes-tu regarder dans le miroir ?
Do you like the new school better?,Aimes-tu davantage la nouvelle école ?
Do you like the new school better?,Aimez-vous davantage la nouvelle école ?
Do you mind if I turn down the TV?,Cela te dérangerait-il que je baisse le son de la télévision ?
Do you mind if I turn down the TV?,Vois-tu un inconvénient à ce que j'éteigne la télé ?
Do you mind if I turn down the TV?,Voyez-vous un inconvénient à ce que j'éteigne le téléviseur ?
Do you often listen to audiobooks?,Écoutes-tu souvent des livres enregistrés ?
Do you often listen to audiobooks?,Écoutes-tu souvent des audiolivres ?
Do you prefer waffles or pancakes?,Préférez-vous les gaufres ou les crêpes ?
Do you promise never to lie again?,Promets-tu de ne plus jamais mentir ?
Do you promise never to lie again?,Promettez-vous de ne plus jamais mentir ?
Do you realize what you just said?,Est-ce que tu réalises ce que tu viens de dire ?
Do you realize what you just said?,Réalisez-vous ce que vous venez de dire ?
Do you really think I can do that?,Pensez-vous vraiment que je puisse faire cela ?
Do you really think I can do that?,Est-ce que tu penses vraiment que je peux faire ça ?
Do you really think Tom is single?,Penses-tu vraiment que Tom soit célibataire ?
Do you really think that it's bad?,Penses-tu vraiment que cela soit mauvais ?
Do you really want Tom to do that?,Voulez-vous vraiment que Tom fasse ça ?
Do you really want Tom to do that?,Veux-tu vraiment que Tom fasse ça ?
Do you really want me to help you?,Est-ce que tu veux vraiment que je t'aide ?
Do you really want me to help you?,Voulez-vous vraiment que je vous aide ?
Do you still have my phone number?,Tu as toujours mon numéro de téléphone ?
Do you study any foreign language?,Tu étudies quelque langue étrangère ?
Do you study any foreign language?,Vous étudiez quelque langue étrangère ?
Do you subscribe to any magazines?,Êtes-vous abonné à de quelconques magazines ?
Do you subscribe to any magazines?,Es-tu abonné à de quelconques magazines ?
Do you subscribe to any magazines?,Êtes-vous abonnée à de quelconques magazines ?
Do you subscribe to any magazines?,Es-tu abonnée à de quelconques magazines ?
Do you think English is difficult?,Penses-tu que l'anglais soit difficile ?
Do you think English is difficult?,Pensez-vous que l'anglais soit difficile ?
Do you think Tom is a good singer?,Penses-tu que Tom chante bien ?
Do you think Tom wants to eat now?,"Penses-tu que Tom a envie de manger, maintenant ?"
Do you think he will like my gift?,Penses-tu qu'il appréciera mon cadeau ?
Do you think he will like my gift?,Pensez-vous qu'il appréciera mon cadeau ?
Do you think that Tom will see me?,Penses-tu que Tom me verra ?
Do you think that dress suits her?,Pensez-vous que cette robe lui aille ?
Do you think that dress suits her?,Penses-tu que cette robe lui aille ?
Do you think that you can beat me?,Pensez-vous que vous puissiez me battre ?
Do you think that you can beat me?,Tu penses pouvoir me battre ?
Do you think that's a coincidence?,Penses-tu que ce soit une coïncidence ?
Do you think that's a coincidence?,Pensez-vous que ce soit une coïncidence ?
Do you think there's a connection?,Pensez-vous qu'il y ait une connexion ?
Do you think there's a connection?,Penses-tu qu'il y ait une connexion ?
Do you understand what I'm saying?,Comprends-tu ce que je suis en train de dire ?
Do you understand what's going on?,Comprends-tu ce qui arrive ?
Do you understand what's going on?,Comprends-tu ce qui se passe ?
Do you understand what's going on?,Comprends-tu ce qui se produit ?
Do you understand what's going on?,Comprends-tu ce qui est en train d'arriver ?
Do you understand what's going on?,Comprends-tu ce qui est en train de se passer ?
Do you understand what's going on?,Comprends-tu ce qui est en train de se produire ?
Do you understand what's going on?,Comprenez-vous ce qui est en train de se passer ?
Do you understand what's going on?,Comprenez-vous ce qui est en train de se produire ?
Do you understand what's going on?,Comprenez-vous ce qui est en train d'arriver ?
Do you want another glass of wine?,Veux-tu un autre verre de vin ?
Do you want me to bring my guitar?,Tu veux que j'apporte ma guitare ?
Do you want me to call the police?,Voulez-vous que j'appelle la police ?
Do you want me to call the police?,Veux-tu que j'appelle la police ?
Do you want me to call the police?,Voulez-vous que je prévienne la police ?
Do you want me to call the police?,Veux-tu que je prévienne la police ?
Do you want me to call you a taxi?,Est-ce que tu veux que je t'appelle un taxi ?
Do you want me to call you a taxi?,Voulez-vous que je vous appelle un taxi ?
Do you want me to leave you alone?,Est-ce que tu veux que je te laisse seul ?
Do you want me to leave you alone?,Est-ce que tu veux que je te laisse seule ?
Do you want me to leave you alone?,Souhaitez-vous que je vous laisse seul ?
Do you want me to leave you alone?,Souhaitez-vous que je vous laisse seule ?
Do you want to cancel the meeting?,Veux-tu annuler la réunion ?
Do you want to cancel the meeting?,Voulez-vous annuler la réunion ?
Do you want to get us both killed?,Veux-tu que nous nous fassions tuer tous les deux ?
Do you want to get us both killed?,Voulez-vous que nous nous fassions tuer tous les deux ?
Do you want to get us both killed?,Veux-tu que nous nous fassions tuer toutes les deux ?
Do you want to get us both killed?,Voulez-vous que nous nous fassions tuer toutes les deux ?
Do you want to go fishing with me?,Veux-tu aller à la pêche avec moi ?
Do you want to go out for a drink?,Veux-tu sortir prendre un verre ?
Do you want to go out for a drink?,Voulez-vous sortir prendre un verre ?
Do you want to go to the aquarium?,Tu veux aller à l'aquarium ?
Do you want to go to the aquarium?,Voulez-vous aller à l'aquarium ?
Do you want to leave it like that?,Voulez-vous le laisser ainsi ?
Do you want to leave it like that?,Veux-tu le laisser ainsi ?
Do you want to play hide and seek?,Tu veux jouer à cache-cache ?
Do you want to play hide and seek?,Vous voulez jouer à cache-cache ?
Do you want to read this magazine?,Voulez-vous lire ce magazine ?
Do you want to sleep on the couch?,Voulez-vous dormir sur le canapé?
Do you want to sleep on the couch?,Veux-tu dormir sur le canapé?
Do you want to watch this program?,Voulez-vous regarder cette émission ?
Does Tom also live on this street?,Tom habite aussi dans cette rue ?
Does Tom want me to say something?,Tom veut-il que je dise quelque chose ?
Does anyone else use your account?,Quiconque d'autre utilise-t-il votre compte ?
Does she still have a temperature?,A-t-elle encore de la fièvre ?
Does that price include breakfast?,Est-ce que le prix inclut le petit déjeuner ?
Does this actually make you happy?,Cela vous rend-il vraiment heureux ?
Does this actually make you happy?,Cela te rend-il vraiment heureux ?
Does this actually make you happy?,Cela vous rend-il vraiment heureuses ?
Does this actually make you happy?,Cela vous rend-il vraiment heureuse ?
Does this actually make you happy?,Cela te rend-il vraiment heureuse ?
Does your girlfriend like flowers?,Est-ce que ta petite amie aime les fleurs ?
Does your girlfriend speak French?,Ta petite amie parle français ?
Does your girlfriend speak French?,Ta copine parle français ?
Doesn't that mean anything to you?,Cela ne signifie-t-il rien pour toi ?
Doesn't that mean anything to you?,Cela ne signifie-t-il rien pour vous ?
Dogs aren't allowed in this hotel.,Les chiens ne sont pas autorisés dans cet hôtel.
Dogs have a strong sense of smell.,Les chiens ont un bon sens de l'odorat.
Don't ask me such a hard question.,Ne me pose pas une question si difficile.
Don't be afraid to make a mistake.,N'aie pas peur de faire des erreurs.
Don't be afraid to make a mistake.,N'aie pas peur de commettre des erreurs.
Don't be afraid to try new things.,N'aie pas peur d'essayer de nouvelles choses.
Don't be afraid. I won't hurt you.,N'aie pas peur. Je ne te ferai pas de mal.
Don't be afraid. I won't hurt you.,N'ayez pas peur. Je ne vous ferai pas de mal.
Don't be fooled by her appearance.,Ne te laisse pas tromper par son apparence.
Don't be fooled by her appearance.,Ne vous laissez pas tromper par son apparence.
Don't be fooled by his good looks.,Ne te laisse pas avoir par sa belle apparence.
Don't be fooled by his good looks.,Ne vous laissez pas avoir par sa belle apparence.
Don't believe everything you hear.,Ne crois pas tout ce que tu entends.
Don't believe everything you hear.,Ne croyez pas tout ce que vous entendez.
Don't believe everything you read.,Ne crois pas tout ce que tu lis.
Don't bother me with such trifles.,Ne m'ennuyez pas avec de pareils détails.
Don't break out the champagne yet.,Ne fais pas encore sauter le champagne.
Don't come near me. I have a cold.,Ne m'approchez pas. J'ai attrapé un rhume.
Don't come to me with any excuses.,Ne viens pas à moi avec de quelconques excuses !
Don't come to me with any excuses.,Ne venez pas à moi avec de quelconques excuses !
Don't do anything like that again.,Ne faites plus jamais de choses comme celle-là.
Don't dwell on your past failures.,Ne ressasse pas tes erreurs passées.
Don't dwell on your past mistakes!,Ne ressasse pas tes erreurs passées !
Don't dwell on your past mistakes!,Ne ressassez pas vos erreurs passées !
Don't forget to answer his letter.,N'oublie pas de répondre à sa lettre !
Don't forget to answer his letter.,N'oubliez pas de répondre à sa lettre.
Don't forget to answer the letter.,N'oublie pas de répondre à la lettre.
Don't forget to answer the letter.,N'oubliez pas de répondre à la lettre.
Don't forget to call your parents.,N'oublie pas d'appeler tes parents !
Don't forget to call your parents.,N'oubliez pas d'appeler vos parents !
Don't forget to remind me of that.,N'oublie pas de me le rappeler.
Don't forget what I just told you.,N'oublie pas ce que je viens de te dire.
Don't forget what I just told you.,N'oubliez pas ce que je viens de vous dire.
Don't go to such a place at night.,Ne va pas dans un endroit pareil en pleine nuit.
Don't let this get out of control.,Perds pas le contrôle.
Don't make such careless mistakes.,Ne faites pas une telle erreur de négligence.
Don't make the same mistake I did.,Ne commettez pas la même erreur que moi !
Don't make the same mistake I did.,Ne commets pas la même erreur que moi !
Don't make the same mistake I did.,Ne commettez pas la même erreur que la mienne !
Don't make the same mistake I did.,Ne commets pas la même erreur que la mienne !
Don't make the same mistake again.,Ne fais pas encore la même erreur.
Don't make the same mistake again.,Ne commets pas de nouveau la même erreur.
Don't make the same mistake again.,Ne refais pas la même erreur.
Don't make the same mistake again.,Ne répétez pas la même erreur.
Don't make the same mistake again.,Ne laissez pas la même erreur se reproduire.
Don't make the same mistake again.,Ne commettez pas à nouveau la même erreur.
Don't make the same mistake twice.,Ne commets pas deux fois la même erreur !
Don't make the same mistake twice.,Ne commettez pas deux fois la même erreur !
Don't mention our plan to anybody.,Ne parle de notre plan à personne.
Don't sleep with the windows open.,Ne dors pas les fenêtres ouvertes.
Don't smoke while you are on duty.,Ne fume pas pendant le travail.
Don't talk to my sister like that.,Ne parle pas à ma sœur comme ça.
Don't talk to my sister like that.,Ne parlez pas à ma sœur comme cela.
Don't tell anyone we've done this.,Ne dis à personne que nous avons fait cela.
Don't tell anyone we've done this.,Ne dites à personne que nous avons fait cela.
Don't tell me what I already know.,Ne me dites pas ce que je sais déjà !
Don't tell me what I already know.,Ne me dis pas ce que je sais déjà !
Don't tell me what I already know.,Ne me racontez pas ce que je sais déjà !
Don't tell me what I already know.,Ne me raconte pas ce que je sais déjà !
Don't think about stuff like that.,Ne pense pas à de tels trucs !
Don't think about stuff like that.,Ne pensez pas à de tels trucs !
Don't try to blame this all on me.,N'essayez pas de me mettre tout ça sur le dos.
Don't try to blame this all on me.,N'essaie pas de me mettre tout ça sur le dos.
Don't try to keep her to yourself.,N'essayez pas de la monopoliser pour vous seul.
Don't underestimate your opponent.,Ne sous-estime pas tes rivaux.
Don't worry about making mistakes.,Ne craignez pas de faire des erreurs.
Don't worry about making mistakes.,Ne crains pas de commettre des erreurs.
Don't worry about what others say.,Ne te préoccupe pas de ce que disent les autres.
Don't worry about what others say.,Ne te soucie pas de ce que les autres disent.
Don't worry. I've got you covered.,Ne vous faites pas de souci ! Je vous couvre.
Don't worry. I've got you covered.,Ne te fais pas de souci ! Je te couvre.
Don't you have a sense of justice?,N'avez-vous donc pas le sens de l'équité ?
Don't you have a sense of justice?,N'as-tu donc pas le sens de la justice ?
Don't you have an air conditioner?,Ne disposez-vous pas d'un appareil pour l'air conditionné ?
Don't you have an air conditioner?,Ne disposes-tu pas d'un appareil pour l'air conditionné ?
Don't you want to go to Australia?,Ne veux-tu pas aller en Australie?
Don't you want to go to the party?,Ne veux-tu pas te rendre à la fête ?
Don't you want to go to the party?,Ne voulez-vous pas vous rendre à la fête ?
Don't you want to know why I quit?,Ne voulez-vous pas savoir pourquoi j'ai démissionné ?
Dozens of students gathered there.,Des douzaines d'étudiants se rassemblèrent là.
Drop me a line when you get there.,Appelle-moi quand tu arrives.
Each one of us should do his best.,Chacun de nous devrait faire de son mieux.
Eat and drink as much as you want.,Mangez et buvez autant que vous le voulez.
Eat your soup before it gets cold.,Bois ta soupe avant qu'elle ne refroidisse.
Eat your soup before it gets cold.,Mange ta soupe avant qu'elle ne refroidisse.
Edison invented the electric lamp.,Edison inventa l'ampoule électrique.
Einstein loved playing the violin.,Einstein adorait jouer du violon.
Either you or she has to go there.,"L'un de vous deux, elle ou toi, doit aller là-bas."
Elephants live in Asia and Africa.,Les éléphants vivent en Asie et en Afrique.
Empty the water out of the bucket.,Videz l'eau hors du seau.
England established many colonies.,L'Angleterre a établi beaucoup de colonies.
Every country has its own history.,Chaque pays a sa propre histoire.
Every door in the house is locked.,Toutes les portes de la maison sont fermées.
Everybody in the village knew him.,"Au village, tout le monde le connaissait."
Everybody is equal before the law.,Tout le monde est égal devant la loi.
Everybody knows Tom was in Boston.,Tout le monde sait que Tom était à Boston.
Everybody knows that he is honest.,Tout le monde sait qu'il est honnête.
Everybody knows that you're lying.,Tout le monde sait que tu mens.
Everybody knows that you're lying.,Tout le monde sait que vous mentez.
Everybody started talking at once.,Tout le monde commença à parler en même temps.
Everybody wants to sit beside her.,Tout le monde veut s'asseoir à côté d'elle.
Everybody's got something to hide.,Tout le monde a quelque chose à cacher.
Everybody's in a hurry these days.,Tout le monde est pressé de nos jours.
Everyone deserves a second chance.,Tout le monde mérite une seconde chance.
Everyone deserves a second chance.,Tout le monde a le droit à une deuxième chance.
Everyone deserves a second chance.,Tout le monde a droit à une seconde chance.
Everyone here knows everyone else.,"Ici, tout le monde se connaît."
Everyone hoped that she would win.,Chacun espérait qu'elle gagnât.
Everyone knows what happened next.,Tout le monde sait ce qui arriva ensuite.
Everyone knows what happened next.,Tout le monde sait ce qui est arrivé ensuite.
Everyone seemed sad to see Tom go.,Tout le monde avait l'air triste de voir Tom partir.
Everyone seemed sad to see Tom go.,Tout le monde semblait triste de voir Tom s'en aller.
Everyone seemed sad to see Tom go.,Tout le monde avait l'air triste de voir Tom s'en aller.
Everyone seemed sad to see Tom go.,Tout le monde semblait triste de voir Tom partir.
Everyone who knew him admired him.,Tous ceux qui le connaissaient l'admiraient.
Everything could still be changed.,Tout pourrait encore être modifié.
Everything was better in the past.,Tout était mieux autrefois.
Everything we've told you is true.,Tout ce que nous vous avons dit est vrai.
Everything we've told you is true.,Tout ce qu'on t'a dit est vrai.
Everything went according to plan.,Tout s'est déroulé selon le plan.
Everything worked without a hitch.,Tout a fonctionné sans accroc.
Father is anxious about my health.,Mon père est inquiet à propos de ma santé.
Few people understood his comment.,Peu de gens comprirent son commentaire.
Few people understood his comment.,Peu de gens ont compris son commentaire.
Flowers are growing in the meadow.,Des fleurs croissent dans le pré.
"For all his wealth, he is unhappy.","Malgré son opulence, il est malheureux."
"For months, he did almost nothing.",Il ne fit presque rien durant des mois.
"For now, I will wait at the hotel.",Je reste à l'hôtel pour le moment.
"For the millionth time, I'm sorry.","Pour la millionième fois, je suis désolé."
For what purpose did he come here?,Dans quel but est-il venu ici ?
"Fortunately, I have a green thumb.","Heureusement, j'ai la main verte."
"Fortunately, the weather was good.",Heureusement il faisait beau.
"Fortunately, the weather was good.","Heureusement, il faisait beau."
"Fortunately, the weather was good.","Heureusement, le temps était beau."
"Fortunately, the weather was good.","Heureusement, le temps était au beau."
Forward this to everyone you know.,Redirige ceci à tous les gens que tu connais !
Forward this to everyone you know.,Redirigez ceci à tous les gens que vous connaissez !
France is to the south of England.,La France est au sud de l'Angleterre.
French is an interesting language.,Le français est un langage intéressant.
French is very difficult to learn.,Le français est très difficile à apprendre.
French isn't a difficult language.,Le français n'est pas une langue difficile.
Further investigation is required.,Une enquête plus approfondie est nécessaire.
Get in the car and lock the doors.,Montez dans la voiture et verrouillez les portes !
Get in the car and lock the doors.,Monte dans la voiture et verrouille les portes !
Give him the benefit of the doubt.,Donne-lui le bénéfice du doute.
Give him the benefit of the doubt.,Accordez-lui le bénéfice du doute.
Gold is similar in color to brass.,L'or a une couleur similaire au cuivre.
Guess what I'm holding in my hand.,Devine ce que je tiens dans ma main !
Guess what I'm holding in my hand.,Devinez ce que je tiens dans ma main !
Has anyone ever broken your heart?,Quiconque vous a-t-il jamais brisé le cœur ?
Has anyone ever broken your heart?,Quiconque t'a-t-il jamais brisé le cœur ?
Have a drink while you're waiting.,Prenez un verre en attendant.
Have a drink while you're waiting.,Prends un verre pendant que tu attends.
Have my piece of cake if you like.,Prends ma part de gâteau si tu veux.
Have you already settled the bill?,As-tu déjà réglé la note ?
Have you already settled the bill?,Avez-vous déjà réglé la note ?
Have you been waiting a long time?,Avez-vous attendu longtemps ?
Have you been waiting a long time?,As-tu attendu longtemps?
Have you ever driven a sports car?,As-tu jamais conduit une voiture de sport ?
Have you ever driven a sports car?,Avez-vous jamais conduit une voiture de sport ?
Have you ever eaten Japanese food?,As-tu déjà mangé de la nourriture japonaise ?
Have you ever gone skinny dipping?,Avez-vous jamais été vous baigner nu ?
Have you ever gone skinny dipping?,Avez-vous jamais été vous baigner nue ?
Have you ever gone skinny dipping?,Avez-vous jamais été vous baigner nus ?
Have you ever gone skinny dipping?,Avez-vous jamais été vous baigner nues ?
Have you ever gone skinny dipping?,As-tu jamais été te baigner nue ?
Have you ever gone skinny dipping?,As-tu jamais été te baigner nu ?
Have you ever had a narrow escape?,T'en es-tu déjà tiré de justesse ?
Have you ever kissed another girl?,As-tu déjà embrassé une autre nana ?
Have you ever kissed another girl?,Avez-vous déjà embrassé une autre fille ?
Have you ever lied to your mother?,As-tu déjà menti à ta mère ?
Have you ever seen a car accident?,As-tu jamais vu un accident de voiture ?
Have you ever seen a car accident?,Avez-vous jamais vu un accident de voiture ?
Have you ever studied archaeology?,Avez-vous déjà étudié l'archéologie ?
Have you ever studied archaeology?,As-tu déjà étudié l'archéologie ?
Have you heard this story already?,As-tu déjà entendu cette histoire ?
Have you heard this story already?,Avez-vous déjà entendu cette histoire ?
Have you seen my glasses anywhere?,As-tu vu mes lunettes quelque part ?
He adapted the story for children.,Il adapta l'histoire pour les enfants.
He affirmed that he saw the crash.,Il affirma avoir vu l'accident.
He agreed to give us an interview.,Il nous a accordé un entretien.
He agreed to give us an interview.,Il nous a accordé une entrevue.
He agreed to give us an interview.,Il nous accorda un entretien.
He agreed to give us an interview.,Il nous accorda une entrevue.
He always comes here at this time.,Il vient toujours à cette heure-ci.
He applied for the job and got it.,Il postula pour l'emploi et l'obtint.
He applied for the job and got it.,Il a postulé pour l'emploi et l'a obtenu.
He arrived here ten minutes early.,Il est arrivé ici dix minutes en avance.
He asked her where her mother was.,Il lui a demandé où était sa mère.
He asked her why she came so late.,Il lui a demandé pourquoi elle est venue si tard.
He asked me what I had been doing.,Il me demanda ce que j'avais fait.
He asked me what I had been doing.,Il m'a demandé ce que j'avais fait.
He asked us not to make any noise.,Il nous a demandé de ne pas faire de bruit.
He asked us not to make any noise.,Il nous a demandé de ne faire aucun bruit.
He backed his car into the garage.,Il a rentré sa voiture en marche arrière dans le garage.
He became financially independent.,Il est devenu financièrement indépendant.
He blames his failure on bad luck.,Il met son échec au compte du manque de chance.
He blew on the tip of his fingers.,Il souffla sur le bout de ses doigts.
He bored us with his long stories.,Il nous a ennuyés avec ses longues histoires.
He broke the window intentionally.,Il a fait exprès de briser la vitre.
He brought back several souvenirs.,Il a ramené des souvenirs.
He built a fence around his house.,Il a construit une clôture autour de sa maison.
He can sing better than any of us.,Il sait chanter mieux que n'importe lequel d'entre nous.
He congratulated me on my success.,Il me félicita pour mon succès.
He could no longer stand the pain.,Il ne pouvait plus endurer la douleur.
He could not answer that question.,Il n'a pas pu répondre à cette question.
He could not answer that question.,Il ne put répondre à cette question.
He cut some branches off the tree.,Il a abattu quelques branches de l'arbre.
He decided not to wait any longer.,Il décida de ne pas attendre plus longtemps.
He dedicated his life to medicine.,Il a consacré sa vie à la médecine.
He demanded that we leave at once.,Il exigea que nous partions sans délai.
He devoted a lot of time to study.,Il consacra beaucoup de temps à l'étude.
He devoted a lot of time to study.,Il a consacré beaucoup de temps à l'étude.
He devoted a lot of time to study.,Il consacra beaucoup de temps à étudier.
He devoted a lot of time to study.,Il a consacré beaucoup de temps à étudier.
He did not eat anything yesterday.,Il n'a rien mangé hier.
He did not expect to live so long.,Il ne s'attendait pas à vivre si longtemps.
He did not speak unless spoken to.,Il ne parlait pas à moins qu'on s'adresse à lui.
He didn't really go to the church.,Il ne se rendit pas vraiment à l'église.
He didn't wash himself for a week.,Il ne s'est pas lavé pendant une semaine.
He died and his soul went to hell.,Il est mort et son âme est allée en enfer.
He discovered how to open the box.,Il a compris la manière d'ouvrir la boîte.
He discovered how to open the box.,Il découvrit comment ouvrir la boîte.
He does not seem to be very tired.,Il ne semble pas très fatigué.
He doesn't care much for baseball.,Le baseball ne l'intéresse pas beaucoup.
He doesn't have enough experience.,Il n'a pas suffisamment d'expérience.
He doesn't have enough experience.,Il ne dispose pas de suffisamment d'expérience.
He doesn't seem to be an American.,Il ne semble pas être Américain.
He doesn't show his true feelings.,Il ne montre pas ses véritables sentiments.
He doesn't want to get out of bed.,Il ne veut pas sortir du lit.
He drank straight from the bottle.,Il but directement à la bouteille.
He drank straight from the bottle.,Il a bu directement à la bouteille.
He drank very little of the water.,Il but très peu de l'eau.
He drinks a lot of milk every day.,Il boit beaucoup de lait chaque jour.
He earns three times more than me.,Il gagne trois fois plus que moi.
He enlisted in the Foreign Legion.,Il s'est engagé dans la Légion étrangère.
He explained the matter in detail.,Il expliqua l'affaire en détail.
He felt a sharp pain in his chest.,Il a ressenti une douleur aiguë dans la poitrine.
He filled up the hole in the wall.,Il a bouché le trou dans le mur.
He forgave me breaking my promise.,Il m'a pardonné de n'avoir pas tenu ma promesse.
He forgot his promise to go there.,Il oublia sa promesse de s'y rendre.
He gave me a good piece of advice.,Il me donna un bon conseil.
He gave me a smile of recognition.,Il me fit un sourire reconnaissant.
He gave me a smile of recognition.,Il me sourit avec gratitude.
He gave me authority to fire them.,Il m'a autorisé à les virer.
He gave me food and money as well.,Il me donna de la nourriture ainsi que de l'argent.
He gave the same answer as before.,Il donna la même réponse qu'avant.
He gave us quite a lot of trouble.,Il nous a donné du fil à retordre.
He gets his hair cut once a month.,Il se fait couper les cheveux une fois par mois.
He got hurt in the game yesterday.,"Il s'est blessé pendant la partie, hier."
He got more than he bargained for.,Il en a eu davantage qu'il en a négocié.
He got more than he bargained for.,Il en eut davantage qu'il en négocia.
He got more than he bargained for.,Il en a obtenu davantage qu'il en a négocié.
He got more than he bargained for.,Il en obtint davantage qu'il en négocia.
He grows vegetables in his garden.,Il fait pousser des légumes dans son jardin.
He had a lot of money in the bank.,Il avait beaucoup d'argent en banque.
He had called the rebels traitors.,"Il avait appelé des traîtres, les rebelles."
He had called the rebels traitors.,Il avait traité les rebelles de traîtres.
He had called the rebels traitors.,"Il avait appelé les rebelles, des traîtres."
He had friends all over the world.,Il avait des amis partout dans le monde.
He had no distinguishing features.,Il est dépourvu de signes distinctifs.
"He had nothing to say, so he left.","Il n'avait rien à dire, alors il est parti."
He has a few friends in this town.,Il a quelques amis dans cette ville.
He has a good knowledge of French.,Il a de bonnes connaissances en français.
He has a large house and two cars.,Il a une grande maison et deux voitures.
He has a lot of money in the bank.,Il a beaucoup d'argent à la banque.
He has a very good sense of humor.,Il a un grand sens de l'humour.
"He has ambition, so he works hard.","Il a de l'ambition, alors il travaille dur."
He has coached us for half a year.,Il nous a entrainé pendant six mois.
He has done better than last time.,Il a fait mieux que la dernière fois.
He has good judgement for his age.,Il a un bon jugement pour son âge.
He has had a long teaching career.,Il a eu une longue carrière dans l'enseignement.
He has half as many books as I do.,Il possède moitié moins de livres que moi.
He has never been late for school.,Il n'a jamais été en retard à l'école.
He has the ability to do the work.,Il a la capacité d'accomplir le travail.
He has this large room to himself.,Il dispose de cette grande pièce pour lui-même.
He heard a noise from the kitchen.,Il a entendu un bruit de la cuisine.
He imitated the works of Van Gogh.,Il imitait les œuvres de Van Gogh.
He is a gentleman among gentlemen.,C'est un monsieur.
He is able to speak ten languages.,Il est capable de parler 10 langues.
He is an archeologist's assistant.,C'est un assistant en archéologie.
He is apt to forget people's name.,Il est capable d'oublier le nom des gens.
He is busy preparing for the trip.,Il est occupé à préparer son voyage.
He is busy preparing for the trip.,Il s'affaire aux préparatifs du voyage.
He is by nature a generous person.,C'est par nature une personne généreuse.
He is determined to go to England.,Il est déterminé à aller en Angleterre.
He is enrolled at that university.,Il est entré à cette université.
He is known to the entire country.,Il est connu dans le pays entier.
He is learning how to drive a car.,Il est en train d'apprendre comment conduire une voiture.
He is married to an American lady.,Il est marié à une Américaine.
He is no more a fool than you are.,Il n'est pas plus stupide que toi.
He is not as clever as my brother.,Il n'est pas aussi malin que mon frère.
He is not scared of snakes at all.,Il n'a pas du tout peur des serpents.
He is nothing more than a dreamer.,Il n'est qu'un rêveur.
He is old enough to understand it.,Il est assez âgé pour le comprendre.
He is quick to voice his concerns.,Il est prompt à exprimer ses inquiétudes.
He is still too young for the job.,Il est encore trop jeune pour ce travail.
He is studying in the library now.,Il étudie à la bibliothèque maintenant.
He is the best player on our team.,Il est le meilleur joueur de notre équipe.
He is the son of a wealthy family.,C'est le fils d'une riche famille.
He is the stingiest person I know.,C'est la personne la plus pingre que je connaisse.
He is to come here at six o'clock.,Il doit venir ici à six heures.
He is to come to my house tonight.,Il va venir chez moi ce soir.
He is too young to go there alone.,Il est trop jeune pour y aller seul.
He is training a horse for a race.,Il entraîne un cheval pour une course.
He is unsatisfied with the result.,Il n'est pas content du résultat.
He is unsatisfied with the result.,Il est insatisfait du résultat.
He is very good at playing violin.,Il est très doué pour jouer du violon.
He is very sensitive to criticism.,Il est très sensible à la critique.
He is walking towards the station.,Il marche en direction de la gare.
He is well spoken of by everybody.,Tout le monde parle de lui en bien.
He isn't any older than I thought.,Il n'est pas plus vieux que ce que je pensais.
He kept silent during the meeting.,Il garda le silence pendant la réunion.
He knows a lot about wild animals.,Il connaît beaucoup de choses sur les animaux sauvages.
He knows better than to marry her.,Il a mieux à faire que de l'épouser.
He knows everything about Germany.,Il sait tout de l'Allemagne.
He laid himself flat on the floor.,Il s'est allongé sur le plancher.
He likes animals more than people.,Il aime les animaux davantage que les hommes.
He likes taking a walk by himself.,Il aime se promener seul.
He lived alone in the countryside.,Il vécut seul à la campagne.
He lives in the suburbs of London.,Il vit dans la banlieue de Londres.
He locked himself in the bathroom.,Il s'est enfermé dans la salle de bain.
He looks exactly like his brother.,Il ressemble à son frère comme deux gouttes d'eau.
He lost his balance and fell down.,Il perdit l'équilibre et tomba.
He lost his sight in the accident.,Il a perdu la vue dans l'accident.
He made his way through the crowd.,Il s'est frayé un passage au milieu de la foule.
He made sure nobody could see her.,Il s'est assuré que personne ne pouvait la voir.
He made sure nobody could see her.,Il s'assura que personne ne pouvait la voir.
He made sure nobody could see him.,Il s'est assuré que personne ne pouvait le voir.
He made sure nobody could see him.,Il s'assura que personne ne pouvait le voir.
He made up a story about the king.,Il a inventé une histoire au sujet du Roi.
He made up his mind to be a pilot.,Il s'est décidé à être pilote.
He makes no half-hearted attempts.,Il met toute son énergie dans ses tentatives.
He may be jogging around the park.,Il est peut-être en train de courir autour du parc.
He may not have known the formula.,Il se peut qu'il ne connaissait pas la formule.
He measured the length of the bed.,Il mesura la longueur du lit.
He meets his girlfriend Saturdays.,Il rencontre sa petite amie le samedi.
He missed the train by one minute.,Il a manqué le train d'une minute.
He missed the train by one minute.,Il manqua le train à une minute près.
He mistook me for my twin brother.,Il m'a pris pour mon frère jumeau.
He must finish his homework today.,Il doit terminer aujourd'hui ses devoirs.
He must finish his homework today.,Il doit terminer ses devoirs aujourd'hui.
He must have gotten over his cold.,Il a dû se remettre de son rhume.
He must have studied English hard.,Il a dû étudier sérieusement l'anglais.
He often reads far into the night.,Il lit souvent jusque tard dans la nuit.
He often suffered from toothaches.,Il souffrait fréquemment de maux de dents.
He often suffered from toothaches.,Il souffrait souvent de maux de dents.
He paid his loan back to the bank.,Il a remboursé son emprunt à la banque.
He paid no attention to my advice.,Il n'a pas fait attention à mon conseil.
He paid no attention to my advice.,Il ne prêta pas attention à mon conseil.
He passed his English examination.,Il a réussi à son examen d'anglais.
He plays cello exceptionally well.,C'est un virtuose du violoncelle.
He plays the piano better than me.,Il joue mieux du piano que moi.
He poured cold water over himself.,Il s'est versé de l'eau froide sur lui.
He pretended not to hear his boss.,Il fit comme s'il n'entendait pas son patron.
He pretended that he was a lawyer.,Il a prétendu être avocat.
He proceeded to the next question.,Il en vint à la question suivante.
He proceeded to the next question.,Il passa à la question suivante.
He promised to keep it to himself.,Il promit de le garder pour lui.
He put the skis on top of the car.,Il plaça les skis sur le dessus de la voiture.
He raised his hand to stop a taxi.,Il leva la main pour arrêter un taxi.
He ran a great risk in the jungle.,Il a pris de gros risques dans la jungle.
He ran to catch up to his brother.,Il a couru pour rattraper son frère.
He read a book written in English.,Il a lu un livre écrit en anglais.
He refused to do much campaigning.,Il refusa de faire campagne.
He regrets having wasted his time.,Il regrette d'avoir perdu son temps.
He relies on his wife financially.,Il est financièrement dépendant de sa femme.
He remained silent the whole time.,Il est resté silencieux tout le temps.
He remained silent the whole time.,Il resta silencieux tout le temps.
He resembles his father very much.,Il ressemble beaucoup à son père.
He rested his hand on my shoulder.,Il posa sa main sur mon épaule.
He returned from abroad yesterday.,Il est revenu hier de l'étranger.
He runs a supermarket in the town.,Il gère un supermarché en ville.
He said good night to his parents.,Il souhaita la bonne nuit à ses parents.
He said that he wanted some money.,Il dit qu'il voulait un peu d'argent.
He secretly showed me her picture.,Il m'a montré sa photo en secret.
He seems to have left the country.,Il semble avoir quitté le pays.
He seems to have missed the point.,Il semble qu'il n'ait pas tout saisi.
He sent me an affectionate letter.,Il m’a écrit une lettre pleine d'affection.
He set a trap to catch the animal.,Il a installé un piège pour attraper l'animal.
He set out for Tokyo this morning.,Il est parti à Tokyo ce matin.
He showed me his photograph album.,Il m'a montré son album photo.
He showed me the way to the store.,Il m'indiqua le chemin du magasin.
He showed us his mother's picture.,Il nous a montré la photo de sa mère.
He showed us his mother's picture.,Il nous montra la photo de sa mère.
He speaks as if he were an expert.,Il parle comme s'il était un expert.
He speaks as if he were an expert.,Il parle comme s'il était expert.
He spoke with a pipe in his mouth.,Il parlait avec une pipe à la bouche.
He stared at me from head to foot.,Il m'observa de la tête aux pieds.
He stood on the edge of the cliff.,Il se tenait au bord de la falaise.
He stood with his feet wide apart.,Il était debout avec les jambes bien écartées.
He swallowed detergent by mistake.,Il a avalé du détergent par erreur.
He swore never to trust her again.,Il jura de ne plus jamais lui faire confiance.
He talks as if he knew everything.,Il parle comme s'il connaissait tout.
He talks as if he knew the secret.,Il parle comme s'il connaissait le secret.
He talks as if he knew the secret.,Il parle comme s'il connaissait ce secret.
He teaches English to his friends.,Il enseigne l'anglais à ses amis.
He thinks that he is a great poet.,Il pense être un grand poète.
He thinks that he is a great poet.,Il se prend pour un grand poète.
He thought maybe this was a trick.,Il pensa que c'était peut-être un piège.
He threw the letter into the fire.,Il jeta la lettre au feu.
He threw the letter into the fire.,Il jeta la lettre dans le feu.
He timed her in the marathon race.,Il la chronométra au marathon.
He took a book from the bookshelf.,Il prit un livre de l'étagère.
He took a room at the Yaesu Hotel.,Il a pris une chambre au Yaesu Hotel.
He tried to attract her attention.,Il a cherché à attirer son attention.
He tried to make up for lost time.,Il essaya de rattraper le temps perdu.
He tried to pull a fast one on me.,Il a essayé de m'arnaquer.
He tried to swim against the tide.,Il essaya de nager contre la marée.
He turned to his friends for help.,Il se tourna vers ses amis pour obtenir de l'aide.
He used pigeons in his experiment.,Il utilisa des pigeons dans son expérience.
He visited many countries in Asia.,Il a visité beaucoup de pays en Asie.
He wants to live closer to nature.,Il veut vivre plus près de la nature.
He wants to study music and dance.,Il veut étudier la musique et la danse.
He was at work till late at night.,Il était au travail jusque tard la nuit.
He was caught with his pants down.,Il s'est fait prendre en fâcheuse posture.
He was conspicuous by his absence.,Il brillait par son absence.
He was exhausted when he got home.,Il était épuisé quand il est rentré chez lui.
He was fascinated with her beauty.,Il était fasciné par sa beauté.
He was in good health last summer.,Il était en bonne santé l'été dernier.
He was jealous of their happiness.,Il était jaloux de leur bonheur.
He was raised by his grandparents.,Il fut élevé par ses grands-parents.
He was satisfied with his new car.,Il était content de sa nouvelle voiture.
He was scared you would shoot him.,Il avait peur que vous lui tiriez dessus.
He was scared you would shoot him.,Il avait peur que vous le descendiez.
"He was sick, so he did not go out.","Il était malade, il ne pouvait donc pas sortir."
He was sitting and reading a book.,Il était assis et lisait un livre.
He was the first person to arrive.,Il est le premier à être arrivé.
"He was tired, but he kept working.","Il était fatigué, mais il continua à travailler."
"He was tired, but he kept working.","Il était fatigué, mais il a continué à travailler."
He was too tired to walk any more.,Il était trop fatigué pour continuer à marcher.
He was unconscious for three days.,Il resta inconscient durant trois jours.
He was willing to work for others.,Il était disposé à travailler pour les autres.
He went to Paris by car yesterday.,Il s'est rendu hier à Paris en voiture.
He went to the hospital yesterday.,Il est allé à l'hôpital hier.
He will advise you on that matter.,Il te conseillera en cette affaire.
He will advise you on that matter.,Il vous conseillera en cette affaire.
He will do anything to make money.,Pour gagner de l'argent il serait prêt à tout.
He will go to New York next month.,Il part pour New York le mois prochain.
He will have to go to the station.,Il devra aller à la gare.
He will have to go to the station.,Il devra se rendre à la gare.
He worked from morning till night.,Il travailla du matin au soir.
He worked from morning till night.,Il a travaillé du matin au soir.
He works from nine to five-thirty.,Il travaille de neuf heures à dix-sept-heures trente.
He'll be here around four o'clock.,Il sera ici vers quatre heures.
He's a bit rough around the edges.,Il est un peu rugueux.
He's a bit rough around the edges.,Il est un peu revêche.
He's a little taller than you are.,Il est un peu plus grand que vous.
He's afraid that he might be late.,Il craint d'être en retard.
He's always running short of cash.,Il est toujours à court de liquide.
He's an expert at throwing knives.,C'est un expert du lancer de couteaux.
He's bound to notice your mistake.,Il est forcé de remarquer votre erreur.
He's busy and can't meet with you.,Puisqu'il est occupé il ne peut pas vous rencontrer.
He's decided to leave the company.,Il a décidé de quitter la troupe.
He's going to have a heart attack.,Il va avoir une attaque cardiaque.
He's had many unhappy experiences.,Il a eu beaucoup d'expériences malheureuses.
He's not sure he wants to do this.,Il n'est pas sûr de vouloir le faire.
He's the one who's lagging behind.,C'est lui qui est à la traîne.
He's two years older than Mary is.,Il est deux ans plus vieux que Mary.
He's two years older than Mary is.,Il a deux ans de plus que Mary.
He's wearing a white cotton shirt.,Il porte une chemise de coton blanc.
Her beauty was beyond description.,Sa beauté était indescriptible.
Her boyfriend looks like a monkey.,Son ami ressemble à un singe.
Her brother goes to school by bus.,Son frère va à l'école en bus.
Her death was a great shock to me.,Ce fut un grand choc pour moi lorsqu'elle mourut.
Her desires were fully fullfilled.,Ses désirs ont été pleinement assouvis.
Her husband smokes like a chimney.,Son mari fume comme un pompier.
Her mother always accompanies her.,Sa mère l'accompagne toujours.
Her mother is a wonderful pianist.,Sa mère est une excellente pianiste.
Her new hairstyle covers her ears.,Sa nouvelle coiffure lui couvre les oreilles.
Here's some medicine for diarrhea.,Voici un médicament contre la diarrhée.
"Hey, Tom, can I ask you something?","Hé, Tom, je peux te demander un truc ?"
"Hey, Tom, can I ask you something?","Hé, Tom, je peux te demander quelque chose ?"
His behavior is worthy of respect.,Son comportement force le respect.
His brave deed earned him respect.,Son courageux exploit lui a valu le respect.
His brother goes to school by bus.,Son frère va à l'école en bus.
His condition got worse every day.,Sa santé empirait de jour en jour.
His family didn't have much money.,Sa famille ne disposait pas de beaucoup d'argent.
His house is somewhere about here.,Sa maison est quelque part par là.
His house is somewhere about here.,Sa maison est quelque part par ici.
His house was struck by lightning.,Sa maison a été frappée par la foudre.
His ideas never earned him a dime.,Ses idées ne lui ont jamais rapporté un sou.
His ideas never earned him a dime.,Ses idées ne lui ont jamais valu un sou.
His leg was bitten by a crocodile.,Un crocodile lui a mordu la jambe.
His office is on the eighth floor.,Son bureau est au huitième étage.
His office is on the eighth floor.,Son bureau se situe au huitième étage.
His policies were too progressive.,Sa politique était trop progressiste.
His remark was really out of line.,Sa remarque était vraiment hors de propos.
His sleeve touched the greasy pan.,Sa manche a touché la casserole graisseuse.
His speech impressed us very much.,Son discours nous a beaucoup impressionnés.
His speech was not altogether bad.,Son discours n'était en somme pas mauvais.
His success delighted his parents.,Son succès réjouissait ses parents.
His wealth has not made him happy.,Sa fortune ne l'a pas rendu heureux.
History is repeating itself again.,L'Histoire se répète à nouveau.
Hold down the fort while I'm gone.,Garde la baraque pendant que je suis parti.
Hold down the fort while I'm gone.,Garde la maison pendant que je suis parti.
Hold down the fort while I'm gone.,Garde la taule pendant que je suis parti.
Hold down the fort while I'm gone.,Garde la turne pendant que je suis parti.
Hold down the fort while I'm gone.,Garde la bicoque pendant que je suis parti.
How about dining out for a change?,Irions-nous manger dehors pour changer ?
How am I going to get out of here?,Comment vais-je sortir d'ici ?
How are you going to deal with it?,Comment vas-tu gérer ça?
How are you going to pay for that?,Comment vas-tu payer pour ça ?
How are you going to pay for that?,Comment allez-vous payer pour cela ?
How are you going to pay for this?,Comment vas-tu payer pour ça ?
How are you going to pay for this?,Comment allez-vous payer pour ceci ?
How can I know if a girl likes me?,Comment puis-je savoir si une fille m'aime bien ?
How can we be sure of his honesty?,Comment pouvons-nous être sûrs de son honnêteté ?
How can you justify your behavior?,Comment pouvez-vous justifier votre conduite ?
How could you make such a mistake?,Comment as-tu pu commettre une telle erreur ?
How could you make such a mistake?,Comment avez-vous pu commettre une telle erreur ?
How could you not see this coming?,Comment as-tu pu ne pas voir ça venir ?
How could you not see this coming?,Comment n'as-tu pas pu voir ça arriver ?
How dare you hurt people this way!,Comment oses-tu blesser les gens de cette manière !
How did you come by this painting?,Comment êtes-vous entré en possession de ce tableau ?
How did you come by this painting?,Comment êtes-vous entré en possession de cette toile ?
How did you come by this painting?,Comment êtes-vous entré en possession de cette peinture ?
How did you come by this painting?,Comment es-tu entré en possession de ce tableau ?
How did you come by this painting?,Comment es-tu entré en possession de cette toile ?
How did you come by this painting?,Comment es-tu entré en possession de cette peinture ?
How did you come by this painting?,Comment es-tu entrée en possession de ce tableau ?
How did you come by this painting?,Comment es-tu entrée en possession de cette peinture ?
How did you come by this painting?,Comment es-tu entrée en possession de cette toile ?
How did you come by this painting?,Comment êtes-vous entrée en possession de cette peinture ?
How did you come by this painting?,Comment êtes-vous entrés en possession de cette peinture ?
How did you come by this painting?,Comment êtes-vous entrées en possession de cette peinture ?
How did you come by this painting?,Comment êtes-vous entrée en possession de cette toile ?
How did you come by this painting?,Comment êtes-vous entrés en possession de cette toile ?
How did you come by this painting?,Comment êtes-vous entrées en possession de cette toile ?
How did you come by this painting?,Comment êtes-vous entrée en possession de ce tableau ?
How did you come by this painting?,Comment êtes-vous entrés en possession de ce tableau ?
How did you come by this painting?,Comment êtes-vous entrées en possession de ce tableau ?
How did you get interested in art?,Comment t'es-tu intéressé à l'art ?
How did you get interested in art?,Comment t'es-tu intéressée à l'art ?
How did you get interested in art?,Comment vous êtes-vous intéressé à l'art ?
How did you get interested in art?,Comment vous êtes-vous intéressée à l'art ?
How did you get interested in art?,Comment vous êtes-vous intéressés à l'art ?
How did you get interested in art?,Comment vous êtes-vous intéressées à l'art ?
How did you get so good at French?,Comment es-tu devenu si bon en français ?
How did you get so good at French?,Comment es-tu devenue si bonne en français ?
How did you get so good at French?,Comment êtes-vous devenu si bon en français ?
How did you get so good at French?,Comment êtes-vous devenue si bonne en français ?
How did you get so good at French?,Comment êtes-vous devenus si bons en français ?
How did you get so good at French?,Comment êtes-vous devenues si bonnes en français ?
How did you get to know about her?,Comment as-tu appris son existence ?
How did you get to know about her?,Comment avez-vous appris son existence ?
How did you learn about that news?,Comment as-tu appris cette nouvelle ?
How did you learn to cook so well?,Comment as-tu appris à cuisiner si bien ?
How did you learn to cook so well?,Comment avez-vous appris à cuisiner si bien ?
How do I get to the train station?,Comment puis-je parvenir à la gare ?
How do I know you're not bluffing?,Comment sais-je que vous ne bluffez pas ?
How do I know you're not bluffing?,Comment sais-je que tu ne bluffes pas ?
How do you feel about gun control?,Quel est votre sentiment au sujet du contrôle des armes ?
How do you intend to achieve this?,Comment comptez-vous y parvenir ?
How do you know I'm not from here?,Comment savez-vous que je ne suis pas d'ici ?
How do you know you can trust Tom?,Comment sais-tu que tu peux faire confiance à Tom ?
How do you know you can trust Tom?,Comment savez-vous que vous pouvez faire confiance à Tom ?
How do you spell your family name?,Comment épelez-vous votre nom de famille ?
How do you spell your family name?,Comment épelles-tu ton nom de famille ?
How do you spell your family name?,Comment écrit-on votre nom de famille ?
How do you want me to handle that?,Comment voulez-vous que j'agisse en la matière ?
How do you want me to handle that?,Comment veux-tu que je m'y prenne ?
How important are children to you?,Combien les enfants sont-ils importants pour toi ?
How important are children to you?,Combien les enfants sont-ils importants pour vous ?
How is your first name pronounced?,Comment se prononce ton prénom ?
How long can you hold your breath?,Combien de temps peux-tu retenir ta respiration ?
How long did you sleep last night?,Combien de temps as-tu dormi hier ?
How long did you sleep last night?,Combien de temps as-tu dormi la nuit dernière ?
How long do you have to eat lunch?,De combien de temps disposes-tu pour déjeuner ?
How long do you have to eat lunch?,De combien de temps disposez-vous pour déjeuner ?
How long do you have to eat lunch?,Pendant combien de temps dois-tu déjeuner ?
How long do you have to eat lunch?,Pendant combien de temps devez-vous déjeuner ?
How long do you plan to stay here?,Combien de temps prévoyez-vous de rester ici ?
How long do you plan to stay here?,Combien de temps est-ce que tu prévois de rester ici ?
How long have you been doing this?,Depuis combien de temps fais-tu ça ?
How long have you been doing this?,Depuis combien de temps faites-vous ceci ?
How long were you at school today?,"Combien de temps as-tu été à l'école, aujourd'hui ?"
How long were you at school today?,"Combien de temps avez-vous été à l'école, aujourd'hui ?"
How long will the train stop here?,Combien de temps le train s'arrête-t-il ici ?
How many apples did you eat today?,Combien de pommes avez-vous mangées aujourd'hui ?
How many days are there in a week?,Combien y a-t-il de jours dans une semaine ?
How many days are there in a week?,Combien y a-t-il de jours dans une semaine ?
How many days do you plan to stay?,Combien de jours as-tu prévu de rester ?
How many guests are you expecting?,Combien d'invités attendez-vous ?
How many guests are you expecting?,Combien d'invités attends-tu ?
How many hours a week do you work?,Combien d'heures par semaine travailles-tu ?
How many people live in Australia?,Combien de personnes vivent en Australie ?
How many people live in your city?,Combien de personnes vivent dans votre ville ?
How many people live in your town?,Combien d'habitants vivent dans votre ville ?
How many times have you done that?,Combien de fois as-tu fait ça ?
How many times have you done that?,Combien de fois avez-vous fait cela ?
How many times have you done this?,Combien de fois l'avez-vous fait ?
How many times have you done this?,Combien de fois l'as-tu fait ?
How many times have you done this?,Combien de fois as-tu fait ça ?
How much are we going to get paid?,Combien allons-nous êtres payés ?
How much did the tickets cost you?,Combien t'ont coûté les billets ?
How much did the tickets cost you?,Combien vous ont coûté les billets ?
How much does she spend per month?,Combien dépense-t-elle par mois?
How much does your daughter weigh?,Combien pèse votre fille ?
How much farther do we have to go?,Quelle distance avons-nous encore à parcourir ?
How much further do we have to go?,Combien nous faut-il encore avancer ?
How much is that going to cost me?,Combien est-ce que cela va me coûter ?
How much is that going to cost me?,Combien ça va me coûter ?
How often do you brush your teeth?,À quelle fréquence te brosses-tu les dents ?
How often do you brush your teeth?,À quelle fréquence vous brossez-vous les dents ?
How often do you wash your sheets?,À quelle fréquence laves-tu tes draps ?
How often do you wash your sheets?,À quelle fréquence lavez-vous vos draps ?
How tall is your youngest brother?,Quelle taille fait ton plus jeune frère ?
How thoughtless of you to do that.,Qu'est ce que c'était inconsidéré de ta part de faire ça.
How was your doctor's appointment?,Comment s'est passé ton rendez-vous chez le médecin ?
How will you manage without a job?,Comment vas-tu t'en sortir sans boulot ?
Human beings are social creatures.,Les êtres humains sont des créatures sociales.
"Hurry up, or we'll miss the train.","Plus vite, ou nous allons rater le train."
I almost forgot to do my homework.,J'ai failli oublier de faire mes devoirs.
I always knew you were a nice guy.,J'ai toujours su que tu étais un gars sympa.
I always knew you were a nice guy.,J'ai toujours su que tu étais un chic type.
I am allowed to swim in the river.,Je peux nager dans la rivière.
I am ashamed of my son's laziness.,J'ai honte de la paresse de mon fils.
I am determined to be a scientist.,Je suis déterminé à devenir un scientifique.
I am fed up with his vulgar jokes.,J'en ai assez de ses plaisanteries vulgaires.
I am glad that you have succeeded.,Je suis heureuse que vous ayez réussi.
I am going to a concert next week.,Je me rends à un concert la semaine prochaine.
I am going to a concert next week.,Je vais à un concert la semaine prochaine.
I am going to a concert next week.,Je vais aller à un concert la semaine prochaine.
I am looking forward to Christmas.,J'attends Noël avec impatience.
I am not about to pay ten dollars.,Je ne vais tout de même pas payer dix dollars.
I am quite ignorant of their plan.,Je ne sais rien de leur plan.
I am ready to do anything for you.,Je suis prêt à tout faire pour vous.
I am ready to do anything for you.,Je suis prêt à tout faire pour toi.
I am ready to do anything for you.,Je suis prête à tout faire pour toi.
I am ready to do anything for you.,Je suis prête à tout faire pour vous.
I am sure we have a lot in common.,Je suis certain que nous avons beaucoup en commun.
I am too tired to keep on walking.,Je suis trop fatigué pour continuer de marcher.
I appreciate what you did earlier.,Je vous suis reconnaissant pour ce que vous avez fait précédemment.
I appreciate what you did earlier.,Je te suis reconnaissant pour ce que tu as fait précédemment.
I arrived here about five o'clock.,Je suis arrivé ici à 5 heures environ.
I asked him to lend me some money.,Je lui ai demandé de me prêter de l'argent.
I asked my father to buy this toy.,J'ai demandé à mon père de m'acheter ce jouet.
I asked myself that same question.,Je me suis posé la même question.
I asked the doctor some questions.,J'ai posé quelques questions au médecin.
I ate a little too much yesterday.,J'ai un peu trop mangé hier.
I avoid going there late at night.,J'évite de m'y rendre tard le soir.
I awoke to find a bird in my room.,Je me réveillai et trouvai un oiseau dans ma chambre.
I awoke to find a bird in my room.,Je me suis réveillé et ai trouvé un oiseau dans ma chambre.
I believe I have found the answer.,Je crois avoir trouvé la réponse.
I believe I have found the answer.,Je crois que j'ai trouvé la réponse.
I believe it is a genuine Picasso.,Je crois que c'est un authentique Picasso.
I believe they're a perfect match.,Je crois qu'ils se correspondent parfaitement.
I believe you'll get over it soon.,Je crois que tu seras bientôt sur pieds.
I believe you'll get over it soon.,Je crois que tu t'en remettras bientôt.
I believe you'll get over it soon.,Je crois que vous vous en remettrez bientôt.
I bet you've never climbed a tree.,Je parie que tu n'as jamais escaladé un arbre.
I bet you've never climbed a tree.,Je parie que vous n'êtes jamais grimpé à un arbre.
I bought a pair of leather gloves.,J'ai acheté une paire de gants en cuir.
I bought a watch and an empty box.,J'ai acheté une montre et une boîte vide.
I bought the book for ten dollars.,J'ai acheté le livre pour dix dollars.
I bought this coat at a low price.,J'ai acheté ce manteau à bas prix.
"I broke his heart, but I love him.",Je lui ai brisé le cœur mais je l'aime.
I broke the lock opening the door.,"En ouvrant la porte, j'ai cassé la serrure."
I brought some samples of my work.,J'ai apporté quelques échantillons de mon travail.
I came to warn you not to do that.,Je suis venu vous avertir de ne pas faire ça.
I came to warn you not to do that.,Je suis venu t'avertir de ne pas faire ça.
I can do that with my eyes closed.,Je peux faire ça les yeux fermés.
I can see just as well as you can.,Je peux voir aussi bien que vous.
I can see just as well as you can.,Je peux voir tout aussi bien que toi.
I can see the top of the mountain.,Je peux voir le sommet de la montagne.
I can solve the problem by myself.,Je peux résoudre le problème moi-même.
I can't afford the time to travel.,Je ne peux me permettre le temps de voyager.
I can't bear the noise any longer.,Je ne peux pas supporter ce bruit plus longtemps.
I can't believe I listened to you.,Je n'arrive pas à croire que je t'aie écouté.
I can't believe I listened to you.,Je n'arrive pas à croire que je vous aie écouté.
I can't believe I listened to you.,Je n'arrive pas à croire que je t'aie écoutée.
I can't believe I listened to you.,Je n'arrive pas à croire que je vous aie écoutée.
I can't believe I listened to you.,Je n'arrive pas à croire que je vous aie écoutés.
I can't believe I listened to you.,Je n'arrive pas à croire que je vous aie écoutées.
I can't believe I never knew that.,Je n'arrive pas à croire que je n'aie jamais su ça.
I can't believe I really did that.,Je ne peux pas croire que j'ai vraiment fait ça.
I can't believe I really did that.,Je n'arrive pas à croire que j'ai vraiment fait cela.
I can't believe I showed you that.,Je n'arrive pas à croire que je t'aie montré ça.
I can't believe I showed you that.,Je n'arrive pas à croire que je vous aie montré ça.
I can't believe no one heard that.,Je n'arrive pas à croire que personne n'ait entendu ça.
I can't believe no one heard that.,Je n'arrive pas à croire que personne ne l'ait entendu.
I can't believe that this is real.,Je ne parviens pas à croire que ce soit réel.
I can't believe this has happened.,Je n'arrive pas à croire que tout ceci soit arrivé.
I can't believe this has happened.,Je n'arrive pas à croire que tout ceci soit survenu.
I can't believe this is happening.,Je n'arrive pas à croire que ça se produit.
I can't believe this is happening.,Je n'arrive pas à croire que ça a lieu.
I can't believe you chickened out.,Je n'arrive pas à croire que tu aies eu les foies.
I can't believe you chickened out.,Je n'arrive pas à croire que vous ayez eu les chocottes.
I can't believe you fell for that.,Je n'arrive pas à croire que vous soyez tombé dans le panneau.
I can't believe you fell for that.,Je n'arrive pas à croire que vous soyez tombée dans le panneau.
I can't believe you fell for that.,Je n'arrive pas à croire que vous soyez tombés dans le panneau.
I can't believe you fell for that.,Je n'arrive pas à croire que vous soyez tombées dans le panneau.
I can't believe you fell for that.,Je n'arrive pas à croire que tu sois tombé dans le panneau.
I can't believe you fell for that.,Je n'arrive pas à croire que tu sois tombée dans le panneau.
I can't believe you just did that.,Je n'arrive pas à croire que tu viennes de faire cela.
I can't believe you just did that.,Je n'arrive pas à croire que vous veniez de faire cela.
I can't believe you just did that.,Je ne parviens pas à croire que vous veniez de faire ça.
I can't believe you just did that.,Je ne parviens pas à croire que tu viennes de faire ça.
I can't believe you're doing this.,Je n'arrive pas à croire que vous fassiez cela.
I can't believe you're doing this.,Je n'arrive pas à croire que tu fasses cela.
I can't blame Tom for not waiting.,Je ne peux pas reprocher à Tom de ne pas attendre.
I can't do that until next Monday.,Je ne peux pas faire ça avant lundi prochain.
I can't do this without your help.,Je ne peux pas faire ça sans ton aide.
I can't do this without your help.,Je ne peux pas faire ceci sans votre aide.
I can't even remember my own name.,Je ne peux même pas me souvenir de mon propre nom.
I can't figure out why he said so.,Je n'arrive pas à me figurer pourquoi il a dit ça.
I can't find the right man for me.,Je ne parviens pas à trouver l'homme qu'il me faut.
I can't find the right man for me.,Je n'arrive pas à trouver l'homme qui me convient.
I can't get in touch with him yet.,Je n'arrive pas à le contacter pour l'instant.
I can't give you the answer today.,Je ne peux pas vous donner la réponse aujourd'hui.
I can't give you the answer today.,Je ne peux pas te donner la réponse aujourd'hui.
I can't go now. I have work to do.,Je ne peux pas m'y rendre pour le moment. J'ai du travail à faire.
I can't help doubting his honesty.,Je peux pas m'empêcher de mettre en doute son honnêteté.
I can't imagine a day without you.,Je ne peux pas imaginer une journée sans toi.
I can't imagine a day without you.,Je ne peux pas imaginer une journée sans vous.
I can't let you go in there alone.,Je ne peux pas te laisser aller là-dedans tout seul.
I can't let you go in there alone.,Je ne peux pas te laisser aller là-dedans toute seule.
I can't let you go in there alone.,Je ne peux pas vous laisser aller là-dedans tout seul.
I can't let you go in there alone.,Je ne peux pas vous laisser aller là-dedans toute seule.
I can't let you go in there alone.,Je ne peux pas vous laisser aller là-dedans tous seuls.
I can't let you go in there alone.,Je ne peux pas vous laisser aller là-dedans toutes seules.
I can't make that kind of promise.,Je ne peux pas faire ce genre de promesses.
I can't put up with his arrogance.,Je ne peux pas supporter son arrogance.
I can't put up with these insults.,Je ne peux pas tolérer ces insultes.
I can't sleep with all this noise.,Je ne peux dormir avec tout ce bruit.
I can't talk about that right now.,Je ne peux pas parler de cela maintenant.
I can't talk about that right now.,Je ne peux pas en parler maintenant.
I can't tell you what Tom told me.,Je ne peux pas te raconter ce que Tom m'a dit.
I can't tell you what Tom told me.,Je ne peux pas vous raconter ce que Tom m'a dit.
I can't wait for tomorrow to come.,J'ai hâte d'être à demain.
I can't wait for tomorrow to come.,Je suis impatient d'être à demain.
I can't wait for tomorrow to come.,Je suis impatiente d'être à demain.
I cannot entertain such a request.,Je ne peux pas répondre à cette demande.
I cannot put up with her behavior.,Je ne peux pas supporter son attitude.
I cannot understand what happened.,Je n'arrive pas à comprendre ce qui s'est passé.
I captured butterflies with a net.,J'ai attrapé des papillons avec un filet.
I captured butterflies with a net.,J'ai capturé des papillons au filet.
I caught him cheating on the exam.,Je l'ai surpris en train de tricher à l'examen.
I caught him cheating on the exam.,Je l'ai pris à tricher à l'examen.
I caught him cheating on the test.,Je l'ai surpris en train de tricher à l'examen.
I caught him cheating on the test.,Je l'ai pris à tricher à l'examen.
I confessed to stealing the money.,J'avouai avoir volé l'argent.
I constantly quarrel with my wife.,Je me dispute constamment avec ma femme.
I convinced him that he was wrong.,Je l'ai convaincu qu'il avait tort.
I could have picked a better time.,J'aurais pu choisir un meilleur moment.
I could recite the story by heart.,Je pourrais réciter l'histoire par cœur.
I could scarcely stand on my feet.,Je pouvais à peine tenir debout.
I could see that Tom was grinning.,Je pouvais voir que Tom souriait.
I could've met you at the airport.,J'aurais pu vous rencontrer à l'aéroport.
I could've met you at the airport.,J'aurais pu te rencontrer à l'aérodrome.
I could've met you at the airport.,J'aurais pu te rencontrer à l'aéroport !
"I could've objected, but I didn't.","J'aurais pu contester, mais je ne l'ai pas fait."
I couldn't hear anything you said.,Je n'ai rien pu entendre de ce que tu as dit.
I couldn't hear anything you said.,Je n'ai rien pu entendre de ce que vous avez dit.
I couldn't make myself understood.,Je ne pouvais pas me faire comprendre.
I cut myself shaving this morning.,Je me suis coupé en me rasant ce matin.
I did everything I could think of.,J'ai fait tout ce à quoi je pouvais penser.
I did nothing during the holidays.,Je n'ai rien fait des vacances.
I did something I regretted doing.,J'ai fait quelque chose que j'ai regretté avoir fait.
I didn't ask you for your opinion.,Je ne t'ai pas demandé ton avis.
I didn't ask you for your opinion.,Je ne vous ai pas demandé votre opinion.
I didn't do what I was told to do.,Je n'ai pas fait ce qu'on me disait de faire.
I didn't do what I was told to do.,Je ne fis pas ce qu'on me disait de faire.
I didn't finish reading that book.,Je n'avais pas fini de lire ce livre.
I didn't go to school last Monday.,Je ne suis pas allé à l'école lundi passé.
I didn't know exactly what to say.,Je ne savais pas vraiment quoi dire.
I didn't know he had a weak heart.,Je ne savais pas qu'il avait le cœur fragile.
I didn't know that dogs swim well.,Je ne savais pas que les chiens nageaient bien.
I didn't know the exact procedure.,Je ne connaissais pas la procédure exacte.
I didn't know tofu was this tasty.,Je ne savais pas que le tofu c'était aussi bon que ça.
I didn't know you cared that much.,Je ne savais pas que tu t'en souciais autant.
I didn't know you cared that much.,J'ignorais que vous vous en inquiétiez autant.
I didn't know you had a boyfriend.,J'ignorais que tu avais un petit ami.
I didn't know you had a boyfriend.,J'ignorais que tu avais un petit copain.
I didn't know you had a boyfriend.,J'ignorais que vous aviez un petit ami.
I didn't know you had a boyfriend.,J'ignorais que tu avais un jules.
I didn't know you played the oboe.,Je ne savais pas que tu jouais du hautbois.
I didn't know you played the oboe.,J'ignorais que vous jouiez du hautbois.
I didn't know you were still here.,Je ne savais pas que vous étiez encore ici.
I didn't know you were still here.,Je ne savais pas que tu étais encore ici.
I didn't like doing this at first.,Je n'aimais pas faire ceci au début.
I didn't like what he said at all.,Je n'ai pas du tout aimé ce qu'il a dit.
I didn't manage to see who it was.,Je ne suis pas parvenu à voir qui c'était.
I didn't manage to see who it was.,Je ne suis pas parvenue à voir qui c'était.
I didn't need to pay for the food.,Je n'ai pas eu besoin de payer pour la nourriture.
I didn't promise anybody anything.,Je n'ai rien promis à quiconque.
I didn't realize you were serious.,Je n'ai pas pris conscience que tu étais sérieux.
I didn't realize you were serious.,Je n'ai pas pris conscience que tu étais sérieuse.
I didn't realize you were serious.,Je n'ai pas pris conscience que vous étiez sérieux.
I didn't realize you were serious.,Je n'ai pas pris conscience que vous étiez sérieuse.
I didn't realize you were serious.,Je n'ai pas pris conscience que vous étiez sérieuses.
I didn't realize you were so rich.,Je n'avais pas réalisé que tu étais si riche.
I didn't see anybody following us.,Je n'ai vu personne nous suivre.
I didn't see him again after that.,Je ne l'ai pas revu après cela.
I didn't tell him you were coming.,Je ne lui ai pas dit que tu venais.
I didn't tell him you were coming.,Je ne lui ai pas dit que vous veniez.
I didn't think I was going to win.,Je ne pensais pas que j'allais gagner.
I didn't think anybody was coming.,Je ne pensais pas que quiconque venait.
I didn't think anybody was coming.,Je n'ai pas pensé que quiconque venait.
I didn't think that you'd noticed.,Je ne pensais pas que tu avais remarqué.
I didn't think this was your seat.,Je ne pensais pas que c'était ton siège.
I didn't understand a single word.,Je n'ai pas compris un seul mot.
I didn't understand what it meant.,Je n'ai pas compris ce que ça signifiait.
I didn't understand what you said.,Je n'ai pas compris ce que vous avez dit.
I didn't want to come here at all.,Je ne voulais pas du tout venir ici.
I didn't want you to get involved.,Je ne voulais pas que vous soyez impliqué.
I didn't want you to get involved.,Je ne voulais pas que vous soyez impliquée.
I didn't want you to get involved.,Je ne voulais pas que vous soyez impliqués.
I didn't want you to get involved.,Je ne voulais pas que vous soyez impliquées.
I didn't want you to get involved.,Je ne voulais pas que tu sois impliqué.
I didn't want you to get involved.,Je ne voulais pas que tu sois impliquée.
I dipped my finger into the honey.,J'ai trempé le doigt dans le miel.
I dipped my finger into the honey.,Je trempai le doigt dans le miel.
I disagree with you on the matter.,Je ne suis pas d'accord avec toi sur le sujet.
I dislike her unfriendly attitude.,Je n'apprécie guère son comportement hostile.
I do not doubt that he is sincere.,Je n'ai aucun doute concernant sa sincérité.
I don't believe Tom would do that.,Je ne pense pas que Tom le ferait.
I don't believe such things exist.,Je ne crois pas que de telles choses existent.
I don't believe that ghosts exist.,Je ne crois pas à l'existence des fantômes.
I don't believe this is happening.,Je ne parviens pas à croire que ça se produise.
I don't believe this is happening.,Je ne parviens pas à croire que ce soit en train de se produire.
I don't blame you for hitting him.,Je ne vous blâme pas pour l'avoir frappé.
I don't care for the way he talks.,Je n'aime pas sa façon de parler.
I don't care how long the list is.,Je me fiche de la longueur de la liste.
I don't care what you think of me.,Je me fiche de ce que tu penses de moi.
I don't care what you think of me.,Je me fiche de ce que vous pensez de moi.
I don't even know what that means.,J'ignore même ce que cela signifie.
I don't even know why we're going.,Je ne sais même pas pourquoi nous y allons.
I don't even know why we're going.,J'ignore même pourquoi nous y allons.
I don't ever want to leave Boston.,Je veux ne jamais quitter Boston.
I don't feel like eating anything.,Je n'ai pas le cœur à manger quoi que ce soit.
I don't feel like eating anything.,Je n'ai pas envie de manger quoi que ce soit.
I don't feel like speaking German.,Je n'ai pas envie de parler allemand.
I don't feel like talking anymore.,Je n'ai plus envie de parler.
I don't go to school on Saturdays.,Je ne vais pas en cours le samedi.
I don't have a girlfriend anymore.,Je n'ai plus de copine.
I don't have a girlfriend anymore.,Je n'ai plus de petite amie.
I don't have any Canadian friends.,Je n'ai aucun ami Canadien.
I don't have any homework tonight.,Je n'ai aucun devoir ce soir.
I don't have any time to watch TV.,Je n'ai pas le temps de regarder la télévision.
I don't have anybody to play with.,Je n'ai personne avec qui jouer.
I don't have anything more to say.,Je n'ai rien de plus à dire.
I don't have anything to tell you.,Je n'ai rien à te dire.
I don't have anything to tell you.,Je n'ai rien à vous dire.
I don't have that many years left.,Je ne dispose pas de tant d'années de reste.
I don't have the money to do that.,Je ne dispose pas de l'argent pour le faire.
I don't have time for all of this.,Je n'ai pas le temps pour tout ça.
I don't have time to help you now.,Je n'ai pas le temps de vous aider maintenant.
I don't have to tell you anything.,Je n'ai pas à vous dire quoi que ce soit.
I don't intend to be here all day.,Je n'ai pas l'intention de rester ici toute la journée.
I don't intend to be staying long.,Je ne prévois pas de rester longtemps.
I don't know any more than you do.,Je n'en sais pas plus que vous.
I don't know any more than you do.,Je n'en sais pas plus que toi.
I don't know anybody by that name.,Je ne connais personne de ce nom.
I don't know anybody in this town.,Je ne connais personne dans cette ville.
I don't know anything about Japan.,Je ne connais rien du Japon.
I don't know how deep the lake is.,Je ne connais pas la profondeur de ce lac.
I don't know if I can do this job.,Je ne sais pas si je peux faire ce travail.
I don't know if I should tell him.,C'est moi qui ignore si je devrais le lui dire.
I don't know if I should tell him.,J'ignore si je devrais le lui dire.
I don't know if I should tell you.,J'ignore si je devrais te le dire.
I don't know if I should tell you.,J'ignore si je devrais vous le dire.
I don't know if I should tell you.,C'est moi qui ignore si je devrais te le dire.
I don't know if I should tell you.,C'est moi qui ignore si je devrais vous le dire.
I don't know if I want to do that.,Je ne sais si je veux faire cela.
I don't know if I want to do that.,Je ne sais pas si je veux faire cela.
I don't know much about Australia.,Je ne sais pas grand chose sur l'Australie.
I don't know much about computers.,Je ne m'y connais pas trop en ordinateurs.
I don't know what I was expecting.,Je ne sais pas ce que j'attendais.
I don't know what I was expecting.,Je ne sais pas ce que j'espérais.
I don't know what I was expecting.,J'ignore ce que j'attendais.
I don't know what I was expecting.,J'ignore ce que j'espérais.
I don't know what I'm going to do.,Je ne sais pas ce que je vais faire.
I don't know what I'm going to do.,J'ignore ce que je vais faire.
I don't know what Tom wants to do.,Je ne sais pas ce que Tom veut faire.
I don't know what that word means.,J'ignore ce que signifie ce mot.
I don't know what that word means.,J'ignore ce que veut dire ce mot.
I don't know what the big deal is.,J'ignore à propos de quoi on fait tout ce foin.
I don't know what this word means.,J'ignore ce que ce mot signifie.
I don't know what to do right now.,Je ne sais pas quoi faire là.
I don't know what to make of this.,Je ne sais pas quoi faire de ça.
I don't know what you really want.,Je ne sais pas ce que vous voulez vraiment.
I don't know what you really want.,J'ignore ce que vous voulez vraiment.
I don't know what you really want.,Je ne sais pas ce que tu veux vraiment.
I don't know what you really want.,J'ignore ce que tu veux vraiment.
I don't know what your problem is.,J'ignore ce qu'est ton problème.
I don't know what your problem is.,J'ignore ce qu'est votre problème.
I don't know what your problem is.,Je ne sais pas ce qu'est ton problème.
I don't know what your problem is.,Je ne sais pas ce qu'est votre problème.
I don't know when he'll come back.,Je ne sais pas quand il va revenir.
I don't know when he'll come back.,J'ignore quand il va revenir.
I don't know when she got married.,Je ne sais pas quand elle s'est mariée.
I don't know where that came from.,J'ignore d'où c'est venu.
I don't know where that came from.,Je ne sais pas d'où c'est venu.
I don't know where you have to go.,Je ne sais pas où tu dois aller.
I don't know which button to push.,Je ne sais pas sur quel bouton appuyer.
I don't know which button to push.,Je ne sais pas sur quel bouton je dois appuyer.
I don't know who Tom gave that to.,Je ne sais pas à qui Tom a donné cela.
I don't know who needs to do that.,Je ne sais pas qui a besoin de faire ça.
I don't know who these people are.,Je ne sais pas qui sont ces gens.
I don't know who these people are.,J'ignore qui sont ces gens.
I don't know why I was so nervous.,Je ne sais pas pourquoi j'étais si nerveux.
I don't know why I was so nervous.,Je ne sais pas pourquoi j'étais si nerveuse.
I don't know why Tom didn't do it.,Je ne sais pas pourquoi Tom ne l'a pas fait.
I don't know why and I don't care.,J'ignore pourquoi et je m'en fiche.
I don't know why and I don't care.,J'ignore pourquoi et ça m'est égal.
I don't know why it's not working.,Je ne sais pas pourquoi ça ne marche pas.
I don't like being made a fool of.,Je n'aime pas qu'on se moque de moi.
I don't like being made a fool of.,Je n'aime pas qu'on me prenne pour un idiot.
I don't like either tea or coffee.,"Je n'aime ni le thé, ni le café."
I don't like feeling so powerless.,Je n'aime pas me sentir si impuissant.
I don't like feeling so powerless.,Je n'aime pas me sentir si impuissante.
I don't like people looking at me.,Je n'aime pas que les gens me regardent.
I don't like people looking at me.,Je n'apprécie pas que les gens me regardent.
I don't like playing poker at all.,Je n'aime pas du tout jouer au poker.
I don't like to go out after dark.,Je n'aime pas sortir après la tombée de la nuit.
I don't like your going out alone.,Je n’aime pas que tu sortes seule.
I don't like your taste in colors.,Je n'aime pas tes goûts en matière de couleurs.
I don't like your taste in colors.,Je n'aime pas vos goûts en matière de couleurs.
I don't need anybody's permission.,Je n'ai besoin de la permission de personne.
I don't need to be here right now.,"Je n'ai pas besoin d'être ici, à l'instant."
I don't need to tell you anything.,Je n'ai pas besoin de vous dire quoi que ce soit.
I don't need to tell you anything.,Je n'ai pas besoin de te dire quoi que ce soit.
I don't plan to be here that long.,Je ne prévois pas d'être ici aussi longtemps.
I don't practice medicine anymore.,Je n'exerce plus la médecine.
I don't really care how you do it.,Comment vous le faites ne m'intéresse pas plus que ça.
I don't really care how you do it.,Comment tu le fais ne m'intéresse pas plus que ça.
I don't really know what you mean.,Je ne sais pas vraiment ce que vous voulez dire.
I don't really know what you mean.,Je ne sais pas vraiment ce que tu veux dire.
I don't really want you mad at me.,Je ne veux pas vraiment que vous soyez en colère après moi.
I don't really want you mad at me.,Je ne veux pas vraiment que tu sois en colère après moi.
I don't remember agreeing to that.,Je ne me souviens pas avoir approuvé ça.
I don't remember her name anymore.,Je ne me rappelle plus son nom.
I don't remember her name anymore.,Je ne me rappelle plus de son nom.
I don't remember putting it there.,Je ne me rappelle plus avoir posé ça ici.
I don't remember putting it there.,Je ne me rappelle plus l'avoir posé ici.
I don't remember seeing it before.,Je ne me souviens pas l'avoir vu auparavant.
I don't see any way of doing that.,Je ne vois aucun moyen de faire ça.
I don't see why I need to do this.,Je ne vois pas pourquoi j'ai besoin de faire ça.
I don't see your name on the list.,Je ne vois pas votre nom sur la liste.
I don't see your name on the list.,Je ne vois pas ton nom sur la liste.
I don't take vacations very often.,Je ne prends pas souvent de vacances.
I don't take vacations very often.,Je ne prends pas souvent de congés.
I don't think French is difficult.,Je ne trouve pas que le français soit difficile.
I don't think I can do this alone.,Je ne pense pas pouvoir faire ça seul.
I don't think I can do this alone.,Je ne pense pas pouvoir faire ceci seule.
I don't think I have one of those.,Je ne pense pas que j'en ai une.
I don't think I have one of those.,Je ne pense pas en avoir un.
I don't think I'd want to do that.,Je ne pense pas que je voudrais faire ça.
I don't think Tom wants to see me.,Je ne pense pas que Tom veuille me voir.
I don't think any of us should go.,Je ne pense pas qu'aucun d'entre nous ne devrait y aller.
I don't think any of us should go.,Je ne pense pas qu'aucune d'entre nous ne devrait y aller.
I don't think he knows I love you.,Je ne pense pas qu'il sache que je t'aime.
I don't think it'll rain tomorrow.,Je ne crois pas qu'il va pleuvoir demain.
I don't think that I deserve this.,Je ne pense pas que je le mérite.
I don't think that I deserve this.,Je ne pense pas que je mérite ceci.
I don't think that I deserve this.,Je ne pense pas le mériter.
I don't think that Tom lied to us.,Je ne pense pas que Tom nous ait menti.
I don't think that's allowed here.,Je ne pense pas que cela soit autorisé ici.
I don't think that's the solution.,Je ne pense pas que ce soit la solution.
I don't think this is a good idea.,Je ne pense pas que ce soit une bonne idée.
I don't think you should eat that.,Je ne pense pas que tu devrais manger ça.
I don't think you should eat that.,Je ne pense pas que vous devriez manger cela.
I don't think you'd understand it.,Je ne pense pas que tu comprendrais.
I don't think you'd understand it.,Je ne pense pas que vous le comprendriez.
I don't think your plan will work.,Je ne pense pas que ton plan va marcher.
I don't think your plan will work.,Je ne pense pas que votre plan va fonctionner.
I don't understand how this works.,Je ne comprends pas comment ça marche.
I don't understand this reasoning.,Je ne comprends pas ce raisonnement.
I don't use my bicycle very often.,Je n'utilise pas mon vélo très souvent.
I don't want to be alone with Tom.,Je ne veux pas être seul avec Tom.
I don't want to be alone with Tom.,Je ne veux pas être seule avec Tom.
I don't want to be your boyfriend.,Je ne veux pas être ton petit ami.
I don't want to be your boyfriend.,Je ne veux pas être ton copain.
I don't want to do anything risky.,Je ne veux rien faire de risqué.
I don't want to do anything today.,Je ne veux rien faire aujourd'hui.
I don't want to go back to Boston.,Je ne veux pas retourner à Boston.
I don't want to go back to prison.,Je ne veux pas retourner en prison.
I don't want to hear another word.,Je ne veux pas entendre un mot de plus.
I don't want to hear another word.,Je ne veux pas entendre un autre mot.
I don't want to hear your excuses.,Je ne veux pas entendre tes excuses.
I don't want to live here anymore.,Je ne veux plus vivre ici.
I don't want to live where I work.,Je ne veux pas habiter où je travaille.
I don't want to lose my boyfriend.,Je ne veux pas perdre mon petit copain.
I don't want to lose my boyfriend.,Je ne veux pas perdre mon petit ami.
I don't want to meet your parents.,Je ne veux pas rencontrer vos parents.
I don't want to meet your parents.,Je ne veux pas rencontrer tes parents.
I don't want to raise false hopes.,Je ne veux pas générer de faux espoirs.
I don't want to see anybody today.,Aujourd'hui je ne veux voir personne.
I don't want to step on your toes.,Je ne veux pas te marcher sur les orteils.
I don't want to talk about it now.,Je ne souhaite pas en parler maintenant.
I don't want to tell my boyfriend.,Je ne veux pas le dire à mon petit ami.
I don't want to wake my neighbors.,Je ne veux pas réveiller mes voisins.
I don't want you to do what I did.,Je ne veux pas que tu fasses ce que j'ai fait.
I don't want you to do what I did.,Je ne veux pas que vous fassiez ce que j'ai fait.
I drank beer out of a plastic cup.,J'ai bu de la bière dans un gobelet en plastique.